INFO: Pandarallel will run on 8 workers.
INFO: Pandarallel will use Memory file system to transfer data between the main process and workers.
{"event": "eval_start", "selected": 7, "resume_committed": 0, "committed_errors": 0, "crash_only_resume": false}
2026-08-08 20:15:25.320 | DEBUG    | eval.evaluation.data_loader:extract_dataframe:167 - find markdown_str 
| Name | State/Territory | Office / Position | Party | Start Da ...
2026-08-08 20:15:29.178 | INFO     | eval.evaluation.metric_utils:primary_key_preprocess:246 - primary_key_preprocess result: ```json
{
  "Mike Baird": "Mike Baird",
  "Gladys Berejiklian": "Gladys Berejiklian",
  "Dominic Perrottet": "Dominic Perrottet",
  "Chris Minns": "Chris Minns",
  "Daniel Andrews": "Daniel Andrews",
  "Jacinta Allan": "Jacinta Allan",
  "Campbell Newman": "Campbell Newman",
  "Annastacia Palaszczuk": "Annastacia Palaszczuk",
  "Steven Miles": "Steven Miles",
  "David Crisafulli": "David Crisafulli",
  "Colin Barnett": "Colin Barnett",
  "Mark McGowan": "Mark McGowan",
  "Roger Cook": "Roger Cook",
  "Jay Weatherill": "Jay Weatherill",
  "Steven Marshall": "Steven Marshall",
  "Peter Malinauskas": "Peter Malinauskas",
  "Will Hodgman": "Will Hodgman",
  "Peter Gutwein": "Peter Gutwein",
  "Jeremy Rockliff": "Jeremy Rockliff",
  "Andrew Barr": "Andrew Barr",
  "Adam Giles": "Adam Giles",
  "Michael Gunner": "Michael Gunner",
  "Natasha Fyles": "Natasha Fyles",
  "Eva Lawler": "Eva Lawler",
  "Lia Finocchiaro": "Lia Finocchiaro"
}
```
2026-08-08 20:15:29.179 | INFO     | eval.evaluation.evaluation:evaluate_single_query:223 - col: name, primary_key_map {'Mike Baird': 'Mike Baird', 'Gladys Berejiklian': 'Gladys Berejiklian', 'Dominic Perrottet': 'Dominic Perrottet', 'Chris Minns': 'Chris Minns', 'Daniel Andrews': 'Daniel Andrews', 'Jacinta Allan': 'Jacinta Allan', 'Campbell Newman': 'Campbell Newman', 'Annastacia Palaszczuk': 'Annastacia Palaszczuk', 'Steven Miles': 'Steven Miles', 'David Crisafulli': 'David Crisafulli', 'Colin Barnett': 'Colin Barnett', 'Mark McGowan': 'Mark McGowan', 'Roger Cook': 'Roger Cook', 'Jay Weatherill': 'Jay Weatherill', 'Steven Marshall': 'Steven Marshall', 'Peter Malinauskas': 'Peter Malinauskas', 'Will Hodgman': 'Will Hodgman', 'Peter Gutwein': 'Peter Gutwein', 'Jeremy Rockliff': 'Jeremy Rockliff', 'Andrew Barr': 'Andrew Barr', 'Adam Giles': 'Adam Giles', 'Michael Gunner': 'Michael Gunner', 'Natasha Fyles': 'Natasha Fyles', 'Eva Lawler': 'Eva Lawler', 'Lia Finocchiaro': 'Lia Finocchiaro'}
2026-08-08 20:15:30.728 | INFO     | eval.evaluation.evaluation:evaluate_single_query:275 - wide2deep_ws_en_061, df_inner shape: (25, 16), answer_df shape: (25, 8), response_df shape: (25, 9)
2026-08-08 20:15:33.397 | DEBUG    | eval.evaluation.evaluation:evaluate_single_query:321 - wide2deep_ws_en_061, col state/territory, metric_func_name llm_judge, score [1, 1, 1, 1, 1, 1, 1, 1, 1, 1, 1, 1, 1, 1, 1, 1, 1, 1, 1, 1, 1, 1, 1, 1, 1]
2026-08-08 20:15:33.397 | DEBUG    | eval.evaluation.evaluation:metric_call:77 - metric_func_name exact_match score 1.0 msg exact match, response: premier, target: premier
2026-08-08 20:15:33.398 | DEBUG    | eval.evaluation.evaluation:metric_call:77 - metric_func_name exact_match score 1.0 msg exact match, response: premier, target: premier
2026-08-08 20:15:33.398 | DEBUG    | eval.evaluation.evaluation:metric_call:77 - metric_func_name exact_match score 1.0 msg exact match, response: premier, target: premier
2026-08-08 20:15:33.398 | DEBUG    | eval.evaluation.evaluation:metric_call:77 - metric_func_name exact_match score 1.0 msg exact match, response: premier, target: premier
2026-08-08 20:15:33.398 | DEBUG    | eval.evaluation.evaluation:metric_call:77 - metric_func_name exact_match score 1.0 msg exact match, response: premier, target: premier
2026-08-08 20:15:33.398 | DEBUG    | eval.evaluation.evaluation:metric_call:77 - metric_func_name exact_match score 1.0 msg exact match, response: premier, target: premier
2026-08-08 20:15:33.398 | DEBUG    | eval.evaluation.evaluation:metric_call:77 - metric_func_name exact_match score 1.0 msg exact match, response: premier, target: premier
2026-08-08 20:15:33.398 | DEBUG    | eval.evaluation.evaluation:metric_call:77 - metric_func_name exact_match score 1.0 msg exact match, response: premier, target: premier
2026-08-08 20:15:33.398 | DEBUG    | eval.evaluation.evaluation:metric_call:77 - metric_func_name exact_match score 1.0 msg exact match, response: premier, target: premier
2026-08-08 20:15:33.398 | DEBUG    | eval.evaluation.evaluation:metric_call:77 - metric_func_name exact_match score 1.0 msg exact match, response: premier, target: premier
2026-08-08 20:15:33.398 | DEBUG    | eval.evaluation.evaluation:metric_call:77 - metric_func_name exact_match score 1.0 msg exact match, response: premier, target: premier
2026-08-08 20:15:33.398 | DEBUG    | eval.evaluation.evaluation:metric_call:77 - metric_func_name exact_match score 1.0 msg exact match, response: premier, target: premier
2026-08-08 20:15:33.398 | DEBUG    | eval.evaluation.evaluation:metric_call:77 - metric_func_name exact_match score 1.0 msg exact match, response: premier, target: premier
2026-08-08 20:15:33.398 | DEBUG    | eval.evaluation.evaluation:metric_call:77 - metric_func_name exact_match score 1.0 msg exact match, response: premier, target: premier
2026-08-08 20:15:33.398 | DEBUG    | eval.evaluation.evaluation:metric_call:77 - metric_func_name exact_match score 1.0 msg exact match, response: premier, target: premier
2026-08-08 20:15:33.398 | DEBUG    | eval.evaluation.evaluation:metric_call:77 - metric_func_name exact_match score 1.0 msg exact match, response: premier, target: premier
2026-08-08 20:15:33.398 | DEBUG    | eval.evaluation.evaluation:metric_call:77 - metric_func_name exact_match score 1.0 msg exact match, response: premier, target: premier
2026-08-08 20:15:33.398 | DEBUG    | eval.evaluation.evaluation:metric_call:77 - metric_func_name exact_match score 1.0 msg exact match, response: premier, target: premier
2026-08-08 20:15:33.398 | DEBUG    | eval.evaluation.evaluation:metric_call:77 - metric_func_name exact_match score 1.0 msg exact match, response: chiefminister, target: chiefminister
2026-08-08 20:15:33.398 | DEBUG    | eval.evaluation.evaluation:metric_call:77 - metric_func_name exact_match score 1.0 msg exact match, response: chiefminister, target: chiefminister
2026-08-08 20:15:33.398 | DEBUG    | eval.evaluation.evaluation:metric_call:77 - metric_func_name exact_match score 1.0 msg exact match, response: chiefminister, target: chiefminister
2026-08-08 20:15:33.398 | DEBUG    | eval.evaluation.evaluation:metric_call:77 - metric_func_name exact_match score 1.0 msg exact match, response: chiefminister, target: chiefminister
2026-08-08 20:15:33.399 | DEBUG    | eval.evaluation.evaluation:metric_call:77 - metric_func_name exact_match score 1.0 msg exact match, response: chiefminister, target: chiefminister
2026-08-08 20:15:33.399 | DEBUG    | eval.evaluation.evaluation:metric_call:77 - metric_func_name exact_match score 1.0 msg exact match, response: chiefminister, target: chiefminister
2026-08-08 20:15:33.399 | DEBUG    | eval.evaluation.evaluation:metric_call:77 - metric_func_name exact_match score 1.0 msg exact match, response: premier, target: premier
2026-08-08 20:15:33.400 | DEBUG    | eval.evaluation.evaluation:evaluate_single_query:321 - wide2deep_ws_en_061, col office/position, metric_func_name exact_match, score [1.0, 1.0, 1.0, 1.0, 1.0, 1.0, 1.0, 1.0, 1.0, 1.0, 1.0, 1.0, 1.0, 1.0, 1.0, 1.0, 1.0, 1.0, 1.0, 1.0, 1.0, 1.0, 1.0, 1.0, 1.0]
2026-08-08 20:15:33.400 | DEBUG    | eval.evaluation.evaluation:metric_call:77 - metric_func_name exact_match score 0.0 msg exact not match, response: lp, target: lib
2026-08-08 20:15:33.400 | DEBUG    | eval.evaluation.evaluation:metric_call:77 - metric_func_name exact_match score 0.0 msg exact not match, response: lp, target: lib
2026-08-08 20:15:33.400 | DEBUG    | eval.evaluation.evaluation:metric_call:77 - metric_func_name exact_match score 0.0 msg exact not match, response: lp, target: lib
2026-08-08 20:15:33.400 | DEBUG    | eval.evaluation.evaluation:metric_call:77 - metric_func_name exact_match score 1.0 msg exact match, response: alp, target: alp
2026-08-08 20:15:33.400 | DEBUG    | eval.evaluation.evaluation:metric_call:77 - metric_func_name exact_match score 1.0 msg exact match, response: alp, target: alp
2026-08-08 20:15:33.400 | DEBUG    | eval.evaluation.evaluation:metric_call:77 - metric_func_name exact_match score 1.0 msg exact match, response: alp, target: alp
2026-08-08 20:15:33.400 | DEBUG    | eval.evaluation.evaluation:metric_call:77 - metric_func_name exact_match score 1.0 msg exact match, response: lnp, target: lnp
2026-08-08 20:15:33.400 | DEBUG    | eval.evaluation.evaluation:metric_call:77 - metric_func_name exact_match score 1.0 msg exact match, response: alp, target: alp
2026-08-08 20:15:33.400 | DEBUG    | eval.evaluation.evaluation:metric_call:77 - metric_func_name exact_match score 1.0 msg exact match, response: alp, target: alp
2026-08-08 20:15:33.400 | DEBUG    | eval.evaluation.evaluation:metric_call:77 - metric_func_name exact_match score 1.0 msg exact match, response: alp, target: alp
2026-08-08 20:15:33.400 | DEBUG    | eval.evaluation.evaluation:metric_call:77 - metric_func_name exact_match score 0.0 msg exact not match, response: lp, target: lib
2026-08-08 20:15:33.400 | DEBUG    | eval.evaluation.evaluation:metric_call:77 - metric_func_name exact_match score 1.0 msg exact match, response: alp, target: alp
2026-08-08 20:15:33.400 | DEBUG    | eval.evaluation.evaluation:metric_call:77 - metric_func_name exact_match score 0.0 msg exact not match, response: lp, target: lib
2026-08-08 20:15:33.400 | DEBUG    | eval.evaluation.evaluation:metric_call:77 - metric_func_name exact_match score 1.0 msg exact match, response: alp, target: alp
2026-08-08 20:15:33.401 | DEBUG    | eval.evaluation.evaluation:metric_call:77 - metric_func_name exact_match score 1.0 msg exact match, response: alp, target: alp
2026-08-08 20:15:33.401 | DEBUG    | eval.evaluation.evaluation:metric_call:77 - metric_func_name exact_match score 0.0 msg exact not match, response: lp, target: lib
2026-08-08 20:15:33.401 | DEBUG    | eval.evaluation.evaluation:metric_call:77 - metric_func_name exact_match score 0.0 msg exact not match, response: lp, target: lib
2026-08-08 20:15:33.401 | DEBUG    | eval.evaluation.evaluation:metric_call:77 - metric_func_name exact_match score 0.0 msg exact not match, response: lp, target: lib
2026-08-08 20:15:33.401 | DEBUG    | eval.evaluation.evaluation:metric_call:77 - metric_func_name exact_match score 1.0 msg exact match, response: alp, target: alp
2026-08-08 20:15:33.401 | DEBUG    | eval.evaluation.evaluation:metric_call:77 - metric_func_name exact_match score 1.0 msg exact match, response: clp, target: clp
2026-08-08 20:15:33.401 | DEBUG    | eval.evaluation.evaluation:metric_call:77 - metric_func_name exact_match score 1.0 msg exact match, response: alp, target: alp
2026-08-08 20:15:33.401 | DEBUG    | eval.evaluation.evaluation:metric_call:77 - metric_func_name exact_match score 1.0 msg exact match, response: alp, target: alp
2026-08-08 20:15:33.401 | DEBUG    | eval.evaluation.evaluation:metric_call:77 - metric_func_name exact_match score 1.0 msg exact match, response: alp, target: alp
2026-08-08 20:15:33.401 | DEBUG    | eval.evaluation.evaluation:metric_call:77 - metric_func_name exact_match score 1.0 msg exact match, response: clp, target: clp
2026-08-08 20:15:33.401 | DEBUG    | eval.evaluation.evaluation:metric_call:77 - metric_func_name exact_match score 1.0 msg exact match, response: lnp, target: lnp
2026-08-08 20:15:33.402 | DEBUG    | eval.evaluation.evaluation:evaluate_single_query:321 - wide2deep_ws_en_061, col party, metric_func_name exact_match, score [0.0, 0.0, 0.0, 1.0, 1.0, 1.0, 1.0, 1.0, 1.0, 1.0, 0.0, 1.0, 0.0, 1.0, 1.0, 0.0, 0.0, 0.0, 1.0, 1.0, 1.0, 1.0, 1.0, 1.0, 1.0]
2026-08-08 20:15:33.404 | DEBUG    | eval.evaluation.evaluation:metric_call:77 - metric_func_name date_near score 1.0 msg date near, response: 2014-04-17 00:00:00, target: 2014-04-17 00:00:00
2026-08-08 20:15:33.407 | DEBUG    | eval.evaluation.evaluation:metric_call:77 - metric_func_name date_near score 1.0 msg date near, response: 2017-01-23 00:00:00, target: 2017-01-23 00:00:00
2026-08-08 20:15:33.409 | DEBUG    | eval.evaluation.evaluation:metric_call:77 - metric_func_name date_near score 1.0 msg date near, response: 2021-10-05 00:00:00, target: 2021-10-05 00:00:00
2026-08-08 20:15:33.411 | DEBUG    | eval.evaluation.evaluation:metric_call:77 - metric_func_name date_near score 1.0 msg date near, response: 2023-03-28 00:00:00, target: 2023-03-28 00:00:00
2026-08-08 20:15:33.413 | DEBUG    | eval.evaluation.evaluation:metric_call:77 - metric_func_name date_near score 1.0 msg date near, response: 2014-12-04 00:00:00, target: 2014-12-04 00:00:00
2026-08-08 20:15:33.415 | DEBUG    | eval.evaluation.evaluation:metric_call:77 - metric_func_name date_near score 1.0 msg date near, response: 2023-09-27 00:00:00, target: 2023-09-27 00:00:00
2026-08-08 20:15:33.417 | DEBUG    | eval.evaluation.evaluation:metric_call:77 - metric_func_name date_near score 1.0 msg date near, response: 2012-03-26 00:00:00, target: 2012-03-26 00:00:00
2026-08-08 20:15:33.419 | DEBUG    | eval.evaluation.evaluation:metric_call:77 - metric_func_name date_near score 1.0 msg date near, response: 2015-02-14 00:00:00, target: 2015-02-14 00:00:00
2026-08-08 20:15:33.421 | DEBUG    | eval.evaluation.evaluation:metric_call:77 - metric_func_name date_near score 1.0 msg date near, response: 2023-12-15 00:00:00, target: 2023-12-15 00:00:00
2026-08-08 20:15:33.423 | DEBUG    | eval.evaluation.evaluation:metric_call:77 - metric_func_name date_near score 1.0 msg date near, response: 2011-10-21 00:00:00, target: 2011-10-21 00:00:00
2026-08-08 20:15:33.425 | DEBUG    | eval.evaluation.evaluation:metric_call:77 - metric_func_name date_near score 1.0 msg date near, response: 2018-03-19 00:00:00, target: 2018-03-19 00:00:00
2026-08-08 20:15:33.428 | DEBUG    | eval.evaluation.evaluation:metric_call:77 - metric_func_name date_near score 1.0 msg date near, response: 2022-03-21 00:00:00, target: 2022-03-21 00:00:00
2026-08-08 20:15:33.430 | DEBUG    | eval.evaluation.evaluation:metric_call:77 - metric_func_name date_near score 1.0 msg date near, response: 2008-09-23 00:00:00, target: 2008-09-23 00:00:00
2026-08-08 20:15:33.432 | DEBUG    | eval.evaluation.evaluation:metric_call:77 - metric_func_name date_near score 1.0 msg date near, response: 2017-03-17 00:00:00, target: 2017-03-17 00:00:00
2026-08-08 20:15:33.434 | DEBUG    | eval.evaluation.evaluation:metric_call:77 - metric_func_name date_near score 1.0 msg date near, response: 2023-06-08 00:00:00, target: 2023-06-08 00:00:00
2026-08-08 20:15:33.436 | DEBUG    | eval.evaluation.evaluation:metric_call:77 - metric_func_name date_near score 1.0 msg date near, response: 2014-03-31 00:00:00, target: 2014-03-31 00:00:00
2026-08-08 20:15:33.438 | DEBUG    | eval.evaluation.evaluation:metric_call:77 - metric_func_name date_near score 1.0 msg date near, response: 2020-01-20 00:00:00, target: 2020-01-20 00:00:00
2026-08-08 20:15:33.440 | DEBUG    | eval.evaluation.evaluation:metric_call:77 - metric_func_name date_near score 1.0 msg date near, response: 2022-04-08 00:00:00, target: 2022-04-08 00:00:00
2026-08-08 20:15:33.443 | DEBUG    | eval.evaluation.evaluation:metric_call:77 - metric_func_name date_near score 1.0 msg date near, response: 2014-12-11 00:00:00, target: 2014-12-11 00:00:00
2026-08-08 20:15:33.445 | DEBUG    | eval.evaluation.evaluation:metric_call:77 - metric_func_name date_near score 1.0 msg date near, response: 2013-03-14 00:00:00, target: 2013-03-14 00:00:00
2026-08-08 20:15:33.447 | DEBUG    | eval.evaluation.evaluation:metric_call:77 - metric_func_name date_near score 1.0 msg date near, response: 2016-08-31 00:00:00, target: 2016-08-31 00:00:00
2026-08-08 20:15:33.449 | DEBUG    | eval.evaluation.evaluation:metric_call:77 - metric_func_name date_near score 1.0 msg date near, response: 2022-05-13 00:00:00, target: 2022-05-13 00:00:00
2026-08-08 20:15:33.451 | DEBUG    | eval.evaluation.evaluation:metric_call:77 - metric_func_name date_near score 1.0 msg date near, response: 2023-12-21 00:00:00, target: 2023-12-26 00:00:00
2026-08-08 20:15:33.453 | DEBUG    | eval.evaluation.evaluation:metric_call:77 - metric_func_name date_near score 1.0 msg date near, response: 2024-08-28 00:00:00, target: 2024-08-28 00:00:00
2026-08-08 20:15:33.455 | DEBUG    | eval.evaluation.evaluation:metric_call:77 - metric_func_name date_near score 1.0 msg date near, response: 2024-10-28 00:00:00, target: 2024-10-28 00:00:00
2026-08-08 20:15:33.456 | DEBUG    | eval.evaluation.evaluation:evaluate_single_query:321 - wide2deep_ws_en_061, col startdate, metric_func_name date_near, score [1.0, 1.0, 1.0, 1.0, 1.0, 1.0, 1.0, 1.0, 1.0, 1.0, 1.0, 1.0, 1.0, 1.0, 1.0, 1.0, 1.0, 1.0, 1.0, 1.0, 1.0, 1.0, 1.0, 1.0, 1.0]
2026-08-08 20:15:33.458 | DEBUG    | eval.evaluation.evaluation:metric_call:77 - metric_func_name date_near score 1.0 msg date near, response: 2017-01-23 00:00:00, target: 2017-01-23 00:00:00
2026-08-08 20:15:33.460 | DEBUG    | eval.evaluation.evaluation:metric_call:77 - metric_func_name date_near score 1.0 msg date near, response: 2021-10-05 00:00:00, target: 2021-10-05 00:00:00
2026-08-08 20:15:33.463 | DEBUG    | eval.evaluation.evaluation:metric_call:77 - metric_func_name date_near score 1.0 msg date near, response: 2023-03-28 00:00:00, target: 2023-03-28 00:00:00
2026-08-08 20:15:33.477 | DEBUG    | eval.evaluation.evaluation:metric_call:77 - metric_func_name date_near score 1.0 msg date near, response: incumbent, target: incumbent
2026-08-08 20:15:33.479 | DEBUG    | eval.evaluation.evaluation:metric_call:77 - metric_func_name date_near score 1.0 msg date near, response: 2023-09-27 00:00:00, target: 2023-09-27 00:00:00
2026-08-08 20:15:33.490 | DEBUG    | eval.evaluation.evaluation:metric_call:77 - metric_func_name date_near score 1.0 msg date near, response: incumbent, target: incumbent
2026-08-08 20:15:33.492 | DEBUG    | eval.evaluation.evaluation:metric_call:77 - metric_func_name date_near score 1.0 msg date near, response: 2015-02-14 00:00:00, target: 2015-02-14 00:00:00
2026-08-08 20:15:33.494 | DEBUG    | eval.evaluation.evaluation:metric_call:77 - metric_func_name date_near score 1.0 msg date near, response: 2023-12-15 00:00:00, target: 2023-12-15 00:00:00
2026-08-08 20:15:33.496 | DEBUG    | eval.evaluation.evaluation:metric_call:77 - metric_func_name date_near score 1.0 msg date near, response: 2024-10-28 00:00:00, target: 2024-10-28 00:00:00
2026-08-08 20:15:33.498 | DEBUG    | eval.evaluation.evaluation:metric_call:77 - metric_func_name date_near score 1.0 msg date near, response: 2018-03-19 00:00:00, target: 2018-03-19 00:00:00
2026-08-08 20:15:33.500 | DEBUG    | eval.evaluation.evaluation:metric_call:77 - metric_func_name date_near score 1.0 msg date near, response: 2022-03-21 00:00:00, target: 2022-03-21 00:00:00
2026-08-08 20:15:33.512 | DEBUG    | eval.evaluation.evaluation:metric_call:77 - metric_func_name date_near score 1.0 msg date near, response: incumbent, target: incumbent
2026-08-08 20:15:33.514 | DEBUG    | eval.evaluation.evaluation:metric_call:77 - metric_func_name date_near score 1.0 msg date near, response: 2017-03-17 00:00:00, target: 2017-03-17 00:00:00
2026-08-08 20:15:33.516 | DEBUG    | eval.evaluation.evaluation:metric_call:77 - metric_func_name date_near score 1.0 msg date near, response: 2023-06-08 00:00:00, target: 2023-06-08 00:00:00
2026-08-08 20:15:33.527 | DEBUG    | eval.evaluation.evaluation:metric_call:77 - metric_func_name date_near score 1.0 msg date near, response: incumbent, target: incumbent
2026-08-08 20:15:33.529 | DEBUG    | eval.evaluation.evaluation:metric_call:77 - metric_func_name date_near score 1.0 msg date near, response: 2020-01-20 00:00:00, target: 2020-01-20 00:00:00
2026-08-08 20:15:33.531 | DEBUG    | eval.evaluation.evaluation:metric_call:77 - metric_func_name date_near score 1.0 msg date near, response: 2022-04-08 00:00:00, target: 2022-04-08 00:00:00
2026-08-08 20:15:33.543 | DEBUG    | eval.evaluation.evaluation:metric_call:77 - metric_func_name date_near score 1.0 msg date near, response: incumbent, target: incumbent
2026-08-08 20:15:33.554 | DEBUG    | eval.evaluation.evaluation:metric_call:77 - metric_func_name date_near score 1.0 msg date near, response: incumbent, target: incumbent
2026-08-08 20:15:33.556 | DEBUG    | eval.evaluation.evaluation:metric_call:77 - metric_func_name date_near score 1.0 msg date near, response: 2016-08-31 00:00:00, target: 2016-08-31 00:00:00
2026-08-08 20:15:33.558 | DEBUG    | eval.evaluation.evaluation:metric_call:77 - metric_func_name date_near score 1.0 msg date near, response: 2022-05-13 00:00:00, target: 2022-05-13 00:00:00
2026-08-08 20:15:33.561 | DEBUG    | eval.evaluation.evaluation:metric_call:77 - metric_func_name date_near score 1.0 msg date near, response: 2023-12-21 00:00:00, target: 2023-12-26 00:00:00
2026-08-08 20:15:33.563 | DEBUG    | eval.evaluation.evaluation:metric_call:77 - metric_func_name date_near score 1.0 msg date near, response: 2024-08-28 00:00:00, target: 2024-08-28 00:00:00
2026-08-08 20:15:33.574 | DEBUG    | eval.evaluation.evaluation:metric_call:77 - metric_func_name date_near score 1.0 msg date near, response: incumbent, target: incumbent
2026-08-08 20:15:33.585 | DEBUG    | eval.evaluation.evaluation:metric_call:77 - metric_func_name date_near score 1.0 msg date near, response: incumbent, target: incumbent
2026-08-08 20:15:33.586 | DEBUG    | eval.evaluation.evaluation:evaluate_single_query:321 - wide2deep_ws_en_061, col enddate, metric_func_name date_near, score [1.0, 1.0, 1.0, 1.0, 1.0, 1.0, 1.0, 1.0, 1.0, 1.0, 1.0, 1.0, 1.0, 1.0, 1.0, 1.0, 1.0, 1.0, 1.0, 1.0, 1.0, 1.0, 1.0, 1.0, 1.0]
2026-08-08 20:15:33.586 | DEBUG    | eval.evaluation.evaluation:metric_call:77 - metric_func_name exact_match score 1.0 msg exact match, response: partyleadershipchange, target: partyleadershipchange
2026-08-08 20:15:33.586 | DEBUG    | eval.evaluation.evaluation:metric_call:77 - metric_func_name exact_match score 1.0 msg exact match, response: partyleadershipchange, target: partyleadershipchange
2026-08-08 20:15:33.586 | DEBUG    | eval.evaluation.evaluation:metric_call:77 - metric_func_name exact_match score 1.0 msg exact match, response: partyleadershipchange, target: partyleadershipchange
2026-08-08 20:15:33.586 | DEBUG    | eval.evaluation.evaluation:metric_call:77 - metric_func_name exact_match score 1.0 msg exact match, response: generalelection, target: generalelection
2026-08-08 20:15:33.586 | DEBUG    | eval.evaluation.evaluation:metric_call:77 - metric_func_name exact_match score 1.0 msg exact match, response: generalelection, target: generalelection
2026-08-08 20:15:33.586 | DEBUG    | eval.evaluation.evaluation:metric_call:77 - metric_func_name exact_match score 1.0 msg exact match, response: partyleadershipchange, target: partyleadershipchange
2026-08-08 20:15:33.586 | DEBUG    | eval.evaluation.evaluation:metric_call:77 - metric_func_name exact_match score 1.0 msg exact match, response: generalelection, target: generalelection
2026-08-08 20:15:33.587 | DEBUG    | eval.evaluation.evaluation:metric_call:77 - metric_func_name exact_match score 1.0 msg exact match, response: generalelection, target: generalelection
2026-08-08 20:15:33.587 | DEBUG    | eval.evaluation.evaluation:metric_call:77 - metric_func_name exact_match score 1.0 msg exact match, response: partyleadershipchange, target: partyleadershipchange
2026-08-08 20:15:33.587 | DEBUG    | eval.evaluation.evaluation:metric_call:77 - metric_func_name exact_match score 1.0 msg exact match, response: partyleadershipchange, target: partyleadershipchange
2026-08-08 20:15:33.587 | DEBUG    | eval.evaluation.evaluation:metric_call:77 - metric_func_name exact_match score 1.0 msg exact match, response: generalelection, target: generalelection
2026-08-08 20:15:33.587 | DEBUG    | eval.evaluation.evaluation:metric_call:77 - metric_func_name exact_match score 1.0 msg exact match, response: generalelection, target: generalelection
2026-08-08 20:15:33.587 | DEBUG    | eval.evaluation.evaluation:metric_call:77 - metric_func_name exact_match score 1.0 msg exact match, response: generalelection, target: generalelection
2026-08-08 20:15:33.587 | DEBUG    | eval.evaluation.evaluation:metric_call:77 - metric_func_name exact_match score 1.0 msg exact match, response: generalelection, target: generalelection
2026-08-08 20:15:33.587 | DEBUG    | eval.evaluation.evaluation:metric_call:77 - metric_func_name exact_match score 1.0 msg exact match, response: partyleadershipchange, target: partyleadershipchange
2026-08-08 20:15:33.587 | DEBUG    | eval.evaluation.evaluation:metric_call:77 - metric_func_name exact_match score 1.0 msg exact match, response: generalelection, target: generalelection
2026-08-08 20:15:33.587 | DEBUG    | eval.evaluation.evaluation:metric_call:77 - metric_func_name exact_match score 1.0 msg exact match, response: partyleadershipchange, target: partyleadershipchange
2026-08-08 20:15:33.587 | DEBUG    | eval.evaluation.evaluation:metric_call:77 - metric_func_name exact_match score 1.0 msg exact match, response: partyleadershipchange, target: partyleadershipchange
2026-08-08 20:15:33.587 | DEBUG    | eval.evaluation.evaluation:metric_call:77 - metric_func_name exact_match score 1.0 msg exact match, response: partyleadershipchange, target: partyleadershipchange
2026-08-08 20:15:33.587 | DEBUG    | eval.evaluation.evaluation:metric_call:77 - metric_func_name exact_match score 1.0 msg exact match, response: partyleadershipchange, target: partyleadershipchange
2026-08-08 20:15:33.587 | DEBUG    | eval.evaluation.evaluation:metric_call:77 - metric_func_name exact_match score 1.0 msg exact match, response: generalelection, target: generalelection
2026-08-08 20:15:33.587 | DEBUG    | eval.evaluation.evaluation:metric_call:77 - metric_func_name exact_match score 1.0 msg exact match, response: partyleadershipchange, target: partyleadershipchange
2026-08-08 20:15:33.587 | DEBUG    | eval.evaluation.evaluation:metric_call:77 - metric_func_name exact_match score 1.0 msg exact match, response: partyleadershipchange, target: partyleadershipchange
2026-08-08 20:15:33.587 | DEBUG    | eval.evaluation.evaluation:metric_call:77 - metric_func_name exact_match score 1.0 msg exact match, response: generalelection, target: generalelection
2026-08-08 20:15:33.587 | DEBUG    | eval.evaluation.evaluation:metric_call:77 - metric_func_name exact_match score 1.0 msg exact match, response: generalelection, target: generalelection
2026-08-08 20:15:33.588 | DEBUG    | eval.evaluation.evaluation:evaluate_single_query:321 - wide2deep_ws_en_061, col accessionmode, metric_func_name exact_match, score [1.0, 1.0, 1.0, 1.0, 1.0, 1.0, 1.0, 1.0, 1.0, 1.0, 1.0, 1.0, 1.0, 1.0, 1.0, 1.0, 1.0, 1.0, 1.0, 1.0, 1.0, 1.0, 1.0, 1.0, 1.0]
2026-08-08 20:15:33.588 | DEBUG    | eval.evaluation.evaluation:metric_call:77 - metric_func_name exact_match score 1.0 msg exact match, response: resignation, target: resignation
2026-08-08 20:15:33.588 | DEBUG    | eval.evaluation.evaluation:metric_call:77 - metric_func_name exact_match score 1.0 msg exact match, response: resignation, target: resignation
2026-08-08 20:15:33.588 | DEBUG    | eval.evaluation.evaluation:metric_call:77 - metric_func_name exact_match score 1.0 msg exact match, response: electiondefeat, target: electiondefeat
2026-08-08 20:15:33.588 | DEBUG    | eval.evaluation.evaluation:metric_call:77 - metric_func_name exact_match score 1.0 msg exact match, response: -, target: -
2026-08-08 20:15:33.588 | DEBUG    | eval.evaluation.evaluation:metric_call:77 - metric_func_name exact_match score 1.0 msg exact match, response: resignation, target: resignation
2026-08-08 20:15:33.588 | DEBUG    | eval.evaluation.evaluation:metric_call:77 - metric_func_name exact_match score 1.0 msg exact match, response: -, target: -
2026-08-08 20:15:33.588 | DEBUG    | eval.evaluation.evaluation:metric_call:77 - metric_func_name exact_match score 1.0 msg exact match, response: electiondefeat, target: electiondefeat
2026-08-08 20:15:33.588 | DEBUG    | eval.evaluation.evaluation:metric_call:77 - metric_func_name exact_match score 1.0 msg exact match, response: resignation, target: resignation
2026-08-08 20:15:33.588 | DEBUG    | eval.evaluation.evaluation:metric_call:77 - metric_func_name exact_match score 1.0 msg exact match, response: electiondefeat, target: electiondefeat
2026-08-08 20:15:33.588 | DEBUG    | eval.evaluation.evaluation:metric_call:77 - metric_func_name exact_match score 1.0 msg exact match, response: electiondefeat, target: electiondefeat
2026-08-08 20:15:33.588 | DEBUG    | eval.evaluation.evaluation:metric_call:77 - metric_func_name exact_match score 1.0 msg exact match, response: electiondefeat, target: electiondefeat
2026-08-08 20:15:33.588 | DEBUG    | eval.evaluation.evaluation:metric_call:77 - metric_func_name exact_match score 1.0 msg exact match, response: -, target: -
2026-08-08 20:15:33.588 | DEBUG    | eval.evaluation.evaluation:metric_call:77 - metric_func_name exact_match score 1.0 msg exact match, response: electiondefeat, target: electiondefeat
2026-08-08 20:15:33.589 | DEBUG    | eval.evaluation.evaluation:metric_call:77 - metric_func_name exact_match score 1.0 msg exact match, response: resignation, target: resignation
2026-08-08 20:15:33.589 | DEBUG    | eval.evaluation.evaluation:metric_call:77 - metric_func_name exact_match score 1.0 msg exact match, response: -, target: -
2026-08-08 20:15:33.589 | DEBUG    | eval.evaluation.evaluation:metric_call:77 - metric_func_name exact_match score 1.0 msg exact match, response: resignation, target: resignation
2026-08-08 20:15:33.589 | DEBUG    | eval.evaluation.evaluation:metric_call:77 - metric_func_name exact_match score 1.0 msg exact match, response: resignation, target: resignation
2026-08-08 20:15:33.589 | DEBUG    | eval.evaluation.evaluation:metric_call:77 - metric_func_name exact_match score 1.0 msg exact match, response: -, target: -
2026-08-08 20:15:33.589 | DEBUG    | eval.evaluation.evaluation:metric_call:77 - metric_func_name exact_match score 1.0 msg exact match, response: -, target: -
2026-08-08 20:15:33.589 | DEBUG    | eval.evaluation.evaluation:metric_call:77 - metric_func_name exact_match score 1.0 msg exact match, response: electiondefeat, target: electiondefeat
2026-08-08 20:15:33.589 | DEBUG    | eval.evaluation.evaluation:metric_call:77 - metric_func_name exact_match score 1.0 msg exact match, response: resignation, target: resignation
2026-08-08 20:15:33.589 | DEBUG    | eval.evaluation.evaluation:metric_call:77 - metric_func_name exact_match score 1.0 msg exact match, response: resignation, target: resignation
2026-08-08 20:15:33.589 | DEBUG    | eval.evaluation.evaluation:metric_call:77 - metric_func_name exact_match score 1.0 msg exact match, response: electiondefeat, target: electiondefeat
2026-08-08 20:15:33.589 | DEBUG    | eval.evaluation.evaluation:metric_call:77 - metric_func_name exact_match score 1.0 msg exact match, response: -, target: -
2026-08-08 20:15:33.589 | DEBUG    | eval.evaluation.evaluation:metric_call:77 - metric_func_name exact_match score 1.0 msg exact match, response: -, target: -
2026-08-08 20:15:33.590 | DEBUG    | eval.evaluation.evaluation:evaluate_single_query:321 - wide2deep_ws_en_061, col leavingreason, metric_func_name exact_match, score [1.0, 1.0, 1.0, 1.0, 1.0, 1.0, 1.0, 1.0, 1.0, 1.0, 1.0, 1.0, 1.0, 1.0, 1.0, 1.0, 1.0, 1.0, 1.0, 1.0, 1.0, 1.0, 1.0, 1.0, 1.0]
2026-08-08 20:15:33.597 | INFO     | eval.evaluation.evaluation:evaluate_single_query:380 - wide2deep_ws_en_061, P/R/F1 by unique_columns: 1.0000/1.0000/1.0000
2026-08-08 20:15:33.597 | INFO     | eval.evaluation.evaluation:evaluate_single_query:383 - wide2deep_ws_en_061, P/R/F1 by row: 0.6800/0.6800/0.6800
2026-08-08 20:15:33.597 | INFO     | eval.evaluation.evaluation:evaluate_single_query:386 - wide2deep_ws_en_061, P/R/F1 by item: 0.9600/0.9600/0.9600
2026-08-08 20:15:33.603 | INFO     | eval.evaluation.evaluation:evaluate_single_query:398 - wide2deep_ws_en_061, final table score: 0.0
{"event": "eval_done", "idx": 1, "instance_id": "wide2deep_ws_en_061", "score": 0.0, "entity_acc": 1.0, "f1_by_row": 0.68, "f1_by_item": 0.96, "column_f1": 1.0, "error": null, "elapsed_seconds": 10.857, "running_n": 1}
{"event": "eval_done", "idx": 2, "instance_id": "wide2deep_ws_en_068", "score": 0.0, "entity_acc": 0.0, "f1_by_row": 0.0, "f1_by_item": 0.0, "column_f1": 0.0, "error": null, "elapsed_seconds": 2.338, "running_n": 2}
2026-08-08 20:15:38.387 | DEBUG    | eval.evaluation.data_loader:extract_dataframe:167 - find markdown_str 
| Product Series | Product Name | Chip Name | Release Date | Bu ...
2026-08-08 20:15:39.738 | INFO     | eval.evaluation.metric_utils:primary_key_preprocess:246 - primary_key_preprocess result: ```json
{
  "productseries": "productseries",
  "productname": "productname",
  "chipname": "chipname",
  "releasedate": "releasedate",
  "businterface": "businterface",
  "memorycapacity": "memorycapacity",
  "memorytype": "memorytype",
  "memorybuswidth": "memorybitwidth",
  "corefrequency": "corefrequency",
  "memoryfrequency": "memoryfrequency"
}
```
2026-08-08 20:15:39.738 | INFO     | eval.evaluation.evaluation:evaluate_single_query:172 - column map: {'productseries': 'productseries', 'productname': 'productname', 'chipname': 'chipname', 'releasedate': 'releasedate', 'businterface': 'businterface', 'memorycapacity': 'memorycapacity', 'memorytype': 'memorytype', 'memorybuswidth': 'memorybitwidth', 'corefrequency': 'corefrequency', 'memoryfrequency': 'memoryfrequency'}
2026-08-08 20:15:39.739 | INFO     | eval.evaluation.evaluation:evaluate_single_query:173 - befor mapping: Index(['productseries', 'productname', 'chipname', 'releasedate',
       'businterface', 'memorycapacity', 'memorytype', 'memorybuswidth',
       'corefrequency', 'memoryfrequency'],
      dtype='object')
2026-08-08 20:15:39.739 | INFO     | eval.evaluation.evaluation:evaluate_single_query:175 - after mapping: Index(['productseries', 'productname', 'chipname', 'releasedate',
       'businterface', 'memorycapacity', 'memorytype', 'memorybitwidth',
       'corefrequency', 'memoryfrequency'],
      dtype='object')
2026-08-08 20:15:48.453 | INFO     | eval.evaluation.metric_utils:primary_key_preprocess:246 - primary_key_preprocess result: ```json
{
  "RIVA 128": "Riva 128",
  "RIVA TNT": "Riva TNT",
  "RIVA TNT2": "Riva TNT2",
  "GeForce 256 SDR": "GeForce 256 SDR",
  "GeForce 256 DDR": "GeForce 256 DDR",
  "GeForce2 GTS": "GeForce2 GTS",
  "GeForce2 Ultra": "GeForce2 Ultra",
  "GeForce3": "GeForce3",
  "GeForce3 Ti 500": "GeForce3 Ti500",
  "GeForce4 Ti 4600": "GeForce4 Ti 4600",
  "GeForce FX 5800 Ultra": "GeForce FX 5800 Ultra",
  "GeForce FX 5900 Ultra": "GeForce FX 5900 Ultra",
  "GeForce 6800 Ultra": "GeForce 6800 Ultra",
  "GeForce 6600 GT": "GeForce 6600 GT",
  "GeForce 7800 GTX": "GeForce 7800 GTX",
  "GeForce 7900 GTX": "GeForce 7900 GTX",
  "GeForce 8800 GTX": "GeForce 8800 GTX",
  "GeForce 8800 GTS 640": "GeForce 8800 GTS 640",
  "GeForce 8800 GTS 512": "GeForce 8800 GTS 512",
  "GeForce 9800 GTX": "GeForce 9800 GTX",
  "GeForce GTX 280": "GeForce GTX 280",
  "GeForce GTX 260": "GeForce GTX 260",
  "GeForce GTX 295": "GeForce GTX 295",
  "GeForce GTX 480": "GeForce GTX 480",
  "GeForce GTX 580": "GeForce GTX 580",
  "GeForce GTX 590": "GeForce GTX 590",
  "GeForce GTX 680": "GeForce GTX 680",
  "GeForce GTX 690": "GeForce GTX 690",
  "GeForce GTX Titan": "GeForce GTX TITAN",
  "GeForce GTX 780": "GeForce GTX 780",
  "GeForce GTX 780 Ti": "GeForce GTX 780 Ti",
  "GeForce GTX Titan Black": "GeForce GTX TITAN BLACK",
  "GeForce GTX 980": "GeForce GTX 980",
  "GeForce GTX 970": "GeForce GTX 970",
  "GeForce GTX Titan X": "GeForce GTX TITAN X",
  "GeForce GTX 980 Ti": "GeForce GTX 980 Ti",
  "GeForce GTX 1080": "GeForce GTX 1080",
  "GeForce GTX 1070": "GeForce GTX 1070",
  "Nvidia Titan X": "TITAN X Pascal",
  "GeForce GTX 1080 Ti": "GeForce GTX 1080 Ti",
  "Nvidia Titan V": "TITAN V",
  "GeForce RTX 2080 Ti": "GeForce RTX 2080 Ti",
  "GeForce RTX 2080": "GeForce RTX 2080",
  "GeForce RTX 2070": "GeForce RTX 2070",
  "Nvidia Titan RTX": "TITAN RTX",
  "GeForce GTX 1660 Ti": "GeForce GTX 1660 Ti",
  "GeForce RTX 2080 SUPER": "GeForce RTX 2080 SUPER",
  "GeForce RTX 2070 SUPER": "GeForce RTX 2070 SUPER",
  "GeForce RTX 3080": "GeForce RTX 3080",
  "GeForce RTX 3090": "GeForce RTX 3090",
  "GeForce RTX 3070": "GeForce RTX 3070",
  "GeForce RTX 3060 Ti": "GeForce RTX 3060 Ti",
  "GeForce RTX 3060": "GeForce RTX 3060 12 GB",
  "GeForce RTX 3080 Ti": "GeForce RTX 3080 Ti",
  "GeForce RTX 3090 Ti": "GeForce RTX 3090 Ti",
  "GeForce RTX 4090": "GeForce RTX 4090",
  "GeForce RTX 4080": "GeForce RTX 4080",
  "GeForce RTX 4070 Ti": "GeForce RTX 4070 Ti",
  "GeForce RTX 4070": "GeForce RTX 4070",
  "GeForce RTX 4060 Ti 8 GB": "GeForce RTX 4060 Ti 8 GB",
  "GeForce RTX 4060 Ti 16 GB": "GeForce RTX 4060 Ti 16 GB",
  "GeForce RTX 4060": "GeForce RTX 4060",
  "GeForce RTX 4070 SUPER": "GeForce RTX 4070 SUPER",
  "GeForce RTX 4070 Ti SUPER": "GeForce RTX 4070 Ti SUPER",
  "GeForce RTX 4080 SUPER": "GeForce RTX 4080 SUPER"
}
```
2026-08-08 20:15:48.454 | INFO     | eval.evaluation.evaluation:evaluate_single_query:223 - col: productname, primary_key_map {'RIVA 128': 'Riva 128', 'RIVA TNT': 'Riva TNT', 'RIVA TNT2': 'Riva TNT2', 'GeForce 256 SDR': 'GeForce 256 SDR', 'GeForce 256 DDR': 'GeForce 256 DDR', 'GeForce2 GTS': 'GeForce2 GTS', 'GeForce2 Ultra': 'GeForce2 Ultra', 'GeForce3': 'GeForce3', 'GeForce3 Ti 500': 'GeForce3 Ti500', 'GeForce4 Ti 4600': 'GeForce4 Ti 4600', 'GeForce FX 5800 Ultra': 'GeForce FX 5800 Ultra', 'GeForce FX 5900 Ultra': 'GeForce FX 5900 Ultra', 'GeForce 6800 Ultra': 'GeForce 6800 Ultra', 'GeForce 6600 GT': 'GeForce 6600 GT', 'GeForce 7800 GTX': 'GeForce 7800 GTX', 'GeForce 7900 GTX': 'GeForce 7900 GTX', 'GeForce 8800 GTX': 'GeForce 8800 GTX', 'GeForce 8800 GTS 640': 'GeForce 8800 GTS 640', 'GeForce 8800 GTS 512': 'GeForce 8800 GTS 512', 'GeForce 9800 GTX': 'GeForce 9800 GTX', 'GeForce GTX 280': 'GeForce GTX 280', 'GeForce GTX 260': 'GeForce GTX 260', 'GeForce GTX 295': 'GeForce GTX 295', 'GeForce GTX 480': 'GeForce GTX 480', 'GeForce GTX 580': 'GeForce GTX 580', 'GeForce GTX 590': 'GeForce GTX 590', 'GeForce GTX 680': 'GeForce GTX 680', 'GeForce GTX 690': 'GeForce GTX 690', 'GeForce GTX Titan': 'GeForce GTX TITAN', 'GeForce GTX 780': 'GeForce GTX 780', 'GeForce GTX 780 Ti': 'GeForce GTX 780 Ti', 'GeForce GTX Titan Black': 'GeForce GTX TITAN BLACK', 'GeForce GTX 980': 'GeForce GTX 980', 'GeForce GTX 970': 'GeForce GTX 970', 'GeForce GTX Titan X': 'GeForce GTX TITAN X', 'GeForce GTX 980 Ti': 'GeForce GTX 980 Ti', 'GeForce GTX 1080': 'GeForce GTX 1080', 'GeForce GTX 1070': 'GeForce GTX 1070', 'Nvidia Titan X': 'TITAN X Pascal', 'GeForce GTX 1080 Ti': 'GeForce GTX 1080 Ti', 'Nvidia Titan V': 'TITAN V', 'GeForce RTX 2080 Ti': 'GeForce RTX 2080 Ti', 'GeForce RTX 2080': 'GeForce RTX 2080', 'GeForce RTX 2070': 'GeForce RTX 2070', 'Nvidia Titan RTX': 'TITAN RTX', 'GeForce GTX 1660 Ti': 'GeForce GTX 1660 Ti', 'GeForce RTX 2080 SUPER': 'GeForce RTX 2080 SUPER', 'GeForce RTX 2070 SUPER': 'GeForce RTX 2070 SUPER', 'GeForce RTX 3080': 'GeForce RTX 3080', 'GeForce RTX 3090': 'GeForce RTX 3090', 'GeForce RTX 3070': 'GeForce RTX 3070', 'GeForce RTX 3060 Ti': 'GeForce RTX 3060 Ti', 'GeForce RTX 3060': 'GeForce RTX 3060 12 GB', 'GeForce RTX 3080 Ti': 'GeForce RTX 3080 Ti', 'GeForce RTX 3090 Ti': 'GeForce RTX 3090 Ti', 'GeForce RTX 4090': 'GeForce RTX 4090', 'GeForce RTX 4080': 'GeForce RTX 4080', 'GeForce RTX 4070 Ti': 'GeForce RTX 4070 Ti', 'GeForce RTX 4070': 'GeForce RTX 4070', 'GeForce RTX 4060 Ti 8 GB': 'GeForce RTX 4060 Ti 8 GB', 'GeForce RTX 4060 Ti 16 GB': 'GeForce RTX 4060 Ti 16 GB', 'GeForce RTX 4060': 'GeForce RTX 4060', 'GeForce RTX 4070 SUPER': 'GeForce RTX 4070 SUPER', 'GeForce RTX 4070 Ti SUPER': 'GeForce RTX 4070 Ti SUPER', 'GeForce RTX 4080 SUPER': 'GeForce RTX 4080 SUPER'}
2026-08-08 20:15:58.342 | INFO     | eval.evaluation.metric_utils:primary_key_preprocess:246 - primary_key_preprocess result: ```json
{
  "NV1": "NV1",
  "NV3": "NV3",
  "NV4": "NV4",
  "NV5": "NV5",
  "NV10": "NV10",
  "NV15": "NV15",
  "NV20": "NV20",
  "NV25": "NV25",
  "NV30": "NV30",
  "NV35": "NV35",
  "NV40": "NV40",
  "NV43": "NV43",
  "G70": "G70",
  "G71": "G71",
  "G80": "G80",
  "G92": "G92",
  "G92-420": "G92",
  "GT200-300-A2": "GT200",
  "GT200-100-A2": "GT200",
  "GT200-103-B3": "GT200",
  "2× GT200B": "GT200B",
  "GF100-375-A3": "GF100",
  "GF110-375-A1": "GF110",
  "2× GF110-351-A1": "GF110",
  "GK104-400-A2": "GK104",
  "2× GK104-355-A2": "GK104",
  "GK110-400-A1": "GK110",
  "GK110-300-A1": "GK110",
  "GK110B-425-B1": "GK110B",
  "GK110B-430-B1": "GK110B",
  "GM204-400-A1": "GM204",
  "GM204-200-A1": "GM204",
  "GM200-400-A1": "GM200",
  "GM200-310-A1": "GM200",
  "GP104-400-A1": "GP104",
  "GP104-200-A1": "GP104",
  "GP102-400-A1": "GP102",
  "GP102-350-K1-A1": "GP102",
  "GV100-400-A1": "GV100",
  "TU102-300A-K1-A1": "TU102",
  "TU104-400A-A1": "TU104",
  "TU106-400A-A1": "TU106",
  "TU102-400-A1": "TU102",
  "TU116-400-A1": "TU116",
  "TU104-450-A1": "TU104",
  "TU104-410-A1": "TU104",
  "GA102-200-KD-A1": "GA102",
  "GA102-300-A1": "GA102",
  "GA104-300-A1": "GA104",
  "GA104-200-A1": "GA104",
  "GA106-300-A1": "GA106",
  "GA102-225-A1": "GA102",
  "GA102-350-A1": "GA102",
  "AD102-300-A1": "AD102",
  "AD103-300-A1": "AD103",
  "AD104-400-A1": "AD104",
  "AD104-250-A1": "AD104",
  "AD106-350-A1": "AD106",
  "AD106-351-A1": "AD106",
  "AD107-400-A1": "AD107",
  "AD104-350-A1": "AD104",
  "AD103-275-A1": "AD103",
  "AD103-400-A1": "AD103"
}
```
2026-08-08 20:15:58.342 | INFO     | eval.evaluation.evaluation:evaluate_single_query:223 - col: chipname, primary_key_map {'NV1': 'NV1', 'NV3': 'NV3', 'NV4': 'NV4', 'NV5': 'NV5', 'NV10': 'NV10', 'NV15': 'NV15', 'NV20': 'NV20', 'NV25': 'NV25', 'NV30': 'NV30', 'NV35': 'NV35', 'NV40': 'NV40', 'NV43': 'NV43', 'G70': 'G70', 'G71': 'G71', 'G80': 'G80', 'G92': 'G92', 'G92-420': 'G92', 'GT200-300-A2': 'GT200', 'GT200-100-A2': 'GT200', 'GT200-103-B3': 'GT200', '2× GT200B': 'GT200B', 'GF100-375-A3': 'GF100', 'GF110-375-A1': 'GF110', '2× GF110-351-A1': 'GF110', 'GK104-400-A2': 'GK104', '2× GK104-355-A2': 'GK104', 'GK110-400-A1': 'GK110', 'GK110-300-A1': 'GK110', 'GK110B-425-B1': 'GK110B', 'GK110B-430-B1': 'GK110B', 'GM204-400-A1': 'GM204', 'GM204-200-A1': 'GM204', 'GM200-400-A1': 'GM200', 'GM200-310-A1': 'GM200', 'GP104-400-A1': 'GP104', 'GP104-200-A1': 'GP104', 'GP102-400-A1': 'GP102', 'GP102-350-K1-A1': 'GP102', 'GV100-400-A1': 'GV100', 'TU102-300A-K1-A1': 'TU102', 'TU104-400A-A1': 'TU104', 'TU106-400A-A1': 'TU106', 'TU102-400-A1': 'TU102', 'TU116-400-A1': 'TU116', 'TU104-450-A1': 'TU104', 'TU104-410-A1': 'TU104', 'GA102-200-KD-A1': 'GA102', 'GA102-300-A1': 'GA102', 'GA104-300-A1': 'GA104', 'GA104-200-A1': 'GA104', 'GA106-300-A1': 'GA106', 'GA102-225-A1': 'GA102', 'GA102-350-A1': 'GA102', 'AD102-300-A1': 'AD102', 'AD103-300-A1': 'AD103', 'AD104-400-A1': 'AD104', 'AD104-250-A1': 'AD104', 'AD106-350-A1': 'AD106', 'AD106-351-A1': 'AD106', 'AD107-400-A1': 'AD107', 'AD104-350-A1': 'AD104', 'AD103-275-A1': 'AD103', 'AD103-400-A1': 'AD103'}
2026-08-08 20:15:58.353 | INFO     | eval.evaluation.evaluation:evaluate_single_query:275 - wide2deep_ws_en_073, df_inner shape: (66, 20), answer_df shape: (502, 10), response_df shape: (67, 12)
2026-08-08 20:16:09.624 | DEBUG    | eval.evaluation.evaluation:evaluate_single_query:321 - wide2deep_ws_en_073, col productseries, metric_func_name llm_judge, score [1, 1, 1, 1, 1, 1, 0, 1, 1, 1, 1, 1, 1, 1, 1, 1, 1, 1, 1, 1, 1, 1, 1, 1, 1, 1, 1, 1, 1, 1, 1, 1, 1, 1, 1, 1, 1, 1, 1, 1, 1, 0, 1, 1, 1, 1, 1, 1, 0, 1, 1, 1, 1, 1, 1, 1, 1, 1, 1, 1, 1, 1, 1, 1, 1, 1]
2026-08-08 20:16:09.626 | DEBUG    | eval.evaluation.evaluation:metric_call:77 - metric_func_name exact_match score 0.0 msg exact not match, response: august25,1997, target: apr1st,1997
2026-08-08 20:16:09.626 | DEBUG    | eval.evaluation.evaluation:metric_call:77 - metric_func_name exact_match score 0.0 msg exact not match, response: june15,1998, target: mar23rd,1998
2026-08-08 20:16:09.626 | DEBUG    | eval.evaluation.evaluation:metric_call:77 - metric_func_name exact_match score 0.0 msg exact not match, response: march22,1999, target: oct12th,1999
2026-08-08 20:16:09.626 | DEBUG    | eval.evaluation.evaluation:metric_call:77 - metric_func_name exact_match score 0.0 msg exact not match, response: october11,1999, target: oct11th,1999
2026-08-08 20:16:09.626 | DEBUG    | eval.evaluation.evaluation:metric_call:77 - metric_func_name exact_match score 0.0 msg exact not match, response: december13,1999, target: dec23rd,1999
2026-08-08 20:16:09.626 | DEBUG    | eval.evaluation.evaluation:metric_call:77 - metric_func_name exact_match score 0.0 msg exact not match, response: april26,2000, target: apr26th,2000
2026-08-08 20:16:09.626 | DEBUG    | eval.evaluation.evaluation:metric_call:77 - metric_func_name exact_match score 0.0 msg exact not match, response: august14,2000, target: aug14th,2000
2026-08-08 20:16:09.627 | DEBUG    | eval.evaluation.evaluation:metric_call:77 - metric_func_name exact_match score 0.0 msg exact not match, response: february27,2001, target: feb27th,2001
2026-08-08 20:16:09.627 | DEBUG    | eval.evaluation.evaluation:metric_call:77 - metric_func_name exact_match score 0.0 msg exact not match, response: october1,2001, target: oct1st,2001
2026-08-08 20:16:09.627 | DEBUG    | eval.evaluation.evaluation:metric_call:77 - metric_func_name exact_match score 0.0 msg exact not match, response: february6,2002, target: feb6th,2002
2026-08-08 20:16:09.627 | DEBUG    | eval.evaluation.evaluation:metric_call:77 - metric_func_name exact_match score 0.0 msg exact not match, response: january27,2003, target: mar6th,2003
2026-08-08 20:16:09.627 | DEBUG    | eval.evaluation.evaluation:metric_call:77 - metric_func_name exact_match score 0.0 msg exact not match, response: may12,2003, target: oct23rd,2003
2026-08-08 20:16:09.627 | DEBUG    | eval.evaluation.evaluation:metric_call:77 - metric_func_name exact_match score 0.0 msg exact not match, response: april14,2004, target: apr14th,2004
2026-08-08 20:16:09.627 | DEBUG    | eval.evaluation.evaluation:metric_call:77 - metric_func_name exact_match score 0.0 msg exact not match, response: august12,2004, target: aug12th,2004
2026-08-08 20:16:09.627 | DEBUG    | eval.evaluation.evaluation:metric_call:77 - metric_func_name exact_match score 0.0 msg exact not match, response: june22,2005, target: jun22nd,2005
2026-08-08 20:16:09.627 | DEBUG    | eval.evaluation.evaluation:metric_call:77 - metric_func_name exact_match score 0.0 msg exact not match, response: march9,2006, target: mar9th,2006
2026-08-08 20:16:09.627 | DEBUG    | eval.evaluation.evaluation:metric_call:77 - metric_func_name exact_match score 0.0 msg exact not match, response: december11,2007, target: dec11th,2007
2026-08-08 20:16:09.627 | DEBUG    | eval.evaluation.evaluation:metric_call:77 - metric_func_name exact_match score 0.0 msg exact not match, response: november8,2006, target: nov8th,2006
2026-08-08 20:16:09.627 | DEBUG    | eval.evaluation.evaluation:metric_call:77 - metric_func_name exact_match score 0.0 msg exact not match, response: november8,2006, target: nov8th,2006
2026-08-08 20:16:09.627 | DEBUG    | eval.evaluation.evaluation:metric_call:77 - metric_func_name exact_match score 0.0 msg exact not match, response: april1,2008, target: mar28th,2008
2026-08-08 20:16:09.627 | DEBUG    | eval.evaluation.evaluation:metric_call:77 - metric_func_name exact_match score 0.0 msg exact not match, response: june16,2008, target: jun16th,2008
2026-08-08 20:16:09.627 | DEBUG    | eval.evaluation.evaluation:metric_call:77 - metric_func_name exact_match score 0.0 msg exact not match, response: september16,2008, target: jun16th,2008
2026-08-08 20:16:09.627 | DEBUG    | eval.evaluation.evaluation:metric_call:77 - metric_func_name exact_match score 0.0 msg exact not match, response: june16,2008, target: jun16th,2008
2026-08-08 20:16:09.627 | DEBUG    | eval.evaluation.evaluation:metric_call:77 - metric_func_name exact_match score 0.0 msg exact not match, response: january8,2009, target: jan8th,2009
2026-08-08 20:16:09.627 | DEBUG    | eval.evaluation.evaluation:metric_call:77 - metric_func_name exact_match score 0.0 msg exact not match, response: march26,2010, target: mar26th,2010
2026-08-08 20:16:09.627 | DEBUG    | eval.evaluation.evaluation:metric_call:77 - metric_func_name exact_match score 0.0 msg exact not match, response: november9,2010, target: nov9th,2010
2026-08-08 20:16:09.627 | DEBUG    | eval.evaluation.evaluation:metric_call:77 - metric_func_name exact_match score 0.0 msg exact not match, response: march24,2011, target: mar24th,2011
2026-08-08 20:16:09.627 | DEBUG    | eval.evaluation.evaluation:metric_call:77 - metric_func_name exact_match score 0.0 msg exact not match, response: march22,2012, target: mar22nd,2012
2026-08-08 20:16:09.627 | DEBUG    | eval.evaluation.evaluation:metric_call:77 - metric_func_name exact_match score 0.0 msg exact not match, response: may3,2012, target: may3rd,2012
2026-08-08 20:16:09.627 | DEBUG    | eval.evaluation.evaluation:metric_call:77 - metric_func_name exact_match score 0.0 msg exact not match, response: may23,2013, target: may23rd,2013
2026-08-08 20:16:09.627 | DEBUG    | eval.evaluation.evaluation:metric_call:77 - metric_func_name exact_match score 0.0 msg exact not match, response: november7,2013, target: nov7th,2013
2026-08-08 20:16:09.627 | DEBUG    | eval.evaluation.evaluation:metric_call:77 - metric_func_name exact_match score 0.0 msg exact not match, response: february21,2013, target: feb19th,2013
2026-08-08 20:16:09.627 | DEBUG    | eval.evaluation.evaluation:metric_call:77 - metric_func_name exact_match score 0.0 msg exact not match, response: february18,2014, target: feb18th,2014
2026-08-08 20:16:09.627 | DEBUG    | eval.evaluation.evaluation:metric_call:77 - metric_func_name exact_match score 0.0 msg exact not match, response: september18,2014, target: sep19th,2014
2026-08-08 20:16:09.627 | DEBUG    | eval.evaluation.evaluation:metric_call:77 - metric_func_name exact_match score 0.0 msg exact not match, response: september18,2014, target: sep19th,2014
2026-08-08 20:16:09.627 | DEBUG    | eval.evaluation.evaluation:metric_call:77 - metric_func_name exact_match score 0.0 msg exact not match, response: june1,2015, target: jun2nd,2015
2026-08-08 20:16:09.627 | DEBUG    | eval.evaluation.evaluation:metric_call:77 - metric_func_name exact_match score 0.0 msg exact not match, response: march17,2015, target: mar17th,2015
2026-08-08 20:16:09.627 | DEBUG    | eval.evaluation.evaluation:metric_call:77 - metric_func_name exact_match score 0.0 msg exact not match, response: june10,2016, target: jun10th,2016
2026-08-08 20:16:09.628 | DEBUG    | eval.evaluation.evaluation:metric_call:77 - metric_func_name exact_match score 0.0 msg exact not match, response: may27,2016, target: may27th,2016
2026-08-08 20:16:09.628 | DEBUG    | eval.evaluation.evaluation:metric_call:77 - metric_func_name exact_match score 0.0 msg exact not match, response: march10,2017, target: mar10th,2017
2026-08-08 20:16:09.628 | DEBUG    | eval.evaluation.evaluation:metric_call:77 - metric_func_name exact_match score 0.0 msg exact not match, response: august2,2016, target: aug2nd,2016
2026-08-08 20:16:09.628 | DEBUG    | eval.evaluation.evaluation:metric_call:77 - metric_func_name exact_match score 0.0 msg exact not match, response: december7,2017, target: dec7th,2017
2026-08-08 20:16:09.628 | DEBUG    | eval.evaluation.evaluation:metric_call:77 - metric_func_name exact_match score 0.0 msg exact not match, response: february22,2019, target: feb22nd,2019
2026-08-08 20:16:09.628 | DEBUG    | eval.evaluation.evaluation:metric_call:77 - metric_func_name exact_match score 0.0 msg exact not match, response: october17,2018, target: oct17th,2018
2026-08-08 20:16:09.628 | DEBUG    | eval.evaluation.evaluation:metric_call:77 - metric_func_name exact_match score 0.0 msg exact not match, response: july9,2019, target: jul9th,2019
2026-08-08 20:16:09.628 | DEBUG    | eval.evaluation.evaluation:metric_call:77 - metric_func_name exact_match score 0.0 msg exact not match, response: september20,2018, target: sep20th,2018
2026-08-08 20:16:09.628 | DEBUG    | eval.evaluation.evaluation:metric_call:77 - metric_func_name exact_match score 0.0 msg exact not match, response: july23,2019, target: jul23rd,2019
2026-08-08 20:16:09.628 | DEBUG    | eval.evaluation.evaluation:metric_call:77 - metric_func_name exact_match score 0.0 msg exact not match, response: september20,2018, target: sep20th,2018
2026-08-08 20:16:09.628 | DEBUG    | eval.evaluation.evaluation:metric_call:77 - metric_func_name exact_match score 0.0 msg exact not match, response: december18,2018, target: dec18th,2018
2026-08-08 20:16:09.628 | DEBUG    | eval.evaluation.evaluation:metric_call:77 - metric_func_name exact_match score 0.0 msg exact not match, response: february25,2021, target: jan12th,2021
2026-08-08 20:16:09.628 | DEBUG    | eval.evaluation.evaluation:metric_call:77 - metric_func_name exact_match score 0.0 msg exact not match, response: december2,2020, target: dec1st,2020
2026-08-08 20:16:09.628 | DEBUG    | eval.evaluation.evaluation:metric_call:77 - metric_func_name exact_match score 0.0 msg exact not match, response: october29,2020, target: sep1st,2020
2026-08-08 20:16:09.628 | DEBUG    | eval.evaluation.evaluation:metric_call:77 - metric_func_name exact_match score 0.0 msg exact not match, response: september17,2020, target: sep1st,2020
2026-08-08 20:16:09.628 | DEBUG    | eval.evaluation.evaluation:metric_call:77 - metric_func_name exact_match score 0.0 msg exact not match, response: june3,2021, target: may31st,2021
2026-08-08 20:16:09.628 | DEBUG    | eval.evaluation.evaluation:metric_call:77 - metric_func_name exact_match score 0.0 msg exact not match, response: september24,2020, target: sep1st,2020
2026-08-08 20:16:09.628 | DEBUG    | eval.evaluation.evaluation:metric_call:77 - metric_func_name exact_match score 0.0 msg exact not match, response: march29,2022, target: jan27th,2022
2026-08-08 20:16:09.628 | DEBUG    | eval.evaluation.evaluation:metric_call:77 - metric_func_name exact_match score 0.0 msg exact not match, response: june29,2023, target: may18th,2023
2026-08-08 20:16:09.628 | DEBUG    | eval.evaluation.evaluation:metric_call:77 - metric_func_name exact_match score 0.0 msg exact not match, response: may24,2023, target: may18th,2023
2026-08-08 20:16:09.628 | DEBUG    | eval.evaluation.evaluation:metric_call:77 - metric_func_name exact_match score 0.0 msg exact not match, response: july18,2023, target: may18th,2023
2026-08-08 20:16:09.628 | DEBUG    | eval.evaluation.evaluation:metric_call:77 - metric_func_name exact_match score 0.0 msg exact not match, response: april13,2023, target: apr12th,2023
2026-08-08 20:16:09.628 | DEBUG    | eval.evaluation.evaluation:metric_call:77 - metric_func_name exact_match score 0.0 msg exact not match, response: january17,2024, target: jan8th,2024
2026-08-08 20:16:09.628 | DEBUG    | eval.evaluation.evaluation:metric_call:77 - metric_func_name exact_match score 0.0 msg exact not match, response: january5,2023, target: jan3rd,2023
2026-08-08 20:16:09.628 | DEBUG    | eval.evaluation.evaluation:metric_call:77 - metric_func_name exact_match score 0.0 msg exact not match, response: january24,2024, target: jan8th,2024
2026-08-08 20:16:09.628 | DEBUG    | eval.evaluation.evaluation:metric_call:77 - metric_func_name exact_match score 0.0 msg exact not match, response: january31,2024, target: jan8th,2024
2026-08-08 20:16:09.628 | DEBUG    | eval.evaluation.evaluation:metric_call:77 - metric_func_name exact_match score 0.0 msg exact not match, response: november16,2022, target: sep20th,2022
2026-08-08 20:16:09.628 | DEBUG    | eval.evaluation.evaluation:metric_call:77 - metric_func_name exact_match score 0.0 msg exact not match, response: october12,2022, target: sep20th,2022
2026-08-08 20:16:09.629 | DEBUG    | eval.evaluation.evaluation:evaluate_single_query:321 - wide2deep_ws_en_073, col releasedate, metric_func_name exact_match, score [0.0, 0.0, 0.0, 0.0, 0.0, 0.0, 0.0, 0.0, 0.0, 0.0, 0.0, 0.0, 0.0, 0.0, 0.0, 0.0, 0.0, 0.0, 0.0, 0.0, 0.0, 0.0, 0.0, 0.0, 0.0, 0.0, 0.0, 0.0, 0.0, 0.0, 0.0, 0.0, 0.0, 0.0, 0.0, 0.0, 0.0, 0.0, 0.0, 0.0, 0.0, 0.0, 0.0, 0.0, 0.0, 0.0, 0.0, 0.0, 0.0, 0.0, 0.0, 0.0, 0.0, 0.0, 0.0, 0.0, 0.0, 0.0, 0.0, 0.0, 0.0, 0.0, 0.0, 0.0, 0.0, 0.0]
2026-08-08 20:16:09.629 | DEBUG    | eval.evaluation.evaluation:metric_call:77 - metric_func_name exact_match score 0.0 msg exact not match, response: pci/agp1x, target: agp2x
2026-08-08 20:16:09.629 | DEBUG    | eval.evaluation.evaluation:metric_call:77 - metric_func_name exact_match score 0.0 msg exact not match, response: pci/agp2x, target: agp2x
2026-08-08 20:16:09.629 | DEBUG    | eval.evaluation.evaluation:metric_call:77 - metric_func_name exact_match score 1.0 msg exact match, response: agp4x, target: agp4x
2026-08-08 20:16:09.630 | DEBUG    | eval.evaluation.evaluation:metric_call:77 - metric_func_name exact_match score 1.0 msg exact match, response: agp4x, target: agp4x
2026-08-08 20:16:09.630 | DEBUG    | eval.evaluation.evaluation:metric_call:77 - metric_func_name exact_match score 1.0 msg exact match, response: agp4x, target: agp4x
2026-08-08 20:16:09.630 | DEBUG    | eval.evaluation.evaluation:metric_call:77 - metric_func_name exact_match score 1.0 msg exact match, response: agp4x, target: agp4x
2026-08-08 20:16:09.630 | DEBUG    | eval.evaluation.evaluation:metric_call:77 - metric_func_name exact_match score 1.0 msg exact match, response: agp4x, target: agp4x
2026-08-08 20:16:09.630 | DEBUG    | eval.evaluation.evaluation:metric_call:77 - metric_func_name exact_match score 1.0 msg exact match, response: agp4x, target: agp4x
2026-08-08 20:16:09.630 | DEBUG    | eval.evaluation.evaluation:metric_call:77 - metric_func_name exact_match score 1.0 msg exact match, response: agp4x, target: agp4x
2026-08-08 20:16:09.630 | DEBUG    | eval.evaluation.evaluation:metric_call:77 - metric_func_name exact_match score 1.0 msg exact match, response: agp4x, target: agp4x
2026-08-08 20:16:09.630 | DEBUG    | eval.evaluation.evaluation:metric_call:77 - metric_func_name exact_match score 1.0 msg exact match, response: agp8x, target: agp8x
2026-08-08 20:16:09.630 | DEBUG    | eval.evaluation.evaluation:metric_call:77 - metric_func_name exact_match score 1.0 msg exact match, response: agp8x, target: agp8x
2026-08-08 20:16:09.630 | DEBUG    | eval.evaluation.evaluation:metric_call:77 - metric_func_name exact_match score 1.0 msg exact match, response: agp8x, target: agp8x
2026-08-08 20:16:09.630 | DEBUG    | eval.evaluation.evaluation:metric_call:77 - metric_func_name exact_match score 1.0 msg exact match, response: pcie1.0x16, target: pcie1.0x16
2026-08-08 20:16:09.630 | DEBUG    | eval.evaluation.evaluation:metric_call:77 - metric_func_name exact_match score 1.0 msg exact match, response: pcie1.0x16, target: pcie1.0x16
2026-08-08 20:16:09.630 | DEBUG    | eval.evaluation.evaluation:metric_call:77 - metric_func_name exact_match score 1.0 msg exact match, response: pcie1.0x16, target: pcie1.0x16
2026-08-08 20:16:09.630 | DEBUG    | eval.evaluation.evaluation:metric_call:77 - metric_func_name exact_match score 1.0 msg exact match, response: pcie2.0x16, target: pcie2.0x16
2026-08-08 20:16:09.630 | DEBUG    | eval.evaluation.evaluation:metric_call:77 - metric_func_name exact_match score 1.0 msg exact match, response: pcie1.0x16, target: pcie1.0x16
2026-08-08 20:16:09.630 | DEBUG    | eval.evaluation.evaluation:metric_call:77 - metric_func_name exact_match score 1.0 msg exact match, response: pcie1.0x16, target: pcie1.0x16
2026-08-08 20:16:09.630 | DEBUG    | eval.evaluation.evaluation:metric_call:77 - metric_func_name exact_match score 1.0 msg exact match, response: pcie2.0x16, target: pcie2.0x16
2026-08-08 20:16:09.630 | DEBUG    | eval.evaluation.evaluation:metric_call:77 - metric_func_name exact_match score 1.0 msg exact match, response: pcie2.0x16, target: pcie2.0x16
2026-08-08 20:16:09.630 | DEBUG    | eval.evaluation.evaluation:metric_call:77 - metric_func_name exact_match score 1.0 msg exact match, response: pcie2.0x16, target: pcie2.0x16
2026-08-08 20:16:09.630 | DEBUG    | eval.evaluation.evaluation:metric_call:77 - metric_func_name exact_match score 1.0 msg exact match, response: pcie2.0x16, target: pcie2.0x16
2026-08-08 20:16:09.630 | DEBUG    | eval.evaluation.evaluation:metric_call:77 - metric_func_name exact_match score 1.0 msg exact match, response: pcie2.0x16, target: pcie2.0x16
2026-08-08 20:16:09.630 | DEBUG    | eval.evaluation.evaluation:metric_call:77 - metric_func_name exact_match score 1.0 msg exact match, response: pcie2.0x16, target: pcie2.0x16
2026-08-08 20:16:09.630 | DEBUG    | eval.evaluation.evaluation:metric_call:77 - metric_func_name exact_match score 1.0 msg exact match, response: pcie2.0x16, target: pcie2.0x16
2026-08-08 20:16:09.630 | DEBUG    | eval.evaluation.evaluation:metric_call:77 - metric_func_name exact_match score 1.0 msg exact match, response: pcie2.0x16, target: pcie2.0x16
2026-08-08 20:16:09.630 | DEBUG    | eval.evaluation.evaluation:metric_call:77 - metric_func_name exact_match score 1.0 msg exact match, response: pcie3.0x16, target: pcie3.0x16
2026-08-08 20:16:09.630 | DEBUG    | eval.evaluation.evaluation:metric_call:77 - metric_func_name exact_match score 1.0 msg exact match, response: pcie3.0x16, target: pcie3.0x16
2026-08-08 20:16:09.630 | DEBUG    | eval.evaluation.evaluation:metric_call:77 - metric_func_name exact_match score 1.0 msg exact match, response: pcie3.0x16, target: pcie3.0x16
2026-08-08 20:16:09.630 | DEBUG    | eval.evaluation.evaluation:metric_call:77 - metric_func_name exact_match score 1.0 msg exact match, response: pcie3.0x16, target: pcie3.0x16
2026-08-08 20:16:09.630 | DEBUG    | eval.evaluation.evaluation:metric_call:77 - metric_func_name exact_match score 1.0 msg exact match, response: pcie3.0x16, target: pcie3.0x16
2026-08-08 20:16:09.630 | DEBUG    | eval.evaluation.evaluation:metric_call:77 - metric_func_name exact_match score 1.0 msg exact match, response: pcie3.0x16, target: pcie3.0x16
2026-08-08 20:16:09.630 | DEBUG    | eval.evaluation.evaluation:metric_call:77 - metric_func_name exact_match score 1.0 msg exact match, response: pcie3.0x16, target: pcie3.0x16
2026-08-08 20:16:09.631 | DEBUG    | eval.evaluation.evaluation:metric_call:77 - metric_func_name exact_match score 1.0 msg exact match, response: pcie3.0x16, target: pcie3.0x16
2026-08-08 20:16:09.631 | DEBUG    | eval.evaluation.evaluation:metric_call:77 - metric_func_name exact_match score 1.0 msg exact match, response: pcie3.0x16, target: pcie3.0x16
2026-08-08 20:16:09.631 | DEBUG    | eval.evaluation.evaluation:metric_call:77 - metric_func_name exact_match score 1.0 msg exact match, response: pcie3.0x16, target: pcie3.0x16
2026-08-08 20:16:09.631 | DEBUG    | eval.evaluation.evaluation:metric_call:77 - metric_func_name exact_match score 1.0 msg exact match, response: pcie3.0x16, target: pcie3.0x16
2026-08-08 20:16:09.631 | DEBUG    | eval.evaluation.evaluation:metric_call:77 - metric_func_name exact_match score 1.0 msg exact match, response: pcie3.0x16, target: pcie3.0x16
2026-08-08 20:16:09.631 | DEBUG    | eval.evaluation.evaluation:metric_call:77 - metric_func_name exact_match score 1.0 msg exact match, response: pcie3.0x16, target: pcie3.0x16
2026-08-08 20:16:09.631 | DEBUG    | eval.evaluation.evaluation:metric_call:77 - metric_func_name exact_match score 1.0 msg exact match, response: pcie3.0x16, target: pcie3.0x16
2026-08-08 20:16:09.631 | DEBUG    | eval.evaluation.evaluation:metric_call:77 - metric_func_name exact_match score 1.0 msg exact match, response: pcie3.0x16, target: pcie3.0x16
2026-08-08 20:16:09.631 | DEBUG    | eval.evaluation.evaluation:metric_call:77 - metric_func_name exact_match score 1.0 msg exact match, response: pcie3.0x16, target: pcie3.0x16
2026-08-08 20:16:09.631 | DEBUG    | eval.evaluation.evaluation:metric_call:77 - metric_func_name exact_match score 1.0 msg exact match, response: pcie3.0x16, target: pcie3.0x16
2026-08-08 20:16:09.631 | DEBUG    | eval.evaluation.evaluation:metric_call:77 - metric_func_name exact_match score 1.0 msg exact match, response: pcie3.0x16, target: pcie3.0x16
2026-08-08 20:16:09.631 | DEBUG    | eval.evaluation.evaluation:metric_call:77 - metric_func_name exact_match score 1.0 msg exact match, response: pcie3.0x16, target: pcie3.0x16
2026-08-08 20:16:09.631 | DEBUG    | eval.evaluation.evaluation:metric_call:77 - metric_func_name exact_match score 1.0 msg exact match, response: pcie3.0x16, target: pcie3.0x16
2026-08-08 20:16:09.631 | DEBUG    | eval.evaluation.evaluation:metric_call:77 - metric_func_name exact_match score 1.0 msg exact match, response: pcie3.0x16, target: pcie3.0x16
2026-08-08 20:16:09.631 | DEBUG    | eval.evaluation.evaluation:metric_call:77 - metric_func_name exact_match score 1.0 msg exact match, response: pcie3.0x16, target: pcie3.0x16
2026-08-08 20:16:09.631 | DEBUG    | eval.evaluation.evaluation:metric_call:77 - metric_func_name exact_match score 1.0 msg exact match, response: pcie4.0x16, target: pcie4.0x16
2026-08-08 20:16:09.631 | DEBUG    | eval.evaluation.evaluation:metric_call:77 - metric_func_name exact_match score 1.0 msg exact match, response: pcie4.0x16, target: pcie4.0x16
2026-08-08 20:16:09.631 | DEBUG    | eval.evaluation.evaluation:metric_call:77 - metric_func_name exact_match score 1.0 msg exact match, response: pcie4.0x16, target: pcie4.0x16
2026-08-08 20:16:09.631 | DEBUG    | eval.evaluation.evaluation:metric_call:77 - metric_func_name exact_match score 1.0 msg exact match, response: pcie4.0x16, target: pcie4.0x16
2026-08-08 20:16:09.631 | DEBUG    | eval.evaluation.evaluation:metric_call:77 - metric_func_name exact_match score 1.0 msg exact match, response: pcie4.0x16, target: pcie4.0x16
2026-08-08 20:16:09.631 | DEBUG    | eval.evaluation.evaluation:metric_call:77 - metric_func_name exact_match score 1.0 msg exact match, response: pcie4.0x16, target: pcie4.0x16
2026-08-08 20:16:09.631 | DEBUG    | eval.evaluation.evaluation:metric_call:77 - metric_func_name exact_match score 1.0 msg exact match, response: pcie4.0x16, target: pcie4.0x16
2026-08-08 20:16:09.631 | DEBUG    | eval.evaluation.evaluation:metric_call:77 - metric_func_name exact_match score 1.0 msg exact match, response: pcie4.0x8, target: pcie4.0x8
2026-08-08 20:16:09.631 | DEBUG    | eval.evaluation.evaluation:metric_call:77 - metric_func_name exact_match score 1.0 msg exact match, response: pcie4.0x8, target: pcie4.0x8
2026-08-08 20:16:09.631 | DEBUG    | eval.evaluation.evaluation:metric_call:77 - metric_func_name exact_match score 1.0 msg exact match, response: pcie4.0x8, target: pcie4.0x8
2026-08-08 20:16:09.631 | DEBUG    | eval.evaluation.evaluation:metric_call:77 - metric_func_name exact_match score 1.0 msg exact match, response: pcie4.0x16, target: pcie4.0x16
2026-08-08 20:16:09.631 | DEBUG    | eval.evaluation.evaluation:metric_call:77 - metric_func_name exact_match score 1.0 msg exact match, response: pcie4.0x16, target: pcie4.0x16
2026-08-08 20:16:09.631 | DEBUG    | eval.evaluation.evaluation:metric_call:77 - metric_func_name exact_match score 1.0 msg exact match, response: pcie4.0x16, target: pcie4.0x16
2026-08-08 20:16:09.631 | DEBUG    | eval.evaluation.evaluation:metric_call:77 - metric_func_name exact_match score 1.0 msg exact match, response: pcie4.0x16, target: pcie4.0x16
2026-08-08 20:16:09.631 | DEBUG    | eval.evaluation.evaluation:metric_call:77 - metric_func_name exact_match score 1.0 msg exact match, response: pcie4.0x16, target: pcie4.0x16
2026-08-08 20:16:09.631 | DEBUG    | eval.evaluation.evaluation:metric_call:77 - metric_func_name exact_match score 1.0 msg exact match, response: pcie4.0x16, target: pcie4.0x16
2026-08-08 20:16:09.631 | DEBUG    | eval.evaluation.evaluation:metric_call:77 - metric_func_name exact_match score 1.0 msg exact match, response: pcie4.0x16, target: pcie4.0x16
2026-08-08 20:16:09.632 | DEBUG    | eval.evaluation.evaluation:evaluate_single_query:321 - wide2deep_ws_en_073, col businterface, metric_func_name exact_match, score [0.0, 0.0, 1.0, 1.0, 1.0, 1.0, 1.0, 1.0, 1.0, 1.0, 1.0, 1.0, 1.0, 1.0, 1.0, 1.0, 1.0, 1.0, 1.0, 1.0, 1.0, 1.0, 1.0, 1.0, 1.0, 1.0, 1.0, 1.0, 1.0, 1.0, 1.0, 1.0, 1.0, 1.0, 1.0, 1.0, 1.0, 1.0, 1.0, 1.0, 1.0, 1.0, 1.0, 1.0, 1.0, 1.0, 1.0, 1.0, 1.0, 1.0, 1.0, 1.0, 1.0, 1.0, 1.0, 1.0, 1.0, 1.0, 1.0, 1.0, 1.0, 1.0, 1.0, 1.0, 1.0, 1.0]
2026-08-08 20:16:15.349 | DEBUG    | eval.evaluation.evaluation:evaluate_single_query:321 - wide2deep_ws_en_073, col memorycapacity, metric_func_name llm_judge, score [1, 1, 0, 1, 1, 0, 1, 1, 1, 1, 1, 1, 1, 1, 1, 1, 1, 1, 1, 1, 1, 1, 1, 0, 1, 1, 0, 1, 0, 1, 1, 1, 1, 1, 1, 1, 1, 1, 1, 1, 1, 1, 1, 1, 1, 1, 1, 1, 1, 1, 1, 1, 1, 1, 1, 1, 1, 1, 1, 1, 1, 1, 1, 1, 1, 1]
2026-08-08 20:16:15.349 | DEBUG    | eval.evaluation.evaluation:metric_call:77 - metric_func_name exact_match score 0.0 msg exact not match, response: sgram, target: sdr
2026-08-08 20:16:15.349 | DEBUG    | eval.evaluation.evaluation:metric_call:77 - metric_func_name exact_match score 1.0 msg exact match, response: sdr, target: sdr
2026-08-08 20:16:15.349 | DEBUG    | eval.evaluation.evaluation:metric_call:77 - metric_func_name exact_match score 1.0 msg exact match, response: sdr, target: sdr
2026-08-08 20:16:15.349 | DEBUG    | eval.evaluation.evaluation:metric_call:77 - metric_func_name exact_match score 1.0 msg exact match, response: sdr, target: sdr
2026-08-08 20:16:15.349 | DEBUG    | eval.evaluation.evaluation:metric_call:77 - metric_func_name exact_match score 1.0 msg exact match, response: ddr, target: ddr
2026-08-08 20:16:15.349 | DEBUG    | eval.evaluation.evaluation:metric_call:77 - metric_func_name exact_match score 1.0 msg exact match, response: ddr, target: ddr
2026-08-08 20:16:15.349 | DEBUG    | eval.evaluation.evaluation:metric_call:77 - metric_func_name exact_match score 1.0 msg exact match, response: ddr, target: ddr
2026-08-08 20:16:15.349 | DEBUG    | eval.evaluation.evaluation:metric_call:77 - metric_func_name exact_match score 1.0 msg exact match, response: ddr, target: ddr
2026-08-08 20:16:15.349 | DEBUG    | eval.evaluation.evaluation:metric_call:77 - metric_func_name exact_match score 1.0 msg exact match, response: ddr, target: ddr
2026-08-08 20:16:15.349 | DEBUG    | eval.evaluation.evaluation:metric_call:77 - metric_func_name exact_match score 1.0 msg exact match, response: ddr, target: ddr
2026-08-08 20:16:15.349 | DEBUG    | eval.evaluation.evaluation:metric_call:77 - metric_func_name exact_match score 0.0 msg exact not match, response: ddr2, target: gddr2
2026-08-08 20:16:15.349 | DEBUG    | eval.evaluation.evaluation:metric_call:77 - metric_func_name exact_match score 1.0 msg exact match, response: ddr, target: ddr
2026-08-08 20:16:15.349 | DEBUG    | eval.evaluation.evaluation:metric_call:77 - metric_func_name exact_match score 1.0 msg exact match, response: gddr3, target: gddr3
2026-08-08 20:16:15.349 | DEBUG    | eval.evaluation.evaluation:metric_call:77 - metric_func_name exact_match score 1.0 msg exact match, response: gddr3, target: gddr3
2026-08-08 20:16:15.349 | DEBUG    | eval.evaluation.evaluation:metric_call:77 - metric_func_name exact_match score 1.0 msg exact match, response: gddr3, target: gddr3
2026-08-08 20:16:15.349 | DEBUG    | eval.evaluation.evaluation:metric_call:77 - metric_func_name exact_match score 1.0 msg exact match, response: gddr3, target: gddr3
2026-08-08 20:16:15.349 | DEBUG    | eval.evaluation.evaluation:metric_call:77 - metric_func_name exact_match score 1.0 msg exact match, response: gddr3, target: gddr3
2026-08-08 20:16:15.350 | DEBUG    | eval.evaluation.evaluation:metric_call:77 - metric_func_name exact_match score 1.0 msg exact match, response: gddr3, target: gddr3
2026-08-08 20:16:15.350 | DEBUG    | eval.evaluation.evaluation:metric_call:77 - metric_func_name exact_match score 1.0 msg exact match, response: gddr3, target: gddr3
2026-08-08 20:16:15.350 | DEBUG    | eval.evaluation.evaluation:metric_call:77 - metric_func_name exact_match score 1.0 msg exact match, response: gddr3, target: gddr3
2026-08-08 20:16:15.350 | DEBUG    | eval.evaluation.evaluation:metric_call:77 - metric_func_name exact_match score 1.0 msg exact match, response: gddr3, target: gddr3
2026-08-08 20:16:15.350 | DEBUG    | eval.evaluation.evaluation:metric_call:77 - metric_func_name exact_match score 1.0 msg exact match, response: gddr3, target: gddr3
2026-08-08 20:16:15.350 | DEBUG    | eval.evaluation.evaluation:metric_call:77 - metric_func_name exact_match score 1.0 msg exact match, response: gddr3, target: gddr3
2026-08-08 20:16:15.350 | DEBUG    | eval.evaluation.evaluation:metric_call:77 - metric_func_name exact_match score 1.0 msg exact match, response: gddr3, target: gddr3
2026-08-08 20:16:15.350 | DEBUG    | eval.evaluation.evaluation:metric_call:77 - metric_func_name exact_match score 1.0 msg exact match, response: gddr5, target: gddr5
2026-08-08 20:16:15.350 | DEBUG    | eval.evaluation.evaluation:metric_call:77 - metric_func_name exact_match score 1.0 msg exact match, response: gddr5, target: gddr5
2026-08-08 20:16:15.350 | DEBUG    | eval.evaluation.evaluation:metric_call:77 - metric_func_name exact_match score 1.0 msg exact match, response: gddr5, target: gddr5
2026-08-08 20:16:15.350 | DEBUG    | eval.evaluation.evaluation:metric_call:77 - metric_func_name exact_match score 1.0 msg exact match, response: gddr5, target: gddr5
2026-08-08 20:16:15.350 | DEBUG    | eval.evaluation.evaluation:metric_call:77 - metric_func_name exact_match score 1.0 msg exact match, response: gddr5, target: gddr5
2026-08-08 20:16:15.350 | DEBUG    | eval.evaluation.evaluation:metric_call:77 - metric_func_name exact_match score 1.0 msg exact match, response: gddr5, target: gddr5
2026-08-08 20:16:15.350 | DEBUG    | eval.evaluation.evaluation:metric_call:77 - metric_func_name exact_match score 1.0 msg exact match, response: gddr5, target: gddr5
2026-08-08 20:16:15.350 | DEBUG    | eval.evaluation.evaluation:metric_call:77 - metric_func_name exact_match score 1.0 msg exact match, response: gddr5, target: gddr5
2026-08-08 20:16:15.350 | DEBUG    | eval.evaluation.evaluation:metric_call:77 - metric_func_name exact_match score 1.0 msg exact match, response: gddr5, target: gddr5
2026-08-08 20:16:15.350 | DEBUG    | eval.evaluation.evaluation:metric_call:77 - metric_func_name exact_match score 1.0 msg exact match, response: gddr5, target: gddr5
2026-08-08 20:16:15.350 | DEBUG    | eval.evaluation.evaluation:metric_call:77 - metric_func_name exact_match score 1.0 msg exact match, response: gddr5, target: gddr5
2026-08-08 20:16:15.350 | DEBUG    | eval.evaluation.evaluation:metric_call:77 - metric_func_name exact_match score 1.0 msg exact match, response: gddr5, target: gddr5
2026-08-08 20:16:15.350 | DEBUG    | eval.evaluation.evaluation:metric_call:77 - metric_func_name exact_match score 1.0 msg exact match, response: gddr5, target: gddr5
2026-08-08 20:16:15.350 | DEBUG    | eval.evaluation.evaluation:metric_call:77 - metric_func_name exact_match score 1.0 msg exact match, response: gddr5, target: gddr5
2026-08-08 20:16:15.350 | DEBUG    | eval.evaluation.evaluation:metric_call:77 - metric_func_name exact_match score 1.0 msg exact match, response: gddr5x, target: gddr5x
2026-08-08 20:16:15.350 | DEBUG    | eval.evaluation.evaluation:metric_call:77 - metric_func_name exact_match score 1.0 msg exact match, response: gddr5x, target: gddr5x
2026-08-08 20:16:15.350 | DEBUG    | eval.evaluation.evaluation:metric_call:77 - metric_func_name exact_match score 1.0 msg exact match, response: gddr5x, target: gddr5x
2026-08-08 20:16:15.350 | DEBUG    | eval.evaluation.evaluation:metric_call:77 - metric_func_name exact_match score 1.0 msg exact match, response: hbm2, target: hbm2
2026-08-08 20:16:15.350 | DEBUG    | eval.evaluation.evaluation:metric_call:77 - metric_func_name exact_match score 1.0 msg exact match, response: gddr6, target: gddr6
2026-08-08 20:16:15.350 | DEBUG    | eval.evaluation.evaluation:metric_call:77 - metric_func_name exact_match score 1.0 msg exact match, response: gddr6, target: gddr6
2026-08-08 20:16:15.350 | DEBUG    | eval.evaluation.evaluation:metric_call:77 - metric_func_name exact_match score 1.0 msg exact match, response: gddr6, target: gddr6
2026-08-08 20:16:15.350 | DEBUG    | eval.evaluation.evaluation:metric_call:77 - metric_func_name exact_match score 1.0 msg exact match, response: gddr6, target: gddr6
2026-08-08 20:16:15.350 | DEBUG    | eval.evaluation.evaluation:metric_call:77 - metric_func_name exact_match score 1.0 msg exact match, response: gddr6, target: gddr6
2026-08-08 20:16:15.350 | DEBUG    | eval.evaluation.evaluation:metric_call:77 - metric_func_name exact_match score 1.0 msg exact match, response: gddr6, target: gddr6
2026-08-08 20:16:15.351 | DEBUG    | eval.evaluation.evaluation:metric_call:77 - metric_func_name exact_match score 1.0 msg exact match, response: gddr6, target: gddr6
2026-08-08 20:16:15.351 | DEBUG    | eval.evaluation.evaluation:metric_call:77 - metric_func_name exact_match score 1.0 msg exact match, response: gddr6, target: gddr6
2026-08-08 20:16:15.351 | DEBUG    | eval.evaluation.evaluation:metric_call:77 - metric_func_name exact_match score 1.0 msg exact match, response: gddr6, target: gddr6
2026-08-08 20:16:15.351 | DEBUG    | eval.evaluation.evaluation:metric_call:77 - metric_func_name exact_match score 1.0 msg exact match, response: gddr6, target: gddr6
2026-08-08 20:16:15.351 | DEBUG    | eval.evaluation.evaluation:metric_call:77 - metric_func_name exact_match score 1.0 msg exact match, response: gddr6x, target: gddr6x
2026-08-08 20:16:15.351 | DEBUG    | eval.evaluation.evaluation:metric_call:77 - metric_func_name exact_match score 1.0 msg exact match, response: gddr6x, target: gddr6x
2026-08-08 20:16:15.351 | DEBUG    | eval.evaluation.evaluation:metric_call:77 - metric_func_name exact_match score 1.0 msg exact match, response: gddr6x, target: gddr6x
2026-08-08 20:16:15.351 | DEBUG    | eval.evaluation.evaluation:metric_call:77 - metric_func_name exact_match score 1.0 msg exact match, response: gddr6x, target: gddr6x
2026-08-08 20:16:15.351 | DEBUG    | eval.evaluation.evaluation:metric_call:77 - metric_func_name exact_match score 1.0 msg exact match, response: gddr6, target: gddr6
2026-08-08 20:16:15.351 | DEBUG    | eval.evaluation.evaluation:metric_call:77 - metric_func_name exact_match score 1.0 msg exact match, response: gddr6, target: gddr6
2026-08-08 20:16:15.351 | DEBUG    | eval.evaluation.evaluation:metric_call:77 - metric_func_name exact_match score 1.0 msg exact match, response: gddr6, target: gddr6
2026-08-08 20:16:15.351 | DEBUG    | eval.evaluation.evaluation:metric_call:77 - metric_func_name exact_match score 1.0 msg exact match, response: gddr6x, target: gddr6x
2026-08-08 20:16:15.351 | DEBUG    | eval.evaluation.evaluation:metric_call:77 - metric_func_name exact_match score 1.0 msg exact match, response: gddr6x, target: gddr6x
2026-08-08 20:16:15.351 | DEBUG    | eval.evaluation.evaluation:metric_call:77 - metric_func_name exact_match score 1.0 msg exact match, response: gddr6x, target: gddr6x
2026-08-08 20:16:15.351 | DEBUG    | eval.evaluation.evaluation:metric_call:77 - metric_func_name exact_match score 1.0 msg exact match, response: gddr6x, target: gddr6x
2026-08-08 20:16:15.351 | DEBUG    | eval.evaluation.evaluation:metric_call:77 - metric_func_name exact_match score 1.0 msg exact match, response: gddr6x, target: gddr6x
2026-08-08 20:16:15.351 | DEBUG    | eval.evaluation.evaluation:metric_call:77 - metric_func_name exact_match score 1.0 msg exact match, response: gddr6x, target: gddr6x
2026-08-08 20:16:15.351 | DEBUG    | eval.evaluation.evaluation:metric_call:77 - metric_func_name exact_match score 1.0 msg exact match, response: gddr6x, target: gddr6x
2026-08-08 20:16:15.352 | DEBUG    | eval.evaluation.evaluation:evaluate_single_query:321 - wide2deep_ws_en_073, col memorytype, metric_func_name exact_match, score [0.0, 1.0, 1.0, 1.0, 1.0, 1.0, 1.0, 1.0, 1.0, 1.0, 0.0, 1.0, 1.0, 1.0, 1.0, 1.0, 1.0, 1.0, 1.0, 1.0, 1.0, 1.0, 1.0, 1.0, 1.0, 1.0, 1.0, 1.0, 1.0, 1.0, 1.0, 1.0, 1.0, 1.0, 1.0, 1.0, 1.0, 1.0, 1.0, 1.0, 1.0, 1.0, 1.0, 1.0, 1.0, 1.0, 1.0, 1.0, 1.0, 1.0, 1.0, 1.0, 1.0, 1.0, 1.0, 1.0, 1.0, 1.0, 1.0, 1.0, 1.0, 1.0, 1.0, 1.0, 1.0, 1.0]
2026-08-08 20:16:20.856 | DEBUG    | eval.evaluation.evaluation:evaluate_single_query:321 - wide2deep_ws_en_073, col memorybitwidth, metric_func_name llm_judge, score [1, 1, 1, 0, 1, 1, 1, 1, 1, 1, 1, 1, 1, 1, 1, 1, 1, 1, 1, 1, 1, 1, 1, 1, 1, 1, 1, 1, 1, 1, 1, 1, 1, 1, 1, 1, 1, 1, 1, 1, 1, 1, 1, 1, 1, 1, 1, 1, 1, 1, 1, 1, 1, 1, 1, 1, 1, 1, 1, 1, 1, 1, 1, 1, 1, 1]
2026-08-08 20:16:20.857 | DEBUG    | eval.evaluation.evaluation:metric_call:77 - metric_func_name exact_match score 1.0 msg exact match, response: 100mhz, target: 100mhz
2026-08-08 20:16:20.857 | DEBUG    | eval.evaluation.evaluation:metric_call:77 - metric_func_name exact_match score 1.0 msg exact match, response: 90mhz, target: 90mhz
2026-08-08 20:16:20.857 | DEBUG    | eval.evaluation.evaluation:metric_call:77 - metric_func_name exact_match score 1.0 msg exact match, response: 125mhz, target: 125mhz
2026-08-08 20:16:20.857 | DEBUG    | eval.evaluation.evaluation:metric_call:77 - metric_func_name exact_match score 1.0 msg exact match, response: 120mhz, target: 120mhz
2026-08-08 20:16:20.857 | DEBUG    | eval.evaluation.evaluation:metric_call:77 - metric_func_name exact_match score 1.0 msg exact match, response: 120mhz, target: 120mhz
2026-08-08 20:16:20.857 | DEBUG    | eval.evaluation.evaluation:metric_call:77 - metric_func_name exact_match score 1.0 msg exact match, response: 200mhz, target: 200mhz
2026-08-08 20:16:20.857 | DEBUG    | eval.evaluation.evaluation:metric_call:77 - metric_func_name exact_match score 1.0 msg exact match, response: 250mhz, target: 250mhz
2026-08-08 20:16:20.857 | DEBUG    | eval.evaluation.evaluation:metric_call:77 - metric_func_name exact_match score 1.0 msg exact match, response: 200mhz, target: 200mhz
2026-08-08 20:16:20.857 | DEBUG    | eval.evaluation.evaluation:metric_call:77 - metric_func_name exact_match score 1.0 msg exact match, response: 240mhz, target: 240mhz
2026-08-08 20:16:20.857 | DEBUG    | eval.evaluation.evaluation:metric_call:77 - metric_func_name exact_match score 1.0 msg exact match, response: 300mhz, target: 300mhz
2026-08-08 20:16:20.857 | DEBUG    | eval.evaluation.evaluation:metric_call:77 - metric_func_name exact_match score 1.0 msg exact match, response: 500mhz, target: 500mhz
2026-08-08 20:16:20.857 | DEBUG    | eval.evaluation.evaluation:metric_call:77 - metric_func_name exact_match score 1.0 msg exact match, response: 450mhz, target: 450mhz
2026-08-08 20:16:20.857 | DEBUG    | eval.evaluation.evaluation:metric_call:77 - metric_func_name exact_match score 0.0 msg exact not match, response: 400mhz, target: 425mhz
2026-08-08 20:16:20.857 | DEBUG    | eval.evaluation.evaluation:metric_call:77 - metric_func_name exact_match score 1.0 msg exact match, response: 500mhz, target: 500mhz
2026-08-08 20:16:20.857 | DEBUG    | eval.evaluation.evaluation:metric_call:77 - metric_func_name exact_match score 1.0 msg exact match, response: 430mhz, target: 430mhz
2026-08-08 20:16:20.857 | DEBUG    | eval.evaluation.evaluation:metric_call:77 - metric_func_name exact_match score 1.0 msg exact match, response: 650mhz, target: 650mhz
2026-08-08 20:16:20.857 | DEBUG    | eval.evaluation.evaluation:metric_call:77 - metric_func_name exact_match score 1.0 msg exact match, response: 650mhz, target: 650mhz
2026-08-08 20:16:20.858 | DEBUG    | eval.evaluation.evaluation:metric_call:77 - metric_func_name exact_match score 0.0 msg exact not match, response: 500mhz, target: 513mhz
2026-08-08 20:16:20.858 | DEBUG    | eval.evaluation.evaluation:metric_call:77 - metric_func_name exact_match score 0.0 msg exact not match, response: 575mhz, target: 576mhz
2026-08-08 20:16:20.858 | DEBUG    | eval.evaluation.evaluation:metric_call:77 - metric_func_name exact_match score 1.0 msg exact match, response: 675mhz, target: 675mhz
2026-08-08 20:16:20.858 | DEBUG    | eval.evaluation.evaluation:metric_call:77 - metric_func_name exact_match score 1.0 msg exact match, response: 576mhz, target: 576mhz
2026-08-08 20:16:20.858 | DEBUG    | eval.evaluation.evaluation:metric_call:77 - metric_func_name exact_match score 1.0 msg exact match, response: 576mhz, target: 576mhz
2026-08-08 20:16:20.858 | DEBUG    | eval.evaluation.evaluation:metric_call:77 - metric_func_name exact_match score 1.0 msg exact match, response: 602mhz, target: 602mhz
2026-08-08 20:16:20.858 | DEBUG    | eval.evaluation.evaluation:metric_call:77 - metric_func_name exact_match score 1.0 msg exact match, response: 576mhz, target: 576mhz
2026-08-08 20:16:20.858 | DEBUG    | eval.evaluation.evaluation:metric_call:77 - metric_func_name exact_match score 0.0 msg exact not match, response: 700mhz, target: 701mhz
2026-08-08 20:16:20.858 | DEBUG    | eval.evaluation.evaluation:metric_call:77 - metric_func_name exact_match score 1.0 msg exact match, response: 772mhz, target: 772mhz
2026-08-08 20:16:20.858 | DEBUG    | eval.evaluation.evaluation:metric_call:77 - metric_func_name exact_match score 0.0 msg exact not match, response: 607mhz, target: 608mhz
2026-08-08 20:16:20.858 | DEBUG    | eval.evaluation.evaluation:metric_call:77 - metric_func_name exact_match score 0.0 msg exact not match, response: 1,006mhz, target: 1006mhz
2026-08-08 20:16:20.858 | DEBUG    | eval.evaluation.evaluation:metric_call:77 - metric_func_name exact_match score 1.0 msg exact match, response: 915mhz, target: 915mhz
2026-08-08 20:16:20.858 | DEBUG    | eval.evaluation.evaluation:metric_call:77 - metric_func_name exact_match score 1.0 msg exact match, response: 863mhz, target: 863mhz
2026-08-08 20:16:20.858 | DEBUG    | eval.evaluation.evaluation:metric_call:77 - metric_func_name exact_match score 1.0 msg exact match, response: 875mhz, target: 875mhz
2026-08-08 20:16:20.858 | DEBUG    | eval.evaluation.evaluation:metric_call:77 - metric_func_name exact_match score 0.0 msg exact not match, response: 837mhz, target: 836mhz
2026-08-08 20:16:20.858 | DEBUG    | eval.evaluation.evaluation:metric_call:77 - metric_func_name exact_match score 1.0 msg exact match, response: 889mhz, target: 889mhz
2026-08-08 20:16:20.858 | DEBUG    | eval.evaluation.evaluation:metric_call:77 - metric_func_name exact_match score 0.0 msg exact not match, response: 1,050mhz, target: 1050mhz
2026-08-08 20:16:20.858 | DEBUG    | eval.evaluation.evaluation:metric_call:77 - metric_func_name exact_match score 0.0 msg exact not match, response: 1,126mhz, target: 1127mhz
2026-08-08 20:16:20.858 | DEBUG    | eval.evaluation.evaluation:metric_call:77 - metric_func_name exact_match score 0.0 msg exact not match, response: 1,000mhz, target: 1000mhz
2026-08-08 20:16:20.858 | DEBUG    | eval.evaluation.evaluation:metric_call:77 - metric_func_name exact_match score 0.0 msg exact not match, response: 1,000mhz, target: 1000mhz
2026-08-08 20:16:20.858 | DEBUG    | eval.evaluation.evaluation:metric_call:77 - metric_func_name exact_match score 0.0 msg exact not match, response: 1,506mhz, target: 1506mhz
2026-08-08 20:16:20.858 | DEBUG    | eval.evaluation.evaluation:metric_call:77 - metric_func_name exact_match score 0.0 msg exact not match, response: 1,607mhz, target: 1607mhz
2026-08-08 20:16:20.858 | DEBUG    | eval.evaluation.evaluation:metric_call:77 - metric_func_name exact_match score 0.0 msg exact not match, response: 1,481mhz, target: 1481mhz
2026-08-08 20:16:20.858 | DEBUG    | eval.evaluation.evaluation:metric_call:77 - metric_func_name exact_match score 0.0 msg exact not match, response: 1,417mhz, target: 1417mhz
2026-08-08 20:16:20.858 | DEBUG    | eval.evaluation.evaluation:metric_call:77 - metric_func_name exact_match score 0.0 msg exact not match, response: 1,200mhz, target: 1200mhz
2026-08-08 20:16:20.858 | DEBUG    | eval.evaluation.evaluation:metric_call:77 - metric_func_name exact_match score 0.0 msg exact not match, response: 1,500mhz, target: 1500mhz
2026-08-08 20:16:20.858 | DEBUG    | eval.evaluation.evaluation:metric_call:77 - metric_func_name exact_match score 0.0 msg exact not match, response: 1,410mhz, target: 1410mhz
2026-08-08 20:16:20.858 | DEBUG    | eval.evaluation.evaluation:metric_call:77 - metric_func_name exact_match score 0.0 msg exact not match, response: 1,605mhz, target: 1605mhz
2026-08-08 20:16:20.858 | DEBUG    | eval.evaluation.evaluation:metric_call:77 - metric_func_name exact_match score 0.0 msg exact not match, response: 1,515mhz, target: 1515mhz
2026-08-08 20:16:20.858 | DEBUG    | eval.evaluation.evaluation:metric_call:77 - metric_func_name exact_match score 0.0 msg exact not match, response: 1,650mhz, target: 1650mhz
2026-08-08 20:16:20.859 | DEBUG    | eval.evaluation.evaluation:metric_call:77 - metric_func_name exact_match score 0.0 msg exact not match, response: 1,350mhz, target: 1350mhz
2026-08-08 20:16:20.859 | DEBUG    | eval.evaluation.evaluation:metric_call:77 - metric_func_name exact_match score 0.0 msg exact not match, response: 1,350mhz, target: 1350mhz
2026-08-08 20:16:20.859 | DEBUG    | eval.evaluation.evaluation:metric_call:77 - metric_func_name exact_match score 0.0 msg exact not match, response: 1,320mhz, target: 1320mhz
2026-08-08 20:16:20.859 | DEBUG    | eval.evaluation.evaluation:metric_call:77 - metric_func_name exact_match score 0.0 msg exact not match, response: 1,410mhz, target: 1410mhz
2026-08-08 20:16:20.859 | DEBUG    | eval.evaluation.evaluation:metric_call:77 - metric_func_name exact_match score 0.0 msg exact not match, response: 1,500mhz, target: 1500mhz
2026-08-08 20:16:20.859 | DEBUG    | eval.evaluation.evaluation:metric_call:77 - metric_func_name exact_match score 0.0 msg exact not match, response: 1,440mhz, target: 1440mhz
2026-08-08 20:16:20.859 | DEBUG    | eval.evaluation.evaluation:metric_call:77 - metric_func_name exact_match score 0.0 msg exact not match, response: 1,365mhz, target: 1365mhz
2026-08-08 20:16:20.859 | DEBUG    | eval.evaluation.evaluation:metric_call:77 - metric_func_name exact_match score 0.0 msg exact not match, response: 1,395mhz, target: 1395mhz
2026-08-08 20:16:20.859 | DEBUG    | eval.evaluation.evaluation:metric_call:77 - metric_func_name exact_match score 0.0 msg exact not match, response: 1,560mhz, target: 1560mhz
2026-08-08 20:16:20.859 | DEBUG    | eval.evaluation.evaluation:metric_call:77 - metric_func_name exact_match score 0.0 msg exact not match, response: 1,830mhz, target: 1830mhz
2026-08-08 20:16:20.859 | DEBUG    | eval.evaluation.evaluation:metric_call:77 - metric_func_name exact_match score 0.0 msg exact not match, response: 2,310mhz, target: 2310mhz
2026-08-08 20:16:20.859 | DEBUG    | eval.evaluation.evaluation:metric_call:77 - metric_func_name exact_match score 0.0 msg exact not match, response: 2,310mhz, target: 2310mhz
2026-08-08 20:16:20.859 | DEBUG    | eval.evaluation.evaluation:metric_call:77 - metric_func_name exact_match score 0.0 msg exact not match, response: 1,920mhz, target: 1920mhz
2026-08-08 20:16:20.859 | DEBUG    | eval.evaluation.evaluation:metric_call:77 - metric_func_name exact_match score 0.0 msg exact not match, response: 1,980mhz, target: 1980mhz
2026-08-08 20:16:20.859 | DEBUG    | eval.evaluation.evaluation:metric_call:77 - metric_func_name exact_match score 0.0 msg exact not match, response: 2,310mhz, target: 2310mhz
2026-08-08 20:16:20.859 | DEBUG    | eval.evaluation.evaluation:metric_call:77 - metric_func_name exact_match score 0.0 msg exact not match, response: 2,340mhz, target: 2340mhz
2026-08-08 20:16:20.859 | DEBUG    | eval.evaluation.evaluation:metric_call:77 - metric_func_name exact_match score 0.0 msg exact not match, response: 2,295mhz, target: 2295mhz
2026-08-08 20:16:20.859 | DEBUG    | eval.evaluation.evaluation:metric_call:77 - metric_func_name exact_match score 0.0 msg exact not match, response: 2,205mhz, target: 2205mhz
2026-08-08 20:16:20.859 | DEBUG    | eval.evaluation.evaluation:metric_call:77 - metric_func_name exact_match score 0.0 msg exact not match, response: 2,235mhz, target: 2235mhz
2026-08-08 20:16:20.860 | DEBUG    | eval.evaluation.evaluation:evaluate_single_query:321 - wide2deep_ws_en_073, col corefrequency, metric_func_name exact_match, score [1.0, 1.0, 1.0, 1.0, 1.0, 1.0, 1.0, 1.0, 1.0, 1.0, 1.0, 1.0, 0.0, 1.0, 1.0, 1.0, 1.0, 0.0, 0.0, 1.0, 1.0, 1.0, 1.0, 1.0, 0.0, 1.0, 0.0, 0.0, 1.0, 1.0, 1.0, 0.0, 1.0, 0.0, 0.0, 0.0, 0.0, 0.0, 0.0, 0.0, 0.0, 0.0, 0.0, 0.0, 0.0, 0.0, 0.0, 0.0, 0.0, 0.0, 0.0, 0.0, 0.0, 0.0, 0.0, 0.0, 0.0, 0.0, 0.0, 0.0, 0.0, 0.0, 0.0, 0.0, 0.0, 0.0]
2026-08-08 20:16:20.860 | DEBUG    | eval.evaluation.evaluation:metric_call:77 - metric_func_name exact_match score 1.0 msg exact match, response: 100mhz, target: 100mhz
2026-08-08 20:16:20.860 | DEBUG    | eval.evaluation.evaluation:metric_call:77 - metric_func_name exact_match score 1.0 msg exact match, response: 110mhz, target: 110mhz
2026-08-08 20:16:20.860 | DEBUG    | eval.evaluation.evaluation:metric_call:77 - metric_func_name exact_match score 1.0 msg exact match, response: 150mhz, target: 150mhz
2026-08-08 20:16:20.860 | DEBUG    | eval.evaluation.evaluation:metric_call:77 - metric_func_name exact_match score 0.0 msg exact not match, response: 166mhz, target: 143mhz
2026-08-08 20:16:20.860 | DEBUG    | eval.evaluation.evaluation:metric_call:77 - metric_func_name exact_match score 0.0 msg exact not match, response: 300mhzeffective, target: 150mhz
2026-08-08 20:16:20.860 | DEBUG    | eval.evaluation.evaluation:metric_call:77 - metric_func_name exact_match score 0.0 msg exact not match, response: 333mhzeffective, target: 166mhz
2026-08-08 20:16:20.860 | DEBUG    | eval.evaluation.evaluation:metric_call:77 - metric_func_name exact_match score 0.0 msg exact not match, response: 460mhzeffective, target: 230mhz
2026-08-08 20:16:20.860 | DEBUG    | eval.evaluation.evaluation:metric_call:77 - metric_func_name exact_match score 0.0 msg exact not match, response: 460mhzeffective, target: 230mhz
2026-08-08 20:16:20.860 | DEBUG    | eval.evaluation.evaluation:metric_call:77 - metric_func_name exact_match score 0.0 msg exact not match, response: 500mhzeffective, target: 250mhz
2026-08-08 20:16:20.860 | DEBUG    | eval.evaluation.evaluation:metric_call:77 - metric_func_name exact_match score 0.0 msg exact not match, response: 650mhzeffective, target: 324mhz
2026-08-08 20:16:20.860 | DEBUG    | eval.evaluation.evaluation:metric_call:77 - metric_func_name exact_match score 0.0 msg exact not match, response: 1,000mhzeffective, target: 500mhz
2026-08-08 20:16:20.860 | DEBUG    | eval.evaluation.evaluation:metric_call:77 - metric_func_name exact_match score 0.0 msg exact not match, response: 850mhzeffective, target: 425mhz
2026-08-08 20:16:20.860 | DEBUG    | eval.evaluation.evaluation:metric_call:77 - metric_func_name exact_match score 0.0 msg exact not match, response: 1,100mhzeffective, target: 550mhz
2026-08-08 20:16:20.860 | DEBUG    | eval.evaluation.evaluation:metric_call:77 - metric_func_name exact_match score 0.0 msg exact not match, response: 1,000mhzeffective, target: 500mhz
2026-08-08 20:16:20.860 | DEBUG    | eval.evaluation.evaluation:metric_call:77 - metric_func_name exact_match score 0.0 msg exact not match, response: 1,200mhzeffective, target: 600mhz
2026-08-08 20:16:20.860 | DEBUG    | eval.evaluation.evaluation:metric_call:77 - metric_func_name exact_match score 0.0 msg exact not match, response: 1,600mhzeffective, target: 800mhz
2026-08-08 20:16:20.860 | DEBUG    | eval.evaluation.evaluation:metric_call:77 - metric_func_name exact_match score 0.0 msg exact not match, response: 1,940mhzeffective, target: 820mhz
2026-08-08 20:16:20.860 | DEBUG    | eval.evaluation.evaluation:metric_call:77 - metric_func_name exact_match score 0.0 msg exact not match, response: 1,600mhzeffective, target: 792mhz
2026-08-08 20:16:20.860 | DEBUG    | eval.evaluation.evaluation:metric_call:77 - metric_func_name exact_match score 0.0 msg exact not match, response: 1,800mhzeffective, target: 900mhz
2026-08-08 20:16:20.860 | DEBUG    | eval.evaluation.evaluation:metric_call:77 - metric_func_name exact_match score 0.0 msg exact not match, response: 2,200mhzeffective, target: 1100mhz
2026-08-08 20:16:20.861 | DEBUG    | eval.evaluation.evaluation:metric_call:77 - metric_func_name exact_match score 0.0 msg exact not match, response: 1,998mhzeffective, target: 999mhz
2026-08-08 20:16:20.861 | DEBUG    | eval.evaluation.evaluation:metric_call:77 - metric_func_name exact_match score 0.0 msg exact not match, response: 1,998mhzeffective, target: 999mhz
2026-08-08 20:16:20.861 | DEBUG    | eval.evaluation.evaluation:metric_call:77 - metric_func_name exact_match score 0.0 msg exact not match, response: 2,214mhzeffective, target: 1107mhz
2026-08-08 20:16:20.861 | DEBUG    | eval.evaluation.evaluation:metric_call:77 - metric_func_name exact_match score 0.0 msg exact not match, response: 1,998mhzeffective, target: 999mhz
2026-08-08 20:16:20.861 | DEBUG    | eval.evaluation.evaluation:metric_call:77 - metric_func_name exact_match score 0.0 msg exact not match, response: 3,696mhzeffective, target: 924mhz
2026-08-08 20:16:20.861 | DEBUG    | eval.evaluation.evaluation:metric_call:77 - metric_func_name exact_match score 0.0 msg exact not match, response: 4,008mhzeffective, target: 1002mhz
2026-08-08 20:16:20.861 | DEBUG    | eval.evaluation.evaluation:metric_call:77 - metric_func_name exact_match score 0.0 msg exact not match, response: 3,414mhzeffective, target: 854mhz
2026-08-08 20:16:20.861 | DEBUG    | eval.evaluation.evaluation:metric_call:77 - metric_func_name exact_match score 0.0 msg exact not match, response: 6,008mhzeffective, target: 1502mhz
2026-08-08 20:16:20.861 | DEBUG    | eval.evaluation.evaluation:metric_call:77 - metric_func_name exact_match score 0.0 msg exact not match, response: 6,008mhzeffective, target: 1502mhz
2026-08-08 20:16:20.861 | DEBUG    | eval.evaluation.evaluation:metric_call:77 - metric_func_name exact_match score 0.0 msg exact not match, response: 6,008mhzeffective, target: 1502mhz
2026-08-08 20:16:20.861 | DEBUG    | eval.evaluation.evaluation:metric_call:77 - metric_func_name exact_match score 0.0 msg exact not match, response: 7,000mhzeffective, target: 1753mhz
2026-08-08 20:16:20.861 | DEBUG    | eval.evaluation.evaluation:metric_call:77 - metric_func_name exact_match score 0.0 msg exact not match, response: 6,008mhzeffective, target: 1502mhz
2026-08-08 20:16:20.861 | DEBUG    | eval.evaluation.evaluation:metric_call:77 - metric_func_name exact_match score 0.0 msg exact not match, response: 7,000mhzeffective, target: 1750mhz
2026-08-08 20:16:20.861 | DEBUG    | eval.evaluation.evaluation:metric_call:77 - metric_func_name exact_match score 0.0 msg exact not match, response: 7,010mhzeffective, target: 1753mhz
2026-08-08 20:16:20.861 | DEBUG    | eval.evaluation.evaluation:metric_call:77 - metric_func_name exact_match score 0.0 msg exact not match, response: 7,010mhzeffective, target: 1753mhz
2026-08-08 20:16:20.861 | DEBUG    | eval.evaluation.evaluation:metric_call:77 - metric_func_name exact_match score 0.0 msg exact not match, response: 7,010mhzeffective, target: 1753mhz
2026-08-08 20:16:20.861 | DEBUG    | eval.evaluation.evaluation:metric_call:77 - metric_func_name exact_match score 0.0 msg exact not match, response: 7,010mhzeffective, target: 1753mhz
2026-08-08 20:16:20.861 | DEBUG    | eval.evaluation.evaluation:metric_call:77 - metric_func_name exact_match score 0.0 msg exact not match, response: 8,008mhzeffective, target: 2002mhz
2026-08-08 20:16:20.861 | DEBUG    | eval.evaluation.evaluation:metric_call:77 - metric_func_name exact_match score 0.0 msg exact not match, response: 10,000mhzeffective, target: 1251mhz
2026-08-08 20:16:20.861 | DEBUG    | eval.evaluation.evaluation:metric_call:77 - metric_func_name exact_match score 0.0 msg exact not match, response: 11,000mhzeffective, target: 1376mhz
2026-08-08 20:16:20.861 | DEBUG    | eval.evaluation.evaluation:metric_call:77 - metric_func_name exact_match score 0.0 msg exact not match, response: 10,000mhzeffective, target: 1251mhz
2026-08-08 20:16:20.861 | DEBUG    | eval.evaluation.evaluation:metric_call:77 - metric_func_name exact_match score 0.0 msg exact not match, response: 1,700mhzeffective, target: 848mhz
2026-08-08 20:16:20.861 | DEBUG    | eval.evaluation.evaluation:metric_call:77 - metric_func_name exact_match score 0.0 msg exact not match, response: 12,000mhzeffective, target: 1500mhz
2026-08-08 20:16:20.861 | DEBUG    | eval.evaluation.evaluation:metric_call:77 - metric_func_name exact_match score 0.0 msg exact not match, response: 14,000mhzeffective, target: 1750mhz
2026-08-08 20:16:20.861 | DEBUG    | eval.evaluation.evaluation:metric_call:77 - metric_func_name exact_match score 0.0 msg exact not match, response: 14,000mhzeffective, target: 1750mhz
2026-08-08 20:16:20.861 | DEBUG    | eval.evaluation.evaluation:metric_call:77 - metric_func_name exact_match score 0.0 msg exact not match, response: 14,000mhzeffective, target: 1750mhz
2026-08-08 20:16:20.861 | DEBUG    | eval.evaluation.evaluation:metric_call:77 - metric_func_name exact_match score 0.0 msg exact not match, response: 15,500mhzeffective, target: 1937mhz
2026-08-08 20:16:20.861 | DEBUG    | eval.evaluation.evaluation:metric_call:77 - metric_func_name exact_match score 0.0 msg exact not match, response: 14,000mhzeffective, target: 1750mhz
2026-08-08 20:16:20.861 | DEBUG    | eval.evaluation.evaluation:metric_call:77 - metric_func_name exact_match score 0.0 msg exact not match, response: 14,000mhzeffective, target: 1750mhz
2026-08-08 20:16:20.861 | DEBUG    | eval.evaluation.evaluation:metric_call:77 - metric_func_name exact_match score 0.0 msg exact not match, response: 15,000mhzeffective, target: 1875mhz
2026-08-08 20:16:20.861 | DEBUG    | eval.evaluation.evaluation:metric_call:77 - metric_func_name exact_match score 0.0 msg exact not match, response: 14,000mhzeffective, target: 1750mhz
2026-08-08 20:16:20.862 | DEBUG    | eval.evaluation.evaluation:metric_call:77 - metric_func_name exact_match score 0.0 msg exact not match, response: 14,000mhzeffective, target: 1750mhz
2026-08-08 20:16:20.862 | DEBUG    | eval.evaluation.evaluation:metric_call:77 - metric_func_name exact_match score 0.0 msg exact not match, response: 19,000mhzeffective, target: 1188mhz
2026-08-08 20:16:20.862 | DEBUG    | eval.evaluation.evaluation:metric_call:77 - metric_func_name exact_match score 0.0 msg exact not match, response: 19,000mhzeffective, target: 1188mhz
2026-08-08 20:16:20.862 | DEBUG    | eval.evaluation.evaluation:metric_call:77 - metric_func_name exact_match score 0.0 msg exact not match, response: 19,500mhzeffective, target: 1219mhz
2026-08-08 20:16:20.862 | DEBUG    | eval.evaluation.evaluation:metric_call:77 - metric_func_name exact_match score 0.0 msg exact not match, response: 21,000mhzeffective, target: 1313mhz
2026-08-08 20:16:20.862 | DEBUG    | eval.evaluation.evaluation:metric_call:77 - metric_func_name exact_match score 0.0 msg exact not match, response: 17,000mhzeffective, target: 2125mhz
2026-08-08 20:16:20.862 | DEBUG    | eval.evaluation.evaluation:metric_call:77 - metric_func_name exact_match score 0.0 msg exact not match, response: 18,000mhzeffective, target: 2250mhz
2026-08-08 20:16:20.862 | DEBUG    | eval.evaluation.evaluation:metric_call:77 - metric_func_name exact_match score 0.0 msg exact not match, response: 18,000mhzeffective, target: 2250mhz
2026-08-08 20:16:20.862 | DEBUG    | eval.evaluation.evaluation:metric_call:77 - metric_func_name exact_match score 0.0 msg exact not match, response: 21,000mhzeffective, target: 1313mhz
2026-08-08 20:16:20.862 | DEBUG    | eval.evaluation.evaluation:metric_call:77 - metric_func_name exact_match score 0.0 msg exact not match, response: 21,000mhzeffective, target: 1313mhz
2026-08-08 20:16:20.862 | DEBUG    | eval.evaluation.evaluation:metric_call:77 - metric_func_name exact_match score 0.0 msg exact not match, response: 21,000mhzeffective, target: 1313mhz
2026-08-08 20:16:20.862 | DEBUG    | eval.evaluation.evaluation:metric_call:77 - metric_func_name exact_match score 0.0 msg exact not match, response: 21,000mhzeffective, target: 1313mhz
2026-08-08 20:16:20.862 | DEBUG    | eval.evaluation.evaluation:metric_call:77 - metric_func_name exact_match score 0.0 msg exact not match, response: 23,000mhzeffective, target: 1438mhz
2026-08-08 20:16:20.862 | DEBUG    | eval.evaluation.evaluation:metric_call:77 - metric_func_name exact_match score 0.0 msg exact not match, response: 22,400mhzeffective, target: 1400mhz
2026-08-08 20:16:20.862 | DEBUG    | eval.evaluation.evaluation:metric_call:77 - metric_func_name exact_match score 0.0 msg exact not match, response: 21,000mhzeffective, target: 1313mhz
2026-08-08 20:16:20.863 | DEBUG    | eval.evaluation.evaluation:evaluate_single_query:321 - wide2deep_ws_en_073, col memoryfrequency, metric_func_name exact_match, score [1.0, 1.0, 1.0, 0.0, 0.0, 0.0, 0.0, 0.0, 0.0, 0.0, 0.0, 0.0, 0.0, 0.0, 0.0, 0.0, 0.0, 0.0, 0.0, 0.0, 0.0, 0.0, 0.0, 0.0, 0.0, 0.0, 0.0, 0.0, 0.0, 0.0, 0.0, 0.0, 0.0, 0.0, 0.0, 0.0, 0.0, 0.0, 0.0, 0.0, 0.0, 0.0, 0.0, 0.0, 0.0, 0.0, 0.0, 0.0, 0.0, 0.0, 0.0, 0.0, 0.0, 0.0, 0.0, 0.0, 0.0, 0.0, 0.0, 0.0, 0.0, 0.0, 0.0, 0.0, 0.0, 0.0]
2026-08-08 20:16:20.878 | INFO     | eval.evaluation.evaluation:evaluate_single_query:380 - wide2deep_ws_en_073, P/R/F1 by unique_columns: 0.9851/0.1315/0.2320
2026-08-08 20:16:20.879 | INFO     | eval.evaluation.evaluation:evaluate_single_query:383 - wide2deep_ws_en_073, P/R/F1 by row: 0.0000/0.0000/0.0000
2026-08-08 20:16:20.879 | INFO     | eval.evaluation.evaluation:evaluate_single_query:386 - wide2deep_ws_en_073, P/R/F1 by item: 0.7134/0.0952/0.1680
2026-08-08 20:16:20.888 | INFO     | eval.evaluation.evaluation:evaluate_single_query:398 - wide2deep_ws_en_073, final table score: 0.0
{"event": "eval_done", "idx": 3, "instance_id": "wide2deep_ws_en_073", "score": 0.0, "entity_acc": 1.0, "f1_by_row": 0.0, "f1_by_item": 0.1680140597539543, "column_f1": 0.23198594024604566, "error": null, "elapsed_seconds": 44.915, "running_n": 3}
{"event": "eval_done", "idx": 4, "instance_id": "wide2deep_ws_en_077", "score": 0.0, "entity_acc": 0.0, "f1_by_row": 0.0, "f1_by_item": 0.0, "column_f1": 0.0, "error": null, "elapsed_seconds": 1.536, "running_n": 4}
{"event": "eval_done", "idx": 5, "instance_id": "wide2deep_ws_zh_035", "score": 0.0, "entity_acc": 0.0, "f1_by_row": 0.0, "f1_by_item": 0.0, "column_f1": 0.0, "error": null, "elapsed_seconds": 1.826, "running_n": 5}
{"event": "eval_done", "idx": 6, "instance_id": "wide2deep_ws_zh_067", "score": 0.0, "entity_acc": 0.0, "f1_by_row": 0.0, "f1_by_item": 0.0, "column_f1": 0.0, "error": null, "elapsed_seconds": 1.558, "running_n": 6}
2026-08-08 20:16:28.671 | DEBUG    | eval.evaluation.data_loader:extract_dataframe:167 - find markdown_str 
| 年份 | 赛事名称 | 上场中国女排队员 | 赛事最终结果/名次 |
| --- | --- | --- | --- |
 ...
2026-08-08 20:16:31.786 | INFO     | eval.evaluation.metric_utils:primary_key_preprocess:246 - primary_key_preprocess result: ```json
{
  "2013": "2013年",
  "2014": "2014年",
  "2015": "2015年",
  "2016": "2016年",
  "2017": "2017年",
  "2018": "2018年",
  "2019": "2019年",
  "2021": "2021年"
}
```
2026-08-08 20:16:31.786 | INFO     | eval.evaluation.evaluation:evaluate_single_query:223 - col: 年份, primary_key_map {'2013': '2013年', '2014': '2014年', '2015': '2015年', '2016': '2016年', '2017': '2017年', '2018': '2018年', '2019': '2019年', '2021': '2021年'}
2026-08-08 20:16:37.622 | INFO     | eval.evaluation.metric_utils:primary_key_preprocess:246 - primary_key_preprocess result: ```json
{
  "2013年世界女排大奖赛": "2013年世界女排大奖赛",
  "2013年亚洲女子排球锦标赛": "2013年亚洲女排锦标赛",
  "2014年瑞士女排精英赛": "2014年瑞士女排精英赛",
  "2014年世界女排大奖赛": "2014年世界女排大奖赛",
  "2014年世界女子排球锦标赛": "2014年意大利世界女子排球锦标赛",
  "2015年亚洲女子排球锦标赛": "2015年亚洲女排锦标赛",
  "2015年世界女排大奖赛": "2015年世界女排大奖赛",
  "2015年女排世界杯赛": "2015年女排世界杯",
  "2016年世界女排大奖赛": "2016年世界女排大奖赛",
  "2016年里约热内卢奥运会女子排球赛": "里约热内卢奥运会",
  "2017年世界女排大冠军杯赛": "2017年女排大冠军杯赛",
  "2018年世界女排联赛": "2018年世界女子排球联赛",
  "2018年雅加达亚运会女子排球赛": "2018年雅加达亚运会",
  "2018年世界女子排球锦标赛": "2018年日本世界女子排球锦标赛",
  "2019年世界女排联赛": "2019年世界女子排球联赛",
  "2019年女排世界杯赛": "2019年国际排联女排世界杯",
  "2021年世界女排联赛": "2021年世界女子排球联赛",
  "2020年东京奥运会女子排球赛（2021年举行）": "东京奥运会"
}
```
2026-08-08 20:16:37.622 | INFO     | eval.evaluation.evaluation:evaluate_single_query:223 - col: 赛事名称, primary_key_map {'2013年世界女排大奖赛': '2013年世界女排大奖赛', '2013年亚洲女子排球锦标赛': '2013年亚洲女排锦标赛', '2014年瑞士女排精英赛': '2014年瑞士女排精英赛', '2014年世界女排大奖赛': '2014年世界女排大奖赛', '2014年世界女子排球锦标赛': '2014年意大利世界女子排球锦标赛', '2015年亚洲女子排球锦标赛': '2015年亚洲女排锦标赛', '2015年世界女排大奖赛': '2015年世界女排大奖赛', '2015年女排世界杯赛': '2015年女排世界杯', '2016年世界女排大奖赛': '2016年世界女排大奖赛', '2016年里约热内卢奥运会女子排球赛': '里约热内卢奥运会', '2017年世界女排大冠军杯赛': '2017年女排大冠军杯赛', '2018年世界女排联赛': '2018年世界女子排球联赛', '2018年雅加达亚运会女子排球赛': '2018年雅加达亚运会', '2018年世界女子排球锦标赛': '2018年日本世界女子排球锦标赛', '2019年世界女排联赛': '2019年世界女子排球联赛', '2019年女排世界杯赛': '2019年国际排联女排世界杯', '2021年世界女排联赛': '2021年世界女子排球联赛', '2020年东京奥运会女子排球赛（2021年举行）': '东京奥运会'}
2026-08-08 20:16:37.629 | INFO     | eval.evaluation.evaluation:evaluate_single_query:275 - wide2deep_ws_zh_095, df_inner shape: (18, 8), answer_df shape: (18, 4), response_df shape: (21, 6)
2026-08-08 20:16:45.264 | DEBUG    | eval.evaluation.evaluation:evaluate_single_query:321 - wide2deep_ws_zh_095, col 上场中国女排队员, metric_func_name llm_judge, score [0, 0, 0, 0, 0, 0, 0, 1, 1, 0, 0, 0, 0, 0, 0, 0, 0, 0]
2026-08-08 20:16:47.638 | DEBUG    | eval.evaluation.evaluation:evaluate_single_query:321 - wide2deep_ws_zh_095, col 赛事最终结果/名次, metric_func_name llm_judge, score [1, 1, 1, 1, 1, 1, 1, 1, 1, 1, 1, 1, 1, 1, 1, 1, 1, 1]
2026-08-08 20:16:47.642 | INFO     | eval.evaluation.evaluation:evaluate_single_query:380 - wide2deep_ws_zh_095, P/R/F1 by unique_columns: 0.8571/1.0000/0.9231
2026-08-08 20:16:47.642 | INFO     | eval.evaluation.evaluation:evaluate_single_query:383 - wide2deep_ws_zh_095, P/R/F1 by row: 0.0952/0.1111/0.1026
2026-08-08 20:16:47.642 | INFO     | eval.evaluation.evaluation:evaluate_single_query:386 - wide2deep_ws_zh_095, P/R/F1 by item: 0.6667/0.7778/0.7179
2026-08-08 20:16:47.644 | INFO     | eval.evaluation.evaluation:evaluate_single_query:398 - wide2deep_ws_zh_095, final table score: 0.0
{"event": "eval_done", "idx": 7, "instance_id": "wide2deep_ws_zh_095", "score": 0.0, "entity_acc": 1.0, "f1_by_row": 0.10256410256410256, "f1_by_item": 0.717948717948718, "column_f1": 0.923076923076923, "error": null, "elapsed_seconds": 21.683, "running_n": 7}
SUMMARY {"n": 7, "valid_n": 7, "errors": 0, "complete": true, "judge_calls_current_process": 19, "score": 0.0, "entity_acc": 0.42857142857142855, "precision_by_row": 0.11074829931972789, "recall_by_row": 0.11301587301587301, "f1_by_row": 0.1117948717948718, "precision_by_item": 0.3342999289267946, "recall_by_item": 0.2618567001833934, "f1_by_item": 0.26370896824323886, "column_precision": 0.4060310691440755, "column_recall": 0.30449630051223675, "column_f1": 0.30786612333185265}
