INFO: Pandarallel will run on 8 workers.
INFO: Pandarallel will use Memory file system to transfer data between the main process and workers.
{"event": "eval_start", "selected": 7, "resume_committed": 0, "committed_errors": 0, "crash_only_resume": false}
2026-08-07 12:43:45.870 | DEBUG    | eval.evaluation.data_loader:extract_dataframe:167 - find markdown_str 
| Time | Product Series | Processor Model | Core Architecture | ...
2026-08-07 12:43:58.013 | INFO     | eval.evaluation.metric_utils:primary_key_preprocess:246 - primary_key_preprocess result: ```json
{
  "Ryzen 7 1800X": "AMD Ryzen 7 1800X",
  "Ryzen 7 1700X": "AMD Ryzen 7 1700X",
  "Ryzen 7 1700": "AMD Ryzen 7 1700",
  "Ryzen 5 1600X": "AMD Ryzen 5 1600X",
  "Ryzen 5 1600": "AMD Ryzen 5 1600",
  "Ryzen 5 1500X": "AMD Ryzen 5 1500X",
  "Ryzen 5 1400": "AMD Ryzen 5 1400",
  "Ryzen 3 1300X": "AMD Ryzen 3 1300X",
  "Ryzen 3 1200": "AMD Ryzen 3 1200",
  "Ryzen Threadripper 1950X": "AMD Ryzen Threadripper 1950X",
  "Ryzen Threadripper 1920X": "AMD Ryzen Threadripper 1920X",
  "Ryzen Threadripper 1900X": "AMD Ryzen Threadripper 1900X",
  "Ryzen 7 2700X": "AMD Ryzen 7 2700X",
  "Ryzen 7 2700": "AMD Ryzen 7 2700",
  "Ryzen 5 2600X": "AMD Ryzen 5 2600X",
  "Ryzen 5 2600": "AMD Ryzen 5 2600",
  "Ryzen 5 2400G": "AMD Ryzen 5 2400G with Radeon RX Vega 11 graphics card",
  "Ryzen 3 2200G": "AMD Ryzen 3 2200G with Radeon Vega 8 graphics card",
  "Ryzen Threadripper 2990WX": "AMD Ryzen Threadripper 2990WX",
  "Ryzen Threadripper 2970WX": "AMD Ryzen Threadripper 2970WX",
  "Ryzen Threadripper 2950X": "AMD Ryzen Threadripper 2950X",
  "Ryzen Threadripper 2920X": "AMD Ryzen Threadripper 2920X",
  "Ryzen 9 3950X": "AMD Ryzen 9 3950X",
  "Ryzen 9 3900X": "AMD Ryzen 9 3900X",
  "Ryzen 7 3800X": "AMD Ryzen 7 3800X",
  "Ryzen 7 3700X": "AMD Ryzen 7 3700X",
  "Ryzen 5 3600X": "AMD Ryzen 5 3600X",
  "Ryzen 5 3600": "AMD Ryzen 5 3600",
  "Ryzen 5 3400G": "AMD Ryzen 5 3400G with Radeon RX Vega 11 graphics card",
  "Ryzen 3 3200G": "AMD Ryzen 3 3200G with Radeon Vega 8 graphics card",
  "Ryzen Threadripper 3970X": "AMD Ryzen Threadripper 3970X",
  "Ryzen Threadripper 3960X": "AMD Ryzen Threadripper 3960X",
  "Ryzen 9 3900XT": "AMD Ryzen 9 3900XT",
  "Ryzen 7 3800XT": "AMD Ryzen 7 3800XT",
  "Ryzen 5 3600XT": "AMD Ryzen 5 3600XT",
  "Ryzen 3 3300X": "AMD Ryzen 3 3300X",
  "Ryzen 3 3100": "AMD Ryzen 3 3100",
  "Ryzen 7 4700G": "AMD Ryzen 7 4700G（only OEM）",
  "Ryzen 5 4600G": "AMD Ryzen 5 4600G",
  "Ryzen 3 4300G": "AMD Ryzen 3 4300G（only OEM）",
  "Ryzen 9 5950X": "AMD Ryzen 9 5950X",
  "Ryzen 9 5900X": "AMD Ryzen 9 5900X",
  "Ryzen 7 5800X": "AMD Ryzen 7 5800X",
  "Ryzen 5 5600X": "AMD Ryzen 5 5600X",
  "Ryzen Threadripper PRO 3995WX": "AMD Ryzen Threadripper PRO 3995WX",
  "Ryzen Threadripper PRO 3975WX": "AMD Ryzen Threadripper PRO 3975WX",
  "Ryzen Threadripper PRO 3955WX": "AMD Ryzen Threadripper PRO 3955WX",
  "Ryzen 7 5700G": "AMD Ryzen 7 5700G",
  "Ryzen 5 5600G": "AMD Ryzen 5 5600G",
  "Ryzen 7 5800X3D": "AMD Ryzen 7 5800X3D",
  "Ryzen 7 5700X": "AMD Ryzen 7 5700X",
  "Ryzen 5 5600": "AMD Ryzen 5 5600",
  "Ryzen 5 5500": "AMD Ryzen 5 5500",
  "Ryzen 5 4500": "AMD Ryzen 5 4500",
  "Ryzen 3 4100": "AMD Ryzen 3 4100",
  "Ryzen 9 7950X": "AMD Ryzen 9 7950X",
  "Ryzen 9 7900X": "AMD Ryzen 9 7900X",
  "Ryzen 7 7700X": "AMD Ryzen 7 7700X",
  "Ryzen 5 7600X": "AMD Ryzen 5 7600X",
  "Ryzen Threadripper PRO 5995WX": "AMD Ryzen Threadripper PRO 5995WX",
  "Ryzen Threadripper PRO 5975WX": "AMD Ryzen Threadripper PRO 5975WX",
  "Ryzen Threadripper PRO 5965WX": "AMD Ryzen Threadripper PRO 5965WX",
  "Ryzen 9 7950X3D": "AMD Ryzen 9 7950X3D",
  "Ryzen 9 7900X3D": "AMD Ryzen 9 7900X3D",
  "Ryzen 9 7900": "AMD Ryzen 9 7900",
  "Ryzen 7 7800X3D": "AMD Ryzen 7 7800X3D",
  "Ryzen 7 7700": "AMD Ryzen 7 7700",
  "Ryzen 5 7600": "AMD Ryzen 5 7600",
  "Ryzen Threadripper 7980X": "AMD Ryzen Threadripper 7980X",
  "Ryzen Threadripper 7970X": "AMD Ryzen Threadripper 7970X",
  "Ryzen Threadripper 7960X": "AMD Ryzen Threadripper 7960X",
  "Ryzen Threadripper PRO 7995WX": "AMD Ryzen Threadripper PRO 7995WX",
  "Ryzen Threadripper PRO 7985WX": "AMD Ryzen Threadripper PRO 7985WX",
  "Ryzen Threadripper PRO 7975WX": "AMD Ryzen Threadripper PRO 7975WX",
  "Ryzen Threadripper PRO 7965WX": "AMD Ryzen Threadripper PRO 7965WX"
}
```
2026-08-07 12:43:58.014 | INFO     | eval.evaluation.evaluation:evaluate_single_query:223 - col: processormodel, primary_key_map {'Ryzen 7 1800X': 'AMD Ryzen 7 1800X', 'Ryzen 7 1700X': 'AMD Ryzen 7 1700X', 'Ryzen 7 1700': 'AMD Ryzen 7 1700', 'Ryzen 5 1600X': 'AMD Ryzen 5 1600X', 'Ryzen 5 1600': 'AMD Ryzen 5 1600', 'Ryzen 5 1500X': 'AMD Ryzen 5 1500X', 'Ryzen 5 1400': 'AMD Ryzen 5 1400', 'Ryzen 3 1300X': 'AMD Ryzen 3 1300X', 'Ryzen 3 1200': 'AMD Ryzen 3 1200', 'Ryzen Threadripper 1950X': 'AMD Ryzen Threadripper 1950X', 'Ryzen Threadripper 1920X': 'AMD Ryzen Threadripper 1920X', 'Ryzen Threadripper 1900X': 'AMD Ryzen Threadripper 1900X', 'Ryzen 7 2700X': 'AMD Ryzen 7 2700X', 'Ryzen 7 2700': 'AMD Ryzen 7 2700', 'Ryzen 5 2600X': 'AMD Ryzen 5 2600X', 'Ryzen 5 2600': 'AMD Ryzen 5 2600', 'Ryzen 5 2400G': 'AMD Ryzen 5 2400G with Radeon RX Vega 11 graphics card', 'Ryzen 3 2200G': 'AMD Ryzen 3 2200G with Radeon Vega 8 graphics card', 'Ryzen Threadripper 2990WX': 'AMD Ryzen Threadripper 2990WX', 'Ryzen Threadripper 2970WX': 'AMD Ryzen Threadripper 2970WX', 'Ryzen Threadripper 2950X': 'AMD Ryzen Threadripper 2950X', 'Ryzen Threadripper 2920X': 'AMD Ryzen Threadripper 2920X', 'Ryzen 9 3950X': 'AMD Ryzen 9 3950X', 'Ryzen 9 3900X': 'AMD Ryzen 9 3900X', 'Ryzen 7 3800X': 'AMD Ryzen 7 3800X', 'Ryzen 7 3700X': 'AMD Ryzen 7 3700X', 'Ryzen 5 3600X': 'AMD Ryzen 5 3600X', 'Ryzen 5 3600': 'AMD Ryzen 5 3600', 'Ryzen 5 3400G': 'AMD Ryzen 5 3400G with Radeon RX Vega 11 graphics card', 'Ryzen 3 3200G': 'AMD Ryzen 3 3200G with Radeon Vega 8 graphics card', 'Ryzen Threadripper 3970X': 'AMD Ryzen Threadripper 3970X', 'Ryzen Threadripper 3960X': 'AMD Ryzen Threadripper 3960X', 'Ryzen 9 3900XT': 'AMD Ryzen 9 3900XT', 'Ryzen 7 3800XT': 'AMD Ryzen 7 3800XT', 'Ryzen 5 3600XT': 'AMD Ryzen 5 3600XT', 'Ryzen 3 3300X': 'AMD Ryzen 3 3300X', 'Ryzen 3 3100': 'AMD Ryzen 3 3100', 'Ryzen 7 4700G': 'AMD Ryzen 7 4700G（only OEM）', 'Ryzen 5 4600G': 'AMD Ryzen 5 4600G', 'Ryzen 3 4300G': 'AMD Ryzen 3 4300G（only OEM）', 'Ryzen 9 5950X': 'AMD Ryzen 9 5950X', 'Ryzen 9 5900X': 'AMD Ryzen 9 5900X', 'Ryzen 7 5800X': 'AMD Ryzen 7 5800X', 'Ryzen 5 5600X': 'AMD Ryzen 5 5600X', 'Ryzen Threadripper PRO 3995WX': 'AMD Ryzen Threadripper PRO 3995WX', 'Ryzen Threadripper PRO 3975WX': 'AMD Ryzen Threadripper PRO 3975WX', 'Ryzen Threadripper PRO 3955WX': 'AMD Ryzen Threadripper PRO 3955WX', 'Ryzen 7 5700G': 'AMD Ryzen 7 5700G', 'Ryzen 5 5600G': 'AMD Ryzen 5 5600G', 'Ryzen 7 5800X3D': 'AMD Ryzen 7 5800X3D', 'Ryzen 7 5700X': 'AMD Ryzen 7 5700X', 'Ryzen 5 5600': 'AMD Ryzen 5 5600', 'Ryzen 5 5500': 'AMD Ryzen 5 5500', 'Ryzen 5 4500': 'AMD Ryzen 5 4500', 'Ryzen 3 4100': 'AMD Ryzen 3 4100', 'Ryzen 9 7950X': 'AMD Ryzen 9 7950X', 'Ryzen 9 7900X': 'AMD Ryzen 9 7900X', 'Ryzen 7 7700X': 'AMD Ryzen 7 7700X', 'Ryzen 5 7600X': 'AMD Ryzen 5 7600X', 'Ryzen Threadripper PRO 5995WX': 'AMD Ryzen Threadripper PRO 5995WX', 'Ryzen Threadripper PRO 5975WX': 'AMD Ryzen Threadripper PRO 5975WX', 'Ryzen Threadripper PRO 5965WX': 'AMD Ryzen Threadripper PRO 5965WX', 'Ryzen 9 7950X3D': 'AMD Ryzen 9 7950X3D', 'Ryzen 9 7900X3D': 'AMD Ryzen 9 7900X3D', 'Ryzen 9 7900': 'AMD Ryzen 9 7900', 'Ryzen 7 7800X3D': 'AMD Ryzen 7 7800X3D', 'Ryzen 7 7700': 'AMD Ryzen 7 7700', 'Ryzen 5 7600': 'AMD Ryzen 5 7600', 'Ryzen Threadripper 7980X': 'AMD Ryzen Threadripper 7980X', 'Ryzen Threadripper 7970X': 'AMD Ryzen Threadripper 7970X', 'Ryzen Threadripper 7960X': 'AMD Ryzen Threadripper 7960X', 'Ryzen Threadripper PRO 7995WX': 'AMD Ryzen Threadripper PRO 7995WX', 'Ryzen Threadripper PRO 7985WX': 'AMD Ryzen Threadripper PRO 7985WX', 'Ryzen Threadripper PRO 7975WX': 'AMD Ryzen Threadripper PRO 7975WX', 'Ryzen Threadripper PRO 7965WX': 'AMD Ryzen Threadripper PRO 7965WX'}
2026-08-07 12:43:58.425 | INFO     | eval.evaluation.evaluation:evaluate_single_query:275 - wide2deep_ws_en_091, df_inner shape: (75, 24), answer_df shape: (331, 12), response_df shape: (90, 13)
2026-08-07 12:43:58.429 | DEBUG    | eval.evaluation.evaluation:metric_call:77 - metric_func_name date_near score 0.0 msg date not near, response: 2017-08-01 00:00:00, target: 2017-03-02 00:00:00
2026-08-07 12:43:58.431 | DEBUG    | eval.evaluation.evaluation:metric_call:77 - metric_func_name date_near score 0.0 msg date not near, response: 2017-08-01 00:00:00, target: 2017-03-02 00:00:00
2026-08-07 12:43:58.433 | DEBUG    | eval.evaluation.evaluation:metric_call:77 - metric_func_name date_near score 0.0 msg date not near, response: 2017-08-01 00:00:00, target: 2017-03-02 00:00:00
2026-08-07 12:43:58.435 | DEBUG    | eval.evaluation.evaluation:metric_call:77 - metric_func_name date_near score 0.0 msg date not near, response: 2017-08-01 00:00:00, target: 2017-04-11 00:00:00
2026-08-07 12:43:58.437 | DEBUG    | eval.evaluation.evaluation:metric_call:77 - metric_func_name date_near score 0.0 msg date not near, response: 2017-08-01 00:00:00, target: 2017-04-11 00:00:00
2026-08-07 12:43:58.440 | DEBUG    | eval.evaluation.evaluation:metric_call:77 - metric_func_name date_near score 0.0 msg date not near, response: 2017-08-01 00:00:00, target: 2017-04-11 00:00:00
2026-08-07 12:43:58.442 | DEBUG    | eval.evaluation.evaluation:metric_call:77 - metric_func_name date_near score 0.0 msg date not near, response: 2017-08-01 00:00:00, target: 2017-04-11 00:00:00
2026-08-07 12:43:58.444 | DEBUG    | eval.evaluation.evaluation:metric_call:77 - metric_func_name date_near score 1.0 msg date near, response: 2017-08-01 00:00:00, target: 2017-07-27 00:00:00
2026-08-07 12:43:58.446 | DEBUG    | eval.evaluation.evaluation:metric_call:77 - metric_func_name date_near score 1.0 msg date near, response: 2017-08-01 00:00:00, target: 2017-07-27 00:00:00
2026-08-07 12:43:58.448 | DEBUG    | eval.evaluation.evaluation:metric_call:77 - metric_func_name date_near score 1.0 msg date near, response: 2017-08-01 00:00:00, target: 2017-07-31 00:00:00
2026-08-07 12:43:58.450 | DEBUG    | eval.evaluation.evaluation:metric_call:77 - metric_func_name date_near score 1.0 msg date near, response: 2017-08-01 00:00:00, target: 2017-07-31 00:00:00
2026-08-07 12:43:58.453 | DEBUG    | eval.evaluation.evaluation:metric_call:77 - metric_func_name date_near score 1.0 msg date near, response: 2017-08-01 00:00:00, target: 2017-08-31 00:00:00
2026-08-07 12:43:58.455 | DEBUG    | eval.evaluation.evaluation:metric_call:77 - metric_func_name date_near score 0.0 msg date not near, response: 2018-08-01 00:00:00, target: 2018-02-12 00:00:00
2026-08-07 12:43:58.457 | DEBUG    | eval.evaluation.evaluation:metric_call:77 - metric_func_name date_near score 0.0 msg date not near, response: 2018-08-01 00:00:00, target: 2018-02-12 00:00:00
2026-08-07 12:43:58.459 | DEBUG    | eval.evaluation.evaluation:metric_call:77 - metric_func_name date_near score 0.0 msg date not near, response: 2018-08-01 00:00:00, target: 2018-04-19 00:00:00
2026-08-07 12:43:58.461 | DEBUG    | eval.evaluation.evaluation:metric_call:77 - metric_func_name date_near score 0.0 msg date not near, response: 2018-08-01 00:00:00, target: 2018-04-19 00:00:00
2026-08-07 12:43:58.463 | DEBUG    | eval.evaluation.evaluation:metric_call:77 - metric_func_name date_near score 0.0 msg date not near, response: 2018-08-01 00:00:00, target: 2018-04-19 00:00:00
2026-08-07 12:43:58.465 | DEBUG    | eval.evaluation.evaluation:metric_call:77 - metric_func_name date_near score 0.0 msg date not near, response: 2018-08-01 00:00:00, target: 2018-04-19 00:00:00
2026-08-07 12:43:58.467 | DEBUG    | eval.evaluation.evaluation:metric_call:77 - metric_func_name date_near score 1.0 msg date near, response: 2018-08-01 00:00:00, target: 2018-08-13 00:00:00
2026-08-07 12:43:58.470 | DEBUG    | eval.evaluation.evaluation:metric_call:77 - metric_func_name date_near score 1.0 msg date near, response: 2018-08-01 00:00:00, target: 2018-08-31 00:00:00
2026-08-07 12:43:58.472 | DEBUG    | eval.evaluation.evaluation:metric_call:77 - metric_func_name date_near score 0.0 msg date not near, response: 2018-08-01 00:00:00, target: 2018-10-29 00:00:00
2026-08-07 12:43:58.474 | DEBUG    | eval.evaluation.evaluation:metric_call:77 - metric_func_name date_near score 0.0 msg date not near, response: 2018-08-01 00:00:00, target: 2018-10-29 00:00:00
2026-08-07 12:43:58.476 | DEBUG    | eval.evaluation.evaluation:metric_call:77 - metric_func_name date_near score 1.0 msg date near, response: 2019-08-01 00:00:00, target: 2019-07-07 00:00:00
2026-08-07 12:43:58.478 | DEBUG    | eval.evaluation.evaluation:metric_call:77 - metric_func_name date_near score 1.0 msg date near, response: 2019-08-01 00:00:00, target: 2019-07-07 00:00:00
2026-08-07 12:43:58.480 | DEBUG    | eval.evaluation.evaluation:metric_call:77 - metric_func_name date_near score 1.0 msg date near, response: 2019-08-01 00:00:00, target: 2019-07-07 00:00:00
2026-08-07 12:43:58.483 | DEBUG    | eval.evaluation.evaluation:metric_call:77 - metric_func_name date_near score 1.0 msg date near, response: 2019-08-01 00:00:00, target: 2019-07-07 00:00:00
2026-08-07 12:43:58.485 | DEBUG    | eval.evaluation.evaluation:metric_call:77 - metric_func_name date_near score 1.0 msg date near, response: 2019-08-01 00:00:00, target: 2019-07-07 00:00:00
2026-08-07 12:43:58.487 | DEBUG    | eval.evaluation.evaluation:metric_call:77 - metric_func_name date_near score 1.0 msg date near, response: 2019-08-01 00:00:00, target: 2019-07-07 00:00:00
2026-08-07 12:43:58.489 | DEBUG    | eval.evaluation.evaluation:metric_call:77 - metric_func_name date_near score 1.0 msg date near, response: 2019-08-01 00:00:00, target: 2019-07-07 00:00:00
2026-08-07 12:43:58.491 | DEBUG    | eval.evaluation.evaluation:metric_call:77 - metric_func_name date_near score 0.0 msg date not near, response: 2019-08-01 00:00:00, target: 2019-11-25 00:00:00
2026-08-07 12:43:58.493 | DEBUG    | eval.evaluation.evaluation:metric_call:77 - metric_func_name date_near score 0.0 msg date not near, response: 2019-08-01 00:00:00, target: 2019-11-25 00:00:00
2026-08-07 12:43:58.496 | DEBUG    | eval.evaluation.evaluation:metric_call:77 - metric_func_name date_near score 0.0 msg date not near, response: 2019-08-01 00:00:00, target: 2019-11-25 00:00:00
2026-08-07 12:43:58.498 | DEBUG    | eval.evaluation.evaluation:metric_call:77 - metric_func_name date_near score 0.0 msg date not near, response: 2020-08-01 00:00:00, target: 2020-04-21 00:00:00
2026-08-07 12:43:58.500 | DEBUG    | eval.evaluation.evaluation:metric_call:77 - metric_func_name date_near score 0.0 msg date not near, response: 2020-08-01 00:00:00, target: 2020-04-21 00:00:00
2026-08-07 12:43:58.502 | DEBUG    | eval.evaluation.evaluation:metric_call:77 - metric_func_name date_near score 1.0 msg date near, response: 2020-08-01 00:00:00, target: 2020-07-07 00:00:00
2026-08-07 12:43:58.504 | DEBUG    | eval.evaluation.evaluation:metric_call:77 - metric_func_name date_near score 1.0 msg date near, response: 2020-08-01 00:00:00, target: 2020-07-07 00:00:00
2026-08-07 12:43:58.506 | DEBUG    | eval.evaluation.evaluation:metric_call:77 - metric_func_name date_near score 1.0 msg date near, response: 2020-08-01 00:00:00, target: 2020-07-07 00:00:00
2026-08-07 12:43:58.508 | DEBUG    | eval.evaluation.evaluation:metric_call:77 - metric_func_name date_near score 1.0 msg date near, response: 2020-08-01 00:00:00, target: 2020-07-14 00:00:00
2026-08-07 12:43:58.511 | DEBUG    | eval.evaluation.evaluation:metric_call:77 - metric_func_name date_near score 1.0 msg date near, response: 2020-08-01 00:00:00, target: 2020-07-14 00:00:00
2026-08-07 12:43:58.513 | DEBUG    | eval.evaluation.evaluation:metric_call:77 - metric_func_name date_near score 1.0 msg date near, response: 2020-08-01 00:00:00, target: 2020-07-14 00:00:00
2026-08-07 12:43:58.515 | DEBUG    | eval.evaluation.evaluation:metric_call:77 - metric_func_name date_near score 1.0 msg date near, response: 2020-08-01 00:00:00, target: 2020-07-21 00:00:00
2026-08-07 12:43:58.517 | DEBUG    | eval.evaluation.evaluation:metric_call:77 - metric_func_name date_near score 1.0 msg date near, response: 2020-08-01 00:00:00, target: 2020-07-21 00:00:00
2026-08-07 12:43:58.519 | DEBUG    | eval.evaluation.evaluation:metric_call:77 - metric_func_name date_near score 1.0 msg date near, response: 2020-08-01 00:00:00, target: 2020-07-21 00:00:00
2026-08-07 12:43:58.521 | DEBUG    | eval.evaluation.evaluation:metric_call:77 - metric_func_name date_near score 0.0 msg date not near, response: 2020-08-01 00:00:00, target: 2020-11-05 00:00:00
2026-08-07 12:43:58.524 | DEBUG    | eval.evaluation.evaluation:metric_call:77 - metric_func_name date_near score 0.0 msg date not near, response: 2020-08-01 00:00:00, target: 2020-11-05 00:00:00
2026-08-07 12:43:58.526 | DEBUG    | eval.evaluation.evaluation:metric_call:77 - metric_func_name date_near score 0.0 msg date not near, response: 2020-08-01 00:00:00, target: 2020-11-05 00:00:00
2026-08-07 12:43:58.528 | DEBUG    | eval.evaluation.evaluation:metric_call:77 - metric_func_name date_near score 0.0 msg date not near, response: 2020-08-01 00:00:00, target: 2020-11-05 00:00:00
2026-08-07 12:43:58.530 | DEBUG    | eval.evaluation.evaluation:metric_call:77 - metric_func_name date_near score 0.0 msg date not near, response: 2021-08-01 00:00:00, target: 2021-04-13 00:00:00
2026-08-07 12:43:58.532 | DEBUG    | eval.evaluation.evaluation:metric_call:77 - metric_func_name date_near score 0.0 msg date not near, response: 2021-08-01 00:00:00, target: 2021-04-13 00:00:00
2026-08-07 12:43:58.534 | DEBUG    | eval.evaluation.evaluation:metric_call:77 - metric_func_name date_near score 0.0 msg date not near, response: 2022-08-01 00:00:00, target: 2022-03-08 00:00:00
2026-08-07 12:43:58.536 | DEBUG    | eval.evaluation.evaluation:metric_call:77 - metric_func_name date_near score 0.0 msg date not near, response: 2022-08-01 00:00:00, target: 2022-03-08 00:00:00
2026-08-07 12:43:58.539 | DEBUG    | eval.evaluation.evaluation:metric_call:77 - metric_func_name date_near score 0.0 msg date not near, response: 2022-08-01 00:00:00, target: 2022-03-08 00:00:00
2026-08-07 12:43:58.541 | DEBUG    | eval.evaluation.evaluation:metric_call:77 - metric_func_name date_near score 0.0 msg date not near, response: 2022-08-01 00:00:00, target: 2022-04-04 00:00:00
2026-08-07 12:43:58.543 | DEBUG    | eval.evaluation.evaluation:metric_call:77 - metric_func_name date_near score 0.0 msg date not near, response: 2022-08-01 00:00:00, target: 2022-04-04 00:00:00
2026-08-07 12:43:58.545 | DEBUG    | eval.evaluation.evaluation:metric_call:77 - metric_func_name date_near score 0.0 msg date not near, response: 2022-08-01 00:00:00, target: 2022-04-04 00:00:00
2026-08-07 12:43:58.547 | DEBUG    | eval.evaluation.evaluation:metric_call:77 - metric_func_name date_near score 0.0 msg date not near, response: 2022-08-01 00:00:00, target: 2022-04-04 00:00:00
2026-08-07 12:43:58.549 | DEBUG    | eval.evaluation.evaluation:metric_call:77 - metric_func_name date_near score 0.0 msg date not near, response: 2022-08-01 00:00:00, target: 2022-04-04 00:00:00
2026-08-07 12:43:58.551 | DEBUG    | eval.evaluation.evaluation:metric_call:77 - metric_func_name date_near score 0.0 msg date not near, response: 2022-08-01 00:00:00, target: 2022-04-20 00:00:00
2026-08-07 12:43:58.554 | DEBUG    | eval.evaluation.evaluation:metric_call:77 - metric_func_name date_near score 0.0 msg date not near, response: 2022-08-01 00:00:00, target: 2022-09-27 00:00:00
2026-08-07 12:43:58.556 | DEBUG    | eval.evaluation.evaluation:metric_call:77 - metric_func_name date_near score 0.0 msg date not near, response: 2022-08-01 00:00:00, target: 2022-09-27 00:00:00
2026-08-07 12:43:58.558 | DEBUG    | eval.evaluation.evaluation:metric_call:77 - metric_func_name date_near score 0.0 msg date not near, response: 2022-08-01 00:00:00, target: 2022-09-27 00:00:00
2026-08-07 12:43:58.560 | DEBUG    | eval.evaluation.evaluation:metric_call:77 - metric_func_name date_near score 0.0 msg date not near, response: 2022-08-01 00:00:00, target: 2022-09-27 00:00:00
2026-08-07 12:43:58.562 | DEBUG    | eval.evaluation.evaluation:metric_call:77 - metric_func_name date_near score 0.0 msg date not near, response: 2023-08-01 00:00:00, target: 2023-01-14 00:00:00
2026-08-07 12:43:58.564 | DEBUG    | eval.evaluation.evaluation:metric_call:77 - metric_func_name date_near score 0.0 msg date not near, response: 2023-08-01 00:00:00, target: 2023-01-14 00:00:00
2026-08-07 12:43:58.567 | DEBUG    | eval.evaluation.evaluation:metric_call:77 - metric_func_name date_near score 0.0 msg date not near, response: 2023-08-01 00:00:00, target: 2023-01-14 00:00:00
2026-08-07 12:43:58.569 | DEBUG    | eval.evaluation.evaluation:metric_call:77 - metric_func_name date_near score 0.0 msg date not near, response: 2023-08-01 00:00:00, target: 2023-02-28 00:00:00
2026-08-07 12:43:58.572 | DEBUG    | eval.evaluation.evaluation:metric_call:77 - metric_func_name date_near score 0.0 msg date not near, response: 2023-08-01 00:00:00, target: 2023-02-28 00:00:00
2026-08-07 12:43:58.574 | DEBUG    | eval.evaluation.evaluation:metric_call:77 - metric_func_name date_near score 0.0 msg date not near, response: 2023-08-01 00:00:00, target: 2023-04-06 00:00:00
2026-08-07 12:43:58.576 | DEBUG    | eval.evaluation.evaluation:metric_call:77 - metric_func_name date_near score 0.0 msg date not near, response: 2023-08-01 00:00:00, target: 2023-10-19 00:00:00
2026-08-07 12:43:58.578 | DEBUG    | eval.evaluation.evaluation:metric_call:77 - metric_func_name date_near score 0.0 msg date not near, response: 2023-08-01 00:00:00, target: 2023-10-19 00:00:00
2026-08-07 12:43:58.580 | DEBUG    | eval.evaluation.evaluation:metric_call:77 - metric_func_name date_near score 0.0 msg date not near, response: 2023-08-01 00:00:00, target: 2023-10-19 00:00:00
2026-08-07 12:43:58.582 | DEBUG    | eval.evaluation.evaluation:metric_call:77 - metric_func_name date_near score 0.0 msg date not near, response: 2023-08-01 00:00:00, target: 2023-10-19 00:00:00
2026-08-07 12:43:58.584 | DEBUG    | eval.evaluation.evaluation:metric_call:77 - metric_func_name date_near score 0.0 msg date not near, response: 2023-08-01 00:00:00, target: 2023-10-19 00:00:00
2026-08-07 12:43:58.587 | DEBUG    | eval.evaluation.evaluation:metric_call:77 - metric_func_name date_near score 0.0 msg date not near, response: 2023-08-01 00:00:00, target: 2023-10-19 00:00:00
2026-08-07 12:43:58.594 | DEBUG    | eval.evaluation.evaluation:metric_call:77 - metric_func_name date_near score 0.0 msg date not near, response: 2023-08-01 00:00:00, target: 2023-10-19 00:00:00
2026-08-07 12:43:58.599 | DEBUG    | eval.evaluation.evaluation:evaluate_single_query:321 - wide2deep_ws_en_091, col time, metric_func_name date_near, score [0.0, 0.0, 0.0, 0.0, 0.0, 0.0, 0.0, 1.0, 1.0, 1.0, 1.0, 1.0, 0.0, 0.0, 0.0, 0.0, 0.0, 0.0, 1.0, 1.0, 0.0, 0.0, 1.0, 1.0, 1.0, 1.0, 1.0, 1.0, 1.0, 0.0, 0.0, 0.0, 0.0, 0.0, 1.0, 1.0, 1.0, 1.0, 1.0, 1.0, 1.0, 1.0, 1.0, 0.0, 0.0, 0.0, 0.0, 0.0, 0.0, 0.0, 0.0, 0.0, 0.0, 0.0, 0.0, 0.0, 0.0, 0.0, 0.0, 0.0, 0.0, 0.0, 0.0, 0.0, 0.0, 0.0, 0.0, 0.0, 0.0, 0.0, 0.0, 0.0, 0.0, 0.0, 0.0]
2026-08-07 12:44:08.447 | DEBUG    | eval.evaluation.evaluation:evaluate_single_query:321 - wide2deep_ws_en_091, col productseries, metric_func_name llm_judge, score [0, 0, 0, 0, 0, 0, 0, 0, 0, 1, 1, 1, 0, 0, 0, 0, 0, 0, 1, 1, 1, 1, 0, 0, 0, 0, 0, 0, 0, 1, 1, 0, 0, 0, 0, 0, 0, 1, 1, 1, 0, 0, 0, 0, 0, 0, 0, 0, 0, 1, 1, 1, 0, 0, 0, 0, 0, 0, 0, 0, 0, 0, 0, 0, 0, 0, 0, 0, 1, 1, 1, 1, 1, 1, 1]
2026-08-07 12:44:15.077 | DEBUG    | eval.evaluation.evaluation:evaluate_single_query:321 - wide2deep_ws_en_091, col corearchitecture, metric_func_name llm_judge, score [1, 1, 1, 1, 1, 1, 1, 1, 1, 1, 1, 1, 1, 1, 0, 0, 0, 0, 0, 0, 0, 0, 0, 0, 0, 0, 0, 0, 0, 0, 0, 0, 0, 0, 0, 0, 0, 0, 0, 0, 0, 0, 0, 0, 0, 0, 0, 0, 0, 0, 0, 0, 0, 0, 0, 0, 0, 0, 0, 0, 0, 0, 0, 0, 0, 0, 0, 0, 0, 0, 0, 0, 0, 0, 0]
2026-08-07 12:44:22.409 | DEBUG    | eval.evaluation.evaluation:evaluate_single_query:321 - wide2deep_ws_en_091, col manufacturingprocess(nm), metric_func_name llm_judge, score [1, 1, 1, 1, 1, 1, 1, 1, 1, 1, 1, 1, 1, 1, 1, 1, 1, 1, 1, 1, 1, 1, 1, 1, 1, 1, 1, 1, 1, 1, 1, 1, 1, 1, 1, 1, 1, 1, 1, 1, 1, 1, 1, 1, 1, 1, 1, 1, 1, 1, 1, 1, 1, 1, 1, 1, 1, 1, 1, 1, 1, 1, 1, 1, 1, 1, 1, 1, 1, 1, 1, 1, 1, 1, 1]
2026-08-07 12:44:22.410 | DEBUG    | eval.evaluation.evaluation:metric_call:77 - metric_func_name exact_match score 1.0 msg exact match, response: 8, target: 8
2026-08-07 12:44:22.410 | DEBUG    | eval.evaluation.evaluation:metric_call:77 - metric_func_name exact_match score 1.0 msg exact match, response: 8, target: 8
2026-08-07 12:44:22.410 | DEBUG    | eval.evaluation.evaluation:metric_call:77 - metric_func_name exact_match score 1.0 msg exact match, response: 8, target: 8
2026-08-07 12:44:22.410 | DEBUG    | eval.evaluation.evaluation:metric_call:77 - metric_func_name exact_match score 1.0 msg exact match, response: 6, target: 6
2026-08-07 12:44:22.410 | DEBUG    | eval.evaluation.evaluation:metric_call:77 - metric_func_name exact_match score 1.0 msg exact match, response: 6, target: 6
2026-08-07 12:44:22.410 | DEBUG    | eval.evaluation.evaluation:metric_call:77 - metric_func_name exact_match score 1.0 msg exact match, response: 4, target: 4
2026-08-07 12:44:22.410 | DEBUG    | eval.evaluation.evaluation:metric_call:77 - metric_func_name exact_match score 1.0 msg exact match, response: 4, target: 4
2026-08-07 12:44:22.411 | DEBUG    | eval.evaluation.evaluation:metric_call:77 - metric_func_name exact_match score 1.0 msg exact match, response: 4, target: 4
2026-08-07 12:44:22.411 | DEBUG    | eval.evaluation.evaluation:metric_call:77 - metric_func_name exact_match score 1.0 msg exact match, response: 4, target: 4
2026-08-07 12:44:22.411 | DEBUG    | eval.evaluation.evaluation:metric_call:77 - metric_func_name exact_match score 1.0 msg exact match, response: 16, target: 16
2026-08-07 12:44:22.411 | DEBUG    | eval.evaluation.evaluation:metric_call:77 - metric_func_name exact_match score 1.0 msg exact match, response: 12, target: 12
2026-08-07 12:44:22.411 | DEBUG    | eval.evaluation.evaluation:metric_call:77 - metric_func_name exact_match score 1.0 msg exact match, response: 8, target: 8
2026-08-07 12:44:22.411 | DEBUG    | eval.evaluation.evaluation:metric_call:77 - metric_func_name exact_match score 1.0 msg exact match, response: 4, target: 4
2026-08-07 12:44:22.411 | DEBUG    | eval.evaluation.evaluation:metric_call:77 - metric_func_name exact_match score 1.0 msg exact match, response: 4, target: 4
2026-08-07 12:44:22.411 | DEBUG    | eval.evaluation.evaluation:metric_call:77 - metric_func_name exact_match score 1.0 msg exact match, response: 8, target: 8
2026-08-07 12:44:22.411 | DEBUG    | eval.evaluation.evaluation:metric_call:77 - metric_func_name exact_match score 1.0 msg exact match, response: 8, target: 8
2026-08-07 12:44:22.411 | DEBUG    | eval.evaluation.evaluation:metric_call:77 - metric_func_name exact_match score 1.0 msg exact match, response: 6, target: 6
2026-08-07 12:44:22.411 | DEBUG    | eval.evaluation.evaluation:metric_call:77 - metric_func_name exact_match score 1.0 msg exact match, response: 6, target: 6
2026-08-07 12:44:22.411 | DEBUG    | eval.evaluation.evaluation:metric_call:77 - metric_func_name exact_match score 1.0 msg exact match, response: 32, target: 32
2026-08-07 12:44:22.411 | DEBUG    | eval.evaluation.evaluation:metric_call:77 - metric_func_name exact_match score 1.0 msg exact match, response: 16, target: 16
2026-08-07 12:44:22.411 | DEBUG    | eval.evaluation.evaluation:metric_call:77 - metric_func_name exact_match score 1.0 msg exact match, response: 24, target: 24
2026-08-07 12:44:22.411 | DEBUG    | eval.evaluation.evaluation:metric_call:77 - metric_func_name exact_match score 1.0 msg exact match, response: 12, target: 12
2026-08-07 12:44:22.411 | DEBUG    | eval.evaluation.evaluation:metric_call:77 - metric_func_name exact_match score 1.0 msg exact match, response: 12, target: 12
2026-08-07 12:44:22.411 | DEBUG    | eval.evaluation.evaluation:metric_call:77 - metric_func_name exact_match score 1.0 msg exact match, response: 8, target: 8
2026-08-07 12:44:22.411 | DEBUG    | eval.evaluation.evaluation:metric_call:77 - metric_func_name exact_match score 1.0 msg exact match, response: 8, target: 8
2026-08-07 12:44:22.411 | DEBUG    | eval.evaluation.evaluation:metric_call:77 - metric_func_name exact_match score 1.0 msg exact match, response: 6, target: 6
2026-08-07 12:44:22.411 | DEBUG    | eval.evaluation.evaluation:metric_call:77 - metric_func_name exact_match score 1.0 msg exact match, response: 6, target: 6
2026-08-07 12:44:22.412 | DEBUG    | eval.evaluation.evaluation:metric_call:77 - metric_func_name exact_match score 1.0 msg exact match, response: 4, target: 4
2026-08-07 12:44:22.412 | DEBUG    | eval.evaluation.evaluation:metric_call:77 - metric_func_name exact_match score 1.0 msg exact match, response: 4, target: 4
2026-08-07 12:44:22.412 | DEBUG    | eval.evaluation.evaluation:metric_call:77 - metric_func_name exact_match score 1.0 msg exact match, response: 32, target: 32
2026-08-07 12:44:22.412 | DEBUG    | eval.evaluation.evaluation:metric_call:77 - metric_func_name exact_match score 1.0 msg exact match, response: 24, target: 24
2026-08-07 12:44:22.412 | DEBUG    | eval.evaluation.evaluation:metric_call:77 - metric_func_name exact_match score 1.0 msg exact match, response: 16, target: 16
2026-08-07 12:44:22.412 | DEBUG    | eval.evaluation.evaluation:metric_call:77 - metric_func_name exact_match score 1.0 msg exact match, response: 4, target: 4
2026-08-07 12:44:22.412 | DEBUG    | eval.evaluation.evaluation:metric_call:77 - metric_func_name exact_match score 1.0 msg exact match, response: 4, target: 4
2026-08-07 12:44:22.412 | DEBUG    | eval.evaluation.evaluation:metric_call:77 - metric_func_name exact_match score 1.0 msg exact match, response: 12, target: 12
2026-08-07 12:44:22.412 | DEBUG    | eval.evaluation.evaluation:metric_call:77 - metric_func_name exact_match score 1.0 msg exact match, response: 8, target: 8
2026-08-07 12:44:22.412 | DEBUG    | eval.evaluation.evaluation:metric_call:77 - metric_func_name exact_match score 1.0 msg exact match, response: 6, target: 6
2026-08-07 12:44:22.412 | DEBUG    | eval.evaluation.evaluation:metric_call:77 - metric_func_name exact_match score 1.0 msg exact match, response: 64, target: 64
2026-08-07 12:44:22.412 | DEBUG    | eval.evaluation.evaluation:metric_call:77 - metric_func_name exact_match score 1.0 msg exact match, response: 32, target: 32
2026-08-07 12:44:22.412 | DEBUG    | eval.evaluation.evaluation:metric_call:77 - metric_func_name exact_match score 1.0 msg exact match, response: 16, target: 16
2026-08-07 12:44:22.412 | DEBUG    | eval.evaluation.evaluation:metric_call:77 - metric_func_name exact_match score 1.0 msg exact match, response: 8, target: 8
2026-08-07 12:44:22.412 | DEBUG    | eval.evaluation.evaluation:metric_call:77 - metric_func_name exact_match score 1.0 msg exact match, response: 6, target: 6
2026-08-07 12:44:22.412 | DEBUG    | eval.evaluation.evaluation:metric_call:77 - metric_func_name exact_match score 1.0 msg exact match, response: 4, target: 4
2026-08-07 12:44:22.412 | DEBUG    | eval.evaluation.evaluation:metric_call:77 - metric_func_name exact_match score 1.0 msg exact match, response: 16, target: 16
2026-08-07 12:44:22.412 | DEBUG    | eval.evaluation.evaluation:metric_call:77 - metric_func_name exact_match score 1.0 msg exact match, response: 12, target: 12
2026-08-07 12:44:22.412 | DEBUG    | eval.evaluation.evaluation:metric_call:77 - metric_func_name exact_match score 1.0 msg exact match, response: 8, target: 8
2026-08-07 12:44:22.412 | DEBUG    | eval.evaluation.evaluation:metric_call:77 - metric_func_name exact_match score 1.0 msg exact match, response: 6, target: 6
2026-08-07 12:44:22.412 | DEBUG    | eval.evaluation.evaluation:metric_call:77 - metric_func_name exact_match score 1.0 msg exact match, response: 8, target: 8
2026-08-07 12:44:22.413 | DEBUG    | eval.evaluation.evaluation:metric_call:77 - metric_func_name exact_match score 1.0 msg exact match, response: 6, target: 6
2026-08-07 12:44:22.413 | DEBUG    | eval.evaluation.evaluation:metric_call:77 - metric_func_name exact_match score 1.0 msg exact match, response: 64, target: 64
2026-08-07 12:44:22.413 | DEBUG    | eval.evaluation.evaluation:metric_call:77 - metric_func_name exact_match score 1.0 msg exact match, response: 32, target: 32
2026-08-07 12:44:22.413 | DEBUG    | eval.evaluation.evaluation:metric_call:77 - metric_func_name exact_match score 1.0 msg exact match, response: 24, target: 24
2026-08-07 12:44:22.413 | DEBUG    | eval.evaluation.evaluation:metric_call:77 - metric_func_name exact_match score 1.0 msg exact match, response: 8, target: 8
2026-08-07 12:44:22.413 | DEBUG    | eval.evaluation.evaluation:metric_call:77 - metric_func_name exact_match score 1.0 msg exact match, response: 6, target: 6
2026-08-07 12:44:22.413 | DEBUG    | eval.evaluation.evaluation:metric_call:77 - metric_func_name exact_match score 1.0 msg exact match, response: 6, target: 6
2026-08-07 12:44:22.413 | DEBUG    | eval.evaluation.evaluation:metric_call:77 - metric_func_name exact_match score 1.0 msg exact match, response: 6, target: 6
2026-08-07 12:44:22.413 | DEBUG    | eval.evaluation.evaluation:metric_call:77 - metric_func_name exact_match score 1.0 msg exact match, response: 4, target: 4
2026-08-07 12:44:22.413 | DEBUG    | eval.evaluation.evaluation:metric_call:77 - metric_func_name exact_match score 1.0 msg exact match, response: 8, target: 8
2026-08-07 12:44:22.413 | DEBUG    | eval.evaluation.evaluation:metric_call:77 - metric_func_name exact_match score 1.0 msg exact match, response: 16, target: 16
2026-08-07 12:44:22.413 | DEBUG    | eval.evaluation.evaluation:metric_call:77 - metric_func_name exact_match score 1.0 msg exact match, response: 12, target: 12
2026-08-07 12:44:22.413 | DEBUG    | eval.evaluation.evaluation:metric_call:77 - metric_func_name exact_match score 1.0 msg exact match, response: 8, target: 8
2026-08-07 12:44:22.413 | DEBUG    | eval.evaluation.evaluation:metric_call:77 - metric_func_name exact_match score 1.0 msg exact match, response: 6, target: 6
2026-08-07 12:44:22.413 | DEBUG    | eval.evaluation.evaluation:metric_call:77 - metric_func_name exact_match score 1.0 msg exact match, response: 12, target: 12
2026-08-07 12:44:22.413 | DEBUG    | eval.evaluation.evaluation:metric_call:77 - metric_func_name exact_match score 1.0 msg exact match, response: 8, target: 8
2026-08-07 12:44:22.413 | DEBUG    | eval.evaluation.evaluation:metric_call:77 - metric_func_name exact_match score 1.0 msg exact match, response: 6, target: 6
2026-08-07 12:44:22.413 | DEBUG    | eval.evaluation.evaluation:metric_call:77 - metric_func_name exact_match score 1.0 msg exact match, response: 16, target: 16
2026-08-07 12:44:22.413 | DEBUG    | eval.evaluation.evaluation:metric_call:77 - metric_func_name exact_match score 1.0 msg exact match, response: 12, target: 12
2026-08-07 12:44:22.413 | DEBUG    | eval.evaluation.evaluation:metric_call:77 - metric_func_name exact_match score 1.0 msg exact match, response: 8, target: 8
2026-08-07 12:44:22.413 | DEBUG    | eval.evaluation.evaluation:metric_call:77 - metric_func_name exact_match score 1.0 msg exact match, response: 96, target: 96
2026-08-07 12:44:22.413 | DEBUG    | eval.evaluation.evaluation:metric_call:77 - metric_func_name exact_match score 1.0 msg exact match, response: 64, target: 64
2026-08-07 12:44:22.414 | DEBUG    | eval.evaluation.evaluation:metric_call:77 - metric_func_name exact_match score 1.0 msg exact match, response: 32, target: 32
2026-08-07 12:44:22.414 | DEBUG    | eval.evaluation.evaluation:metric_call:77 - metric_func_name exact_match score 1.0 msg exact match, response: 24, target: 24
2026-08-07 12:44:22.414 | DEBUG    | eval.evaluation.evaluation:metric_call:77 - metric_func_name exact_match score 1.0 msg exact match, response: 64, target: 64
2026-08-07 12:44:22.414 | DEBUG    | eval.evaluation.evaluation:metric_call:77 - metric_func_name exact_match score 1.0 msg exact match, response: 32, target: 32
2026-08-07 12:44:22.414 | DEBUG    | eval.evaluation.evaluation:metric_call:77 - metric_func_name exact_match score 1.0 msg exact match, response: 24, target: 24
2026-08-07 12:44:22.414 | DEBUG    | eval.evaluation.evaluation:evaluate_single_query:321 - wide2deep_ws_en_091, col cores, metric_func_name exact_match, score [1.0, 1.0, 1.0, 1.0, 1.0, 1.0, 1.0, 1.0, 1.0, 1.0, 1.0, 1.0, 1.0, 1.0, 1.0, 1.0, 1.0, 1.0, 1.0, 1.0, 1.0, 1.0, 1.0, 1.0, 1.0, 1.0, 1.0, 1.0, 1.0, 1.0, 1.0, 1.0, 1.0, 1.0, 1.0, 1.0, 1.0, 1.0, 1.0, 1.0, 1.0, 1.0, 1.0, 1.0, 1.0, 1.0, 1.0, 1.0, 1.0, 1.0, 1.0, 1.0, 1.0, 1.0, 1.0, 1.0, 1.0, 1.0, 1.0, 1.0, 1.0, 1.0, 1.0, 1.0, 1.0, 1.0, 1.0, 1.0, 1.0, 1.0, 1.0, 1.0, 1.0, 1.0, 1.0]
2026-08-07 12:44:22.415 | DEBUG    | eval.evaluation.evaluation:metric_call:77 - metric_func_name exact_match score 1.0 msg exact match, response: 16, target: 16
2026-08-07 12:44:22.415 | DEBUG    | eval.evaluation.evaluation:metric_call:77 - metric_func_name exact_match score 1.0 msg exact match, response: 16, target: 16
2026-08-07 12:44:22.415 | DEBUG    | eval.evaluation.evaluation:metric_call:77 - metric_func_name exact_match score 1.0 msg exact match, response: 16, target: 16
2026-08-07 12:44:22.415 | DEBUG    | eval.evaluation.evaluation:metric_call:77 - metric_func_name exact_match score 1.0 msg exact match, response: 12, target: 12
2026-08-07 12:44:22.415 | DEBUG    | eval.evaluation.evaluation:metric_call:77 - metric_func_name exact_match score 1.0 msg exact match, response: 12, target: 12
2026-08-07 12:44:22.415 | DEBUG    | eval.evaluation.evaluation:metric_call:77 - metric_func_name exact_match score 1.0 msg exact match, response: 8, target: 8
2026-08-07 12:44:22.415 | DEBUG    | eval.evaluation.evaluation:metric_call:77 - metric_func_name exact_match score 1.0 msg exact match, response: 8, target: 8
2026-08-07 12:44:22.415 | DEBUG    | eval.evaluation.evaluation:metric_call:77 - metric_func_name exact_match score 1.0 msg exact match, response: 4, target: 4
2026-08-07 12:44:22.415 | DEBUG    | eval.evaluation.evaluation:metric_call:77 - metric_func_name exact_match score 1.0 msg exact match, response: 4, target: 4
2026-08-07 12:44:22.415 | DEBUG    | eval.evaluation.evaluation:metric_call:77 - metric_func_name exact_match score 1.0 msg exact match, response: 32, target: 32
2026-08-07 12:44:22.415 | DEBUG    | eval.evaluation.evaluation:metric_call:77 - metric_func_name exact_match score 1.0 msg exact match, response: 24, target: 24
2026-08-07 12:44:22.415 | DEBUG    | eval.evaluation.evaluation:metric_call:77 - metric_func_name exact_match score 1.0 msg exact match, response: 16, target: 16
2026-08-07 12:44:22.415 | DEBUG    | eval.evaluation.evaluation:metric_call:77 - metric_func_name exact_match score 1.0 msg exact match, response: 8, target: 8
2026-08-07 12:44:22.415 | DEBUG    | eval.evaluation.evaluation:metric_call:77 - metric_func_name exact_match score 1.0 msg exact match, response: 4, target: 4
2026-08-07 12:44:22.415 | DEBUG    | eval.evaluation.evaluation:metric_call:77 - metric_func_name exact_match score 1.0 msg exact match, response: 16, target: 16
2026-08-07 12:44:22.416 | DEBUG    | eval.evaluation.evaluation:metric_call:77 - metric_func_name exact_match score 1.0 msg exact match, response: 16, target: 16
2026-08-07 12:44:22.416 | DEBUG    | eval.evaluation.evaluation:metric_call:77 - metric_func_name exact_match score 1.0 msg exact match, response: 12, target: 12
2026-08-07 12:44:22.416 | DEBUG    | eval.evaluation.evaluation:metric_call:77 - metric_func_name exact_match score 1.0 msg exact match, response: 12, target: 12
2026-08-07 12:44:22.416 | DEBUG    | eval.evaluation.evaluation:metric_call:77 - metric_func_name exact_match score 1.0 msg exact match, response: 64, target: 64
2026-08-07 12:44:22.416 | DEBUG    | eval.evaluation.evaluation:metric_call:77 - metric_func_name exact_match score 1.0 msg exact match, response: 32, target: 32
2026-08-07 12:44:22.416 | DEBUG    | eval.evaluation.evaluation:metric_call:77 - metric_func_name exact_match score 1.0 msg exact match, response: 48, target: 48
2026-08-07 12:44:22.416 | DEBUG    | eval.evaluation.evaluation:metric_call:77 - metric_func_name exact_match score 1.0 msg exact match, response: 24, target: 24
2026-08-07 12:44:22.416 | DEBUG    | eval.evaluation.evaluation:metric_call:77 - metric_func_name exact_match score 1.0 msg exact match, response: 24, target: 24
2026-08-07 12:44:22.416 | DEBUG    | eval.evaluation.evaluation:metric_call:77 - metric_func_name exact_match score 1.0 msg exact match, response: 16, target: 16
2026-08-07 12:44:22.416 | DEBUG    | eval.evaluation.evaluation:metric_call:77 - metric_func_name exact_match score 1.0 msg exact match, response: 16, target: 16
2026-08-07 12:44:22.416 | DEBUG    | eval.evaluation.evaluation:metric_call:77 - metric_func_name exact_match score 1.0 msg exact match, response: 12, target: 12
2026-08-07 12:44:22.416 | DEBUG    | eval.evaluation.evaluation:metric_call:77 - metric_func_name exact_match score 1.0 msg exact match, response: 12, target: 12
2026-08-07 12:44:22.416 | DEBUG    | eval.evaluation.evaluation:metric_call:77 - metric_func_name exact_match score 1.0 msg exact match, response: 8, target: 8
2026-08-07 12:44:22.416 | DEBUG    | eval.evaluation.evaluation:metric_call:77 - metric_func_name exact_match score 1.0 msg exact match, response: 4, target: 4
2026-08-07 12:44:22.416 | DEBUG    | eval.evaluation.evaluation:metric_call:77 - metric_func_name exact_match score 1.0 msg exact match, response: 64, target: 64
2026-08-07 12:44:22.416 | DEBUG    | eval.evaluation.evaluation:metric_call:77 - metric_func_name exact_match score 1.0 msg exact match, response: 48, target: 48
2026-08-07 12:44:22.416 | DEBUG    | eval.evaluation.evaluation:metric_call:77 - metric_func_name exact_match score 1.0 msg exact match, response: 32, target: 32
2026-08-07 12:44:22.416 | DEBUG    | eval.evaluation.evaluation:metric_call:77 - metric_func_name exact_match score 1.0 msg exact match, response: 8, target: 8
2026-08-07 12:44:22.416 | DEBUG    | eval.evaluation.evaluation:metric_call:77 - metric_func_name exact_match score 1.0 msg exact match, response: 8, target: 8
2026-08-07 12:44:22.416 | DEBUG    | eval.evaluation.evaluation:metric_call:77 - metric_func_name exact_match score 1.0 msg exact match, response: 24, target: 24
2026-08-07 12:44:22.417 | DEBUG    | eval.evaluation.evaluation:metric_call:77 - metric_func_name exact_match score 1.0 msg exact match, response: 16, target: 16
2026-08-07 12:44:22.417 | DEBUG    | eval.evaluation.evaluation:metric_call:77 - metric_func_name exact_match score 1.0 msg exact match, response: 12, target: 12
2026-08-07 12:44:22.417 | DEBUG    | eval.evaluation.evaluation:metric_call:77 - metric_func_name exact_match score 1.0 msg exact match, response: 128, target: 128
2026-08-07 12:44:22.417 | DEBUG    | eval.evaluation.evaluation:metric_call:77 - metric_func_name exact_match score 1.0 msg exact match, response: 64, target: 64
2026-08-07 12:44:22.417 | DEBUG    | eval.evaluation.evaluation:metric_call:77 - metric_func_name exact_match score 1.0 msg exact match, response: 32, target: 32
2026-08-07 12:44:22.417 | DEBUG    | eval.evaluation.evaluation:metric_call:77 - metric_func_name exact_match score 1.0 msg exact match, response: 16, target: 16
2026-08-07 12:44:22.417 | DEBUG    | eval.evaluation.evaluation:metric_call:77 - metric_func_name exact_match score 1.0 msg exact match, response: 12, target: 12
2026-08-07 12:44:22.417 | DEBUG    | eval.evaluation.evaluation:metric_call:77 - metric_func_name exact_match score 1.0 msg exact match, response: 8, target: 8
2026-08-07 12:44:22.417 | DEBUG    | eval.evaluation.evaluation:metric_call:77 - metric_func_name exact_match score 1.0 msg exact match, response: 32, target: 32
2026-08-07 12:44:22.417 | DEBUG    | eval.evaluation.evaluation:metric_call:77 - metric_func_name exact_match score 1.0 msg exact match, response: 24, target: 24
2026-08-07 12:44:22.417 | DEBUG    | eval.evaluation.evaluation:metric_call:77 - metric_func_name exact_match score 1.0 msg exact match, response: 16, target: 16
2026-08-07 12:44:22.417 | DEBUG    | eval.evaluation.evaluation:metric_call:77 - metric_func_name exact_match score 1.0 msg exact match, response: 12, target: 12
2026-08-07 12:44:22.417 | DEBUG    | eval.evaluation.evaluation:metric_call:77 - metric_func_name exact_match score 1.0 msg exact match, response: 16, target: 16
2026-08-07 12:44:22.417 | DEBUG    | eval.evaluation.evaluation:metric_call:77 - metric_func_name exact_match score 1.0 msg exact match, response: 12, target: 12
2026-08-07 12:44:22.417 | DEBUG    | eval.evaluation.evaluation:metric_call:77 - metric_func_name exact_match score 1.0 msg exact match, response: 128, target: 128
2026-08-07 12:44:22.417 | DEBUG    | eval.evaluation.evaluation:metric_call:77 - metric_func_name exact_match score 1.0 msg exact match, response: 64, target: 64
2026-08-07 12:44:22.417 | DEBUG    | eval.evaluation.evaluation:metric_call:77 - metric_func_name exact_match score 1.0 msg exact match, response: 48, target: 48
2026-08-07 12:44:22.417 | DEBUG    | eval.evaluation.evaluation:metric_call:77 - metric_func_name exact_match score 1.0 msg exact match, response: 16, target: 16
2026-08-07 12:44:22.417 | DEBUG    | eval.evaluation.evaluation:metric_call:77 - metric_func_name exact_match score 1.0 msg exact match, response: 12, target: 12
2026-08-07 12:44:22.417 | DEBUG    | eval.evaluation.evaluation:metric_call:77 - metric_func_name exact_match score 1.0 msg exact match, response: 12, target: 12
2026-08-07 12:44:22.417 | DEBUG    | eval.evaluation.evaluation:metric_call:77 - metric_func_name exact_match score 1.0 msg exact match, response: 12, target: 12
2026-08-07 12:44:22.417 | DEBUG    | eval.evaluation.evaluation:metric_call:77 - metric_func_name exact_match score 1.0 msg exact match, response: 8, target: 8
2026-08-07 12:44:22.418 | DEBUG    | eval.evaluation.evaluation:metric_call:77 - metric_func_name exact_match score 1.0 msg exact match, response: 16, target: 16
2026-08-07 12:44:22.418 | DEBUG    | eval.evaluation.evaluation:metric_call:77 - metric_func_name exact_match score 1.0 msg exact match, response: 32, target: 32
2026-08-07 12:44:22.418 | DEBUG    | eval.evaluation.evaluation:metric_call:77 - metric_func_name exact_match score 1.0 msg exact match, response: 24, target: 24
2026-08-07 12:44:22.418 | DEBUG    | eval.evaluation.evaluation:metric_call:77 - metric_func_name exact_match score 1.0 msg exact match, response: 16, target: 16
2026-08-07 12:44:22.418 | DEBUG    | eval.evaluation.evaluation:metric_call:77 - metric_func_name exact_match score 1.0 msg exact match, response: 12, target: 12
2026-08-07 12:44:22.418 | DEBUG    | eval.evaluation.evaluation:metric_call:77 - metric_func_name exact_match score 1.0 msg exact match, response: 24, target: 24
2026-08-07 12:44:22.418 | DEBUG    | eval.evaluation.evaluation:metric_call:77 - metric_func_name exact_match score 1.0 msg exact match, response: 16, target: 16
2026-08-07 12:44:22.418 | DEBUG    | eval.evaluation.evaluation:metric_call:77 - metric_func_name exact_match score 1.0 msg exact match, response: 12, target: 12
2026-08-07 12:44:22.418 | DEBUG    | eval.evaluation.evaluation:metric_call:77 - metric_func_name exact_match score 1.0 msg exact match, response: 32, target: 32
2026-08-07 12:44:22.418 | DEBUG    | eval.evaluation.evaluation:metric_call:77 - metric_func_name exact_match score 1.0 msg exact match, response: 24, target: 24
2026-08-07 12:44:22.418 | DEBUG    | eval.evaluation.evaluation:metric_call:77 - metric_func_name exact_match score 1.0 msg exact match, response: 16, target: 16
2026-08-07 12:44:22.418 | DEBUG    | eval.evaluation.evaluation:metric_call:77 - metric_func_name exact_match score 1.0 msg exact match, response: 192, target: 192
2026-08-07 12:44:22.418 | DEBUG    | eval.evaluation.evaluation:metric_call:77 - metric_func_name exact_match score 1.0 msg exact match, response: 128, target: 128
2026-08-07 12:44:22.418 | DEBUG    | eval.evaluation.evaluation:metric_call:77 - metric_func_name exact_match score 1.0 msg exact match, response: 64, target: 64
2026-08-07 12:44:22.418 | DEBUG    | eval.evaluation.evaluation:metric_call:77 - metric_func_name exact_match score 1.0 msg exact match, response: 48, target: 48
2026-08-07 12:44:22.418 | DEBUG    | eval.evaluation.evaluation:metric_call:77 - metric_func_name exact_match score 1.0 msg exact match, response: 128, target: 128
2026-08-07 12:44:22.418 | DEBUG    | eval.evaluation.evaluation:metric_call:77 - metric_func_name exact_match score 1.0 msg exact match, response: 64, target: 64
2026-08-07 12:44:22.418 | DEBUG    | eval.evaluation.evaluation:metric_call:77 - metric_func_name exact_match score 1.0 msg exact match, response: 48, target: 48
2026-08-07 12:44:22.419 | DEBUG    | eval.evaluation.evaluation:evaluate_single_query:321 - wide2deep_ws_en_091, col threads, metric_func_name exact_match, score [1.0, 1.0, 1.0, 1.0, 1.0, 1.0, 1.0, 1.0, 1.0, 1.0, 1.0, 1.0, 1.0, 1.0, 1.0, 1.0, 1.0, 1.0, 1.0, 1.0, 1.0, 1.0, 1.0, 1.0, 1.0, 1.0, 1.0, 1.0, 1.0, 1.0, 1.0, 1.0, 1.0, 1.0, 1.0, 1.0, 1.0, 1.0, 1.0, 1.0, 1.0, 1.0, 1.0, 1.0, 1.0, 1.0, 1.0, 1.0, 1.0, 1.0, 1.0, 1.0, 1.0, 1.0, 1.0, 1.0, 1.0, 1.0, 1.0, 1.0, 1.0, 1.0, 1.0, 1.0, 1.0, 1.0, 1.0, 1.0, 1.0, 1.0, 1.0, 1.0, 1.0, 1.0, 1.0]
2026-08-07 12:44:22.419 | DEBUG    | eval.evaluation.evaluation:metric_call:77 - metric_func_name exact_match score 1.0 msg exact match, response: 3.6, target: 3.6
2026-08-07 12:44:22.419 | DEBUG    | eval.evaluation.evaluation:metric_call:77 - metric_func_name exact_match score 1.0 msg exact match, response: 3.4, target: 3.4
2026-08-07 12:44:22.419 | DEBUG    | eval.evaluation.evaluation:metric_call:77 - metric_func_name exact_match score 1.0 msg exact match, response: 3.0, target: 3.0
2026-08-07 12:44:22.419 | DEBUG    | eval.evaluation.evaluation:metric_call:77 - metric_func_name exact_match score 1.0 msg exact match, response: 3.6, target: 3.6
2026-08-07 12:44:22.419 | DEBUG    | eval.evaluation.evaluation:metric_call:77 - metric_func_name exact_match score 1.0 msg exact match, response: 3.2, target: 3.2
2026-08-07 12:44:22.420 | DEBUG    | eval.evaluation.evaluation:metric_call:77 - metric_func_name exact_match score 1.0 msg exact match, response: 3.5, target: 3.5
2026-08-07 12:44:22.420 | DEBUG    | eval.evaluation.evaluation:metric_call:77 - metric_func_name exact_match score 1.0 msg exact match, response: 3.2, target: 3.2
2026-08-07 12:44:22.420 | DEBUG    | eval.evaluation.evaluation:metric_call:77 - metric_func_name exact_match score 1.0 msg exact match, response: 3.5, target: 3.5
2026-08-07 12:44:22.420 | DEBUG    | eval.evaluation.evaluation:metric_call:77 - metric_func_name exact_match score 1.0 msg exact match, response: 3.1, target: 3.1
2026-08-07 12:44:22.420 | DEBUG    | eval.evaluation.evaluation:metric_call:77 - metric_func_name exact_match score 1.0 msg exact match, response: 3.4, target: 3.4
2026-08-07 12:44:22.420 | DEBUG    | eval.evaluation.evaluation:metric_call:77 - metric_func_name exact_match score 1.0 msg exact match, response: 3.5, target: 3.5
2026-08-07 12:44:22.420 | DEBUG    | eval.evaluation.evaluation:metric_call:77 - metric_func_name exact_match score 1.0 msg exact match, response: 3.8, target: 3.8
2026-08-07 12:44:22.420 | DEBUG    | eval.evaluation.evaluation:metric_call:77 - metric_func_name exact_match score 1.0 msg exact match, response: 3.6, target: 3.6
2026-08-07 12:44:22.420 | DEBUG    | eval.evaluation.evaluation:metric_call:77 - metric_func_name exact_match score 1.0 msg exact match, response: 3.5, target: 3.5
2026-08-07 12:44:22.420 | DEBUG    | eval.evaluation.evaluation:metric_call:77 - metric_func_name exact_match score 1.0 msg exact match, response: 3.7, target: 3.7
2026-08-07 12:44:22.420 | DEBUG    | eval.evaluation.evaluation:metric_call:77 - metric_func_name exact_match score 1.0 msg exact match, response: 3.2, target: 3.2
2026-08-07 12:44:22.420 | DEBUG    | eval.evaluation.evaluation:metric_call:77 - metric_func_name exact_match score 1.0 msg exact match, response: 3.6, target: 3.6
2026-08-07 12:44:22.420 | DEBUG    | eval.evaluation.evaluation:metric_call:77 - metric_func_name exact_match score 1.0 msg exact match, response: 3.4, target: 3.4
2026-08-07 12:44:22.420 | DEBUG    | eval.evaluation.evaluation:metric_call:77 - metric_func_name exact_match score 1.0 msg exact match, response: 3.0, target: 3.0
2026-08-07 12:44:22.420 | DEBUG    | eval.evaluation.evaluation:metric_call:77 - metric_func_name exact_match score 1.0 msg exact match, response: 3.5, target: 3.5
2026-08-07 12:44:22.420 | DEBUG    | eval.evaluation.evaluation:metric_call:77 - metric_func_name exact_match score 1.0 msg exact match, response: 3.0, target: 3.0
2026-08-07 12:44:22.420 | DEBUG    | eval.evaluation.evaluation:metric_call:77 - metric_func_name exact_match score 1.0 msg exact match, response: 3.5, target: 3.5
2026-08-07 12:44:22.420 | DEBUG    | eval.evaluation.evaluation:metric_call:77 - metric_func_name exact_match score 1.0 msg exact match, response: 3.8, target: 3.8
2026-08-07 12:44:22.420 | DEBUG    | eval.evaluation.evaluation:metric_call:77 - metric_func_name exact_match score 1.0 msg exact match, response: 3.9, target: 3.9
2026-08-07 12:44:22.420 | DEBUG    | eval.evaluation.evaluation:metric_call:77 - metric_func_name exact_match score 1.0 msg exact match, response: 3.6, target: 3.6
2026-08-07 12:44:22.421 | DEBUG    | eval.evaluation.evaluation:metric_call:77 - metric_func_name exact_match score 1.0 msg exact match, response: 3.8, target: 3.8
2026-08-07 12:44:22.421 | DEBUG    | eval.evaluation.evaluation:metric_call:77 - metric_func_name exact_match score 1.0 msg exact match, response: 3.6, target: 3.6
2026-08-07 12:44:22.421 | DEBUG    | eval.evaluation.evaluation:metric_call:77 - metric_func_name exact_match score 1.0 msg exact match, response: 3.7, target: 3.7
2026-08-07 12:44:22.421 | DEBUG    | eval.evaluation.evaluation:metric_call:77 - metric_func_name exact_match score 1.0 msg exact match, response: 3.6, target: 3.6
2026-08-07 12:44:22.421 | DEBUG    | eval.evaluation.evaluation:metric_call:77 - metric_func_name exact_match score 1.0 msg exact match, response: 3.7, target: 3.7
2026-08-07 12:44:22.421 | DEBUG    | eval.evaluation.evaluation:metric_call:77 - metric_func_name exact_match score 1.0 msg exact match, response: 3.8, target: 3.8
2026-08-07 12:44:22.421 | DEBUG    | eval.evaluation.evaluation:metric_call:77 - metric_func_name exact_match score 1.0 msg exact match, response: 3.5, target: 3.5
2026-08-07 12:44:22.421 | DEBUG    | eval.evaluation.evaluation:metric_call:77 - metric_func_name exact_match score 1.0 msg exact match, response: 3.8, target: 3.8
2026-08-07 12:44:22.421 | DEBUG    | eval.evaluation.evaluation:metric_call:77 - metric_func_name exact_match score 1.0 msg exact match, response: 3.6, target: 3.6
2026-08-07 12:44:22.421 | DEBUG    | eval.evaluation.evaluation:metric_call:77 - metric_func_name exact_match score 1.0 msg exact match, response: 3.8, target: 3.8
2026-08-07 12:44:22.421 | DEBUG    | eval.evaluation.evaluation:metric_call:77 - metric_func_name exact_match score 1.0 msg exact match, response: 3.9, target: 3.9
2026-08-07 12:44:22.421 | DEBUG    | eval.evaluation.evaluation:metric_call:77 - metric_func_name exact_match score 1.0 msg exact match, response: 3.8, target: 3.8
2026-08-07 12:44:22.421 | DEBUG    | eval.evaluation.evaluation:metric_call:77 - metric_func_name exact_match score 1.0 msg exact match, response: 2.7, target: 2.7
2026-08-07 12:44:22.421 | DEBUG    | eval.evaluation.evaluation:metric_call:77 - metric_func_name exact_match score 1.0 msg exact match, response: 3.5, target: 3.5
2026-08-07 12:44:22.421 | DEBUG    | eval.evaluation.evaluation:metric_call:77 - metric_func_name exact_match score 1.0 msg exact match, response: 3.9, target: 3.9
2026-08-07 12:44:22.421 | DEBUG    | eval.evaluation.evaluation:metric_call:77 - metric_func_name exact_match score 1.0 msg exact match, response: 3.6, target: 3.6
2026-08-07 12:44:22.421 | DEBUG    | eval.evaluation.evaluation:metric_call:77 - metric_func_name exact_match score 1.0 msg exact match, response: 3.7, target: 3.7
2026-08-07 12:44:22.421 | DEBUG    | eval.evaluation.evaluation:metric_call:77 - metric_func_name exact_match score 1.0 msg exact match, response: 3.8, target: 3.8
2026-08-07 12:44:22.421 | DEBUG    | eval.evaluation.evaluation:metric_call:77 - metric_func_name exact_match score 1.0 msg exact match, response: 3.4, target: 3.4
2026-08-07 12:44:22.421 | DEBUG    | eval.evaluation.evaluation:metric_call:77 - metric_func_name exact_match score 1.0 msg exact match, response: 3.7, target: 3.7
2026-08-07 12:44:22.421 | DEBUG    | eval.evaluation.evaluation:metric_call:77 - metric_func_name exact_match score 1.0 msg exact match, response: 3.8, target: 3.8
2026-08-07 12:44:22.421 | DEBUG    | eval.evaluation.evaluation:metric_call:77 - metric_func_name exact_match score 1.0 msg exact match, response: 3.7, target: 3.7
2026-08-07 12:44:22.422 | DEBUG    | eval.evaluation.evaluation:metric_call:77 - metric_func_name exact_match score 1.0 msg exact match, response: 3.8, target: 3.8
2026-08-07 12:44:22.422 | DEBUG    | eval.evaluation.evaluation:metric_call:77 - metric_func_name exact_match score 1.0 msg exact match, response: 3.9, target: 3.9
2026-08-07 12:44:22.422 | DEBUG    | eval.evaluation.evaluation:metric_call:77 - metric_func_name exact_match score 1.0 msg exact match, response: 2.7, target: 2.7
2026-08-07 12:44:22.422 | DEBUG    | eval.evaluation.evaluation:metric_call:77 - metric_func_name exact_match score 1.0 msg exact match, response: 3.6, target: 3.6
2026-08-07 12:44:22.422 | DEBUG    | eval.evaluation.evaluation:metric_call:77 - metric_func_name exact_match score 1.0 msg exact match, response: 3.8, target: 3.8
2026-08-07 12:44:22.422 | DEBUG    | eval.evaluation.evaluation:metric_call:77 - metric_func_name exact_match score 1.0 msg exact match, response: 3.4, target: 3.4
2026-08-07 12:44:22.422 | DEBUG    | eval.evaluation.evaluation:metric_call:77 - metric_func_name exact_match score 1.0 msg exact match, response: 3.5, target: 3.5
2026-08-07 12:44:22.422 | DEBUG    | eval.evaluation.evaluation:metric_call:77 - metric_func_name exact_match score 1.0 msg exact match, response: 3.6, target: 3.6
2026-08-07 12:44:22.422 | DEBUG    | eval.evaluation.evaluation:metric_call:77 - metric_func_name exact_match score 1.0 msg exact match, response: 3.6, target: 3.6
2026-08-07 12:44:22.422 | DEBUG    | eval.evaluation.evaluation:metric_call:77 - metric_func_name exact_match score 1.0 msg exact match, response: 3.8, target: 3.8
2026-08-07 12:44:22.422 | DEBUG    | eval.evaluation.evaluation:metric_call:77 - metric_func_name exact_match score 1.0 msg exact match, response: 3.4, target: 3.4
2026-08-07 12:44:22.422 | DEBUG    | eval.evaluation.evaluation:metric_call:77 - metric_func_name exact_match score 1.0 msg exact match, response: 4.5, target: 4.5
2026-08-07 12:44:22.422 | DEBUG    | eval.evaluation.evaluation:metric_call:77 - metric_func_name exact_match score 1.0 msg exact match, response: 4.7, target: 4.7
2026-08-07 12:44:22.422 | DEBUG    | eval.evaluation.evaluation:metric_call:77 - metric_func_name exact_match score 1.0 msg exact match, response: 4.5, target: 4.5
2026-08-07 12:44:22.422 | DEBUG    | eval.evaluation.evaluation:metric_call:77 - metric_func_name exact_match score 1.0 msg exact match, response: 4.7, target: 4.7
2026-08-07 12:44:22.422 | DEBUG    | eval.evaluation.evaluation:metric_call:77 - metric_func_name exact_match score 1.0 msg exact match, response: 3.7, target: 3.7
2026-08-07 12:44:22.422 | DEBUG    | eval.evaluation.evaluation:metric_call:77 - metric_func_name exact_match score 1.0 msg exact match, response: 3.8, target: 3.8
2026-08-07 12:44:22.422 | DEBUG    | eval.evaluation.evaluation:metric_call:77 - metric_func_name exact_match score 1.0 msg exact match, response: 3.8, target: 3.8
2026-08-07 12:44:22.422 | DEBUG    | eval.evaluation.evaluation:metric_call:77 - metric_func_name exact_match score 1.0 msg exact match, response: 4.2, target: 4.2
2026-08-07 12:44:22.422 | DEBUG    | eval.evaluation.evaluation:metric_call:77 - metric_func_name exact_match score 1.0 msg exact match, response: 4.4, target: 4.4
2026-08-07 12:44:22.422 | DEBUG    | eval.evaluation.evaluation:metric_call:77 - metric_func_name exact_match score 1.0 msg exact match, response: 4.2, target: 4.2
2026-08-07 12:44:22.422 | DEBUG    | eval.evaluation.evaluation:metric_call:77 - metric_func_name exact_match score 1.0 msg exact match, response: 2.5, target: 2.5
2026-08-07 12:44:22.423 | DEBUG    | eval.evaluation.evaluation:metric_call:77 - metric_func_name exact_match score 1.0 msg exact match, response: 3.2, target: 3.2
2026-08-07 12:44:22.423 | DEBUG    | eval.evaluation.evaluation:metric_call:77 - metric_func_name exact_match score 1.0 msg exact match, response: 4.0, target: 4.0
2026-08-07 12:44:22.423 | DEBUG    | eval.evaluation.evaluation:metric_call:77 - metric_func_name exact_match score 1.0 msg exact match, response: 4.2, target: 4.2
2026-08-07 12:44:22.423 | DEBUG    | eval.evaluation.evaluation:metric_call:77 - metric_func_name exact_match score 1.0 msg exact match, response: 3.2, target: 3.2
2026-08-07 12:44:22.423 | DEBUG    | eval.evaluation.evaluation:metric_call:77 - metric_func_name exact_match score 1.0 msg exact match, response: 4.0, target: 4.0
2026-08-07 12:44:22.423 | DEBUG    | eval.evaluation.evaluation:metric_call:77 - metric_func_name exact_match score 1.0 msg exact match, response: 4.2, target: 4.2
2026-08-07 12:44:22.423 | DEBUG    | eval.evaluation.evaluation:evaluate_single_query:321 - wide2deep_ws_en_091, col corefrequency(ghz), metric_func_name exact_match, score [1.0, 1.0, 1.0, 1.0, 1.0, 1.0, 1.0, 1.0, 1.0, 1.0, 1.0, 1.0, 1.0, 1.0, 1.0, 1.0, 1.0, 1.0, 1.0, 1.0, 1.0, 1.0, 1.0, 1.0, 1.0, 1.0, 1.0, 1.0, 1.0, 1.0, 1.0, 1.0, 1.0, 1.0, 1.0, 1.0, 1.0, 1.0, 1.0, 1.0, 1.0, 1.0, 1.0, 1.0, 1.0, 1.0, 1.0, 1.0, 1.0, 1.0, 1.0, 1.0, 1.0, 1.0, 1.0, 1.0, 1.0, 1.0, 1.0, 1.0, 1.0, 1.0, 1.0, 1.0, 1.0, 1.0, 1.0, 1.0, 1.0, 1.0, 1.0, 1.0, 1.0, 1.0, 1.0]
2026-08-07 12:44:22.424 | DEBUG    | eval.evaluation.evaluation:metric_call:77 - metric_func_name exact_match score 1.0 msg exact match, response: 4, target: 4
2026-08-07 12:44:22.424 | DEBUG    | eval.evaluation.evaluation:metric_call:77 - metric_func_name exact_match score 1.0 msg exact match, response: 4, target: 4
2026-08-07 12:44:22.424 | DEBUG    | eval.evaluation.evaluation:metric_call:77 - metric_func_name exact_match score 1.0 msg exact match, response: 4, target: 4
2026-08-07 12:44:22.424 | DEBUG    | eval.evaluation.evaluation:metric_call:77 - metric_func_name exact_match score 1.0 msg exact match, response: 3, target: 3
2026-08-07 12:44:22.424 | DEBUG    | eval.evaluation.evaluation:metric_call:77 - metric_func_name exact_match score 1.0 msg exact match, response: 3, target: 3
2026-08-07 12:44:22.424 | DEBUG    | eval.evaluation.evaluation:metric_call:77 - metric_func_name exact_match score 1.0 msg exact match, response: 2, target: 2
2026-08-07 12:44:22.424 | DEBUG    | eval.evaluation.evaluation:metric_call:77 - metric_func_name exact_match score 1.0 msg exact match, response: 2, target: 2
2026-08-07 12:44:22.424 | DEBUG    | eval.evaluation.evaluation:metric_call:77 - metric_func_name exact_match score 1.0 msg exact match, response: 2, target: 2
2026-08-07 12:44:22.424 | DEBUG    | eval.evaluation.evaluation:metric_call:77 - metric_func_name exact_match score 1.0 msg exact match, response: 2, target: 2
2026-08-07 12:44:22.424 | DEBUG    | eval.evaluation.evaluation:metric_call:77 - metric_func_name exact_match score 1.0 msg exact match, response: 8, target: 8
2026-08-07 12:44:22.424 | DEBUG    | eval.evaluation.evaluation:metric_call:77 - metric_func_name exact_match score 1.0 msg exact match, response: 6, target: 6
2026-08-07 12:44:22.424 | DEBUG    | eval.evaluation.evaluation:metric_call:77 - metric_func_name exact_match score 1.0 msg exact match, response: 4, target: 4
2026-08-07 12:44:22.424 | DEBUG    | eval.evaluation.evaluation:metric_call:77 - metric_func_name exact_match score 1.0 msg exact match, response: 2, target: 2
2026-08-07 12:44:22.424 | DEBUG    | eval.evaluation.evaluation:metric_call:77 - metric_func_name exact_match score 1.0 msg exact match, response: 2, target: 2
2026-08-07 12:44:22.424 | DEBUG    | eval.evaluation.evaluation:metric_call:77 - metric_func_name exact_match score 1.0 msg exact match, response: 4, target: 4
2026-08-07 12:44:22.424 | DEBUG    | eval.evaluation.evaluation:metric_call:77 - metric_func_name exact_match score 1.0 msg exact match, response: 4, target: 4
2026-08-07 12:44:22.425 | DEBUG    | eval.evaluation.evaluation:metric_call:77 - metric_func_name exact_match score 1.0 msg exact match, response: 3, target: 3
2026-08-07 12:44:22.425 | DEBUG    | eval.evaluation.evaluation:metric_call:77 - metric_func_name exact_match score 1.0 msg exact match, response: 3, target: 3
2026-08-07 12:44:22.425 | DEBUG    | eval.evaluation.evaluation:metric_call:77 - metric_func_name exact_match score 1.0 msg exact match, response: 16, target: 16
2026-08-07 12:44:22.425 | DEBUG    | eval.evaluation.evaluation:metric_call:77 - metric_func_name exact_match score 1.0 msg exact match, response: 8, target: 8
2026-08-07 12:44:22.425 | DEBUG    | eval.evaluation.evaluation:metric_call:77 - metric_func_name exact_match score 1.0 msg exact match, response: 12, target: 12
2026-08-07 12:44:22.425 | DEBUG    | eval.evaluation.evaluation:metric_call:77 - metric_func_name exact_match score 1.0 msg exact match, response: 6, target: 6
2026-08-07 12:44:22.425 | DEBUG    | eval.evaluation.evaluation:metric_call:77 - metric_func_name exact_match score 1.0 msg exact match, response: 6, target: 6
2026-08-07 12:44:22.425 | DEBUG    | eval.evaluation.evaluation:metric_call:77 - metric_func_name exact_match score 1.0 msg exact match, response: 4, target: 4
2026-08-07 12:44:22.425 | DEBUG    | eval.evaluation.evaluation:metric_call:77 - metric_func_name exact_match score 1.0 msg exact match, response: 4, target: 4
2026-08-07 12:44:22.425 | DEBUG    | eval.evaluation.evaluation:metric_call:77 - metric_func_name exact_match score 1.0 msg exact match, response: 3, target: 3
2026-08-07 12:44:22.425 | DEBUG    | eval.evaluation.evaluation:metric_call:77 - metric_func_name exact_match score 1.0 msg exact match, response: 3, target: 3
2026-08-07 12:44:22.425 | DEBUG    | eval.evaluation.evaluation:metric_call:77 - metric_func_name exact_match score 1.0 msg exact match, response: 2, target: 2
2026-08-07 12:44:22.425 | DEBUG    | eval.evaluation.evaluation:metric_call:77 - metric_func_name exact_match score 1.0 msg exact match, response: 2, target: 2
2026-08-07 12:44:22.425 | DEBUG    | eval.evaluation.evaluation:metric_call:77 - metric_func_name exact_match score 1.0 msg exact match, response: 16, target: 16
2026-08-07 12:44:22.425 | DEBUG    | eval.evaluation.evaluation:metric_call:77 - metric_func_name exact_match score 1.0 msg exact match, response: 12, target: 12
2026-08-07 12:44:22.425 | DEBUG    | eval.evaluation.evaluation:metric_call:77 - metric_func_name exact_match score 1.0 msg exact match, response: 8, target: 8
2026-08-07 12:44:22.425 | DEBUG    | eval.evaluation.evaluation:metric_call:77 - metric_func_name exact_match score 1.0 msg exact match, response: 2, target: 2
2026-08-07 12:44:22.425 | DEBUG    | eval.evaluation.evaluation:metric_call:77 - metric_func_name exact_match score 1.0 msg exact match, response: 2, target: 2
2026-08-07 12:44:22.425 | DEBUG    | eval.evaluation.evaluation:metric_call:77 - metric_func_name exact_match score 1.0 msg exact match, response: 6, target: 6
2026-08-07 12:44:22.425 | DEBUG    | eval.evaluation.evaluation:metric_call:77 - metric_func_name exact_match score 1.0 msg exact match, response: 4, target: 4
2026-08-07 12:44:22.425 | DEBUG    | eval.evaluation.evaluation:metric_call:77 - metric_func_name exact_match score 1.0 msg exact match, response: 3, target: 3
2026-08-07 12:44:22.426 | DEBUG    | eval.evaluation.evaluation:metric_call:77 - metric_func_name exact_match score 1.0 msg exact match, response: 32, target: 32
2026-08-07 12:44:22.426 | DEBUG    | eval.evaluation.evaluation:metric_call:77 - metric_func_name exact_match score 1.0 msg exact match, response: 16, target: 16
2026-08-07 12:44:22.426 | DEBUG    | eval.evaluation.evaluation:metric_call:77 - metric_func_name exact_match score 1.0 msg exact match, response: 8, target: 8
2026-08-07 12:44:22.426 | DEBUG    | eval.evaluation.evaluation:metric_call:77 - metric_func_name exact_match score 1.0 msg exact match, response: 4, target: 4
2026-08-07 12:44:22.426 | DEBUG    | eval.evaluation.evaluation:metric_call:77 - metric_func_name exact_match score 1.0 msg exact match, response: 3, target: 3
2026-08-07 12:44:22.426 | DEBUG    | eval.evaluation.evaluation:metric_call:77 - metric_func_name exact_match score 1.0 msg exact match, response: 2, target: 2
2026-08-07 12:44:22.426 | DEBUG    | eval.evaluation.evaluation:metric_call:77 - metric_func_name exact_match score 1.0 msg exact match, response: 8, target: 8
2026-08-07 12:44:22.426 | DEBUG    | eval.evaluation.evaluation:metric_call:77 - metric_func_name exact_match score 1.0 msg exact match, response: 6, target: 6
2026-08-07 12:44:22.426 | DEBUG    | eval.evaluation.evaluation:metric_call:77 - metric_func_name exact_match score 1.0 msg exact match, response: 4, target: 4
2026-08-07 12:44:22.426 | DEBUG    | eval.evaluation.evaluation:metric_call:77 - metric_func_name exact_match score 1.0 msg exact match, response: 3, target: 3
2026-08-07 12:44:22.426 | DEBUG    | eval.evaluation.evaluation:metric_call:77 - metric_func_name exact_match score 1.0 msg exact match, response: 4, target: 4
2026-08-07 12:44:22.426 | DEBUG    | eval.evaluation.evaluation:metric_call:77 - metric_func_name exact_match score 1.0 msg exact match, response: 3, target: 3
2026-08-07 12:44:22.426 | DEBUG    | eval.evaluation.evaluation:metric_call:77 - metric_func_name exact_match score 1.0 msg exact match, response: 32, target: 32
2026-08-07 12:44:22.426 | DEBUG    | eval.evaluation.evaluation:metric_call:77 - metric_func_name exact_match score 1.0 msg exact match, response: 16, target: 16
2026-08-07 12:44:22.426 | DEBUG    | eval.evaluation.evaluation:metric_call:77 - metric_func_name exact_match score 1.0 msg exact match, response: 12, target: 12
2026-08-07 12:44:22.426 | DEBUG    | eval.evaluation.evaluation:metric_call:77 - metric_func_name exact_match score 1.0 msg exact match, response: 4, target: 4
2026-08-07 12:44:22.426 | DEBUG    | eval.evaluation.evaluation:metric_call:77 - metric_func_name exact_match score 1.0 msg exact match, response: 3, target: 3
2026-08-07 12:44:22.426 | DEBUG    | eval.evaluation.evaluation:metric_call:77 - metric_func_name exact_match score 1.0 msg exact match, response: 3, target: 3
2026-08-07 12:44:22.426 | DEBUG    | eval.evaluation.evaluation:metric_call:77 - metric_func_name exact_match score 1.0 msg exact match, response: 3, target: 3
2026-08-07 12:44:22.426 | DEBUG    | eval.evaluation.evaluation:metric_call:77 - metric_func_name exact_match score 1.0 msg exact match, response: 2, target: 2
2026-08-07 12:44:22.426 | DEBUG    | eval.evaluation.evaluation:metric_call:77 - metric_func_name exact_match score 1.0 msg exact match, response: 4, target: 4
2026-08-07 12:44:22.426 | DEBUG    | eval.evaluation.evaluation:metric_call:77 - metric_func_name exact_match score 1.0 msg exact match, response: 16, target: 16
2026-08-07 12:44:22.427 | DEBUG    | eval.evaluation.evaluation:metric_call:77 - metric_func_name exact_match score 1.0 msg exact match, response: 12, target: 12
2026-08-07 12:44:22.427 | DEBUG    | eval.evaluation.evaluation:metric_call:77 - metric_func_name exact_match score 1.0 msg exact match, response: 8, target: 8
2026-08-07 12:44:22.427 | DEBUG    | eval.evaluation.evaluation:metric_call:77 - metric_func_name exact_match score 1.0 msg exact match, response: 6, target: 6
2026-08-07 12:44:22.427 | DEBUG    | eval.evaluation.evaluation:metric_call:77 - metric_func_name exact_match score 1.0 msg exact match, response: 12, target: 12
2026-08-07 12:44:22.427 | DEBUG    | eval.evaluation.evaluation:metric_call:77 - metric_func_name exact_match score 1.0 msg exact match, response: 8, target: 8
2026-08-07 12:44:22.427 | DEBUG    | eval.evaluation.evaluation:metric_call:77 - metric_func_name exact_match score 1.0 msg exact match, response: 6, target: 6
2026-08-07 12:44:22.427 | DEBUG    | eval.evaluation.evaluation:metric_call:77 - metric_func_name exact_match score 1.0 msg exact match, response: 16, target: 16
2026-08-07 12:44:22.427 | DEBUG    | eval.evaluation.evaluation:metric_call:77 - metric_func_name exact_match score 1.0 msg exact match, response: 12, target: 12
2026-08-07 12:44:22.427 | DEBUG    | eval.evaluation.evaluation:metric_call:77 - metric_func_name exact_match score 1.0 msg exact match, response: 8, target: 8
2026-08-07 12:44:22.427 | DEBUG    | eval.evaluation.evaluation:metric_call:77 - metric_func_name exact_match score 1.0 msg exact match, response: 96, target: 96
2026-08-07 12:44:22.427 | DEBUG    | eval.evaluation.evaluation:metric_call:77 - metric_func_name exact_match score 1.0 msg exact match, response: 64, target: 64
2026-08-07 12:44:22.427 | DEBUG    | eval.evaluation.evaluation:metric_call:77 - metric_func_name exact_match score 1.0 msg exact match, response: 32, target: 32
2026-08-07 12:44:22.427 | DEBUG    | eval.evaluation.evaluation:metric_call:77 - metric_func_name exact_match score 1.0 msg exact match, response: 24, target: 24
2026-08-07 12:44:22.427 | DEBUG    | eval.evaluation.evaluation:metric_call:77 - metric_func_name exact_match score 1.0 msg exact match, response: 64, target: 64
2026-08-07 12:44:22.427 | DEBUG    | eval.evaluation.evaluation:metric_call:77 - metric_func_name exact_match score 1.0 msg exact match, response: 32, target: 32
2026-08-07 12:44:22.427 | DEBUG    | eval.evaluation.evaluation:metric_call:77 - metric_func_name exact_match score 1.0 msg exact match, response: 24, target: 24
2026-08-07 12:44:22.428 | DEBUG    | eval.evaluation.evaluation:evaluate_single_query:321 - wide2deep_ws_en_091, col l2cache(mb), metric_func_name exact_match, score [1.0, 1.0, 1.0, 1.0, 1.0, 1.0, 1.0, 1.0, 1.0, 1.0, 1.0, 1.0, 1.0, 1.0, 1.0, 1.0, 1.0, 1.0, 1.0, 1.0, 1.0, 1.0, 1.0, 1.0, 1.0, 1.0, 1.0, 1.0, 1.0, 1.0, 1.0, 1.0, 1.0, 1.0, 1.0, 1.0, 1.0, 1.0, 1.0, 1.0, 1.0, 1.0, 1.0, 1.0, 1.0, 1.0, 1.0, 1.0, 1.0, 1.0, 1.0, 1.0, 1.0, 1.0, 1.0, 1.0, 1.0, 1.0, 1.0, 1.0, 1.0, 1.0, 1.0, 1.0, 1.0, 1.0, 1.0, 1.0, 1.0, 1.0, 1.0, 1.0, 1.0, 1.0, 1.0]
2026-08-07 12:44:22.428 | DEBUG    | eval.evaluation.evaluation:metric_call:77 - metric_func_name exact_match score 0.0 msg exact not match, response: 16, target: 16.0
2026-08-07 12:44:22.428 | DEBUG    | eval.evaluation.evaluation:metric_call:77 - metric_func_name exact_match score 0.0 msg exact not match, response: 16, target: 16.0
2026-08-07 12:44:22.428 | DEBUG    | eval.evaluation.evaluation:metric_call:77 - metric_func_name exact_match score 0.0 msg exact not match, response: 16, target: 16.0
2026-08-07 12:44:22.428 | DEBUG    | eval.evaluation.evaluation:metric_call:77 - metric_func_name exact_match score 0.0 msg exact not match, response: 16, target: 16.0
2026-08-07 12:44:22.428 | DEBUG    | eval.evaluation.evaluation:metric_call:77 - metric_func_name exact_match score 0.0 msg exact not match, response: 16, target: 16.0
2026-08-07 12:44:22.428 | DEBUG    | eval.evaluation.evaluation:metric_call:77 - metric_func_name exact_match score 0.0 msg exact not match, response: 16, target: 16.0
2026-08-07 12:44:22.428 | DEBUG    | eval.evaluation.evaluation:metric_call:77 - metric_func_name exact_match score 0.0 msg exact not match, response: 8, target: 8.0
2026-08-07 12:44:22.429 | DEBUG    | eval.evaluation.evaluation:metric_call:77 - metric_func_name exact_match score 0.0 msg exact not match, response: 8, target: 8.0
2026-08-07 12:44:22.429 | DEBUG    | eval.evaluation.evaluation:metric_call:77 - metric_func_name exact_match score 0.0 msg exact not match, response: 8, target: 8.0
2026-08-07 12:44:22.429 | DEBUG    | eval.evaluation.evaluation:metric_call:77 - metric_func_name exact_match score 0.0 msg exact not match, response: 32, target: 32.0
2026-08-07 12:44:22.429 | DEBUG    | eval.evaluation.evaluation:metric_call:77 - metric_func_name exact_match score 0.0 msg exact not match, response: 32, target: 32.0
2026-08-07 12:44:22.429 | DEBUG    | eval.evaluation.evaluation:metric_call:77 - metric_func_name exact_match score 0.0 msg exact not match, response: 16, target: 16.0
2026-08-07 12:44:22.429 | DEBUG    | eval.evaluation.evaluation:metric_call:77 - metric_func_name exact_match score 0.0 msg exact not match, response: 4, target: 4.0
2026-08-07 12:44:22.429 | DEBUG    | eval.evaluation.evaluation:metric_call:77 - metric_func_name exact_match score 0.0 msg exact not match, response: 4, target: 4.0
2026-08-07 12:44:22.429 | DEBUG    | eval.evaluation.evaluation:metric_call:77 - metric_func_name exact_match score 0.0 msg exact not match, response: 16, target: 16.0
2026-08-07 12:44:22.429 | DEBUG    | eval.evaluation.evaluation:metric_call:77 - metric_func_name exact_match score 0.0 msg exact not match, response: 16, target: 16.0
2026-08-07 12:44:22.429 | DEBUG    | eval.evaluation.evaluation:metric_call:77 - metric_func_name exact_match score 0.0 msg exact not match, response: 16, target: 16.0
2026-08-07 12:44:22.429 | DEBUG    | eval.evaluation.evaluation:metric_call:77 - metric_func_name exact_match score 0.0 msg exact not match, response: 16, target: 16.0
2026-08-07 12:44:22.429 | DEBUG    | eval.evaluation.evaluation:metric_call:77 - metric_func_name exact_match score 0.0 msg exact not match, response: 64, target: 64.0
2026-08-07 12:44:22.429 | DEBUG    | eval.evaluation.evaluation:metric_call:77 - metric_func_name exact_match score 0.0 msg exact not match, response: 32, target: 32.0
2026-08-07 12:44:22.429 | DEBUG    | eval.evaluation.evaluation:metric_call:77 - metric_func_name exact_match score 0.0 msg exact not match, response: 64, target: 64.0
2026-08-07 12:44:22.429 | DEBUG    | eval.evaluation.evaluation:metric_call:77 - metric_func_name exact_match score 0.0 msg exact not match, response: 32, target: 32.0
2026-08-07 12:44:22.429 | DEBUG    | eval.evaluation.evaluation:metric_call:77 - metric_func_name exact_match score 0.0 msg exact not match, response: 64, target: 64.0
2026-08-07 12:44:22.429 | DEBUG    | eval.evaluation.evaluation:metric_call:77 - metric_func_name exact_match score 0.0 msg exact not match, response: 32, target: 32.0
2026-08-07 12:44:22.429 | DEBUG    | eval.evaluation.evaluation:metric_call:77 - metric_func_name exact_match score 0.0 msg exact not match, response: 32, target: 32.0
2026-08-07 12:44:22.429 | DEBUG    | eval.evaluation.evaluation:metric_call:77 - metric_func_name exact_match score 0.0 msg exact not match, response: 32, target: 32.0
2026-08-07 12:44:22.430 | DEBUG    | eval.evaluation.evaluation:metric_call:77 - metric_func_name exact_match score 0.0 msg exact not match, response: 32, target: 32.0
2026-08-07 12:44:22.430 | DEBUG    | eval.evaluation.evaluation:metric_call:77 - metric_func_name exact_match score 0.0 msg exact not match, response: 4, target: 4.0
2026-08-07 12:44:22.430 | DEBUG    | eval.evaluation.evaluation:metric_call:77 - metric_func_name exact_match score 0.0 msg exact not match, response: 4, target: 4.0
2026-08-07 12:44:22.430 | DEBUG    | eval.evaluation.evaluation:metric_call:77 - metric_func_name exact_match score 0.0 msg exact not match, response: 128, target: 128.0
2026-08-07 12:44:22.430 | DEBUG    | eval.evaluation.evaluation:metric_call:77 - metric_func_name exact_match score 0.0 msg exact not match, response: 128, target: 128.0
2026-08-07 12:44:22.430 | DEBUG    | eval.evaluation.evaluation:metric_call:77 - metric_func_name exact_match score 0.0 msg exact not match, response: 64, target: 64.0
2026-08-07 12:44:22.430 | DEBUG    | eval.evaluation.evaluation:metric_call:77 - metric_func_name exact_match score 0.0 msg exact not match, response: 16, target: 16.0
2026-08-07 12:44:22.430 | DEBUG    | eval.evaluation.evaluation:metric_call:77 - metric_func_name exact_match score 0.0 msg exact not match, response: 16, target: 16.0
2026-08-07 12:44:22.430 | DEBUG    | eval.evaluation.evaluation:metric_call:77 - metric_func_name exact_match score 0.0 msg exact not match, response: 64, target: 64.0
2026-08-07 12:44:22.430 | DEBUG    | eval.evaluation.evaluation:metric_call:77 - metric_func_name exact_match score 0.0 msg exact not match, response: 32, target: 32.0
2026-08-07 12:44:22.430 | DEBUG    | eval.evaluation.evaluation:metric_call:77 - metric_func_name exact_match score 0.0 msg exact not match, response: 32, target: 32.0
2026-08-07 12:44:22.430 | DEBUG    | eval.evaluation.evaluation:metric_call:77 - metric_func_name exact_match score 0.0 msg exact not match, response: 256, target: 256.0
2026-08-07 12:44:22.430 | DEBUG    | eval.evaluation.evaluation:metric_call:77 - metric_func_name exact_match score 0.0 msg exact not match, response: 128, target: 128.0
2026-08-07 12:44:22.430 | DEBUG    | eval.evaluation.evaluation:metric_call:77 - metric_func_name exact_match score 0.0 msg exact not match, response: 64, target: 64.0
2026-08-07 12:44:22.430 | DEBUG    | eval.evaluation.evaluation:metric_call:77 - metric_func_name exact_match score 0.0 msg exact not match, response: 8, target: 8.0
2026-08-07 12:44:22.430 | DEBUG    | eval.evaluation.evaluation:metric_call:77 - metric_func_name exact_match score 0.0 msg exact not match, response: 8, target: 8.0
2026-08-07 12:44:22.430 | DEBUG    | eval.evaluation.evaluation:metric_call:77 - metric_func_name exact_match score 0.0 msg exact not match, response: 4, target: 4.0
2026-08-07 12:44:22.430 | DEBUG    | eval.evaluation.evaluation:metric_call:77 - metric_func_name exact_match score 0.0 msg exact not match, response: 64, target: 64.0
2026-08-07 12:44:22.430 | DEBUG    | eval.evaluation.evaluation:metric_call:77 - metric_func_name exact_match score 0.0 msg exact not match, response: 64, target: 64.0
2026-08-07 12:44:22.430 | DEBUG    | eval.evaluation.evaluation:metric_call:77 - metric_func_name exact_match score 0.0 msg exact not match, response: 32, target: 32.0
2026-08-07 12:44:22.430 | DEBUG    | eval.evaluation.evaluation:metric_call:77 - metric_func_name exact_match score 0.0 msg exact not match, response: 32, target: 32.0
2026-08-07 12:44:22.430 | DEBUG    | eval.evaluation.evaluation:metric_call:77 - metric_func_name exact_match score 0.0 msg exact not match, response: 16, target: 16.0
2026-08-07 12:44:22.431 | DEBUG    | eval.evaluation.evaluation:metric_call:77 - metric_func_name exact_match score 0.0 msg exact not match, response: 16, target: 16.0
2026-08-07 12:44:22.431 | DEBUG    | eval.evaluation.evaluation:metric_call:77 - metric_func_name exact_match score 0.0 msg exact not match, response: 256, target: 256.0
2026-08-07 12:44:22.431 | DEBUG    | eval.evaluation.evaluation:metric_call:77 - metric_func_name exact_match score 0.0 msg exact not match, response: 128, target: 128.0
2026-08-07 12:44:22.431 | DEBUG    | eval.evaluation.evaluation:metric_call:77 - metric_func_name exact_match score 0.0 msg exact not match, response: 128, target: 128.0
2026-08-07 12:44:22.431 | DEBUG    | eval.evaluation.evaluation:metric_call:77 - metric_func_name exact_match score 0.0 msg exact not match, response: 32, target: 32.0
2026-08-07 12:44:22.431 | DEBUG    | eval.evaluation.evaluation:metric_call:77 - metric_func_name exact_match score 0.0 msg exact not match, response: 32, target: 32.0
2026-08-07 12:44:22.431 | DEBUG    | eval.evaluation.evaluation:metric_call:77 - metric_func_name exact_match score 0.0 msg exact not match, response: 16, target: 16.0
2026-08-07 12:44:22.431 | DEBUG    | eval.evaluation.evaluation:metric_call:77 - metric_func_name exact_match score 0.0 msg exact not match, response: 8, target: 8.0
2026-08-07 12:44:22.431 | DEBUG    | eval.evaluation.evaluation:metric_call:77 - metric_func_name exact_match score 0.0 msg exact not match, response: 4, target: 4.0
2026-08-07 12:44:22.431 | DEBUG    | eval.evaluation.evaluation:metric_call:77 - metric_func_name exact_match score 0.0 msg exact not match, response: 96, target: 96.0
2026-08-07 12:44:22.431 | DEBUG    | eval.evaluation.evaluation:metric_call:77 - metric_func_name exact_match score 0.0 msg exact not match, response: 64, target: 64.0
2026-08-07 12:44:22.431 | DEBUG    | eval.evaluation.evaluation:metric_call:77 - metric_func_name exact_match score 0.0 msg exact not match, response: 64, target: 64.0
2026-08-07 12:44:22.431 | DEBUG    | eval.evaluation.evaluation:metric_call:77 - metric_func_name exact_match score 0.0 msg exact not match, response: 32, target: 32.0
2026-08-07 12:44:22.431 | DEBUG    | eval.evaluation.evaluation:metric_call:77 - metric_func_name exact_match score 0.0 msg exact not match, response: 32, target: 32.0
2026-08-07 12:44:22.431 | DEBUG    | eval.evaluation.evaluation:metric_call:77 - metric_func_name exact_match score 0.0 msg exact not match, response: 64, target: 64.0
2026-08-07 12:44:22.431 | DEBUG    | eval.evaluation.evaluation:metric_call:77 - metric_func_name exact_match score 0.0 msg exact not match, response: 32, target: 32.0
2026-08-07 12:44:22.431 | DEBUG    | eval.evaluation.evaluation:metric_call:77 - metric_func_name exact_match score 0.0 msg exact not match, response: 32, target: 32.0
2026-08-07 12:44:22.431 | DEBUG    | eval.evaluation.evaluation:metric_call:77 - metric_func_name exact_match score 0.0 msg exact not match, response: 128, target: 128.0
2026-08-07 12:44:22.431 | DEBUG    | eval.evaluation.evaluation:metric_call:77 - metric_func_name exact_match score 0.0 msg exact not match, response: 128, target: 128.0
2026-08-07 12:44:22.431 | DEBUG    | eval.evaluation.evaluation:metric_call:77 - metric_func_name exact_match score 0.0 msg exact not match, response: 96, target: 96.0
2026-08-07 12:44:22.431 | DEBUG    | eval.evaluation.evaluation:metric_call:77 - metric_func_name exact_match score 0.0 msg exact not match, response: 384, target: 384.0
2026-08-07 12:44:22.431 | DEBUG    | eval.evaluation.evaluation:metric_call:77 - metric_func_name exact_match score 0.0 msg exact not match, response: 256, target: 256.0
2026-08-07 12:44:22.432 | DEBUG    | eval.evaluation.evaluation:metric_call:77 - metric_func_name exact_match score 0.0 msg exact not match, response: 128, target: 128.0
2026-08-07 12:44:22.432 | DEBUG    | eval.evaluation.evaluation:metric_call:77 - metric_func_name exact_match score 0.0 msg exact not match, response: 128, target: 128.0
2026-08-07 12:44:22.432 | DEBUG    | eval.evaluation.evaluation:metric_call:77 - metric_func_name exact_match score 0.0 msg exact not match, response: 256, target: 256.0
2026-08-07 12:44:22.432 | DEBUG    | eval.evaluation.evaluation:metric_call:77 - metric_func_name exact_match score 0.0 msg exact not match, response: 128, target: 128.0
2026-08-07 12:44:22.432 | DEBUG    | eval.evaluation.evaluation:metric_call:77 - metric_func_name exact_match score 0.0 msg exact not match, response: 128, target: 128.0
2026-08-07 12:44:22.432 | DEBUG    | eval.evaluation.evaluation:evaluate_single_query:321 - wide2deep_ws_en_091, col l3cache(mb), metric_func_name exact_match, score [0.0, 0.0, 0.0, 0.0, 0.0, 0.0, 0.0, 0.0, 0.0, 0.0, 0.0, 0.0, 0.0, 0.0, 0.0, 0.0, 0.0, 0.0, 0.0, 0.0, 0.0, 0.0, 0.0, 0.0, 0.0, 0.0, 0.0, 0.0, 0.0, 0.0, 0.0, 0.0, 0.0, 0.0, 0.0, 0.0, 0.0, 0.0, 0.0, 0.0, 0.0, 0.0, 0.0, 0.0, 0.0, 0.0, 0.0, 0.0, 0.0, 0.0, 0.0, 0.0, 0.0, 0.0, 0.0, 0.0, 0.0, 0.0, 0.0, 0.0, 0.0, 0.0, 0.0, 0.0, 0.0, 0.0, 0.0, 0.0, 0.0, 0.0, 0.0, 0.0, 0.0, 0.0, 0.0]
2026-08-07 12:44:30.711 | DEBUG    | eval.evaluation.evaluation:evaluate_single_query:321 - wide2deep_ws_en_091, col graphicsmodel, metric_func_name llm_judge, score [0, 0, 0, 0, 0, 0, 0, 0, 0, 0, 0, 0, 0, 1, 0, 0, 0, 0, 0, 0, 0, 0, 0, 0, 0, 0, 0, 1, 1, 0, 0, 0, 0, 0, 0, 0, 0, 0, 0, 0, 1, 1, 1, 0, 0, 0, 0, 1, 1, 0, 0, 0, 0, 0, 0, 0, 0, 0, 1, 1, 1, 1, 1, 1, 1, 1, 1, 1, 0, 0, 0, 0, 0, 0, 0]
2026-08-07 12:44:30.711 | DEBUG    | eval.evaluation.evaluation:metric_call:77 - metric_func_name exact_match score 1.0 msg exact match, response: nan, target: nan
2026-08-07 12:44:30.711 | DEBUG    | eval.evaluation.evaluation:metric_call:77 - metric_func_name exact_match score 1.0 msg exact match, response: nan, target: nan
2026-08-07 12:44:30.711 | DEBUG    | eval.evaluation.evaluation:metric_call:77 - metric_func_name exact_match score 1.0 msg exact match, response: nan, target: nan
2026-08-07 12:44:30.711 | DEBUG    | eval.evaluation.evaluation:metric_call:77 - metric_func_name exact_match score 1.0 msg exact match, response: nan, target: nan
2026-08-07 12:44:30.711 | DEBUG    | eval.evaluation.evaluation:metric_call:77 - metric_func_name exact_match score 1.0 msg exact match, response: nan, target: nan
2026-08-07 12:44:30.711 | DEBUG    | eval.evaluation.evaluation:metric_call:77 - metric_func_name exact_match score 1.0 msg exact match, response: nan, target: nan
2026-08-07 12:44:30.711 | DEBUG    | eval.evaluation.evaluation:metric_call:77 - metric_func_name exact_match score 1.0 msg exact match, response: nan, target: nan
2026-08-07 12:44:30.711 | DEBUG    | eval.evaluation.evaluation:metric_call:77 - metric_func_name exact_match score 1.0 msg exact match, response: nan, target: nan
2026-08-07 12:44:30.711 | DEBUG    | eval.evaluation.evaluation:metric_call:77 - metric_func_name exact_match score 1.0 msg exact match, response: nan, target: nan
2026-08-07 12:44:30.711 | DEBUG    | eval.evaluation.evaluation:metric_call:77 - metric_func_name exact_match score 1.0 msg exact match, response: nan, target: nan
2026-08-07 12:44:30.712 | DEBUG    | eval.evaluation.evaluation:metric_call:77 - metric_func_name exact_match score 1.0 msg exact match, response: nan, target: nan
2026-08-07 12:44:30.712 | DEBUG    | eval.evaluation.evaluation:metric_call:77 - metric_func_name exact_match score 1.0 msg exact match, response: nan, target: nan
2026-08-07 12:44:30.712 | DEBUG    | eval.evaluation.evaluation:metric_call:77 - metric_func_name exact_match score 1.0 msg exact match, response: 11.0, target: 11.0
2026-08-07 12:44:30.712 | DEBUG    | eval.evaluation.evaluation:metric_call:77 - metric_func_name exact_match score 1.0 msg exact match, response: 8.0, target: 8.0
2026-08-07 12:44:30.712 | DEBUG    | eval.evaluation.evaluation:metric_call:77 - metric_func_name exact_match score 1.0 msg exact match, response: nan, target: nan
2026-08-07 12:44:30.712 | DEBUG    | eval.evaluation.evaluation:metric_call:77 - metric_func_name exact_match score 1.0 msg exact match, response: nan, target: nan
2026-08-07 12:44:30.712 | DEBUG    | eval.evaluation.evaluation:metric_call:77 - metric_func_name exact_match score 1.0 msg exact match, response: nan, target: nan
2026-08-07 12:44:30.712 | DEBUG    | eval.evaluation.evaluation:metric_call:77 - metric_func_name exact_match score 1.0 msg exact match, response: nan, target: nan
2026-08-07 12:44:30.712 | DEBUG    | eval.evaluation.evaluation:metric_call:77 - metric_func_name exact_match score 1.0 msg exact match, response: nan, target: nan
2026-08-07 12:44:30.712 | DEBUG    | eval.evaluation.evaluation:metric_call:77 - metric_func_name exact_match score 1.0 msg exact match, response: nan, target: nan
2026-08-07 12:44:30.712 | DEBUG    | eval.evaluation.evaluation:metric_call:77 - metric_func_name exact_match score 1.0 msg exact match, response: nan, target: nan
2026-08-07 12:44:30.712 | DEBUG    | eval.evaluation.evaluation:metric_call:77 - metric_func_name exact_match score 1.0 msg exact match, response: nan, target: nan
2026-08-07 12:44:30.712 | DEBUG    | eval.evaluation.evaluation:metric_call:77 - metric_func_name exact_match score 1.0 msg exact match, response: nan, target: nan
2026-08-07 12:44:30.712 | DEBUG    | eval.evaluation.evaluation:metric_call:77 - metric_func_name exact_match score 1.0 msg exact match, response: nan, target: nan
2026-08-07 12:44:30.712 | DEBUG    | eval.evaluation.evaluation:metric_call:77 - metric_func_name exact_match score 1.0 msg exact match, response: nan, target: nan
2026-08-07 12:44:30.712 | DEBUG    | eval.evaluation.evaluation:metric_call:77 - metric_func_name exact_match score 1.0 msg exact match, response: nan, target: nan
2026-08-07 12:44:30.712 | DEBUG    | eval.evaluation.evaluation:metric_call:77 - metric_func_name exact_match score 1.0 msg exact match, response: nan, target: nan
2026-08-07 12:44:30.712 | DEBUG    | eval.evaluation.evaluation:metric_call:77 - metric_func_name exact_match score 1.0 msg exact match, response: 11.0, target: 11.0
2026-08-07 12:44:30.712 | DEBUG    | eval.evaluation.evaluation:metric_call:77 - metric_func_name exact_match score 1.0 msg exact match, response: 8.0, target: 8.0
2026-08-07 12:44:30.712 | DEBUG    | eval.evaluation.evaluation:metric_call:77 - metric_func_name exact_match score 1.0 msg exact match, response: nan, target: nan
2026-08-07 12:44:30.712 | DEBUG    | eval.evaluation.evaluation:metric_call:77 - metric_func_name exact_match score 1.0 msg exact match, response: nan, target: nan
2026-08-07 12:44:30.713 | DEBUG    | eval.evaluation.evaluation:metric_call:77 - metric_func_name exact_match score 1.0 msg exact match, response: nan, target: nan
2026-08-07 12:44:30.713 | DEBUG    | eval.evaluation.evaluation:metric_call:77 - metric_func_name exact_match score 1.0 msg exact match, response: nan, target: nan
2026-08-07 12:44:30.713 | DEBUG    | eval.evaluation.evaluation:metric_call:77 - metric_func_name exact_match score 1.0 msg exact match, response: nan, target: nan
2026-08-07 12:44:30.713 | DEBUG    | eval.evaluation.evaluation:metric_call:77 - metric_func_name exact_match score 1.0 msg exact match, response: nan, target: nan
2026-08-07 12:44:30.713 | DEBUG    | eval.evaluation.evaluation:metric_call:77 - metric_func_name exact_match score 1.0 msg exact match, response: nan, target: nan
2026-08-07 12:44:30.713 | DEBUG    | eval.evaluation.evaluation:metric_call:77 - metric_func_name exact_match score 1.0 msg exact match, response: nan, target: nan
2026-08-07 12:44:30.713 | DEBUG    | eval.evaluation.evaluation:metric_call:77 - metric_func_name exact_match score 1.0 msg exact match, response: nan, target: nan
2026-08-07 12:44:30.713 | DEBUG    | eval.evaluation.evaluation:metric_call:77 - metric_func_name exact_match score 1.0 msg exact match, response: nan, target: nan
2026-08-07 12:44:30.713 | DEBUG    | eval.evaluation.evaluation:metric_call:77 - metric_func_name exact_match score 1.0 msg exact match, response: nan, target: nan
2026-08-07 12:44:30.713 | DEBUG    | eval.evaluation.evaluation:metric_call:77 - metric_func_name exact_match score 1.0 msg exact match, response: 8.0, target: 8.0
2026-08-07 12:44:30.713 | DEBUG    | eval.evaluation.evaluation:metric_call:77 - metric_func_name exact_match score 1.0 msg exact match, response: 7.0, target: 7.0
2026-08-07 12:44:30.713 | DEBUG    | eval.evaluation.evaluation:metric_call:77 - metric_func_name exact_match score 1.0 msg exact match, response: 6.0, target: 6.0
2026-08-07 12:44:30.713 | DEBUG    | eval.evaluation.evaluation:metric_call:77 - metric_func_name exact_match score 1.0 msg exact match, response: nan, target: nan
2026-08-07 12:44:30.713 | DEBUG    | eval.evaluation.evaluation:metric_call:77 - metric_func_name exact_match score 1.0 msg exact match, response: nan, target: nan
2026-08-07 12:44:30.713 | DEBUG    | eval.evaluation.evaluation:metric_call:77 - metric_func_name exact_match score 1.0 msg exact match, response: nan, target: nan
2026-08-07 12:44:30.713 | DEBUG    | eval.evaluation.evaluation:metric_call:77 - metric_func_name exact_match score 1.0 msg exact match, response: nan, target: nan
2026-08-07 12:44:30.713 | DEBUG    | eval.evaluation.evaluation:metric_call:77 - metric_func_name exact_match score 1.0 msg exact match, response: 8.0, target: 8.0
2026-08-07 12:44:30.713 | DEBUG    | eval.evaluation.evaluation:metric_call:77 - metric_func_name exact_match score 1.0 msg exact match, response: 7.0, target: 7.0
2026-08-07 12:44:30.713 | DEBUG    | eval.evaluation.evaluation:metric_call:77 - metric_func_name exact_match score 1.0 msg exact match, response: nan, target: nan
2026-08-07 12:44:30.713 | DEBUG    | eval.evaluation.evaluation:metric_call:77 - metric_func_name exact_match score 1.0 msg exact match, response: nan, target: nan
2026-08-07 12:44:30.713 | DEBUG    | eval.evaluation.evaluation:metric_call:77 - metric_func_name exact_match score 1.0 msg exact match, response: nan, target: nan
2026-08-07 12:44:30.713 | DEBUG    | eval.evaluation.evaluation:metric_call:77 - metric_func_name exact_match score 1.0 msg exact match, response: nan, target: nan
2026-08-07 12:44:30.714 | DEBUG    | eval.evaluation.evaluation:metric_call:77 - metric_func_name exact_match score 1.0 msg exact match, response: nan, target: nan
2026-08-07 12:44:30.714 | DEBUG    | eval.evaluation.evaluation:metric_call:77 - metric_func_name exact_match score 1.0 msg exact match, response: nan, target: nan
2026-08-07 12:44:30.714 | DEBUG    | eval.evaluation.evaluation:metric_call:77 - metric_func_name exact_match score 1.0 msg exact match, response: nan, target: nan
2026-08-07 12:44:30.714 | DEBUG    | eval.evaluation.evaluation:metric_call:77 - metric_func_name exact_match score 1.0 msg exact match, response: nan, target: nan
2026-08-07 12:44:30.714 | DEBUG    | eval.evaluation.evaluation:metric_call:77 - metric_func_name exact_match score 1.0 msg exact match, response: nan, target: nan
2026-08-07 12:44:30.714 | DEBUG    | eval.evaluation.evaluation:metric_call:77 - metric_func_name exact_match score 1.0 msg exact match, response: 2.0, target: 2.0
2026-08-07 12:44:30.714 | DEBUG    | eval.evaluation.evaluation:metric_call:77 - metric_func_name exact_match score 1.0 msg exact match, response: 2.0, target: 2.0
2026-08-07 12:44:30.714 | DEBUG    | eval.evaluation.evaluation:metric_call:77 - metric_func_name exact_match score 1.0 msg exact match, response: 2.0, target: 2.0
2026-08-07 12:44:30.714 | DEBUG    | eval.evaluation.evaluation:metric_call:77 - metric_func_name exact_match score 1.0 msg exact match, response: 2.0, target: 2.0
2026-08-07 12:44:30.714 | DEBUG    | eval.evaluation.evaluation:metric_call:77 - metric_func_name exact_match score 1.0 msg exact match, response: 2.0, target: 2.0
2026-08-07 12:44:30.714 | DEBUG    | eval.evaluation.evaluation:metric_call:77 - metric_func_name exact_match score 1.0 msg exact match, response: 2.0, target: 2.0
2026-08-07 12:44:30.714 | DEBUG    | eval.evaluation.evaluation:metric_call:77 - metric_func_name exact_match score 1.0 msg exact match, response: 2.0, target: 2.0
2026-08-07 12:44:30.714 | DEBUG    | eval.evaluation.evaluation:metric_call:77 - metric_func_name exact_match score 1.0 msg exact match, response: 2.0, target: 2.0
2026-08-07 12:44:30.714 | DEBUG    | eval.evaluation.evaluation:metric_call:77 - metric_func_name exact_match score 1.0 msg exact match, response: 2.0, target: 2.0
2026-08-07 12:44:30.714 | DEBUG    | eval.evaluation.evaluation:metric_call:77 - metric_func_name exact_match score 1.0 msg exact match, response: 2.0, target: 2.0
2026-08-07 12:44:30.714 | DEBUG    | eval.evaluation.evaluation:metric_call:77 - metric_func_name exact_match score 1.0 msg exact match, response: nan, target: nan
2026-08-07 12:44:30.714 | DEBUG    | eval.evaluation.evaluation:metric_call:77 - metric_func_name exact_match score 1.0 msg exact match, response: nan, target: nan
2026-08-07 12:44:30.714 | DEBUG    | eval.evaluation.evaluation:metric_call:77 - metric_func_name exact_match score 1.0 msg exact match, response: nan, target: nan
2026-08-07 12:44:30.714 | DEBUG    | eval.evaluation.evaluation:metric_call:77 - metric_func_name exact_match score 1.0 msg exact match, response: nan, target: nan
2026-08-07 12:44:30.714 | DEBUG    | eval.evaluation.evaluation:metric_call:77 - metric_func_name exact_match score 1.0 msg exact match, response: nan, target: nan
2026-08-07 12:44:30.714 | DEBUG    | eval.evaluation.evaluation:metric_call:77 - metric_func_name exact_match score 1.0 msg exact match, response: nan, target: nan
2026-08-07 12:44:30.714 | DEBUG    | eval.evaluation.evaluation:metric_call:77 - metric_func_name exact_match score 1.0 msg exact match, response: nan, target: nan
2026-08-07 12:44:30.715 | DEBUG    | eval.evaluation.evaluation:evaluate_single_query:321 - wide2deep_ws_en_091, col numberofgraphicscores, metric_func_name exact_match, score [1.0, 1.0, 1.0, 1.0, 1.0, 1.0, 1.0, 1.0, 1.0, 1.0, 1.0, 1.0, 1.0, 1.0, 1.0, 1.0, 1.0, 1.0, 1.0, 1.0, 1.0, 1.0, 1.0, 1.0, 1.0, 1.0, 1.0, 1.0, 1.0, 1.0, 1.0, 1.0, 1.0, 1.0, 1.0, 1.0, 1.0, 1.0, 1.0, 1.0, 1.0, 1.0, 1.0, 1.0, 1.0, 1.0, 1.0, 1.0, 1.0, 1.0, 1.0, 1.0, 1.0, 1.0, 1.0, 1.0, 1.0, 1.0, 1.0, 1.0, 1.0, 1.0, 1.0, 1.0, 1.0, 1.0, 1.0, 1.0, 1.0, 1.0, 1.0, 1.0, 1.0, 1.0, 1.0]
2026-08-07 12:44:30.735 | INFO     | eval.evaluation.evaluation:evaluate_single_query:380 - wide2deep_ws_en_091, P/R/F1 by unique_columns: 0.8333/0.2266/0.3563
2026-08-07 12:44:30.735 | INFO     | eval.evaluation.evaluation:evaluate_single_query:383 - wide2deep_ws_en_091, P/R/F1 by row: 0.0000/0.0000/0.0000
2026-08-07 12:44:30.735 | INFO     | eval.evaluation.evaluation:evaluate_single_query:386 - wide2deep_ws_en_091, P/R/F1 by item: 0.5574/0.1516/0.2383
2026-08-07 12:44:30.749 | INFO     | eval.evaluation.evaluation:evaluate_single_query:398 - wide2deep_ws_en_091, final table score: 0.0
{"event": "eval_done", "idx": 1, "instance_id": "wide2deep_ws_en_091", "score": 0.0, "entity_acc": 1.0, "f1_by_row": 0.0, "f1_by_item": 0.2383214568487728, "column_f1": 0.35629453681710216, "error": null, "elapsed_seconds": 48.462, "running_n": 1}
2026-08-07 12:44:33.230 | DEBUG    | eval.evaluation.data_loader:extract_dataframe:167 - find markdown_str 
| Event | Primary State Affected | Death Toll | Acres Burned |  ...
2026-08-07 12:44:35.535 | INFO     | eval.evaluation.metric_utils:primary_key_preprocess:246 - primary_key_preprocess result: ```json
{
  "2003-10": "2003-10",
  "2013-06": "2013-06",
  "2017-10": "2017-10",
  "2018-11": "2018-11",
  "2020-08": "2020-08",
  "2023-08": "2023-08"
}
```
2026-08-07 12:44:35.535 | INFO     | eval.evaluation.evaluation:evaluate_single_query:223 - col: startmonth, primary_key_map {'2003-10': '2003-10', '2013-06': '2013-06', '2017-10': '2017-10', '2018-11': '2018-11', '2020-08': '2020-08', '2023-08': '2023-08'}
2026-08-07 12:44:35.543 | INFO     | eval.evaluation.evaluation:evaluate_single_query:275 - wide2deep_ws_en_099, df_inner shape: (6, 14), answer_df shape: (11, 7), response_df shape: (6, 8)
2026-08-07 12:44:39.483 | DEBUG    | eval.evaluation.evaluation:evaluate_single_query:321 - wide2deep_ws_en_099, col event, metric_func_name llm_judge, score [1, 1, 0, 1, 1, 1]
2026-08-07 12:44:42.735 | DEBUG    | eval.evaluation.evaluation:evaluate_single_query:321 - wide2deep_ws_en_099, col primarystateaffected, metric_func_name llm_judge, score [1, 1, 1, 1, 1, 1]
2026-08-07 12:44:42.736 | DEBUG    | eval.evaluation.evaluation:metric_call:77 - metric_func_name number_near score 1.0 msg number near in range 10.0%, response: 15.0, target: 15.0
2026-08-07 12:44:42.736 | DEBUG    | eval.evaluation.evaluation:metric_call:77 - metric_func_name number_near score 1.0 msg number near in range 10.0%, response: 19.0, target: 19.0
2026-08-07 12:44:42.736 | DEBUG    | eval.evaluation.evaluation:metric_call:77 - metric_func_name number_near score 0.0 msg number not near, response: 22.0, target: 44.0
2026-08-07 12:44:42.736 | DEBUG    | eval.evaluation.evaluation:metric_call:77 - metric_func_name number_near score 1.0 msg number near in range 10.0%, response: 85.0, target: 85.0
2026-08-07 12:44:42.736 | DEBUG    | eval.evaluation.evaluation:metric_call:77 - metric_func_name number_near score 1.0 msg number near in range 10.0%, response: 102.0, target: 102.0
2026-08-07 12:44:42.736 | DEBUG    | eval.evaluation.evaluation:metric_call:77 - metric_func_name number_near score 1.0 msg number near in range 10.0%, response: 16.0, target: 16.0
2026-08-07 12:44:42.737 | DEBUG    | eval.evaluation.evaluation:evaluate_single_query:321 - wide2deep_ws_en_099, col deathtoll, metric_func_name number_near, score [1.0, 1.0, 0.0, 1.0, 1.0, 1.0]
2026-08-07 12:44:42.737 | DEBUG    | eval.evaluation.evaluation:metric_call:77 - metric_func_name number_near score 1.0 msg number near in range 10.0%, response: 273246.0, target: 273246.0
2026-08-07 12:44:42.738 | DEBUG    | eval.evaluation.evaluation:metric_call:77 - metric_func_name number_near score 1.0 msg number near in range 10.0%, response: 8400.0, target: 8400.0
2026-08-07 12:44:42.738 | DEBUG    | eval.evaluation.evaluation:metric_call:77 - metric_func_name number_near score 0.0 msg number not near, response: 36807.0, target: 245000.0
2026-08-07 12:44:42.738 | DEBUG    | eval.evaluation.evaluation:metric_call:77 - metric_func_name number_near score 1.0 msg number near in range 10.0%, response: 153336.0, target: 153336.0
2026-08-07 12:44:42.738 | DEBUG    | eval.evaluation.evaluation:metric_call:77 - metric_func_name number_near score 0.0 msg number not near, response: 2170.0, target: 17000.0
2026-08-07 12:44:42.738 | DEBUG    | eval.evaluation.evaluation:metric_call:77 - metric_func_name number_near score 1.0 msg number near in range 10.0%, response: 318935.0, target: 318935.0
2026-08-07 12:44:42.739 | DEBUG    | eval.evaluation.evaluation:evaluate_single_query:321 - wide2deep_ws_en_099, col acresburned, metric_func_name number_near, score [1.0, 1.0, 0.0, 1.0, 0.0, 1.0]
2026-08-07 12:44:42.739 | DEBUG    | eval.evaluation.evaluation:metric_call:77 - metric_func_name number_near score 1.0 msg number near in range 10.0%, response: 2820.0, target: 2826.0
2026-08-07 12:44:42.739 | DEBUG    | eval.evaluation.evaluation:metric_call:77 - metric_func_name number_near score 1.0 msg number near in range 10.0%, response: 129.0, target: 129.0
2026-08-07 12:44:42.739 | DEBUG    | eval.evaluation.evaluation:metric_call:77 - metric_func_name number_near score 0.0 msg number not near, response: 5643.0, target: 8900.0
2026-08-07 12:44:42.739 | DEBUG    | eval.evaluation.evaluation:metric_call:77 - metric_func_name number_near score 0.0 msg number not near, response: 18804.0, target: 188804.0
2026-08-07 12:44:42.740 | DEBUG    | eval.evaluation.evaluation:metric_call:77 - metric_func_name number_near score 1.0 msg number near in range 10.0%, response: 2207.0, target: 2207.0
2026-08-07 12:44:42.740 | DEBUG    | eval.evaluation.evaluation:metric_call:77 - metric_func_name number_near score 1.0 msg number near in range 10.0%, response: 2352.0, target: 2352.0
2026-08-07 12:44:42.740 | DEBUG    | eval.evaluation.evaluation:evaluate_single_query:321 - wide2deep_ws_en_099, col structuredestroyed, metric_func_name number_near, score [1.0, 1.0, 0.0, 0.0, 1.0, 1.0]
2026-08-07 12:44:42.741 | DEBUG    | eval.evaluation.evaluation:metric_call:77 - metric_func_name number_near score 1.0 msg number near in range 10.0%, response: 1.3, target: 1.3
2026-08-07 12:44:42.741 | DEBUG    | eval.evaluation.evaluation:metric_call:77 - metric_func_name number_near score 0.0 msg number not near, response: 0.07, target: 0.9
2026-08-07 12:44:42.741 | DEBUG    | eval.evaluation.evaluation:metric_call:77 - metric_func_name number_near score 0.0 msg number not near, response: 8.7, target: 14.5
2026-08-07 12:44:42.741 | DEBUG    | eval.evaluation.evaluation:metric_call:77 - metric_func_name number_near score 1.0 msg number near in range 10.0%, response: 16.65, target: 16.6
2026-08-07 12:44:42.741 | DEBUG    | eval.evaluation.evaluation:metric_call:77 - metric_func_name number_near score 1.0 msg number near in range 10.0%, response: 5.5, target: 5.5
2026-08-07 12:44:42.741 | DEBUG    | eval.evaluation.evaluation:metric_call:77 - metric_func_name number_near score 1.0 msg number near in range 10.0%, response: 1.3, target: 1.2
2026-08-07 12:44:42.742 | DEBUG    | eval.evaluation.evaluation:evaluate_single_query:321 - wide2deep_ws_en_099, col damage(billion), metric_func_name number_near, score [1.0, 0.0, 0.0, 1.0, 1.0, 1.0]
2026-08-07 12:44:42.747 | INFO     | eval.evaluation.evaluation:evaluate_single_query:380 - wide2deep_ws_en_099, P/R/F1 by unique_columns: 1.0000/0.5455/0.7059
2026-08-07 12:44:42.747 | INFO     | eval.evaluation.evaluation:evaluate_single_query:383 - wide2deep_ws_en_099, P/R/F1 by row: 0.3333/0.1818/0.2353
2026-08-07 12:44:42.747 | INFO     | eval.evaluation.evaluation:evaluate_single_query:386 - wide2deep_ws_en_099, P/R/F1 by item: 0.8095/0.4416/0.5714
2026-08-07 12:44:42.749 | INFO     | eval.evaluation.evaluation:evaluate_single_query:398 - wide2deep_ws_en_099, final table score: 0.0
{"event": "eval_done", "idx": 2, "instance_id": "wide2deep_ws_en_099", "score": 0.0, "entity_acc": 1.0, "f1_by_row": 0.23529411764705885, "f1_by_item": 0.5714285714285715, "column_f1": 0.7058823529411764, "error": null, "elapsed_seconds": 11.976, "running_n": 2}
2026-08-07 12:44:46.632 | DEBUG    | eval.evaluation.data_loader:extract_dataframe:167 - find markdown_str 
| 年份 | 院校 | 专业组 | 投档线总分 | 本段人数 | 累计人数 |
| --- | --- | --- | --- ...
2026-08-07 12:44:49.021 | INFO     | eval.evaluation.metric_utils:primary_key_preprocess:246 - primary_key_preprocess result: ```json
{
  "2024": "2024",
  "2023": "2023",
  "2022": "2022",
  "2021": "2021",
  "2020": "2020"
}
```
2026-08-07 12:44:49.021 | INFO     | eval.evaluation.evaluation:evaluate_single_query:223 - col: 年份, primary_key_map {'2024': '2024', '2023': '2023', '2022': '2022', '2021': '2021', '2020': '2020'}
2026-08-07 12:44:52.400 | INFO     | eval.evaluation.metric_utils:primary_key_preprocess:246 - primary_key_preprocess result: ```json
{}
```
2026-08-07 12:44:52.400 | INFO     | eval.evaluation.evaluation:evaluate_single_query:223 - col: 院校, primary_key_map {}
2026-08-07 12:44:54.798 | INFO     | eval.evaluation.metric_utils:primary_key_preprocess:246 - primary_key_preprocess result: ```json
{}
```
2026-08-07 12:44:54.798 | INFO     | eval.evaluation.evaluation:evaluate_single_query:223 - col: 专业组, primary_key_map {}
2026-08-07 12:44:56.646 | INFO     | eval.evaluation.metric_utils:primary_key_preprocess:246 - primary_key_preprocess result: ```json
{}
```
2026-08-07 12:44:56.646 | INFO     | eval.evaluation.evaluation:evaluate_single_query:223 - col: 投档线总分, primary_key_map {}
2026-08-07 12:44:56.663 | INFO     | eval.evaluation.evaluation:evaluate_single_query:275 - wide2deep_ws_zh_008, df_inner shape: (0, 12), answer_df shape: (1452, 6), response_df shape: (5, 10)
2026-08-07 12:44:56.668 | ERROR    | eval.evaluation.evaluation:evaluate_single_query:401 - evaluator error: 
Traceback (most recent call last):
  File "/home/azureuser/workspace-gzy/zyf/deep/external/Marco-Search-Agent/Marco-DeepResearch-Family/DeepWideSearch/eval/evaluation/evaluation.py", line 315, in evaluate_single_query
    df_inner_score[f"{col}_{metric_func_name}"] = (
    ~~~~~~~~~~~~~~^^^^^^^^^^^^^^^^^^^^^^^^^^^^^
  File "/home/azureuser/workspace-gzy/zyf/deep/.venv-eval/lib/python3.12/site-packages/pandas/core/frame.py", line 4312, in __setitem__
    self._set_item_frame_value(key, value)
  File "/home/azureuser/workspace-gzy/zyf/deep/.venv-eval/lib/python3.12/site-packages/pandas/core/frame.py", line 4470, in _set_item_frame_value
    raise ValueError(
ValueError: Cannot set a DataFrame with multiple columns to the single column 本段人数_number_near

{"event": "eval_done", "idx": 3, "instance_id": "wide2deep_ws_zh_008", "score": null, "entity_acc": null, "f1_by_row": null, "f1_by_item": null, "column_f1": null, "error": "RuntimeError: official evaluator reported an internal error", "elapsed_seconds": 13.901, "running_n": 3}
2026-08-07 12:44:57.748 | DEBUG    | eval.evaluation.data_loader:extract_dataframe:167 - find markdown_str 
| 届数 | 奖项名称 | 获奖歌曲/专辑 | 演唱者 |
| --- | --- | --- | --- |
| 第67届  ...
2026-08-07 12:45:01.154 | INFO     | eval.evaluation.metric_utils:primary_key_preprocess:246 - primary_key_preprocess result: ```json
{
  "第67届": "67"
}
```
2026-08-07 12:45:01.154 | INFO     | eval.evaluation.evaluation:evaluate_single_query:223 - col: 届数, primary_key_map {'第67届': '67'}
2026-08-07 12:45:03.865 | INFO     | eval.evaluation.metric_utils:primary_key_preprocess:246 - primary_key_preprocess result: ```json
{
  "Best Rap Performance": "Best Rap Performance",
  "Best Melodic Rap Performance": "Best Melodic Rap Performance",
  "Best Rap Song": "Best Rap Song",
  "Best Rap Album": "Best Rap Album"
}
```
2026-08-07 12:45:03.865 | INFO     | eval.evaluation.evaluation:evaluate_single_query:223 - col: 奖项名称, primary_key_map {'Best Rap Performance': 'Best Rap Performance', 'Best Melodic Rap Performance': 'Best Melodic Rap Performance', 'Best Rap Song': 'Best Rap Song', 'Best Rap Album': 'Best Rap Album'}
2026-08-07 12:45:03.873 | INFO     | eval.evaluation.evaluation:evaluate_single_query:275 - wide2deep_ws_zh_013, df_inner shape: (4, 8), answer_df shape: (124, 4), response_df shape: (4, 6)
2026-08-07 12:45:06.462 | DEBUG    | eval.evaluation.evaluation:evaluate_single_query:321 - wide2deep_ws_zh_013, col 获奖歌曲/专辑, metric_func_name llm_judge, score [1, 1, 1, 1]
2026-08-07 12:45:09.362 | DEBUG    | eval.evaluation.evaluation:evaluate_single_query:321 - wide2deep_ws_zh_013, col 演唱者, metric_func_name llm_judge, score [1, 1, 1, 1]
2026-08-07 12:45:09.367 | INFO     | eval.evaluation.evaluation:evaluate_single_query:380 - wide2deep_ws_zh_013, P/R/F1 by unique_columns: 1.0000/0.0323/0.0625
2026-08-07 12:45:09.367 | INFO     | eval.evaluation.evaluation:evaluate_single_query:383 - wide2deep_ws_zh_013, P/R/F1 by row: 1.0000/0.0323/0.0625
2026-08-07 12:45:09.367 | INFO     | eval.evaluation.evaluation:evaluate_single_query:386 - wide2deep_ws_zh_013, P/R/F1 by item: 1.0000/0.0323/0.0625
2026-08-07 12:45:09.368 | INFO     | eval.evaluation.evaluation:evaluate_single_query:398 - wide2deep_ws_zh_013, final table score: 0.0
{"event": "eval_done", "idx": 4, "instance_id": "wide2deep_ws_zh_013", "score": 0.0, "entity_acc": 1.0, "f1_by_row": 0.0625, "f1_by_item": 0.0625, "column_f1": 0.0625, "error": null, "elapsed_seconds": 12.682, "running_n": 4}
2026-08-07 12:45:12.820 | DEBUG    | eval.evaluation.data_loader:extract_dataframe:167 - find markdown_str 
| 具体日期 | 演唱会中文名 | 演唱会英文名 | 举办国家 | 举办城市 | 举办场馆 |
| --- | --- | - ...
2026-08-07 12:45:21.726 | INFO     | eval.evaluation.metric_utils:primary_key_preprocess:246 - primary_key_preprocess result: ```json
{
  "2011年05月14日": "2011年5月14日",
  "2011年09月10日": "2011年9月10日",
  "2013年04月12日": "2013年4月12日",
  "2013年04月13日": "2013年4月13日",
  "2013年04月14日": "2013年4月14日",
  "2013年04月15日": "2013年4月15日",
  "2013年04月16日": "2013年4月16日",
  "2017年04月01日": "2017年4月1日",
  "2017年04月02日": "2017年4月2日",
  "2017年04月08日": "2017年4月8日",
  "2017年05月28日": "2017年5月28日",
  "2023年12月07日": "2023年12月7日",
  "2023年12月08日": "2023年12月8日",
  "2023年12月09日": "2023年12月9日",
  "2023年12月23日": "2023年12月23日",
  "2023年12月24日": "2023年12月24日",
  "2024年01月06日": "2024年1月6日",
  "2024年01月07日": "2024年1月7日",
  "2024年01月20日": "2024年1月20日",
  "2024年01月21日": "2024年1月21日",
  "2024年03月30日": "2024年3月30日",
  "2024年03月31日": "2024年3月31日",
  "2024年04月13日": "2024年4月13日",
  "2024年04月14日": "2024年4月14日",
  "2024年04月20日": "2024年4月20日",
  "2024年04月21日": "2024年4月21日",
  "2024年05月25日": "2024年5月25日",
  "2024年05月26日": "2024年5月26日"
}
```
2026-08-07 12:45:21.727 | INFO     | eval.evaluation.evaluation:evaluate_single_query:223 - col: 具体日期, primary_key_map {'2011年05月14日': '2011年5月14日', '2011年09月10日': '2011年9月10日', '2013年04月12日': '2013年4月12日', '2013年04月13日': '2013年4月13日', '2013年04月14日': '2013年4月14日', '2013年04月15日': '2013年4月15日', '2013年04月16日': '2013年4月16日', '2017年04月01日': '2017年4月1日', '2017年04月02日': '2017年4月2日', '2017年04月08日': '2017年4月8日', '2017年05月28日': '2017年5月28日', '2023年12月07日': '2023年12月7日', '2023年12月08日': '2023年12月8日', '2023年12月09日': '2023年12月9日', '2023年12月23日': '2023年12月23日', '2023年12月24日': '2023年12月24日', '2024年01月06日': '2024年1月6日', '2024年01月07日': '2024年1月7日', '2024年01月20日': '2024年1月20日', '2024年01月21日': '2024年1月21日', '2024年03月30日': '2024年3月30日', '2024年03月31日': '2024年3月31日', '2024年04月13日': '2024年4月13日', '2024年04月14日': '2024年4月14日', '2024年04月20日': '2024年4月20日', '2024年04月21日': '2024年4月21日', '2024年05月25日': '2024年5月25日', '2024年05月26日': '2024年5月26日'}
2026-08-07 12:45:21.736 | INFO     | eval.evaluation.evaluation:evaluate_single_query:275 - wide2deep_ws_zh_014, df_inner shape: (28, 12), answer_df shape: (224, 6), response_df shape: (52, 7)
2026-08-07 12:45:27.149 | DEBUG    | eval.evaluation.evaluation:evaluate_single_query:321 - wide2deep_ws_zh_014, col 演唱会中文名, metric_func_name llm_judge, score [1, 1, 1, 1, 1, 1, 1, 1, 1, 1, 1, 1, 1, 1, 1, 1, 1, 1, 1, 1, 1, 1, 1, 1, 1, 1, 1, 1]
2026-08-07 12:45:30.333 | DEBUG    | eval.evaluation.evaluation:evaluate_single_query:321 - wide2deep_ws_zh_014, col 演唱会英文名, metric_func_name llm_judge, score [0, 0, 1, 1, 1, 1, 1, 1, 1, 1, 1, 1, 1, 1, 1, 1, 1, 1, 1, 1, 1, 1, 1, 1, 1, 1, 1, 1]
2026-08-07 12:45:30.333 | DEBUG    | eval.evaluation.evaluation:metric_call:77 - metric_func_name exact_match score 1.0 msg exact match, response: 中国, target: 中国
2026-08-07 12:45:30.333 | DEBUG    | eval.evaluation.evaluation:metric_call:77 - metric_func_name exact_match score 1.0 msg exact match, response: 中国, target: 中国
2026-08-07 12:45:30.333 | DEBUG    | eval.evaluation.evaluation:metric_call:77 - metric_func_name exact_match score 1.0 msg exact match, response: 中国, target: 中国
2026-08-07 12:45:30.333 | DEBUG    | eval.evaluation.evaluation:metric_call:77 - metric_func_name exact_match score 1.0 msg exact match, response: 中国, target: 中国
2026-08-07 12:45:30.333 | DEBUG    | eval.evaluation.evaluation:metric_call:77 - metric_func_name exact_match score 1.0 msg exact match, response: 中国, target: 中国
2026-08-07 12:45:30.333 | DEBUG    | eval.evaluation.evaluation:metric_call:77 - metric_func_name exact_match score 1.0 msg exact match, response: 中国, target: 中国
2026-08-07 12:45:30.333 | DEBUG    | eval.evaluation.evaluation:metric_call:77 - metric_func_name exact_match score 1.0 msg exact match, response: 中国, target: 中国
2026-08-07 12:45:30.334 | DEBUG    | eval.evaluation.evaluation:metric_call:77 - metric_func_name exact_match score 1.0 msg exact match, response: 中国, target: 中国
2026-08-07 12:45:30.334 | DEBUG    | eval.evaluation.evaluation:metric_call:77 - metric_func_name exact_match score 1.0 msg exact match, response: 中国, target: 中国
2026-08-07 12:45:30.334 | DEBUG    | eval.evaluation.evaluation:metric_call:77 - metric_func_name exact_match score 1.0 msg exact match, response: 中国, target: 中国
2026-08-07 12:45:30.334 | DEBUG    | eval.evaluation.evaluation:metric_call:77 - metric_func_name exact_match score 1.0 msg exact match, response: 中国, target: 中国
2026-08-07 12:45:30.334 | DEBUG    | eval.evaluation.evaluation:metric_call:77 - metric_func_name exact_match score 1.0 msg exact match, response: 中国, target: 中国
2026-08-07 12:45:30.334 | DEBUG    | eval.evaluation.evaluation:metric_call:77 - metric_func_name exact_match score 1.0 msg exact match, response: 中国, target: 中国
2026-08-07 12:45:30.334 | DEBUG    | eval.evaluation.evaluation:metric_call:77 - metric_func_name exact_match score 1.0 msg exact match, response: 中国, target: 中国
2026-08-07 12:45:30.334 | DEBUG    | eval.evaluation.evaluation:metric_call:77 - metric_func_name exact_match score 1.0 msg exact match, response: 中国, target: 中国
2026-08-07 12:45:30.334 | DEBUG    | eval.evaluation.evaluation:metric_call:77 - metric_func_name exact_match score 1.0 msg exact match, response: 中国, target: 中国
2026-08-07 12:45:30.334 | DEBUG    | eval.evaluation.evaluation:metric_call:77 - metric_func_name exact_match score 1.0 msg exact match, response: 中国, target: 中国
2026-08-07 12:45:30.334 | DEBUG    | eval.evaluation.evaluation:metric_call:77 - metric_func_name exact_match score 1.0 msg exact match, response: 中国, target: 中国
2026-08-07 12:45:30.334 | DEBUG    | eval.evaluation.evaluation:metric_call:77 - metric_func_name exact_match score 1.0 msg exact match, response: 中国, target: 中国
2026-08-07 12:45:30.334 | DEBUG    | eval.evaluation.evaluation:metric_call:77 - metric_func_name exact_match score 1.0 msg exact match, response: 中国, target: 中国
2026-08-07 12:45:30.334 | DEBUG    | eval.evaluation.evaluation:metric_call:77 - metric_func_name exact_match score 1.0 msg exact match, response: 中国, target: 中国
2026-08-07 12:45:30.334 | DEBUG    | eval.evaluation.evaluation:metric_call:77 - metric_func_name exact_match score 1.0 msg exact match, response: 中国, target: 中国
2026-08-07 12:45:30.334 | DEBUG    | eval.evaluation.evaluation:metric_call:77 - metric_func_name exact_match score 1.0 msg exact match, response: 中国, target: 中国
2026-08-07 12:45:30.334 | DEBUG    | eval.evaluation.evaluation:metric_call:77 - metric_func_name exact_match score 1.0 msg exact match, response: 中国, target: 中国
2026-08-07 12:45:30.334 | DEBUG    | eval.evaluation.evaluation:metric_call:77 - metric_func_name exact_match score 1.0 msg exact match, response: 中国, target: 中国
2026-08-07 12:45:30.334 | DEBUG    | eval.evaluation.evaluation:metric_call:77 - metric_func_name exact_match score 1.0 msg exact match, response: 中国, target: 中国
2026-08-07 12:45:30.334 | DEBUG    | eval.evaluation.evaluation:metric_call:77 - metric_func_name exact_match score 1.0 msg exact match, response: 中国, target: 中国
2026-08-07 12:45:30.334 | DEBUG    | eval.evaluation.evaluation:metric_call:77 - metric_func_name exact_match score 1.0 msg exact match, response: 中国, target: 中国
2026-08-07 12:45:30.335 | DEBUG    | eval.evaluation.evaluation:evaluate_single_query:321 - wide2deep_ws_zh_014, col 举办国家, metric_func_name exact_match, score [1.0, 1.0, 1.0, 1.0, 1.0, 1.0, 1.0, 1.0, 1.0, 1.0, 1.0, 1.0, 1.0, 1.0, 1.0, 1.0, 1.0, 1.0, 1.0, 1.0, 1.0, 1.0, 1.0, 1.0, 1.0, 1.0, 1.0, 1.0]
2026-08-07 12:45:34.590 | DEBUG    | eval.evaluation.evaluation:evaluate_single_query:321 - wide2deep_ws_zh_014, col 举办城市, metric_func_name llm_judge, score [0, 0, 1, 1, 1, 1, 1, 1, 1, 0, 0, 1, 1, 1, 1, 1, 1, 1, 1, 1, 1, 1, 1, 1, 0, 0, 0, 0]
2026-08-07 12:45:39.228 | DEBUG    | eval.evaluation.evaluation:evaluate_single_query:321 - wide2deep_ws_zh_014, col 举办场馆, metric_func_name llm_judge, score [0, 0, 1, 1, 1, 1, 1, 1, 1, 0, 0, 1, 1, 1, 1, 1, 1, 1, 1, 1, 1, 1, 1, 1, 0, 0, 0, 0]
2026-08-07 12:45:39.235 | INFO     | eval.evaluation.evaluation:evaluate_single_query:380 - wide2deep_ws_zh_014, P/R/F1 by unique_columns: 0.5385/0.1250/0.2029
2026-08-07 12:45:39.235 | INFO     | eval.evaluation.evaluation:evaluate_single_query:383 - wide2deep_ws_zh_014, P/R/F1 by row: 0.3846/0.0893/0.1449
2026-08-07 12:45:39.235 | INFO     | eval.evaluation.evaluation:evaluate_single_query:386 - wide2deep_ws_zh_014, P/R/F1 by item: 0.4808/0.1116/0.1812
2026-08-07 12:45:39.238 | INFO     | eval.evaluation.evaluation:evaluate_single_query:398 - wide2deep_ws_zh_014, final table score: 0.0
{"event": "eval_done", "idx": 5, "instance_id": "wide2deep_ws_zh_014", "score": 0.0, "entity_acc": 1.0, "f1_by_row": 0.14492753623188406, "f1_by_item": 0.18115942028985507, "column_f1": 0.20289855072463767, "error": null, "elapsed_seconds": 29.848, "running_n": 5}
{"event": "eval_done", "idx": 6, "instance_id": "wide2deep_ws_zh_024", "score": 0.0, "entity_acc": 0.0, "f1_by_row": 0.0, "f1_by_item": 0.0, "column_f1": 0.0, "error": null, "elapsed_seconds": 2.765, "running_n": 6}
2026-08-07 12:45:46.022 | DEBUG    | eval.evaluation.data_loader:extract_dataframe:167 - find markdown_str 
| 赛季 | 所属联赛 | 冠军俱乐部名称 | MVP球员 | 所属俱乐部 | 评分 |
| --- | --- | ---  ...
2026-08-07 12:45:48.760 | INFO     | eval.evaluation.metric_utils:primary_key_preprocess:246 - primary_key_preprocess result: ```json
{
  "2020-21": "2020-21",
  "2021-22": "2021-22",
  "2022-23": "2022-23",
  "2023-24": "2023-24",
  "2024-25": "2024-25"
}
```
2026-08-07 12:45:48.760 | INFO     | eval.evaluation.evaluation:evaluate_single_query:223 - col: 赛季, primary_key_map {'2020-21': '2020-21', '2021-22': '2021-22', '2022-23': '2022-23', '2023-24': '2023-24', '2024-25': '2024-25'}
2026-08-07 12:45:51.838 | INFO     | eval.evaluation.metric_utils:primary_key_preprocess:246 - primary_key_preprocess result: ```json
{
  "英格兰足球超级联赛": "英格兰足球超级联赛"
}
```
2026-08-07 12:45:51.838 | INFO     | eval.evaluation.evaluation:evaluate_single_query:223 - col: 所属联赛, primary_key_map {'英格兰足球超级联赛': '英格兰足球超级联赛'}
2026-08-07 12:45:51.845 | INFO     | eval.evaluation.evaluation:evaluate_single_query:275 - wide2deep_ws_zh_036, df_inner shape: (5, 12), answer_df shape: (25, 6), response_df shape: (5, 8)
2026-08-07 12:45:54.305 | DEBUG    | eval.evaluation.evaluation:evaluate_single_query:321 - wide2deep_ws_zh_036, col 冠军俱乐部名称, metric_func_name llm_judge, score [1, 1, 1, 1, 1]
2026-08-07 12:45:57.134 | DEBUG    | eval.evaluation.evaluation:evaluate_single_query:321 - wide2deep_ws_zh_036, col mvp球员, metric_func_name llm_judge, score [1, 1, 1, 1, 1]
2026-08-07 12:46:00.748 | DEBUG    | eval.evaluation.evaluation:evaluate_single_query:321 - wide2deep_ws_zh_036, col 所属俱乐部, metric_func_name llm_judge, score [1, 1, 1, 1, 1]
2026-08-07 12:46:00.748 | DEBUG    | eval.evaluation.evaluation:metric_call:77 - metric_func_name number_near score 1.0 msg number near in range 10.0%, response: 7.79, target: 7.63
2026-08-07 12:46:00.749 | DEBUG    | eval.evaluation.evaluation:metric_call:77 - metric_func_name number_near score 1.0 msg number near in range 10.0%, response: 7.64, target: 7.78
2026-08-07 12:46:00.749 | DEBUG    | eval.evaluation.evaluation:metric_call:77 - metric_func_name number_near score 1.0 msg number near in range 10.0%, response: 7.58, target: 7.78
2026-08-07 12:46:00.749 | DEBUG    | eval.evaluation.evaluation:metric_call:77 - metric_func_name number_near score 1.0 msg number near in range 10.0%, response: 7.9, target: 8.01
2026-08-07 12:46:00.749 | DEBUG    | eval.evaluation.evaluation:metric_call:77 - metric_func_name number_near score 1.0 msg number near in range 10.0%, response: 7.78, target: 7.78
2026-08-07 12:46:00.749 | DEBUG    | eval.evaluation.evaluation:evaluate_single_query:321 - wide2deep_ws_zh_036, col 评分, metric_func_name number_near, score [1.0, 1.0, 1.0, 1.0, 1.0]
2026-08-07 12:46:00.754 | INFO     | eval.evaluation.evaluation:evaluate_single_query:380 - wide2deep_ws_zh_036, P/R/F1 by unique_columns: 1.0000/0.2000/0.3333
2026-08-07 12:46:00.754 | INFO     | eval.evaluation.evaluation:evaluate_single_query:383 - wide2deep_ws_zh_036, P/R/F1 by row: 1.0000/0.2000/0.3333
2026-08-07 12:46:00.754 | INFO     | eval.evaluation.evaluation:evaluate_single_query:386 - wide2deep_ws_zh_036, P/R/F1 by item: 1.0000/0.2000/0.3333
2026-08-07 12:46:00.756 | INFO     | eval.evaluation.evaluation:evaluate_single_query:398 - wide2deep_ws_zh_036, final table score: 0.0
{"event": "eval_done", "idx": 7, "instance_id": "wide2deep_ws_zh_036", "score": 0.0, "entity_acc": 1.0, "f1_by_row": 0.33333333333333337, "f1_by_item": 0.33333333333333337, "column_f1": 0.33333333333333337, "error": null, "elapsed_seconds": 18.698, "running_n": 7}
SUMMARY {"n": 7, "valid_n": 6, "errors": 1, "complete": false, "judge_calls_current_process": 33, "score": 0.0, "entity_acc": 0.8333333333333334, "precision_by_row": 0.452991452991453, "recall_by_row": 0.08389366010333753, "f1_by_row": 0.1293424978687127, "precision_by_item": 0.6412834079500747, "recall_by_item": 0.15616409590285188, "f1_by_item": 0.23112379698342211, "column_precision": 0.7286324786324787, "column_recall": 0.18821645211495128, "column_f1": 0.2768181289693749}
