INFO: Pandarallel will run on 8 workers.
INFO: Pandarallel will use Memory file system to transfer data between the main process and workers.
{"event": "eval_start", "selected": 7, "resume_committed": 0, "committed_errors": 0, "crash_only_resume": false}
2026-08-11 23:24:21.981 | DEBUG    | eval.evaluation.data_loader:extract_dataframe:167 - find markdown_str 
| Name | Nationality | Year of Birth | Year Turned Pro | Tourna ...
2026-08-11 23:24:23.608 | INFO     | eval.evaluation.metric_utils:primary_key_preprocess:246 - primary_key_preprocess result: ```json
{
  "Choi Jeong": "Choi Jeong",
  "Yu Zhiying": "Yu Zhiying",
  "Zhou Hongyu": "Zhou Hongyu",
  "Kim Eunji": "Kim Eunji"
}
```
2026-08-11 23:24:23.608 | INFO     | eval.evaluation.evaluation:evaluate_single_query:223 - col: name, primary_key_map {'Choi Jeong': 'Choi Jeong', 'Yu Zhiying': 'Yu Zhiying', 'Zhou Hongyu': 'Zhou Hongyu', 'Kim Eunji': 'Kim Eunji'}
2026-08-11 23:24:34.936 | INFO     | eval.evaluation.metric_utils:primary_key_preprocess:246 - primary_key_preprocess result: ```json
{
  "5th Bingsheng Cup World Women’s Weiqi Championship": "The 5th Qionglong Mountain Bingsheng Cup ",
  "8th Bingsheng Cup World Women’s Weiqi Championship": "The 8th Qionglong Mountain Bingsheng Cup ",
  "1st SENKO Cup World Go Women’s Championship": "The 1st SENKO CUP World Go Women’s Championship ",
  "9th Bingsheng Cup World Women’s Weiqi Championship": "The 9th Qionglong Mountain Bingsheng Cup ",
  "1st Wu Qingyuan Cup World Women’s Go Championship": "The 1st Wu Qingyuan Cup（the Go Seigen Cup）",
  "2nd SENKO Cup World Go Women’s Championship": "The 2nd SENKO CUP World Go Women’s Championship ",
  "10th Bingsheng Cup World Women’s Weiqi Championship": "The 10th Qionglong Mountain Bingsheng Cup ",
  "2nd Wu Qingyuan Cup World Women’s Go Championship": "The 2nd Wu Qingyuan Cup（the Go Seigen Cup）",
  "4th Wu Qingyuan Cup World Women’s Go Championship": "The 4th Wu Qingyuan Cup（the Go Seigen Cup）",
  "5th Wu Qingyuan Cup World Women’s Go Championship": "The 5th Wu Qingyuan Cup（the Go Seigen Cup）",
  "27th Samsung Fire Cup World Baduk Masters": "The 27th Samsung Cup",
  "19th Asian Games, women’s individual Go": "The 19th Asian Games (the 2020 Asian Games)",
  "19th Asian Games, women’s team Go": "The 19th Asian Games (the 2020 Asian Games)",
  "6th Wu Qingyuan Cup World Women’s Go Championship": "The 6th Wu Qingyuan Cup（the Go Seigen Cup）",
  "6th SENKO Cup World Go Women’s Championship": "The 6th SENKO CUP World Go Women’s Championship ",
  "4th Bingsheng Cup World Women’s Weiqi Championship": "The 4th Qionglong Mountain Bingsheng Cup ",
  "6th Bingsheng Cup World Women’s Weiqi Championship": "The 6th Qionglong Mountain Bingsheng Cup ",
  "7th Bingsheng Cup World Women’s Weiqi Championship": "The 7th Qionglong Mountain Bingsheng Cup ",
  "3rd Wu Qingyuan Cup World Women’s Go Championship": "The 3rd Wu Qingyuan Cup（the Go Seigen Cup）",
  "3rd SENKO Cup World Go Women’s Championship": "The 3rd SENKO CUP World Go Women’s Championship ",
  "5th SENKO Cup World Go Women’s Championship": "The 5th SENKO CUP World Go Women’s Championship ",
  "7th Wu Qingyuan Cup World Women’s Go Championship": "The 7th Wu Qingyuan Cup（the Go Seigen Cup）"
}
```
2026-08-11 23:24:34.936 | INFO     | eval.evaluation.evaluation:evaluate_single_query:223 - col: tournament, primary_key_map {'5th Bingsheng Cup World Women’s Weiqi Championship': 'The 5th Qionglong Mountain Bingsheng Cup ', '8th Bingsheng Cup World Women’s Weiqi Championship': 'The 8th Qionglong Mountain Bingsheng Cup ', '1st SENKO Cup World Go Women’s Championship': 'The 1st SENKO CUP World Go Women’s Championship ', '9th Bingsheng Cup World Women’s Weiqi Championship': 'The 9th Qionglong Mountain Bingsheng Cup ', '1st Wu Qingyuan Cup World Women’s Go Championship': 'The 1st Wu Qingyuan Cup（the Go Seigen Cup）', '2nd SENKO Cup World Go Women’s Championship': 'The 2nd SENKO CUP World Go Women’s Championship ', '10th Bingsheng Cup World Women’s Weiqi Championship': 'The 10th Qionglong Mountain Bingsheng Cup ', '2nd Wu Qingyuan Cup World Women’s Go Championship': 'The 2nd Wu Qingyuan Cup（the Go Seigen Cup）', '4th Wu Qingyuan Cup World Women’s Go Championship': 'The 4th Wu Qingyuan Cup（the Go Seigen Cup）', '5th Wu Qingyuan Cup World Women’s Go Championship': 'The 5th Wu Qingyuan Cup（the Go Seigen Cup）', '27th Samsung Fire Cup World Baduk Masters': 'The 27th Samsung Cup', '19th Asian Games, women’s individual Go': 'The 19th Asian Games (the 2020 Asian Games)', '19th Asian Games, women’s team Go': 'The 19th Asian Games (the 2020 Asian Games)', '6th Wu Qingyuan Cup World Women’s Go Championship': 'The 6th Wu Qingyuan Cup（the Go Seigen Cup）', '6th SENKO Cup World Go Women’s Championship': 'The 6th SENKO CUP World Go Women’s Championship ', '4th Bingsheng Cup World Women’s Weiqi Championship': 'The 4th Qionglong Mountain Bingsheng Cup ', '6th Bingsheng Cup World Women’s Weiqi Championship': 'The 6th Qionglong Mountain Bingsheng Cup ', '7th Bingsheng Cup World Women’s Weiqi Championship': 'The 7th Qionglong Mountain Bingsheng Cup ', '3rd Wu Qingyuan Cup World Women’s Go Championship': 'The 3rd Wu Qingyuan Cup（the Go Seigen Cup）', '3rd SENKO Cup World Go Women’s Championship': 'The 3rd SENKO CUP World Go Women’s Championship ', '5th SENKO Cup World Go Women’s Championship': 'The 5th SENKO CUP World Go Women’s Championship ', '7th Wu Qingyuan Cup World Women’s Go Championship': 'The 7th Wu Qingyuan Cup（the Go Seigen Cup）'}
2026-08-11 23:24:34.943 | INFO     | eval.evaluation.evaluation:evaluate_single_query:275 - wide2deep_ws_en_082, df_inner shape: (29, 14), answer_df shape: (86, 7), response_df shape: (39, 9)
2026-08-11 23:24:40.122 | DEBUG    | eval.evaluation.evaluation:evaluate_single_query:321 - wide2deep_ws_en_082, col nationality, metric_func_name llm_judge, score [0, 0, 0, 0, 0, 0, 0, 0, 0, 0, 0, 0, 0, 0, 0, 0, 0, 0, 0, 0, 0, 0, 0, 0, 0, 0, 0, 0, 0]
2026-08-11 23:24:40.122 | DEBUG    | eval.evaluation.evaluation:metric_call:77 - metric_func_name exact_match score 1.0 msg exact match, response: 1996, target: 1996
2026-08-11 23:24:40.122 | DEBUG    | eval.evaluation.evaluation:metric_call:77 - metric_func_name exact_match score 1.0 msg exact match, response: 1996, target: 1996
2026-08-11 23:24:40.122 | DEBUG    | eval.evaluation.evaluation:metric_call:77 - metric_func_name exact_match score 1.0 msg exact match, response: 1996, target: 1996
2026-08-11 23:24:40.122 | DEBUG    | eval.evaluation.evaluation:metric_call:77 - metric_func_name exact_match score 1.0 msg exact match, response: 1996, target: 1996
2026-08-11 23:24:40.122 | DEBUG    | eval.evaluation.evaluation:metric_call:77 - metric_func_name exact_match score 1.0 msg exact match, response: 1996, target: 1996
2026-08-11 23:24:40.122 | DEBUG    | eval.evaluation.evaluation:metric_call:77 - metric_func_name exact_match score 1.0 msg exact match, response: 1996, target: 1996
2026-08-11 23:24:40.122 | DEBUG    | eval.evaluation.evaluation:metric_call:77 - metric_func_name exact_match score 1.0 msg exact match, response: 1996, target: 1996
2026-08-11 23:24:40.122 | DEBUG    | eval.evaluation.evaluation:metric_call:77 - metric_func_name exact_match score 1.0 msg exact match, response: 1996, target: 1996
2026-08-11 23:24:40.122 | DEBUG    | eval.evaluation.evaluation:metric_call:77 - metric_func_name exact_match score 1.0 msg exact match, response: 1996, target: 1996
2026-08-11 23:24:40.122 | DEBUG    | eval.evaluation.evaluation:metric_call:77 - metric_func_name exact_match score 1.0 msg exact match, response: 1996, target: 1996
2026-08-11 23:24:40.122 | DEBUG    | eval.evaluation.evaluation:metric_call:77 - metric_func_name exact_match score 1.0 msg exact match, response: 1996, target: 1996
2026-08-11 23:24:40.122 | DEBUG    | eval.evaluation.evaluation:metric_call:77 - metric_func_name exact_match score 1.0 msg exact match, response: 1996, target: 1996
2026-08-11 23:24:40.122 | DEBUG    | eval.evaluation.evaluation:metric_call:77 - metric_func_name exact_match score 1.0 msg exact match, response: 1996, target: 1996
2026-08-11 23:24:40.122 | DEBUG    | eval.evaluation.evaluation:metric_call:77 - metric_func_name exact_match score 1.0 msg exact match, response: 1996, target: 1996
2026-08-11 23:24:40.122 | DEBUG    | eval.evaluation.evaluation:metric_call:77 - metric_func_name exact_match score 1.0 msg exact match, response: 1996, target: 1996
2026-08-11 23:24:40.122 | DEBUG    | eval.evaluation.evaluation:metric_call:77 - metric_func_name exact_match score 1.0 msg exact match, response: 2007, target: 2007
2026-08-11 23:24:40.123 | DEBUG    | eval.evaluation.evaluation:metric_call:77 - metric_func_name exact_match score 1.0 msg exact match, response: 1997, target: 1997
2026-08-11 23:24:40.123 | DEBUG    | eval.evaluation.evaluation:metric_call:77 - metric_func_name exact_match score 1.0 msg exact match, response: 1997, target: 1997
2026-08-11 23:24:40.123 | DEBUG    | eval.evaluation.evaluation:metric_call:77 - metric_func_name exact_match score 1.0 msg exact match, response: 1997, target: 1997
2026-08-11 23:24:40.123 | DEBUG    | eval.evaluation.evaluation:metric_call:77 - metric_func_name exact_match score 1.0 msg exact match, response: 1997, target: 1997
2026-08-11 23:24:40.123 | DEBUG    | eval.evaluation.evaluation:metric_call:77 - metric_func_name exact_match score 1.0 msg exact match, response: 1997, target: 1997
2026-08-11 23:24:40.123 | DEBUG    | eval.evaluation.evaluation:metric_call:77 - metric_func_name exact_match score 1.0 msg exact match, response: 1997, target: 1997
2026-08-11 23:24:40.123 | DEBUG    | eval.evaluation.evaluation:metric_call:77 - metric_func_name exact_match score 1.0 msg exact match, response: 1997, target: 1997
2026-08-11 23:24:40.123 | DEBUG    | eval.evaluation.evaluation:metric_call:77 - metric_func_name exact_match score 1.0 msg exact match, response: 1997, target: 1997
2026-08-11 23:24:40.123 | DEBUG    | eval.evaluation.evaluation:metric_call:77 - metric_func_name exact_match score 1.0 msg exact match, response: 1997, target: 1997
2026-08-11 23:24:40.123 | DEBUG    | eval.evaluation.evaluation:metric_call:77 - metric_func_name exact_match score 1.0 msg exact match, response: 1997, target: 1997
2026-08-11 23:24:40.123 | DEBUG    | eval.evaluation.evaluation:metric_call:77 - metric_func_name exact_match score 1.0 msg exact match, response: 2002, target: 2002
2026-08-11 23:24:40.123 | DEBUG    | eval.evaluation.evaluation:metric_call:77 - metric_func_name exact_match score 1.0 msg exact match, response: 2002, target: 2002
2026-08-11 23:24:40.123 | DEBUG    | eval.evaluation.evaluation:metric_call:77 - metric_func_name exact_match score 1.0 msg exact match, response: 2002, target: 2002
2026-08-11 23:24:40.124 | DEBUG    | eval.evaluation.evaluation:evaluate_single_query:321 - wide2deep_ws_en_082, col yearofbirth, metric_func_name exact_match, score [1.0, 1.0, 1.0, 1.0, 1.0, 1.0, 1.0, 1.0, 1.0, 1.0, 1.0, 1.0, 1.0, 1.0, 1.0, 1.0, 1.0, 1.0, 1.0, 1.0, 1.0, 1.0, 1.0, 1.0, 1.0, 1.0, 1.0, 1.0, 1.0]
2026-08-11 23:24:40.124 | DEBUG    | eval.evaluation.evaluation:metric_call:77 - metric_func_name exact_match score 1.0 msg exact match, response: 2010, target: 2010
2026-08-11 23:24:40.124 | DEBUG    | eval.evaluation.evaluation:metric_call:77 - metric_func_name exact_match score 1.0 msg exact match, response: 2010, target: 2010
2026-08-11 23:24:40.124 | DEBUG    | eval.evaluation.evaluation:metric_call:77 - metric_func_name exact_match score 1.0 msg exact match, response: 2010, target: 2010
2026-08-11 23:24:40.124 | DEBUG    | eval.evaluation.evaluation:metric_call:77 - metric_func_name exact_match score 1.0 msg exact match, response: 2010, target: 2010
2026-08-11 23:24:40.124 | DEBUG    | eval.evaluation.evaluation:metric_call:77 - metric_func_name exact_match score 1.0 msg exact match, response: 2010, target: 2010
2026-08-11 23:24:40.124 | DEBUG    | eval.evaluation.evaluation:metric_call:77 - metric_func_name exact_match score 1.0 msg exact match, response: 2010, target: 2010
2026-08-11 23:24:40.124 | DEBUG    | eval.evaluation.evaluation:metric_call:77 - metric_func_name exact_match score 1.0 msg exact match, response: 2010, target: 2010
2026-08-11 23:24:40.124 | DEBUG    | eval.evaluation.evaluation:metric_call:77 - metric_func_name exact_match score 1.0 msg exact match, response: 2010, target: 2010
2026-08-11 23:24:40.124 | DEBUG    | eval.evaluation.evaluation:metric_call:77 - metric_func_name exact_match score 1.0 msg exact match, response: 2010, target: 2010
2026-08-11 23:24:40.124 | DEBUG    | eval.evaluation.evaluation:metric_call:77 - metric_func_name exact_match score 1.0 msg exact match, response: 2010, target: 2010
2026-08-11 23:24:40.124 | DEBUG    | eval.evaluation.evaluation:metric_call:77 - metric_func_name exact_match score 1.0 msg exact match, response: 2010, target: 2010
2026-08-11 23:24:40.124 | DEBUG    | eval.evaluation.evaluation:metric_call:77 - metric_func_name exact_match score 1.0 msg exact match, response: 2010, target: 2010
2026-08-11 23:24:40.124 | DEBUG    | eval.evaluation.evaluation:metric_call:77 - metric_func_name exact_match score 1.0 msg exact match, response: 2010, target: 2010
2026-08-11 23:24:40.124 | DEBUG    | eval.evaluation.evaluation:metric_call:77 - metric_func_name exact_match score 1.0 msg exact match, response: 2010, target: 2010
2026-08-11 23:24:40.124 | DEBUG    | eval.evaluation.evaluation:metric_call:77 - metric_func_name exact_match score 1.0 msg exact match, response: 2010, target: 2010
2026-08-11 23:24:40.124 | DEBUG    | eval.evaluation.evaluation:metric_call:77 - metric_func_name exact_match score 1.0 msg exact match, response: 2020, target: 2020
2026-08-11 23:24:40.124 | DEBUG    | eval.evaluation.evaluation:metric_call:77 - metric_func_name exact_match score 0.0 msg exact not match, response: 2010, target: 2009
2026-08-11 23:24:40.124 | DEBUG    | eval.evaluation.evaluation:metric_call:77 - metric_func_name exact_match score 0.0 msg exact not match, response: 2010, target: 2009
2026-08-11 23:24:40.125 | DEBUG    | eval.evaluation.evaluation:metric_call:77 - metric_func_name exact_match score 0.0 msg exact not match, response: 2010, target: 2009
2026-08-11 23:24:40.125 | DEBUG    | eval.evaluation.evaluation:metric_call:77 - metric_func_name exact_match score 0.0 msg exact not match, response: 2010, target: 2009
2026-08-11 23:24:40.125 | DEBUG    | eval.evaluation.evaluation:metric_call:77 - metric_func_name exact_match score 0.0 msg exact not match, response: 2010, target: 2009
2026-08-11 23:24:40.125 | DEBUG    | eval.evaluation.evaluation:metric_call:77 - metric_func_name exact_match score 0.0 msg exact not match, response: 2010, target: 2009
2026-08-11 23:24:40.125 | DEBUG    | eval.evaluation.evaluation:metric_call:77 - metric_func_name exact_match score 0.0 msg exact not match, response: 2010, target: 2009
2026-08-11 23:24:40.125 | DEBUG    | eval.evaluation.evaluation:metric_call:77 - metric_func_name exact_match score 0.0 msg exact not match, response: 2010, target: 2009
2026-08-11 23:24:40.125 | DEBUG    | eval.evaluation.evaluation:metric_call:77 - metric_func_name exact_match score 0.0 msg exact not match, response: 2010, target: 2009
2026-08-11 23:24:40.125 | DEBUG    | eval.evaluation.evaluation:metric_call:77 - metric_func_name exact_match score 0.0 msg exact not match, response: 2010, target: 2009
2026-08-11 23:24:40.125 | DEBUG    | eval.evaluation.evaluation:metric_call:77 - metric_func_name exact_match score 0.0 msg exact not match, response: 2015, target: 2016
2026-08-11 23:24:40.125 | DEBUG    | eval.evaluation.evaluation:metric_call:77 - metric_func_name exact_match score 0.0 msg exact not match, response: 2015, target: 2016
2026-08-11 23:24:40.125 | DEBUG    | eval.evaluation.evaluation:metric_call:77 - metric_func_name exact_match score 0.0 msg exact not match, response: 2015, target: 2016
2026-08-11 23:24:40.126 | DEBUG    | eval.evaluation.evaluation:evaluate_single_query:321 - wide2deep_ws_en_082, col yearturnedpro, metric_func_name exact_match, score [1.0, 1.0, 1.0, 1.0, 1.0, 1.0, 1.0, 1.0, 1.0, 1.0, 1.0, 1.0, 1.0, 1.0, 1.0, 1.0, 0.0, 0.0, 0.0, 0.0, 0.0, 0.0, 0.0, 0.0, 0.0, 0.0, 0.0, 0.0, 0.0]
2026-08-11 23:24:40.126 | DEBUG    | eval.evaluation.evaluation:metric_call:77 - metric_func_name exact_match score 1.0 msg exact match, response: 2014, target: 2014
2026-08-11 23:24:40.126 | DEBUG    | eval.evaluation.evaluation:metric_call:77 - metric_func_name exact_match score 1.0 msg exact match, response: 2017, target: 2017
2026-08-11 23:24:40.126 | DEBUG    | eval.evaluation.evaluation:metric_call:77 - metric_func_name exact_match score 1.0 msg exact match, response: 2018, target: 2018
2026-08-11 23:24:40.126 | DEBUG    | eval.evaluation.evaluation:metric_call:77 - metric_func_name exact_match score 1.0 msg exact match, response: 2018, target: 2018
2026-08-11 23:24:40.126 | DEBUG    | eval.evaluation.evaluation:metric_call:77 - metric_func_name exact_match score 1.0 msg exact match, response: 2018, target: 2018
2026-08-11 23:24:40.126 | DEBUG    | eval.evaluation.evaluation:metric_call:77 - metric_func_name exact_match score 1.0 msg exact match, response: 2019, target: 2019
2026-08-11 23:24:40.126 | DEBUG    | eval.evaluation.evaluation:metric_call:77 - metric_func_name exact_match score 1.0 msg exact match, response: 2019, target: 2019
2026-08-11 23:24:40.126 | DEBUG    | eval.evaluation.evaluation:metric_call:77 - metric_func_name exact_match score 1.0 msg exact match, response: 2019, target: 2019
2026-08-11 23:24:40.126 | DEBUG    | eval.evaluation.evaluation:metric_call:77 - metric_func_name exact_match score 1.0 msg exact match, response: 2021, target: 2021
2026-08-11 23:24:40.126 | DEBUG    | eval.evaluation.evaluation:metric_call:77 - metric_func_name exact_match score 1.0 msg exact match, response: 2022, target: 2022
2026-08-11 23:24:40.126 | DEBUG    | eval.evaluation.evaluation:metric_call:77 - metric_func_name exact_match score 1.0 msg exact match, response: 2022, target: 2022
2026-08-11 23:24:40.126 | DEBUG    | eval.evaluation.evaluation:metric_call:77 - metric_func_name exact_match score 1.0 msg exact match, response: 2023, target: 2023
2026-08-11 23:24:40.126 | DEBUG    | eval.evaluation.evaluation:metric_call:77 - metric_func_name exact_match score 1.0 msg exact match, response: 2023, target: 2023
2026-08-11 23:24:40.126 | DEBUG    | eval.evaluation.evaluation:metric_call:77 - metric_func_name exact_match score 1.0 msg exact match, response: 2023, target: 2023
2026-08-11 23:24:40.126 | DEBUG    | eval.evaluation.evaluation:metric_call:77 - metric_func_name exact_match score 1.0 msg exact match, response: 2024, target: 2024
2026-08-11 23:24:40.126 | DEBUG    | eval.evaluation.evaluation:metric_call:77 - metric_func_name exact_match score 1.0 msg exact match, response: 2023, target: 2023
2026-08-11 23:24:40.126 | DEBUG    | eval.evaluation.evaluation:metric_call:77 - metric_func_name exact_match score 1.0 msg exact match, response: 2013, target: 2013
2026-08-11 23:24:40.126 | DEBUG    | eval.evaluation.evaluation:metric_call:77 - metric_func_name exact_match score 1.0 msg exact match, response: 2015, target: 2015
2026-08-11 23:24:40.127 | DEBUG    | eval.evaluation.evaluation:metric_call:77 - metric_func_name exact_match score 1.0 msg exact match, response: 2016, target: 2016
2026-08-11 23:24:40.127 | DEBUG    | eval.evaluation.evaluation:metric_call:77 - metric_func_name exact_match score 1.0 msg exact match, response: 2018, target: 2018
2026-08-11 23:24:40.127 | DEBUG    | eval.evaluation.evaluation:metric_call:77 - metric_func_name exact_match score 1.0 msg exact match, response: 2018, target: 2018
2026-08-11 23:24:40.127 | DEBUG    | eval.evaluation.evaluation:metric_call:77 - metric_func_name exact_match score 1.0 msg exact match, response: 2019, target: 2019
2026-08-11 23:24:40.127 | DEBUG    | eval.evaluation.evaluation:metric_call:77 - metric_func_name exact_match score 1.0 msg exact match, response: 2020, target: 2020
2026-08-11 23:24:40.127 | DEBUG    | eval.evaluation.evaluation:metric_call:77 - metric_func_name exact_match score 1.0 msg exact match, response: 2021, target: 2021
2026-08-11 23:24:40.127 | DEBUG    | eval.evaluation.evaluation:metric_call:77 - metric_func_name exact_match score 1.0 msg exact match, response: 2023, target: 2023
2026-08-11 23:24:40.127 | DEBUG    | eval.evaluation.evaluation:metric_call:77 - metric_func_name exact_match score 1.0 msg exact match, response: 2023, target: 2023
2026-08-11 23:24:40.127 | DEBUG    | eval.evaluation.evaluation:metric_call:77 - metric_func_name exact_match score 1.0 msg exact match, response: 2019, target: 2019
2026-08-11 23:24:40.127 | DEBUG    | eval.evaluation.evaluation:metric_call:77 - metric_func_name exact_match score 1.0 msg exact match, response: 2020, target: 2020
2026-08-11 23:24:40.127 | DEBUG    | eval.evaluation.evaluation:metric_call:77 - metric_func_name exact_match score 1.0 msg exact match, response: 2023, target: 2023
2026-08-11 23:24:40.127 | DEBUG    | eval.evaluation.evaluation:evaluate_single_query:321 - wide2deep_ws_en_082, col yearofparticipation, metric_func_name exact_match, score [1.0, 1.0, 1.0, 1.0, 1.0, 1.0, 1.0, 1.0, 1.0, 1.0, 1.0, 1.0, 1.0, 1.0, 1.0, 1.0, 1.0, 1.0, 1.0, 1.0, 1.0, 1.0, 1.0, 1.0, 1.0, 1.0, 1.0, 1.0, 1.0]
2026-08-11 23:24:47.025 | DEBUG    | eval.evaluation.evaluation:evaluate_single_query:321 - wide2deep_ws_en_082, col result, metric_func_name llm_judge, score [1, 1, 1, 1, 0, 1, 1, 1, 1, 1, 1, 1, 1, 1, 1, 1, 1, 1, 0, 0, 0, 1, 1, 0, 1, 1, 1, 1, 0]
2026-08-11 23:24:47.033 | INFO     | eval.evaluation.evaluation:evaluate_single_query:380 - wide2deep_ws_en_082, P/R/F1 by unique_columns: 0.7436/0.3372/0.4640
2026-08-11 23:24:47.034 | INFO     | eval.evaluation.evaluation:evaluate_single_query:383 - wide2deep_ws_en_082, P/R/F1 by row: 0.0000/0.0000/0.0000
2026-08-11 23:24:47.034 | INFO     | eval.evaluation.evaluation:evaluate_single_query:386 - wide2deep_ws_en_082, P/R/F1 by item: 0.5678/0.2575/0.3543
2026-08-11 23:24:47.039 | INFO     | eval.evaluation.evaluation:evaluate_single_query:398 - wide2deep_ws_en_082, final table score: 0.0
{"event": "eval_done", "idx": 1, "instance_id": "wide2deep_ws_en_082", "score": 0.0, "entity_acc": 1.0, "f1_by_row": 0.0, "f1_by_item": 0.35428571428571426, "column_f1": 0.464, "error": null, "elapsed_seconds": 28.676, "running_n": 1}
2026-08-11 23:24:48.277 | DEBUG    | eval.evaluation.data_loader:extract_dataframe:167 - find markdown_str 
| 车型名称 | 排量[L] | 供油方式 | 发动机最大功率[kW] | 发动机最大扭矩[N·m] | 发动机最大马力[Ps ...
2026-08-11 23:24:53.888 | INFO     | eval.evaluation.metric_utils:primary_key_preprocess:246 - primary_key_preprocess result: ```json
{
  "秦PLUS DM-i智驾版 55KM领先型": "第二代秦PLUS DM-i智驾版55KM 领先型",
  "秦PLUS EV智驾版 420KM领先型": "第二代秦PLUS EV智驾版420KM领先型",
  "秦L DM-i智驾版 80KM领先型": "秦L DM-i智驾版80KM领先型",
  "汉EV智驾版 506KM尊贵型": "汉EV智驾版 506KM尊贵型",
  "唐DM-i智驾版 115KM尊贵型": "唐DM-i智驾版 115KM 尊贵型",
  "宋Pro DM-i智驾版 75KM领先型": "宋Pro DM-i智驾版 75KM 领先型",
  "宋L DM-i智驾版 75KM领先型": "宋L DM-i智驾版 75KM领先型",
  "宋L EV智驾版 550KM后驱卓越型": "宋L EV智驾版 550KM 卓越型",
  "元PLUS智驾版 430KM领先型": "第二代元PLUS智驾版 430KM 领先型"
}
```
2026-08-11 23:24:53.888 | INFO     | eval.evaluation.evaluation:evaluate_single_query:223 - col: 车型名称, primary_key_map {'秦PLUS DM-i智驾版 55KM领先型': '第二代秦PLUS DM-i智驾版55KM 领先型', '秦PLUS EV智驾版 420KM领先型': '第二代秦PLUS EV智驾版420KM领先型', '秦L DM-i智驾版 80KM领先型': '秦L DM-i智驾版80KM领先型', '汉EV智驾版 506KM尊贵型': '汉EV智驾版 506KM尊贵型', '唐DM-i智驾版 115KM尊贵型': '唐DM-i智驾版 115KM 尊贵型', '宋Pro DM-i智驾版 75KM领先型': '宋Pro DM-i智驾版 75KM 领先型', '宋L DM-i智驾版 75KM领先型': '宋L DM-i智驾版 75KM领先型', '宋L EV智驾版 550KM后驱卓越型': '宋L EV智驾版 550KM 卓越型', '元PLUS智驾版 430KM领先型': '第二代元PLUS智驾版 430KM 领先型'}
2026-08-11 23:24:53.897 | INFO     | eval.evaluation.evaluation:evaluate_single_query:275 - wide2deep_ws_zh_065, df_inner shape: (9, 28), answer_df shape: (13, 14), response_df shape: (13, 15)
2026-08-11 23:24:53.898 | DEBUG    | eval.evaluation.evaluation:metric_call:77 - metric_func_name exact_match score 1.0 msg exact match, response: 1.5, target: 1.5
2026-08-11 23:24:53.898 | DEBUG    | eval.evaluation.evaluation:metric_call:77 - metric_func_name exact_match score 1.0 msg exact match, response: -, target: -
2026-08-11 23:24:53.898 | DEBUG    | eval.evaluation.evaluation:metric_call:77 - metric_func_name exact_match score 1.0 msg exact match, response: 1.5, target: 1.5
2026-08-11 23:24:53.898 | DEBUG    | eval.evaluation.evaluation:metric_call:77 - metric_func_name exact_match score 1.0 msg exact match, response: -, target: -
2026-08-11 23:24:53.898 | DEBUG    | eval.evaluation.evaluation:metric_call:77 - metric_func_name exact_match score 1.0 msg exact match, response: -, target: -
2026-08-11 23:24:53.898 | DEBUG    | eval.evaluation.evaluation:metric_call:77 - metric_func_name exact_match score 1.0 msg exact match, response: 1.5, target: 1.5
2026-08-11 23:24:53.898 | DEBUG    | eval.evaluation.evaluation:metric_call:77 - metric_func_name exact_match score 1.0 msg exact match, response: 1.5, target: 1.5
2026-08-11 23:24:53.898 | DEBUG    | eval.evaluation.evaluation:metric_call:77 - metric_func_name exact_match score 1.0 msg exact match, response: -, target: -
2026-08-11 23:24:53.898 | DEBUG    | eval.evaluation.evaluation:metric_call:77 - metric_func_name exact_match score 1.0 msg exact match, response: 1.5, target: 1.5
2026-08-11 23:24:53.899 | DEBUG    | eval.evaluation.evaluation:evaluate_single_query:321 - wide2deep_ws_zh_065, col 排量[l], metric_func_name exact_match, score [1.0, 1.0, 1.0, 1.0, 1.0, 1.0, 1.0, 1.0, 1.0]
2026-08-11 23:24:55.598 | DEBUG    | eval.evaluation.evaluation:evaluate_single_query:321 - wide2deep_ws_zh_065, col 供油方式, metric_func_name llm_judge, score [1, 1, 1, 1, 1, 1, 1, 1, 1]
2026-08-11 23:24:55.598 | DEBUG    | eval.evaluation.evaluation:metric_call:77 - metric_func_name exact_match score 1.0 msg exact match, response: 74, target: 74
2026-08-11 23:24:55.598 | DEBUG    | eval.evaluation.evaluation:metric_call:77 - metric_func_name exact_match score 1.0 msg exact match, response: -, target: -
2026-08-11 23:24:55.598 | DEBUG    | eval.evaluation.evaluation:metric_call:77 - metric_func_name exact_match score 1.0 msg exact match, response: 74, target: 74
2026-08-11 23:24:55.599 | DEBUG    | eval.evaluation.evaluation:metric_call:77 - metric_func_name exact_match score 1.0 msg exact match, response: -, target: -
2026-08-11 23:24:55.599 | DEBUG    | eval.evaluation.evaluation:metric_call:77 - metric_func_name exact_match score 1.0 msg exact match, response: -, target: -
2026-08-11 23:24:55.599 | DEBUG    | eval.evaluation.evaluation:metric_call:77 - metric_func_name exact_match score 1.0 msg exact match, response: 74, target: 74
2026-08-11 23:24:55.599 | DEBUG    | eval.evaluation.evaluation:metric_call:77 - metric_func_name exact_match score 1.0 msg exact match, response: 74, target: 74
2026-08-11 23:24:55.599 | DEBUG    | eval.evaluation.evaluation:metric_call:77 - metric_func_name exact_match score 1.0 msg exact match, response: -, target: -
2026-08-11 23:24:55.599 | DEBUG    | eval.evaluation.evaluation:metric_call:77 - metric_func_name exact_match score 0.0 msg exact not match, response: 102, target: 115
2026-08-11 23:24:55.599 | DEBUG    | eval.evaluation.evaluation:evaluate_single_query:321 - wide2deep_ws_zh_065, col 发动机最大功率[kw], metric_func_name exact_match, score [1.0, 1.0, 1.0, 1.0, 1.0, 1.0, 1.0, 1.0, 0.0]
2026-08-11 23:24:55.599 | DEBUG    | eval.evaluation.evaluation:metric_call:77 - metric_func_name exact_match score 1.0 msg exact match, response: 126, target: 126
2026-08-11 23:24:55.600 | DEBUG    | eval.evaluation.evaluation:metric_call:77 - metric_func_name exact_match score 1.0 msg exact match, response: -, target: -
2026-08-11 23:24:55.600 | DEBUG    | eval.evaluation.evaluation:metric_call:77 - metric_func_name exact_match score 1.0 msg exact match, response: 126, target: 126
2026-08-11 23:24:55.600 | DEBUG    | eval.evaluation.evaluation:metric_call:77 - metric_func_name exact_match score 1.0 msg exact match, response: -, target: -
2026-08-11 23:24:55.600 | DEBUG    | eval.evaluation.evaluation:metric_call:77 - metric_func_name exact_match score 1.0 msg exact match, response: -, target: -
2026-08-11 23:24:55.600 | DEBUG    | eval.evaluation.evaluation:metric_call:77 - metric_func_name exact_match score 1.0 msg exact match, response: 126, target: 126
2026-08-11 23:24:55.600 | DEBUG    | eval.evaluation.evaluation:metric_call:77 - metric_func_name exact_match score 1.0 msg exact match, response: 126, target: 126
2026-08-11 23:24:55.600 | DEBUG    | eval.evaluation.evaluation:metric_call:77 - metric_func_name exact_match score 1.0 msg exact match, response: -, target: -
2026-08-11 23:24:55.600 | DEBUG    | eval.evaluation.evaluation:metric_call:77 - metric_func_name exact_match score 0.0 msg exact not match, response: 231, target: 225
2026-08-11 23:24:55.600 | DEBUG    | eval.evaluation.evaluation:evaluate_single_query:321 - wide2deep_ws_zh_065, col 发动机最大扭矩[n·m], metric_func_name exact_match, score [1.0, 1.0, 1.0, 1.0, 1.0, 1.0, 1.0, 1.0, 0.0]
2026-08-11 23:24:55.601 | DEBUG    | eval.evaluation.evaluation:metric_call:77 - metric_func_name exact_match score 1.0 msg exact match, response: 101, target: 101
2026-08-11 23:24:55.601 | DEBUG    | eval.evaluation.evaluation:metric_call:77 - metric_func_name exact_match score 1.0 msg exact match, response: -, target: -
2026-08-11 23:24:55.601 | DEBUG    | eval.evaluation.evaluation:metric_call:77 - metric_func_name exact_match score 1.0 msg exact match, response: 101, target: 101
2026-08-11 23:24:55.601 | DEBUG    | eval.evaluation.evaluation:metric_call:77 - metric_func_name exact_match score 1.0 msg exact match, response: -, target: -
2026-08-11 23:24:55.601 | DEBUG    | eval.evaluation.evaluation:metric_call:77 - metric_func_name exact_match score 1.0 msg exact match, response: -, target: -
2026-08-11 23:24:55.601 | DEBUG    | eval.evaluation.evaluation:metric_call:77 - metric_func_name exact_match score 1.0 msg exact match, response: 101, target: 101
2026-08-11 23:24:55.601 | DEBUG    | eval.evaluation.evaluation:metric_call:77 - metric_func_name exact_match score 1.0 msg exact match, response: 101, target: 101
2026-08-11 23:24:55.601 | DEBUG    | eval.evaluation.evaluation:metric_call:77 - metric_func_name exact_match score 1.0 msg exact match, response: -, target: -
2026-08-11 23:24:55.601 | DEBUG    | eval.evaluation.evaluation:metric_call:77 - metric_func_name exact_match score 0.0 msg exact not match, response: 139, target: 156
2026-08-11 23:24:55.602 | DEBUG    | eval.evaluation.evaluation:evaluate_single_query:321 - wide2deep_ws_zh_065, col 发动机最大马力[ps], metric_func_name exact_match, score [1.0, 1.0, 1.0, 1.0, 1.0, 1.0, 1.0, 1.0, 0.0]
2026-08-11 23:24:55.602 | DEBUG    | eval.evaluation.evaluation:metric_call:77 - metric_func_name exact_match score 1.0 msg exact match, response: 自然吸气, target: 自然吸气
2026-08-11 23:24:55.602 | DEBUG    | eval.evaluation.evaluation:metric_call:77 - metric_func_name exact_match score 1.0 msg exact match, response: -, target: -
2026-08-11 23:24:55.602 | DEBUG    | eval.evaluation.evaluation:metric_call:77 - metric_func_name exact_match score 1.0 msg exact match, response: 自然吸气, target: 自然吸气
2026-08-11 23:24:55.602 | DEBUG    | eval.evaluation.evaluation:metric_call:77 - metric_func_name exact_match score 1.0 msg exact match, response: -, target: -
2026-08-11 23:24:55.602 | DEBUG    | eval.evaluation.evaluation:metric_call:77 - metric_func_name exact_match score 1.0 msg exact match, response: -, target: -
2026-08-11 23:24:55.602 | DEBUG    | eval.evaluation.evaluation:metric_call:77 - metric_func_name exact_match score 1.0 msg exact match, response: 自然吸气, target: 自然吸气
2026-08-11 23:24:55.602 | DEBUG    | eval.evaluation.evaluation:metric_call:77 - metric_func_name exact_match score 1.0 msg exact match, response: 自然吸气, target: 自然吸气
2026-08-11 23:24:55.602 | DEBUG    | eval.evaluation.evaluation:metric_call:77 - metric_func_name exact_match score 1.0 msg exact match, response: -, target: -
2026-08-11 23:24:55.602 | DEBUG    | eval.evaluation.evaluation:metric_call:77 - metric_func_name exact_match score 1.0 msg exact match, response: 涡轮增压, target: 涡轮增压
2026-08-11 23:24:55.603 | DEBUG    | eval.evaluation.evaluation:evaluate_single_query:321 - wide2deep_ws_zh_065, col 发动机进气方式, metric_func_name exact_match, score [1.0, 1.0, 1.0, 1.0, 1.0, 1.0, 1.0, 1.0, 1.0]
2026-08-11 23:24:55.603 | DEBUG    | eval.evaluation.evaluation:metric_call:77 - metric_func_name exact_match score 1.0 msg exact match, response: 4, target: 4
2026-08-11 23:24:55.603 | DEBUG    | eval.evaluation.evaluation:metric_call:77 - metric_func_name exact_match score 1.0 msg exact match, response: -, target: -
2026-08-11 23:24:55.603 | DEBUG    | eval.evaluation.evaluation:metric_call:77 - metric_func_name exact_match score 1.0 msg exact match, response: 4, target: 4
2026-08-11 23:24:55.603 | DEBUG    | eval.evaluation.evaluation:metric_call:77 - metric_func_name exact_match score 1.0 msg exact match, response: -, target: -
2026-08-11 23:24:55.603 | DEBUG    | eval.evaluation.evaluation:metric_call:77 - metric_func_name exact_match score 1.0 msg exact match, response: -, target: -
2026-08-11 23:24:55.603 | DEBUG    | eval.evaluation.evaluation:metric_call:77 - metric_func_name exact_match score 1.0 msg exact match, response: 4, target: 4
2026-08-11 23:24:55.603 | DEBUG    | eval.evaluation.evaluation:metric_call:77 - metric_func_name exact_match score 1.0 msg exact match, response: 4, target: 4
2026-08-11 23:24:55.603 | DEBUG    | eval.evaluation.evaluation:metric_call:77 - metric_func_name exact_match score 1.0 msg exact match, response: -, target: -
2026-08-11 23:24:55.603 | DEBUG    | eval.evaluation.evaluation:metric_call:77 - metric_func_name exact_match score 1.0 msg exact match, response: 4, target: 4
2026-08-11 23:24:55.604 | DEBUG    | eval.evaluation.evaluation:evaluate_single_query:321 - wide2deep_ws_zh_065, col 发动机气缸数, metric_func_name exact_match, score [1.0, 1.0, 1.0, 1.0, 1.0, 1.0, 1.0, 1.0, 1.0]
2026-08-11 23:24:57.385 | DEBUG    | eval.evaluation.evaluation:evaluate_single_query:321 - wide2deep_ws_zh_065, col 电池类型, metric_func_name llm_judge, score [1, 1, 1, 1, 1, 1, 1, 1, 1]
2026-08-11 23:24:57.386 | DEBUG    | eval.evaluation.evaluation:metric_call:77 - metric_func_name exact_match score 1.0 msg exact match, response: 弗迪, target: 弗迪
2026-08-11 23:24:57.386 | DEBUG    | eval.evaluation.evaluation:metric_call:77 - metric_func_name exact_match score 1.0 msg exact match, response: 弗迪, target: 弗迪
2026-08-11 23:24:57.386 | DEBUG    | eval.evaluation.evaluation:metric_call:77 - metric_func_name exact_match score 1.0 msg exact match, response: 弗迪, target: 弗迪
2026-08-11 23:24:57.386 | DEBUG    | eval.evaluation.evaluation:metric_call:77 - metric_func_name exact_match score 1.0 msg exact match, response: 弗迪, target: 弗迪
2026-08-11 23:24:57.386 | DEBUG    | eval.evaluation.evaluation:metric_call:77 - metric_func_name exact_match score 1.0 msg exact match, response: 弗迪, target: 弗迪
2026-08-11 23:24:57.386 | DEBUG    | eval.evaluation.evaluation:metric_call:77 - metric_func_name exact_match score 1.0 msg exact match, response: 弗迪, target: 弗迪
2026-08-11 23:24:57.386 | DEBUG    | eval.evaluation.evaluation:metric_call:77 - metric_func_name exact_match score 1.0 msg exact match, response: 弗迪, target: 弗迪
2026-08-11 23:24:57.386 | DEBUG    | eval.evaluation.evaluation:metric_call:77 - metric_func_name exact_match score 1.0 msg exact match, response: 弗迪, target: 弗迪
2026-08-11 23:24:57.386 | DEBUG    | eval.evaluation.evaluation:metric_call:77 - metric_func_name exact_match score 1.0 msg exact match, response: 弗迪, target: 弗迪
2026-08-11 23:24:57.387 | DEBUG    | eval.evaluation.evaluation:evaluate_single_query:321 - wide2deep_ws_zh_065, col 电芯品牌, metric_func_name exact_match, score [1.0, 1.0, 1.0, 1.0, 1.0, 1.0, 1.0, 1.0, 1.0]
2026-08-11 23:24:57.387 | DEBUG    | eval.evaluation.evaluation:metric_call:77 - metric_func_name exact_match score 1.0 msg exact match, response: 120, target: 120
2026-08-11 23:24:57.387 | DEBUG    | eval.evaluation.evaluation:metric_call:77 - metric_func_name exact_match score 1.0 msg exact match, response: 100, target: 100
2026-08-11 23:24:57.387 | DEBUG    | eval.evaluation.evaluation:metric_call:77 - metric_func_name exact_match score 1.0 msg exact match, response: 120, target: 120
2026-08-11 23:24:57.387 | DEBUG    | eval.evaluation.evaluation:metric_call:77 - metric_func_name exact_match score 1.0 msg exact match, response: 150, target: 150
2026-08-11 23:24:57.387 | DEBUG    | eval.evaluation.evaluation:metric_call:77 - metric_func_name exact_match score 1.0 msg exact match, response: 150, target: 150
2026-08-11 23:24:57.387 | DEBUG    | eval.evaluation.evaluation:metric_call:77 - metric_func_name exact_match score 1.0 msg exact match, response: 120, target: 120
2026-08-11 23:24:57.387 | DEBUG    | eval.evaluation.evaluation:metric_call:77 - metric_func_name exact_match score 0.0 msg exact not match, response: 120, target: 160
2026-08-11 23:24:57.387 | DEBUG    | eval.evaluation.evaluation:metric_call:77 - metric_func_name exact_match score 1.0 msg exact match, response: 150, target: 150
2026-08-11 23:24:57.387 | DEBUG    | eval.evaluation.evaluation:metric_call:77 - metric_func_name exact_match score 0.0 msg exact not match, response: 160, target: 200
2026-08-11 23:24:57.388 | DEBUG    | eval.evaluation.evaluation:evaluate_single_query:321 - wide2deep_ws_zh_065, col 电动机总功率[kw], metric_func_name exact_match, score [1.0, 1.0, 1.0, 1.0, 1.0, 1.0, 0.0, 1.0, 0.0]
2026-08-11 23:24:57.388 | DEBUG    | eval.evaluation.evaluation:metric_call:77 - metric_func_name exact_match score 1.0 msg exact match, response: 163, target: 163
2026-08-11 23:24:57.388 | DEBUG    | eval.evaluation.evaluation:metric_call:77 - metric_func_name exact_match score 1.0 msg exact match, response: 136, target: 136
2026-08-11 23:24:57.388 | DEBUG    | eval.evaluation.evaluation:metric_call:77 - metric_func_name exact_match score 1.0 msg exact match, response: 163, target: 163
2026-08-11 23:24:57.388 | DEBUG    | eval.evaluation.evaluation:metric_call:77 - metric_func_name exact_match score 1.0 msg exact match, response: 204, target: 204
2026-08-11 23:24:57.388 | DEBUG    | eval.evaluation.evaluation:metric_call:77 - metric_func_name exact_match score 1.0 msg exact match, response: 204, target: 204
2026-08-11 23:24:57.388 | DEBUG    | eval.evaluation.evaluation:metric_call:77 - metric_func_name exact_match score 1.0 msg exact match, response: 163, target: 163
2026-08-11 23:24:57.388 | DEBUG    | eval.evaluation.evaluation:metric_call:77 - metric_func_name exact_match score 0.0 msg exact not match, response: 163, target: 218
2026-08-11 23:24:57.388 | DEBUG    | eval.evaluation.evaluation:metric_call:77 - metric_func_name exact_match score 1.0 msg exact match, response: 204, target: 204
2026-08-11 23:24:57.388 | DEBUG    | eval.evaluation.evaluation:metric_call:77 - metric_func_name exact_match score 0.0 msg exact not match, response: 218, target: 272
2026-08-11 23:24:57.389 | DEBUG    | eval.evaluation.evaluation:evaluate_single_query:321 - wide2deep_ws_zh_065, col 电动机总马力[ps], metric_func_name exact_match, score [1.0, 1.0, 1.0, 1.0, 1.0, 1.0, 0.0, 1.0, 0.0]
2026-08-11 23:24:57.389 | DEBUG    | eval.evaluation.evaluation:metric_call:77 - metric_func_name exact_match score 1.0 msg exact match, response: 210, target: 210
2026-08-11 23:24:57.389 | DEBUG    | eval.evaluation.evaluation:metric_call:77 - metric_func_name exact_match score 1.0 msg exact match, response: 180, target: 180
2026-08-11 23:24:57.389 | DEBUG    | eval.evaluation.evaluation:metric_call:77 - metric_func_name exact_match score 1.0 msg exact match, response: 210, target: 210
2026-08-11 23:24:57.389 | DEBUG    | eval.evaluation.evaluation:metric_call:77 - metric_func_name exact_match score 1.0 msg exact match, response: 310, target: 310
2026-08-11 23:24:57.389 | DEBUG    | eval.evaluation.evaluation:metric_call:77 - metric_func_name exact_match score 1.0 msg exact match, response: 310, target: 310
2026-08-11 23:24:57.389 | DEBUG    | eval.evaluation.evaluation:metric_call:77 - metric_func_name exact_match score 1.0 msg exact match, response: 210, target: 210
2026-08-11 23:24:57.389 | DEBUG    | eval.evaluation.evaluation:metric_call:77 - metric_func_name exact_match score 0.0 msg exact not match, response: 210, target: 260
2026-08-11 23:24:57.389 | DEBUG    | eval.evaluation.evaluation:metric_call:77 - metric_func_name exact_match score 1.0 msg exact match, response: 310, target: 310
2026-08-11 23:24:57.389 | DEBUG    | eval.evaluation.evaluation:metric_call:77 - metric_func_name exact_match score 0.0 msg exact not match, response: 325, target: 315
2026-08-11 23:24:57.390 | DEBUG    | eval.evaluation.evaluation:evaluate_single_query:321 - wide2deep_ws_zh_065, col 电动机总扭矩[n·m], metric_func_name exact_match, score [1.0, 1.0, 1.0, 1.0, 1.0, 1.0, 0.0, 1.0, 0.0]
2026-08-11 23:24:57.390 | DEBUG    | eval.evaluation.evaluation:metric_call:77 - metric_func_name number_near score 1.0 msg number near in range 1.0%, response: 7.68, target: 7.68
2026-08-11 23:24:57.390 | DEBUG    | eval.evaluation.evaluation:metric_call:77 - metric_func_name number_near score 1.0 msg number near in range 1.0%, response: 48.0, target: 48.0
2026-08-11 23:24:57.390 | DEBUG    | eval.evaluation.evaluation:metric_call:77 - metric_func_name number_near score 1.0 msg number near in range 1.0%, response: 10.08, target: 10.08
2026-08-11 23:24:57.390 | DEBUG    | eval.evaluation.evaluation:metric_call:77 - metric_func_name number_near score 1.0 msg number near in range 1.0%, response: 60.48, target: 60.48
2026-08-11 23:24:57.390 | DEBUG    | eval.evaluation.evaluation:metric_call:77 - metric_func_name number_near score 1.0 msg number near in range 1.0%, response: 49.92, target: 49.92
2026-08-11 23:24:57.390 | DEBUG    | eval.evaluation.evaluation:metric_call:77 - metric_func_name number_near score 1.0 msg number near in range 1.0%, response: 12.9, target: 12.9
2026-08-11 23:24:57.390 | DEBUG    | eval.evaluation.evaluation:metric_call:77 - metric_func_name number_near score 1.0 msg number near in range 1.0%, response: 12.9, target: 12.9
2026-08-11 23:24:57.390 | DEBUG    | eval.evaluation.evaluation:metric_call:77 - metric_func_name number_near score 1.0 msg number near in range 1.0%, response: 71.8, target: 71.8
2026-08-11 23:24:57.390 | DEBUG    | eval.evaluation.evaluation:metric_call:77 - metric_func_name number_near score 1.0 msg number near in range 1.0%, response: 21.5, target: 21.5
2026-08-11 23:24:57.391 | DEBUG    | eval.evaluation.evaluation:evaluate_single_query:321 - wide2deep_ws_zh_065, col 电池容量, metric_func_name number_near, score [1.0, 1.0, 1.0, 1.0, 1.0, 1.0, 1.0, 1.0, 1.0]
2026-08-11 23:24:57.395 | INFO     | eval.evaluation.evaluation:evaluate_single_query:380 - wide2deep_ws_zh_065, P/R/F1 by unique_columns: 0.6923/0.6923/0.6923
2026-08-11 23:24:57.395 | INFO     | eval.evaluation.evaluation:evaluate_single_query:383 - wide2deep_ws_zh_065, P/R/F1 by row: 0.5385/0.5385/0.5385
2026-08-11 23:24:57.395 | INFO     | eval.evaluation.evaluation:evaluate_single_query:386 - wide2deep_ws_zh_065, P/R/F1 by item: 0.6429/0.6429/0.6429
2026-08-11 23:24:57.399 | INFO     | eval.evaluation.evaluation:evaluate_single_query:398 - wide2deep_ws_zh_065, final table score: 0.0
{"event": "eval_done", "idx": 2, "instance_id": "wide2deep_ws_zh_065", "score": 0.0, "entity_acc": 1.0, "f1_by_row": 0.5384615384615384, "f1_by_item": 0.6428571428571429, "column_f1": 0.6923076923076923, "error": null, "elapsed_seconds": 10.308, "running_n": 2}
2026-08-11 23:24:58.985 | DEBUG    | eval.evaluation.data_loader:extract_dataframe:167 - find markdown_str 
| 排名 | 企业名称 | 营业收入（百万美元） | 利润（百万美元） | 总部所在城市 |
| --- | --- | -- ...
2026-08-11 23:25:02.962 | INFO     | eval.evaluation.metric_utils:primary_key_preprocess:246 - primary_key_preprocess result: ```json
{
  "国家电网有限公司（STATE GRID）": "国家电网有限公司（STATE GRID)",
  "中国石油化工集团有限公司（SINOPEC GROUP）": "中国石油化工集团有限公司（SINOPEC GROUP)",
  "中国石油天然气集团有限公司（CHINA NATIONAL PETROLEUM）": "中国石油天然气集团有限公司（CHINA NATIONAL PETROLEUM)",
  "中国建筑集团有限公司（CHINA STATE CONSTRUCTION ENGINEERING）": "中国建筑集团有限公司（CHINA STATE CONSTRUCTION ENGINEERING)",
  "中国工商银行股份有限公司（INDUSTRIAL & COMMERCIAL BANK OF CHINA）": "中国工商银行股份有限公司（INDUSTRIAL & COMMERCIAL BANK OF CHINA)",
  "中国建设银行股份有限公司（CHINA CONSTRUCTION BANK）": "中国建设银行股份有限公司（CHINA CONSTRUCTION BANK)",
  "鸿海精密工业股份有限公司（HON HAI PRECISION INDUSTRY）": "鸿海精密工业股份有限公司（HON HAI PRECISION INDUSTRY)",
  "台湾积体电路制造股份有限公司（TAIWAN SEMICONDUCTOR MANUFACTURING）": "台积公司（TAIWAN SEMICONDUCTOR MANUFACTURING)",
  "台湾中油股份有限公司（CPC CORPORATION, TAIWAN）": "台湾中油股份有限公司（CPC)",
  "和硕联合科技股份有限公司（PEGATRON）": "和硕（PEGATRON)",
  "广达电脑股份有限公司（QUANTA COMPUTER）": "广达电脑公司（QUANTA COMPUTER)"
}
```
2026-08-11 23:25:02.962 | INFO     | eval.evaluation.evaluation:evaluate_single_query:223 - col: 企业名称, primary_key_map {'国家电网有限公司（STATE GRID）': '国家电网有限公司（STATE GRID)', '中国石油化工集团有限公司（SINOPEC GROUP）': '中国石油化工集团有限公司（SINOPEC GROUP)', '中国石油天然气集团有限公司（CHINA NATIONAL PETROLEUM）': '中国石油天然气集团有限公司（CHINA NATIONAL PETROLEUM)', '中国建筑集团有限公司（CHINA STATE CONSTRUCTION ENGINEERING）': '中国建筑集团有限公司（CHINA STATE CONSTRUCTION ENGINEERING)', '中国工商银行股份有限公司（INDUSTRIAL & COMMERCIAL BANK OF CHINA）': '中国工商银行股份有限公司（INDUSTRIAL & COMMERCIAL BANK OF CHINA)', '中国建设银行股份有限公司（CHINA CONSTRUCTION BANK）': '中国建设银行股份有限公司（CHINA CONSTRUCTION BANK)', '鸿海精密工业股份有限公司（HON HAI PRECISION INDUSTRY）': '鸿海精密工业股份有限公司（HON HAI PRECISION INDUSTRY)', '台湾积体电路制造股份有限公司（TAIWAN SEMICONDUCTOR MANUFACTURING）': '台积公司（TAIWAN SEMICONDUCTOR MANUFACTURING)', '台湾中油股份有限公司（CPC CORPORATION, TAIWAN）': '台湾中油股份有限公司（CPC)', '和硕联合科技股份有限公司（PEGATRON）': '和硕（PEGATRON)', '广达电脑股份有限公司（QUANTA COMPUTER）': '广达电脑公司（QUANTA COMPUTER)'}
2026-08-11 23:25:02.968 | INFO     | eval.evaluation.evaluation:evaluate_single_query:275 - wide2deep_ws_zh_012, df_inner shape: (11, 10), answer_df shape: (133, 5), response_df shape: (11, 6)
2026-08-11 23:25:02.969 | DEBUG    | eval.evaluation.evaluation:metric_call:77 - metric_func_name exact_match score 1.0 msg exact match, response: 3, target: 3
2026-08-11 23:25:02.969 | DEBUG    | eval.evaluation.evaluation:metric_call:77 - metric_func_name exact_match score 1.0 msg exact match, response: 5, target: 5
2026-08-11 23:25:02.969 | DEBUG    | eval.evaluation.evaluation:metric_call:77 - metric_func_name exact_match score 1.0 msg exact match, response: 6, target: 6
2026-08-11 23:25:02.969 | DEBUG    | eval.evaluation.evaluation:metric_call:77 - metric_func_name exact_match score 1.0 msg exact match, response: 14, target: 14
2026-08-11 23:25:02.969 | DEBUG    | eval.evaluation.evaluation:metric_call:77 - metric_func_name exact_match score 1.0 msg exact match, response: 22, target: 22
2026-08-11 23:25:02.969 | DEBUG    | eval.evaluation.evaluation:metric_call:77 - metric_func_name exact_match score 1.0 msg exact match, response: 30, target: 30
2026-08-11 23:25:02.969 | DEBUG    | eval.evaluation.evaluation:metric_call:77 - metric_func_name exact_match score 1.0 msg exact match, response: 32, target: 32
2026-08-11 23:25:02.969 | DEBUG    | eval.evaluation.evaluation:metric_call:77 - metric_func_name exact_match score 0.0 msg exact not match, response: 未知, target: 186
2026-08-11 23:25:02.969 | DEBUG    | eval.evaluation.evaluation:metric_call:77 - metric_func_name exact_match score 0.0 msg exact not match, response: 未知, target: 375
2026-08-11 23:25:02.969 | DEBUG    | eval.evaluation.evaluation:metric_call:77 - metric_func_name exact_match score 0.0 msg exact not match, response: 未知, target: 444
2026-08-11 23:25:02.969 | DEBUG    | eval.evaluation.evaluation:metric_call:77 - metric_func_name exact_match score 0.0 msg exact not match, response: 未知, target: 465
2026-08-11 23:25:02.970 | DEBUG    | eval.evaluation.evaluation:evaluate_single_query:321 - wide2deep_ws_zh_012, col 排名, metric_func_name exact_match, score [1.0, 1.0, 1.0, 1.0, 1.0, 1.0, 1.0, 0.0, 0.0, 0.0, 0.0]
2026-08-11 23:25:02.970 | DEBUG    | eval.evaluation.evaluation:metric_call:77 - metric_func_name number_near score 1.0 msg number near in range 5.0%, response: 545947.5, target: 545947.5
2026-08-11 23:25:02.970 | DEBUG    | eval.evaluation.evaluation:metric_call:77 - metric_func_name number_near score 1.0 msg number near in range 5.0%, response: 429700.2, target: 429699.7
2026-08-11 23:25:02.970 | DEBUG    | eval.evaluation.evaluation:metric_call:77 - metric_func_name number_near score 1.0 msg number near in range 5.0%, response: 421713.6, target: 421713.6
2026-08-11 23:25:02.970 | DEBUG    | eval.evaluation.evaluation:metric_call:77 - metric_func_name number_near score 0.0 msg number not near, response: 293971.3, target: 320430.5
2026-08-11 23:25:02.970 | DEBUG    | eval.evaluation.evaluation:metric_call:77 - metric_func_name number_near score 1.0 msg number near in range 5.0%, response: 222484.2, target: 222484.2
2026-08-11 23:25:02.970 | DEBUG    | eval.evaluation.evaluation:metric_call:77 - metric_func_name number_near score 1.0 msg number near in range 5.0%, response: 199826.3, target: 199826.1
2026-08-11 23:25:02.970 | DEBUG    | eval.evaluation.evaluation:metric_call:77 - metric_func_name number_near score 1.0 msg number near in range 5.0%, response: 198000.0, target: 197876.0
2026-08-11 23:25:02.970 | DEBUG    | eval.evaluation.evaluation:metric_call:77 - metric_func_name number_near score 1.0 msg number near in range 5.0%, response: 69276.0, target: 69415.8
2026-08-11 23:25:02.970 | DEBUG    | eval.evaluation.evaluation:metric_call:77 - metric_func_name number_near score 0.0 msg number not convertable, response: None, target: 40356.8
2026-08-11 23:25:02.970 | DEBUG    | eval.evaluation.evaluation:metric_call:77 - metric_func_name number_near score 0.0 msg number not convertable, response: None, target: 34860.2
2026-08-11 23:25:02.971 | DEBUG    | eval.evaluation.evaluation:metric_call:77 - metric_func_name number_near score 0.0 msg number not convertable, response: None, target: 33903.7
2026-08-11 23:25:02.971 | DEBUG    | eval.evaluation.evaluation:evaluate_single_query:321 - wide2deep_ws_zh_012, col 营业收入（百万美元）, metric_func_name number_near, score [1.0, 1.0, 1.0, 0.0, 1.0, 1.0, 1.0, 1.0, 0.0, 0.0, 0.0]
2026-08-11 23:25:02.971 | DEBUG    | eval.evaluation.evaluation:metric_call:77 - metric_func_name number_near score 1.0 msg number near in range 5.0%, response: 9204.3, target: 9204.3
2026-08-11 23:25:02.971 | DEBUG    | eval.evaluation.evaluation:metric_call:77 - metric_func_name number_near score 1.0 msg number near in range 5.0%, response: 9393.4, target: 9393.4
2026-08-11 23:25:02.971 | DEBUG    | eval.evaluation.evaluation:metric_call:77 - metric_func_name number_near score 1.0 msg number near in range 5.0%, response: 21294.7, target: 21294.7
2026-08-11 23:25:02.971 | DEBUG    | eval.evaluation.evaluation:metric_call:77 - metric_func_name number_near score 0.0 msg number not near, response: 3272.3, target: 4371.5
2026-08-11 23:25:02.971 | DEBUG    | eval.evaluation.evaluation:metric_call:77 - metric_func_name number_near score 1.0 msg number near in range 5.0%, response: 51417.5, target: 51417.0
2026-08-11 23:25:02.971 | DEBUG    | eval.evaluation.evaluation:metric_call:77 - metric_func_name number_near score 1.0 msg number near in range 5.0%, response: 46990.0, target: 46990.0
2026-08-11 23:25:02.971 | DEBUG    | eval.evaluation.evaluation:metric_call:77 - metric_func_name number_near score 1.0 msg number near in range 5.0%, response: 4600.0, target: 4562.9
2026-08-11 23:25:02.971 | DEBUG    | eval.evaluation.evaluation:metric_call:77 - metric_func_name number_near score 1.0 msg number near in range 5.0%, response: 26887.0, target: 27350.4
2026-08-11 23:25:02.971 | DEBUG    | eval.evaluation.evaluation:metric_call:77 - metric_func_name number_near score 0.0 msg number not convertable, response: None, target: 504.6
2026-08-11 23:25:02.972 | DEBUG    | eval.evaluation.evaluation:metric_call:77 - metric_func_name number_near score 0.0 msg number not convertable, response: None, target: 1274.1
2026-08-11 23:25:02.972 | DEBUG    | eval.evaluation.evaluation:metric_call:77 - metric_func_name number_near score 0.0 msg number not convertable, response: None, target: -656.7
2026-08-11 23:25:02.972 | DEBUG    | eval.evaluation.evaluation:evaluate_single_query:321 - wide2deep_ws_zh_012, col 利润（百万美元）, metric_func_name number_near, score [1.0, 1.0, 1.0, 0.0, 1.0, 1.0, 1.0, 1.0, 0.0, 0.0, 0.0]
2026-08-11 23:25:05.366 | DEBUG    | eval.evaluation.evaluation:evaluate_single_query:321 - wide2deep_ws_zh_012, col 总部所在城市, metric_func_name llm_judge, score [1, 1, 1, 1, 1, 1, 1, 1, 1, 1, 1]
2026-08-11 23:25:05.371 | INFO     | eval.evaluation.evaluation:evaluate_single_query:380 - wide2deep_ws_zh_012, P/R/F1 by unique_columns: 1.0000/0.0827/0.1528
2026-08-11 23:25:05.371 | INFO     | eval.evaluation.evaluation:evaluate_single_query:383 - wide2deep_ws_zh_012, P/R/F1 by row: 0.5455/0.0451/0.0833
2026-08-11 23:25:05.371 | INFO     | eval.evaluation.evaluation:evaluate_single_query:386 - wide2deep_ws_zh_012, P/R/F1 by item: 0.7818/0.0647/0.1194
2026-08-11 23:25:05.372 | INFO     | eval.evaluation.evaluation:evaluate_single_query:398 - wide2deep_ws_zh_012, final table score: 0.0
{"event": "eval_done", "idx": 3, "instance_id": "wide2deep_ws_zh_012", "score": 0.0, "entity_acc": 1.0, "f1_by_row": 0.08333333333333333, "f1_by_item": 0.11944444444444446, "column_f1": 0.1527777777777778, "error": null, "elapsed_seconds": 7.95, "running_n": 3}
2026-08-11 23:25:08.134 | DEBUG    | eval.evaluation.data_loader:extract_dataframe:167 - find markdown_str 
| Year | Rank | Name | Net Worth (in USD billions) | Age | Sour ...
2026-08-11 23:25:12.585 | INFO     | eval.evaluation.metric_utils:primary_key_preprocess:246 - primary_key_preprocess result: ```json
{
  "Jeff Bezos": "Jeff Bezos",
  "Bill Gates": "Bill Gates",
  "Warren Buffett": "Warren Buffett",
  "Bernard Arnault & family": "Bernard Arnault & family",
  "Carlos Slim Helú & family": "Carlos Slim Helu & family",
  "Amancio Ortega": "Amancio Ortega",
  "Larry Ellison": "Larry Ellison",
  "Mark Zuckerberg": "Mark Zuckerberg",
  "Michael Bloomberg": "Michael Bloomberg",
  "Larry Page": "Larry Page",
  "Jim Walton": "Jim Walton",
  "Alice Walton": "Alice Walton",
  "S. Robson Walton": "Rob Walton",
  "Elon Musk": "Elon Musk",
  "Sergey Brin": "Sergey Brin",
  "Mukesh Ambani": "Mukesh Ambani",
  "Steve Ballmer": "Steve Ballmer"
}
```
2026-08-11 23:25:12.585 | INFO     | eval.evaluation.evaluation:evaluate_single_query:223 - col: name, primary_key_map {'Jeff Bezos': 'Jeff Bezos', 'Bill Gates': 'Bill Gates', 'Warren Buffett': 'Warren Buffett', 'Bernard Arnault & family': 'Bernard Arnault & family', 'Carlos Slim Helú & family': 'Carlos Slim Helu & family', 'Amancio Ortega': 'Amancio Ortega', 'Larry Ellison': 'Larry Ellison', 'Mark Zuckerberg': 'Mark Zuckerberg', 'Michael Bloomberg': 'Michael Bloomberg', 'Larry Page': 'Larry Page', 'Jim Walton': 'Jim Walton', 'Alice Walton': 'Alice Walton', 'S. Robson Walton': 'Rob Walton', 'Elon Musk': 'Elon Musk', 'Sergey Brin': 'Sergey Brin', 'Mukesh Ambani': 'Mukesh Ambani', 'Steve Ballmer': 'Steve Ballmer'}
2026-08-11 23:25:16.936 | INFO     | eval.evaluation.metric_utils:primary_key_preprocess:246 - primary_key_preprocess result: ```json
{
  "2019": "2019",
  "2020": "2020",
  "2021": "2021",
  "2022": "2022",
  "2023": "2023",
  "2024": "2024"
}
```
2026-08-11 23:25:16.936 | INFO     | eval.evaluation.evaluation:evaluate_single_query:223 - col: year, primary_key_map {'2019': '2019', '2020': '2020', '2021': '2021', '2022': '2022', '2023': '2023', '2024': '2024'}
2026-08-11 23:25:16.942 | INFO     | eval.evaluation.evaluation:evaluate_single_query:275 - wide2deep_ws_en_071, df_inner shape: (58, 12), answer_df shape: (60, 6), response_df shape: (60, 8)
2026-08-11 23:25:16.943 | DEBUG    | eval.evaluation.evaluation:metric_call:77 - metric_func_name exact_match score 1.0 msg exact match, response: 1, target: 1
2026-08-11 23:25:16.943 | DEBUG    | eval.evaluation.evaluation:metric_call:77 - metric_func_name exact_match score 1.0 msg exact match, response: 2, target: 2
2026-08-11 23:25:16.943 | DEBUG    | eval.evaluation.evaluation:metric_call:77 - metric_func_name exact_match score 1.0 msg exact match, response: 3, target: 3
2026-08-11 23:25:16.943 | DEBUG    | eval.evaluation.evaluation:metric_call:77 - metric_func_name exact_match score 1.0 msg exact match, response: 6, target: 6
2026-08-11 23:25:16.943 | DEBUG    | eval.evaluation.evaluation:metric_call:77 - metric_func_name exact_match score 1.0 msg exact match, response: 7, target: 7
2026-08-11 23:25:16.943 | DEBUG    | eval.evaluation.evaluation:metric_call:77 - metric_func_name exact_match score 1.0 msg exact match, response: 8, target: 8
2026-08-11 23:25:16.943 | DEBUG    | eval.evaluation.evaluation:metric_call:77 - metric_func_name exact_match score 1.0 msg exact match, response: 9, target: 9
2026-08-11 23:25:16.943 | DEBUG    | eval.evaluation.evaluation:metric_call:77 - metric_func_name exact_match score 1.0 msg exact match, response: 10, target: 10
2026-08-11 23:25:16.943 | DEBUG    | eval.evaluation.evaluation:metric_call:77 - metric_func_name exact_match score 1.0 msg exact match, response: 1, target: 1
2026-08-11 23:25:16.943 | DEBUG    | eval.evaluation.evaluation:metric_call:77 - metric_func_name exact_match score 1.0 msg exact match, response: 2, target: 2
2026-08-11 23:25:16.943 | DEBUG    | eval.evaluation.evaluation:metric_call:77 - metric_func_name exact_match score 1.0 msg exact match, response: 3, target: 3
2026-08-11 23:25:16.943 | DEBUG    | eval.evaluation.evaluation:metric_call:77 - metric_func_name exact_match score 1.0 msg exact match, response: 4, target: 4
2026-08-11 23:25:16.944 | DEBUG    | eval.evaluation.evaluation:metric_call:77 - metric_func_name exact_match score 1.0 msg exact match, response: 5, target: 5
2026-08-11 23:25:16.944 | DEBUG    | eval.evaluation.evaluation:metric_call:77 - metric_func_name exact_match score 1.0 msg exact match, response: 6, target: 6
2026-08-11 23:25:16.944 | DEBUG    | eval.evaluation.evaluation:metric_call:77 - metric_func_name exact_match score 1.0 msg exact match, response: 7, target: 7
2026-08-11 23:25:16.944 | DEBUG    | eval.evaluation.evaluation:metric_call:77 - metric_func_name exact_match score 1.0 msg exact match, response: 8, target: 8
2026-08-11 23:25:16.944 | DEBUG    | eval.evaluation.evaluation:metric_call:77 - metric_func_name exact_match score 1.0 msg exact match, response: 9, target: 9
2026-08-11 23:25:16.944 | DEBUG    | eval.evaluation.evaluation:metric_call:77 - metric_func_name exact_match score 1.0 msg exact match, response: 10, target: 10
2026-08-11 23:25:16.944 | DEBUG    | eval.evaluation.evaluation:metric_call:77 - metric_func_name exact_match score 1.0 msg exact match, response: 1, target: 1
2026-08-11 23:25:16.944 | DEBUG    | eval.evaluation.evaluation:metric_call:77 - metric_func_name exact_match score 1.0 msg exact match, response: 2, target: 2
2026-08-11 23:25:16.944 | DEBUG    | eval.evaluation.evaluation:metric_call:77 - metric_func_name exact_match score 1.0 msg exact match, response: 3, target: 3
2026-08-11 23:25:16.944 | DEBUG    | eval.evaluation.evaluation:metric_call:77 - metric_func_name exact_match score 1.0 msg exact match, response: 4, target: 4
2026-08-11 23:25:16.944 | DEBUG    | eval.evaluation.evaluation:metric_call:77 - metric_func_name exact_match score 1.0 msg exact match, response: 5, target: 5
2026-08-11 23:25:16.944 | DEBUG    | eval.evaluation.evaluation:metric_call:77 - metric_func_name exact_match score 1.0 msg exact match, response: 6, target: 6
2026-08-11 23:25:16.944 | DEBUG    | eval.evaluation.evaluation:metric_call:77 - metric_func_name exact_match score 1.0 msg exact match, response: 7, target: 7
2026-08-11 23:25:16.944 | DEBUG    | eval.evaluation.evaluation:metric_call:77 - metric_func_name exact_match score 1.0 msg exact match, response: 8, target: 8
2026-08-11 23:25:16.944 | DEBUG    | eval.evaluation.evaluation:metric_call:77 - metric_func_name exact_match score 1.0 msg exact match, response: 9, target: 9
2026-08-11 23:25:16.944 | DEBUG    | eval.evaluation.evaluation:metric_call:77 - metric_func_name exact_match score 1.0 msg exact match, response: 10, target: 10
2026-08-11 23:25:16.944 | DEBUG    | eval.evaluation.evaluation:metric_call:77 - metric_func_name exact_match score 1.0 msg exact match, response: 1, target: 1
2026-08-11 23:25:16.944 | DEBUG    | eval.evaluation.evaluation:metric_call:77 - metric_func_name exact_match score 1.0 msg exact match, response: 2, target: 2
2026-08-11 23:25:16.944 | DEBUG    | eval.evaluation.evaluation:metric_call:77 - metric_func_name exact_match score 1.0 msg exact match, response: 3, target: 3
2026-08-11 23:25:16.944 | DEBUG    | eval.evaluation.evaluation:metric_call:77 - metric_func_name exact_match score 1.0 msg exact match, response: 4, target: 4
2026-08-11 23:25:16.944 | DEBUG    | eval.evaluation.evaluation:metric_call:77 - metric_func_name exact_match score 1.0 msg exact match, response: 5, target: 5
2026-08-11 23:25:16.944 | DEBUG    | eval.evaluation.evaluation:metric_call:77 - metric_func_name exact_match score 1.0 msg exact match, response: 6, target: 6
2026-08-11 23:25:16.944 | DEBUG    | eval.evaluation.evaluation:metric_call:77 - metric_func_name exact_match score 1.0 msg exact match, response: 7, target: 7
2026-08-11 23:25:16.944 | DEBUG    | eval.evaluation.evaluation:metric_call:77 - metric_func_name exact_match score 1.0 msg exact match, response: 8, target: 8
2026-08-11 23:25:16.944 | DEBUG    | eval.evaluation.evaluation:metric_call:77 - metric_func_name exact_match score 1.0 msg exact match, response: 9, target: 9
2026-08-11 23:25:16.944 | DEBUG    | eval.evaluation.evaluation:metric_call:77 - metric_func_name exact_match score 1.0 msg exact match, response: 10, target: 10
2026-08-11 23:25:16.944 | DEBUG    | eval.evaluation.evaluation:metric_call:77 - metric_func_name exact_match score 1.0 msg exact match, response: 1, target: 1
2026-08-11 23:25:16.944 | DEBUG    | eval.evaluation.evaluation:metric_call:77 - metric_func_name exact_match score 1.0 msg exact match, response: 2, target: 2
2026-08-11 23:25:16.945 | DEBUG    | eval.evaluation.evaluation:metric_call:77 - metric_func_name exact_match score 1.0 msg exact match, response: 3, target: 3
2026-08-11 23:25:16.945 | DEBUG    | eval.evaluation.evaluation:metric_call:77 - metric_func_name exact_match score 1.0 msg exact match, response: 4, target: 4
2026-08-11 23:25:16.945 | DEBUG    | eval.evaluation.evaluation:metric_call:77 - metric_func_name exact_match score 1.0 msg exact match, response: 5, target: 5
2026-08-11 23:25:16.945 | DEBUG    | eval.evaluation.evaluation:metric_call:77 - metric_func_name exact_match score 1.0 msg exact match, response: 6, target: 6
2026-08-11 23:25:16.945 | DEBUG    | eval.evaluation.evaluation:metric_call:77 - metric_func_name exact_match score 1.0 msg exact match, response: 7, target: 7
2026-08-11 23:25:16.945 | DEBUG    | eval.evaluation.evaluation:metric_call:77 - metric_func_name exact_match score 1.0 msg exact match, response: 8, target: 8
2026-08-11 23:25:16.945 | DEBUG    | eval.evaluation.evaluation:metric_call:77 - metric_func_name exact_match score 1.0 msg exact match, response: 9, target: 9
2026-08-11 23:25:16.945 | DEBUG    | eval.evaluation.evaluation:metric_call:77 - metric_func_name exact_match score 1.0 msg exact match, response: 10, target: 10
2026-08-11 23:25:16.945 | DEBUG    | eval.evaluation.evaluation:metric_call:77 - metric_func_name exact_match score 1.0 msg exact match, response: 1, target: 1
2026-08-11 23:25:16.945 | DEBUG    | eval.evaluation.evaluation:metric_call:77 - metric_func_name exact_match score 1.0 msg exact match, response: 2, target: 2
2026-08-11 23:25:16.945 | DEBUG    | eval.evaluation.evaluation:metric_call:77 - metric_func_name exact_match score 1.0 msg exact match, response: 3, target: 3
2026-08-11 23:25:16.945 | DEBUG    | eval.evaluation.evaluation:metric_call:77 - metric_func_name exact_match score 1.0 msg exact match, response: 4, target: 4
2026-08-11 23:25:16.945 | DEBUG    | eval.evaluation.evaluation:metric_call:77 - metric_func_name exact_match score 1.0 msg exact match, response: 5, target: 5
2026-08-11 23:25:16.945 | DEBUG    | eval.evaluation.evaluation:metric_call:77 - metric_func_name exact_match score 1.0 msg exact match, response: 6, target: 6
2026-08-11 23:25:16.945 | DEBUG    | eval.evaluation.evaluation:metric_call:77 - metric_func_name exact_match score 1.0 msg exact match, response: 7, target: 7
2026-08-11 23:25:16.945 | DEBUG    | eval.evaluation.evaluation:metric_call:77 - metric_func_name exact_match score 1.0 msg exact match, response: 8, target: 8
2026-08-11 23:25:16.945 | DEBUG    | eval.evaluation.evaluation:metric_call:77 - metric_func_name exact_match score 1.0 msg exact match, response: 9, target: 9
2026-08-11 23:25:16.945 | DEBUG    | eval.evaluation.evaluation:metric_call:77 - metric_func_name exact_match score 1.0 msg exact match, response: 10, target: 10
2026-08-11 23:25:16.946 | DEBUG    | eval.evaluation.evaluation:evaluate_single_query:321 - wide2deep_ws_en_071, col rank, metric_func_name exact_match, score [1.0, 1.0, 1.0, 1.0, 1.0, 1.0, 1.0, 1.0, 1.0, 1.0, 1.0, 1.0, 1.0, 1.0, 1.0, 1.0, 1.0, 1.0, 1.0, 1.0, 1.0, 1.0, 1.0, 1.0, 1.0, 1.0, 1.0, 1.0, 1.0, 1.0, 1.0, 1.0, 1.0, 1.0, 1.0, 1.0, 1.0, 1.0, 1.0, 1.0, 1.0, 1.0, 1.0, 1.0, 1.0, 1.0, 1.0, 1.0, 1.0, 1.0, 1.0, 1.0, 1.0, 1.0, 1.0, 1.0, 1.0, 1.0]
2026-08-11 23:25:16.946 | DEBUG    | eval.evaluation.evaluation:metric_call:77 - metric_func_name number_near score 1.0 msg number near in range 5.0%, response: 131.0, target: 131.0
2026-08-11 23:25:16.946 | DEBUG    | eval.evaluation.evaluation:metric_call:77 - metric_func_name number_near score 1.0 msg number near in range 5.0%, response: 96.5, target: 96.5
2026-08-11 23:25:16.946 | DEBUG    | eval.evaluation.evaluation:metric_call:77 - metric_func_name number_near score 1.0 msg number near in range 5.0%, response: 82.5, target: 82.5
2026-08-11 23:25:16.946 | DEBUG    | eval.evaluation.evaluation:metric_call:77 - metric_func_name number_near score 1.0 msg number near in range 5.0%, response: 62.7, target: 62.7
2026-08-11 23:25:16.946 | DEBUG    | eval.evaluation.evaluation:metric_call:77 - metric_func_name number_near score 1.0 msg number near in range 5.0%, response: 62.5, target: 62.5
2026-08-11 23:25:16.946 | DEBUG    | eval.evaluation.evaluation:metric_call:77 - metric_func_name number_near score 1.0 msg number near in range 5.0%, response: 62.3, target: 62.3
2026-08-11 23:25:16.946 | DEBUG    | eval.evaluation.evaluation:metric_call:77 - metric_func_name number_near score 1.0 msg number near in range 5.0%, response: 55.5, target: 55.5
2026-08-11 23:25:16.946 | DEBUG    | eval.evaluation.evaluation:metric_call:77 - metric_func_name number_near score 1.0 msg number near in range 5.0%, response: 50.8, target: 50.8
2026-08-11 23:25:16.946 | DEBUG    | eval.evaluation.evaluation:metric_call:77 - metric_func_name number_near score 1.0 msg number near in range 5.0%, response: 113.0, target: 113.0
2026-08-11 23:25:16.946 | DEBUG    | eval.evaluation.evaluation:metric_call:77 - metric_func_name number_near score 1.0 msg number near in range 5.0%, response: 98.0, target: 98.0
2026-08-11 23:25:16.947 | DEBUG    | eval.evaluation.evaluation:metric_call:77 - metric_func_name number_near score 1.0 msg number near in range 5.0%, response: 76.0, target: 76.0
2026-08-11 23:25:16.947 | DEBUG    | eval.evaluation.evaluation:metric_call:77 - metric_func_name number_near score 1.0 msg number near in range 5.0%, response: 67.5, target: 67.5
2026-08-11 23:25:16.947 | DEBUG    | eval.evaluation.evaluation:metric_call:77 - metric_func_name number_near score 1.0 msg number near in range 5.0%, response: 59.0, target: 59.0
2026-08-11 23:25:16.947 | DEBUG    | eval.evaluation.evaluation:metric_call:77 - metric_func_name number_near score 1.0 msg number near in range 5.0%, response: 55.1, target: 55.1
2026-08-11 23:25:16.947 | DEBUG    | eval.evaluation.evaluation:metric_call:77 - metric_func_name number_near score 1.0 msg number near in range 5.0%, response: 54.7, target: 54.7
2026-08-11 23:25:16.947 | DEBUG    | eval.evaluation.evaluation:metric_call:77 - metric_func_name number_near score 1.0 msg number near in range 5.0%, response: 54.6, target: 54.6
2026-08-11 23:25:16.947 | DEBUG    | eval.evaluation.evaluation:metric_call:77 - metric_func_name number_near score 1.0 msg number near in range 5.0%, response: 54.4, target: 54.4
2026-08-11 23:25:16.947 | DEBUG    | eval.evaluation.evaluation:metric_call:77 - metric_func_name number_near score 1.0 msg number near in range 5.0%, response: 54.1, target: 54.1
2026-08-11 23:25:16.947 | DEBUG    | eval.evaluation.evaluation:metric_call:77 - metric_func_name number_near score 1.0 msg number near in range 5.0%, response: 177.0, target: 177.0
2026-08-11 23:25:16.947 | DEBUG    | eval.evaluation.evaluation:metric_call:77 - metric_func_name number_near score 1.0 msg number near in range 5.0%, response: 151.0, target: 151.0
2026-08-11 23:25:16.947 | DEBUG    | eval.evaluation.evaluation:metric_call:77 - metric_func_name number_near score 1.0 msg number near in range 5.0%, response: 150.0, target: 150.0
2026-08-11 23:25:16.947 | DEBUG    | eval.evaluation.evaluation:metric_call:77 - metric_func_name number_near score 1.0 msg number near in range 5.0%, response: 124.0, target: 124.0
2026-08-11 23:25:16.947 | DEBUG    | eval.evaluation.evaluation:metric_call:77 - metric_func_name number_near score 1.0 msg number near in range 5.0%, response: 97.0, target: 97.0
2026-08-11 23:25:16.947 | DEBUG    | eval.evaluation.evaluation:metric_call:77 - metric_func_name number_near score 1.0 msg number near in range 5.0%, response: 96.0, target: 96.0
2026-08-11 23:25:16.947 | DEBUG    | eval.evaluation.evaluation:metric_call:77 - metric_func_name number_near score 1.0 msg number near in range 5.0%, response: 93.0, target: 93.0
2026-08-11 23:25:16.947 | DEBUG    | eval.evaluation.evaluation:metric_call:77 - metric_func_name number_near score 1.0 msg number near in range 5.0%, response: 91.5, target: 91.5
2026-08-11 23:25:16.947 | DEBUG    | eval.evaluation.evaluation:metric_call:77 - metric_func_name number_near score 1.0 msg number near in range 5.0%, response: 89.0, target: 89.0
2026-08-11 23:25:16.947 | DEBUG    | eval.evaluation.evaluation:metric_call:77 - metric_func_name number_near score 1.0 msg number near in range 5.0%, response: 84.5, target: 84.5
2026-08-11 23:25:16.947 | DEBUG    | eval.evaluation.evaluation:metric_call:77 - metric_func_name number_near score 1.0 msg number near in range 5.0%, response: 219.0, target: 219.0
2026-08-11 23:25:16.947 | DEBUG    | eval.evaluation.evaluation:metric_call:77 - metric_func_name number_near score 1.0 msg number near in range 5.0%, response: 171.0, target: 171.0
2026-08-11 23:25:16.947 | DEBUG    | eval.evaluation.evaluation:metric_call:77 - metric_func_name number_near score 1.0 msg number near in range 5.0%, response: 158.0, target: 158.0
2026-08-11 23:25:16.947 | DEBUG    | eval.evaluation.evaluation:metric_call:77 - metric_func_name number_near score 1.0 msg number near in range 5.0%, response: 129.0, target: 129.0
2026-08-11 23:25:16.947 | DEBUG    | eval.evaluation.evaluation:metric_call:77 - metric_func_name number_near score 1.0 msg number near in range 5.0%, response: 118.0, target: 118.0
2026-08-11 23:25:16.947 | DEBUG    | eval.evaluation.evaluation:metric_call:77 - metric_func_name number_near score 1.0 msg number near in range 5.0%, response: 111.0, target: 111.0
2026-08-11 23:25:16.947 | DEBUG    | eval.evaluation.evaluation:metric_call:77 - metric_func_name number_near score 1.0 msg number near in range 5.0%, response: 107.0, target: 107.0
2026-08-11 23:25:16.947 | DEBUG    | eval.evaluation.evaluation:metric_call:77 - metric_func_name number_near score 1.0 msg number near in range 5.0%, response: 106.0, target: 106.0
2026-08-11 23:25:16.947 | DEBUG    | eval.evaluation.evaluation:metric_call:77 - metric_func_name number_near score 1.0 msg number near in range 5.0%, response: 91.4, target: 91.4
2026-08-11 23:25:16.947 | DEBUG    | eval.evaluation.evaluation:metric_call:77 - metric_func_name number_near score 1.0 msg number near in range 5.0%, response: 90.7, target: 90.7
2026-08-11 23:25:16.947 | DEBUG    | eval.evaluation.evaluation:metric_call:77 - metric_func_name number_near score 1.0 msg number near in range 5.0%, response: 211.0, target: 211.0
2026-08-11 23:25:16.947 | DEBUG    | eval.evaluation.evaluation:metric_call:77 - metric_func_name number_near score 1.0 msg number near in range 5.0%, response: 180.0, target: 180.0
2026-08-11 23:25:16.947 | DEBUG    | eval.evaluation.evaluation:metric_call:77 - metric_func_name number_near score 1.0 msg number near in range 5.0%, response: 114.0, target: 114.0
2026-08-11 23:25:16.947 | DEBUG    | eval.evaluation.evaluation:metric_call:77 - metric_func_name number_near score 1.0 msg number near in range 5.0%, response: 107.0, target: 107.0
2026-08-11 23:25:16.947 | DEBUG    | eval.evaluation.evaluation:metric_call:77 - metric_func_name number_near score 1.0 msg number near in range 5.0%, response: 106.0, target: 106.0
2026-08-11 23:25:16.947 | DEBUG    | eval.evaluation.evaluation:metric_call:77 - metric_func_name number_near score 1.0 msg number near in range 5.0%, response: 104.0, target: 104.0
2026-08-11 23:25:16.948 | DEBUG    | eval.evaluation.evaluation:metric_call:77 - metric_func_name number_near score 1.0 msg number near in range 5.0%, response: 94.5, target: 94.5
2026-08-11 23:25:16.948 | DEBUG    | eval.evaluation.evaluation:metric_call:77 - metric_func_name number_near score 1.0 msg number near in range 5.0%, response: 93.0, target: 93.0
2026-08-11 23:25:16.948 | DEBUG    | eval.evaluation.evaluation:metric_call:77 - metric_func_name number_near score 1.0 msg number near in range 5.0%, response: 83.4, target: 83.4
2026-08-11 23:25:16.948 | DEBUG    | eval.evaluation.evaluation:metric_call:77 - metric_func_name number_near score 1.0 msg number near in range 5.0%, response: 80.7, target: 80.7
2026-08-11 23:25:16.948 | DEBUG    | eval.evaluation.evaluation:metric_call:77 - metric_func_name number_near score 1.0 msg number near in range 5.0%, response: 233.0, target: 233.0
2026-08-11 23:25:16.948 | DEBUG    | eval.evaluation.evaluation:metric_call:77 - metric_func_name number_near score 1.0 msg number near in range 5.0%, response: 195.0, target: 195.0
2026-08-11 23:25:16.948 | DEBUG    | eval.evaluation.evaluation:metric_call:77 - metric_func_name number_near score 1.0 msg number near in range 5.0%, response: 194.0, target: 194.0
2026-08-11 23:25:16.948 | DEBUG    | eval.evaluation.evaluation:metric_call:77 - metric_func_name number_near score 1.0 msg number near in range 5.0%, response: 177.0, target: 177.0
2026-08-11 23:25:16.948 | DEBUG    | eval.evaluation.evaluation:metric_call:77 - metric_func_name number_near score 1.0 msg number near in range 5.0%, response: 141.0, target: 141.0
2026-08-11 23:25:16.948 | DEBUG    | eval.evaluation.evaluation:metric_call:77 - metric_func_name number_near score 1.0 msg number near in range 5.0%, response: 133.0, target: 133.0
2026-08-11 23:25:16.948 | DEBUG    | eval.evaluation.evaluation:metric_call:77 - metric_func_name number_near score 1.0 msg number near in range 5.0%, response: 128.0, target: 128.0
2026-08-11 23:25:16.948 | DEBUG    | eval.evaluation.evaluation:metric_call:77 - metric_func_name number_near score 1.0 msg number near in range 5.0%, response: 121.0, target: 121.0
2026-08-11 23:25:16.948 | DEBUG    | eval.evaluation.evaluation:metric_call:77 - metric_func_name number_near score 1.0 msg number near in range 5.0%, response: 116.0, target: 116.0
2026-08-11 23:25:16.948 | DEBUG    | eval.evaluation.evaluation:metric_call:77 - metric_func_name number_near score 1.0 msg number near in range 5.0%, response: 114.0, target: 114.0
2026-08-11 23:25:16.949 | DEBUG    | eval.evaluation.evaluation:evaluate_single_query:321 - wide2deep_ws_en_071, col networth(inusdbillions), metric_func_name number_near, score [1.0, 1.0, 1.0, 1.0, 1.0, 1.0, 1.0, 1.0, 1.0, 1.0, 1.0, 1.0, 1.0, 1.0, 1.0, 1.0, 1.0, 1.0, 1.0, 1.0, 1.0, 1.0, 1.0, 1.0, 1.0, 1.0, 1.0, 1.0, 1.0, 1.0, 1.0, 1.0, 1.0, 1.0, 1.0, 1.0, 1.0, 1.0, 1.0, 1.0, 1.0, 1.0, 1.0, 1.0, 1.0, 1.0, 1.0, 1.0, 1.0, 1.0, 1.0, 1.0, 1.0, 1.0, 1.0, 1.0, 1.0, 1.0]
2026-08-11 23:25:16.949 | DEBUG    | eval.evaluation.evaluation:metric_call:77 - metric_func_name exact_match score 1.0 msg exact match, response: 55, target: 55
2026-08-11 23:25:16.949 | DEBUG    | eval.evaluation.evaluation:metric_call:77 - metric_func_name exact_match score 1.0 msg exact match, response: 63, target: 63
2026-08-11 23:25:16.949 | DEBUG    | eval.evaluation.evaluation:metric_call:77 - metric_func_name exact_match score 1.0 msg exact match, response: 88, target: 88
2026-08-11 23:25:16.949 | DEBUG    | eval.evaluation.evaluation:metric_call:77 - metric_func_name exact_match score 1.0 msg exact match, response: 82, target: 82
2026-08-11 23:25:16.949 | DEBUG    | eval.evaluation.evaluation:metric_call:77 - metric_func_name exact_match score 1.0 msg exact match, response: 74, target: 74
2026-08-11 23:25:16.949 | DEBUG    | eval.evaluation.evaluation:metric_call:77 - metric_func_name exact_match score 1.0 msg exact match, response: 34, target: 34
2026-08-11 23:25:16.949 | DEBUG    | eval.evaluation.evaluation:metric_call:77 - metric_func_name exact_match score 1.0 msg exact match, response: 77, target: 77
2026-08-11 23:25:16.949 | DEBUG    | eval.evaluation.evaluation:metric_call:77 - metric_func_name exact_match score 1.0 msg exact match, response: 45, target: 45
2026-08-11 23:25:16.949 | DEBUG    | eval.evaluation.evaluation:metric_call:77 - metric_func_name exact_match score 1.0 msg exact match, response: 56, target: 56
2026-08-11 23:25:16.949 | DEBUG    | eval.evaluation.evaluation:metric_call:77 - metric_func_name exact_match score 1.0 msg exact match, response: 64, target: 64
2026-08-11 23:25:16.949 | DEBUG    | eval.evaluation.evaluation:metric_call:77 - metric_func_name exact_match score 1.0 msg exact match, response: 71, target: 71
2026-08-11 23:25:16.949 | DEBUG    | eval.evaluation.evaluation:metric_call:77 - metric_func_name exact_match score 1.0 msg exact match, response: 89, target: 89
2026-08-11 23:25:16.949 | DEBUG    | eval.evaluation.evaluation:metric_call:77 - metric_func_name exact_match score 1.0 msg exact match, response: 75, target: 75
2026-08-11 23:25:16.949 | DEBUG    | eval.evaluation.evaluation:metric_call:77 - metric_func_name exact_match score 1.0 msg exact match, response: 84, target: 84
2026-08-11 23:25:16.949 | DEBUG    | eval.evaluation.evaluation:metric_call:77 - metric_func_name exact_match score 1.0 msg exact match, response: 35, target: 35
2026-08-11 23:25:16.949 | DEBUG    | eval.evaluation.evaluation:metric_call:77 - metric_func_name exact_match score 1.0 msg exact match, response: 71, target: 71
2026-08-11 23:25:16.949 | DEBUG    | eval.evaluation.evaluation:metric_call:77 - metric_func_name exact_match score 1.0 msg exact match, response: 70, target: 70
2026-08-11 23:25:16.949 | DEBUG    | eval.evaluation.evaluation:metric_call:77 - metric_func_name exact_match score 1.0 msg exact match, response: 75, target: 75
2026-08-11 23:25:16.949 | DEBUG    | eval.evaluation.evaluation:metric_call:77 - metric_func_name exact_match score 1.0 msg exact match, response: 57, target: 57
2026-08-11 23:25:16.950 | DEBUG    | eval.evaluation.evaluation:metric_call:77 - metric_func_name exact_match score 1.0 msg exact match, response: 49, target: 49
2026-08-11 23:25:16.950 | DEBUG    | eval.evaluation.evaluation:metric_call:77 - metric_func_name exact_match score 1.0 msg exact match, response: 72, target: 72
2026-08-11 23:25:16.950 | DEBUG    | eval.evaluation.evaluation:metric_call:77 - metric_func_name exact_match score 1.0 msg exact match, response: 65, target: 65
2026-08-11 23:25:16.950 | DEBUG    | eval.evaluation.evaluation:metric_call:77 - metric_func_name exact_match score 1.0 msg exact match, response: 36, target: 36
2026-08-11 23:25:16.950 | DEBUG    | eval.evaluation.evaluation:metric_call:77 - metric_func_name exact_match score 1.0 msg exact match, response: 90, target: 90
2026-08-11 23:25:16.950 | DEBUG    | eval.evaluation.evaluation:metric_call:77 - metric_func_name exact_match score 1.0 msg exact match, response: 76, target: 76
2026-08-11 23:25:16.950 | DEBUG    | eval.evaluation.evaluation:metric_call:77 - metric_func_name exact_match score 1.0 msg exact match, response: 48, target: 48
2026-08-11 23:25:16.950 | DEBUG    | eval.evaluation.evaluation:metric_call:77 - metric_func_name exact_match score 1.0 msg exact match, response: 47, target: 47
2026-08-11 23:25:16.950 | DEBUG    | eval.evaluation.evaluation:metric_call:77 - metric_func_name exact_match score 1.0 msg exact match, response: 63, target: 63
2026-08-11 23:25:16.950 | DEBUG    | eval.evaluation.evaluation:metric_call:77 - metric_func_name exact_match score 1.0 msg exact match, response: 50, target: 50
2026-08-11 23:25:16.950 | DEBUG    | eval.evaluation.evaluation:metric_call:77 - metric_func_name exact_match score 1.0 msg exact match, response: 58, target: 58
2026-08-11 23:25:16.950 | DEBUG    | eval.evaluation.evaluation:metric_call:77 - metric_func_name exact_match score 1.0 msg exact match, response: 73, target: 73
2026-08-11 23:25:16.950 | DEBUG    | eval.evaluation.evaluation:metric_call:77 - metric_func_name exact_match score 1.0 msg exact match, response: 66, target: 66
2026-08-11 23:25:16.950 | DEBUG    | eval.evaluation.evaluation:metric_call:77 - metric_func_name exact_match score 1.0 msg exact match, response: 91, target: 91
2026-08-11 23:25:16.950 | DEBUG    | eval.evaluation.evaluation:metric_call:77 - metric_func_name exact_match score 1.0 msg exact match, response: 49, target: 49
2026-08-11 23:25:16.950 | DEBUG    | eval.evaluation.evaluation:metric_call:77 - metric_func_name exact_match score 1.0 msg exact match, response: 48, target: 48
2026-08-11 23:25:16.950 | DEBUG    | eval.evaluation.evaluation:metric_call:77 - metric_func_name exact_match score 1.0 msg exact match, response: 77, target: 77
2026-08-11 23:25:16.950 | DEBUG    | eval.evaluation.evaluation:metric_call:77 - metric_func_name exact_match score 1.0 msg exact match, response: 66, target: 66
2026-08-11 23:25:16.950 | DEBUG    | eval.evaluation.evaluation:metric_call:77 - metric_func_name exact_match score 1.0 msg exact match, response: 64, target: 64
2026-08-11 23:25:16.950 | DEBUG    | eval.evaluation.evaluation:metric_call:77 - metric_func_name exact_match score 1.0 msg exact match, response: 74, target: 74
2026-08-11 23:25:16.950 | DEBUG    | eval.evaluation.evaluation:metric_call:77 - metric_func_name exact_match score 1.0 msg exact match, response: 51, target: 51
2026-08-11 23:25:16.950 | DEBUG    | eval.evaluation.evaluation:metric_call:77 - metric_func_name exact_match score 1.0 msg exact match, response: 59, target: 59
2026-08-11 23:25:16.950 | DEBUG    | eval.evaluation.evaluation:metric_call:77 - metric_func_name exact_match score 1.0 msg exact match, response: 78, target: 78
2026-08-11 23:25:16.950 | DEBUG    | eval.evaluation.evaluation:metric_call:77 - metric_func_name exact_match score 1.0 msg exact match, response: 92, target: 92
2026-08-11 23:25:16.950 | DEBUG    | eval.evaluation.evaluation:metric_call:77 - metric_func_name exact_match score 1.0 msg exact match, response: 67, target: 67
2026-08-11 23:25:16.950 | DEBUG    | eval.evaluation.evaluation:metric_call:77 - metric_func_name exact_match score 1.0 msg exact match, response: 81, target: 81
2026-08-11 23:25:16.950 | DEBUG    | eval.evaluation.evaluation:metric_call:77 - metric_func_name exact_match score 1.0 msg exact match, response: 83, target: 83
2026-08-11 23:25:16.950 | DEBUG    | eval.evaluation.evaluation:metric_call:77 - metric_func_name exact_match score 1.0 msg exact match, response: 65, target: 65
2026-08-11 23:25:16.950 | DEBUG    | eval.evaluation.evaluation:metric_call:77 - metric_func_name exact_match score 1.0 msg exact match, response: 67, target: 67
2026-08-11 23:25:16.950 | DEBUG    | eval.evaluation.evaluation:metric_call:77 - metric_func_name exact_match score 1.0 msg exact match, response: 75, target: 75
2026-08-11 23:25:16.950 | DEBUG    | eval.evaluation.evaluation:metric_call:77 - metric_func_name exact_match score 1.0 msg exact match, response: 52, target: 52
2026-08-11 23:25:16.950 | DEBUG    | eval.evaluation.evaluation:metric_call:77 - metric_func_name exact_match score 1.0 msg exact match, response: 60, target: 60
2026-08-11 23:25:16.950 | DEBUG    | eval.evaluation.evaluation:metric_call:77 - metric_func_name exact_match score 1.0 msg exact match, response: 39, target: 39
2026-08-11 23:25:16.950 | DEBUG    | eval.evaluation.evaluation:metric_call:77 - metric_func_name exact_match score 1.0 msg exact match, response: 79, target: 79
2026-08-11 23:25:16.950 | DEBUG    | eval.evaluation.evaluation:metric_call:77 - metric_func_name exact_match score 1.0 msg exact match, response: 93, target: 93
2026-08-11 23:25:16.950 | DEBUG    | eval.evaluation.evaluation:metric_call:77 - metric_func_name exact_match score 1.0 msg exact match, response: 68, target: 68
2026-08-11 23:25:16.950 | DEBUG    | eval.evaluation.evaluation:metric_call:77 - metric_func_name exact_match score 1.0 msg exact match, response: 68, target: 68
2026-08-11 23:25:16.950 | DEBUG    | eval.evaluation.evaluation:metric_call:77 - metric_func_name exact_match score 1.0 msg exact match, response: 66, target: 66
2026-08-11 23:25:16.951 | DEBUG    | eval.evaluation.evaluation:metric_call:77 - metric_func_name exact_match score 1.0 msg exact match, response: 51, target: 51
2026-08-11 23:25:16.951 | DEBUG    | eval.evaluation.evaluation:evaluate_single_query:321 - wide2deep_ws_en_071, col age, metric_func_name exact_match, score [1.0, 1.0, 1.0, 1.0, 1.0, 1.0, 1.0, 1.0, 1.0, 1.0, 1.0, 1.0, 1.0, 1.0, 1.0, 1.0, 1.0, 1.0, 1.0, 1.0, 1.0, 1.0, 1.0, 1.0, 1.0, 1.0, 1.0, 1.0, 1.0, 1.0, 1.0, 1.0, 1.0, 1.0, 1.0, 1.0, 1.0, 1.0, 1.0, 1.0, 1.0, 1.0, 1.0, 1.0, 1.0, 1.0, 1.0, 1.0, 1.0, 1.0, 1.0, 1.0, 1.0, 1.0, 1.0, 1.0, 1.0, 1.0]
2026-08-11 23:25:24.205 | DEBUG    | eval.evaluation.evaluation:evaluate_single_query:321 - wide2deep_ws_en_071, col sourceofwealth, metric_func_name llm_judge, score [1, 1, 1, 1, 0, 1, 1, 1, 1, 1, 1, 1, 0, 1, 1, 1, 1, 1, 1, 1, 1, 1, 1, 1, 0, 1, 1, 0, 1, 1, 1, 1, 1, 1, 1, 0, 1, 0, 1, 1, 1, 1, 1, 1, 1, 1, 0, 1, 1, 0, 1, 1, 1, 1, 1, 1, 0, 1]
2026-08-11 23:25:24.210 | INFO     | eval.evaluation.evaluation:evaluate_single_query:380 - wide2deep_ws_en_071, P/R/F1 by unique_columns: 0.9667/0.9667/0.9667
2026-08-11 23:25:24.210 | INFO     | eval.evaluation.evaluation:evaluate_single_query:383 - wide2deep_ws_en_071, P/R/F1 by row: 0.8167/0.8167/0.8167
2026-08-11 23:25:24.210 | INFO     | eval.evaluation.evaluation:evaluate_single_query:386 - wide2deep_ws_en_071, P/R/F1 by item: 0.9417/0.9417/0.9417
2026-08-11 23:25:24.216 | INFO     | eval.evaluation.evaluation:evaluate_single_query:398 - wide2deep_ws_en_071, final table score: 0.0
{"event": "eval_done", "idx": 4, "instance_id": "wide2deep_ws_en_071", "score": 0.0, "entity_acc": 1.0, "f1_by_row": 0.8166666666666667, "f1_by_item": 0.9416666666666667, "column_f1": 0.9666666666666667, "error": null, "elapsed_seconds": 18.821, "running_n": 4}
2026-08-11 23:25:25.166 | DEBUG    | eval.evaluation.data_loader:extract_dataframe:167 - find markdown_str 
| League | Season | Champion Club | MVP Player | Club | Rating  ...
2026-08-11 23:25:28.060 | INFO     | eval.evaluation.metric_utils:primary_key_preprocess:246 - primary_key_preprocess result: ```json
{
  "Premier League": "Premier League",
  "La Liga": "La Liga",
  "Bundesliga": "Bundesliga",
  "Serie A": "Serie A",
  "Ligue 1": "Ligue 1"
}
```
2026-08-11 23:25:28.060 | INFO     | eval.evaluation.evaluation:evaluate_single_query:223 - col: league, primary_key_map {'Premier League': 'Premier League', 'La Liga': 'La Liga', 'Bundesliga': 'Bundesliga', 'Serie A': 'Serie A', 'Ligue 1': 'Ligue 1'}
2026-08-11 23:25:29.589 | INFO     | eval.evaluation.metric_utils:primary_key_preprocess:246 - primary_key_preprocess result: ```json
{
  "2020–21": "2020-21",
  "2021–22": "2021-22",
  "2022–23": "2022-23",
  "2023–24": "2023-24",
  "2024–25": "2024-25"
}
```
2026-08-11 23:25:29.589 | INFO     | eval.evaluation.evaluation:evaluate_single_query:223 - col: season, primary_key_map {'2020–21': '2020-21', '2021–22': '2021-22', '2022–23': '2022-23', '2023–24': '2023-24', '2024–25': '2024-25'}
2026-08-11 23:25:29.595 | INFO     | eval.evaluation.evaluation:evaluate_single_query:275 - wide2deep_ws_en_083, df_inner shape: (25, 12), answer_df shape: (25, 6), response_df shape: (25, 8)
2026-08-11 23:25:32.641 | DEBUG    | eval.evaluation.evaluation:evaluate_single_query:321 - wide2deep_ws_en_083, col championclub, metric_func_name llm_judge, score [1, 1, 1, 1, 1, 1, 1, 1, 1, 1, 1, 1, 1, 1, 1, 1, 1, 1, 1, 1, 1, 1, 1, 1, 1]
2026-08-11 23:25:37.619 | DEBUG    | eval.evaluation.evaluation:evaluate_single_query:321 - wide2deep_ws_en_083, col mvpplayer, metric_func_name llm_judge, score [1, 0, 1, 1, 0, 0, 0, 1, 1, 0, 1, 1, 1, 1, 1, 1, 0, 0, 1, 1, 0, 1, 0, 1, 0]
2026-08-11 23:25:41.311 | DEBUG    | eval.evaluation.evaluation:evaluate_single_query:321 - wide2deep_ws_en_083, col club, metric_func_name llm_judge, score [1, 1, 1, 1, 1, 0, 1, 1, 1, 0, 1, 1, 1, 1, 1, 1, 0, 0, 1, 1, 0, 1, 0, 1, 0]
2026-08-11 23:25:41.311 | DEBUG    | eval.evaluation.evaluation:metric_call:77 - metric_func_name exact_match score 0.0 msg exact not match, response: 8.07, target: 7.83
2026-08-11 23:25:41.311 | DEBUG    | eval.evaluation.evaluation:metric_call:77 - metric_func_name exact_match score 0.0 msg exact not match, response: 7.89, target: 7.79
2026-08-11 23:25:41.311 | DEBUG    | eval.evaluation.evaluation:metric_call:77 - metric_func_name exact_match score 0.0 msg exact not match, response: 7.72, target: 7.73
2026-08-11 23:25:41.311 | DEBUG    | eval.evaluation.evaluation:metric_call:77 - metric_func_name exact_match score 0.0 msg exact not match, response: 8.0, target: 7.76
2026-08-11 23:25:41.311 | DEBUG    | eval.evaluation.evaluation:metric_call:77 - metric_func_name exact_match score 1.0 msg exact match, response: 7.91, target: 7.91
2026-08-11 23:25:41.311 | DEBUG    | eval.evaluation.evaluation:metric_call:77 - metric_func_name exact_match score 0.0 msg exact not match, response: 7.71, target: 7.59
2026-08-11 23:25:41.311 | DEBUG    | eval.evaluation.evaluation:metric_call:77 - metric_func_name exact_match score 1.0 msg exact match, response: 7.77, target: 7.77
2026-08-11 23:25:41.311 | DEBUG    | eval.evaluation.evaluation:metric_call:77 - metric_func_name exact_match score 1.0 msg exact match, response: 8.11, target: 8.11
2026-08-11 23:25:41.311 | DEBUG    | eval.evaluation.evaluation:metric_call:77 - metric_func_name exact_match score 1.0 msg exact match, response: 7.89, target: 7.89
2026-08-11 23:25:41.311 | DEBUG    | eval.evaluation.evaluation:metric_call:77 - metric_func_name exact_match score 0.0 msg exact not match, response: 7.86, target: 7.76
2026-08-11 23:25:41.311 | DEBUG    | eval.evaluation.evaluation:metric_call:77 - metric_func_name exact_match score 0.0 msg exact not match, response: 8.52, target: 8.33
2026-08-11 23:25:41.311 | DEBUG    | eval.evaluation.evaluation:metric_call:77 - metric_func_name exact_match score 0.0 msg exact not match, response: 7.69, target: 7.73
2026-08-11 23:25:41.311 | DEBUG    | eval.evaluation.evaluation:metric_call:77 - metric_func_name exact_match score 0.0 msg exact not match, response: 7.7, target: 7.74
2026-08-11 23:25:41.311 | DEBUG    | eval.evaluation.evaluation:metric_call:77 - metric_func_name exact_match score 0.0 msg exact not match, response: 7.97, target: 8.05
2026-08-11 23:25:41.311 | DEBUG    | eval.evaluation.evaluation:metric_call:77 - metric_func_name exact_match score 1.0 msg exact match, response: 7.8, target: 7.8
2026-08-11 23:25:41.312 | DEBUG    | eval.evaluation.evaluation:metric_call:77 - metric_func_name exact_match score 0.0 msg exact not match, response: 7.79, target: 7.63
2026-08-11 23:25:41.312 | DEBUG    | eval.evaluation.evaluation:metric_call:77 - metric_func_name exact_match score 0.0 msg exact not match, response: 7.73, target: 7.78
2026-08-11 23:25:41.312 | DEBUG    | eval.evaluation.evaluation:metric_call:77 - metric_func_name exact_match score 0.0 msg exact not match, response: 7.74, target: 7.78
2026-08-11 23:25:41.312 | DEBUG    | eval.evaluation.evaluation:metric_call:77 - metric_func_name exact_match score 0.0 msg exact not match, response: 7.91, target: 8.01
2026-08-11 23:25:41.312 | DEBUG    | eval.evaluation.evaluation:metric_call:77 - metric_func_name exact_match score 1.0 msg exact match, response: 7.78, target: 7.78
2026-08-11 23:25:41.312 | DEBUG    | eval.evaluation.evaluation:metric_call:77 - metric_func_name exact_match score 0.0 msg exact not match, response: 7.61, target: 7.55
2026-08-11 23:25:41.312 | DEBUG    | eval.evaluation.evaluation:metric_call:77 - metric_func_name exact_match score 0.0 msg exact not match, response: 7.7, target: 7.59
2026-08-11 23:25:41.312 | DEBUG    | eval.evaluation.evaluation:metric_call:77 - metric_func_name exact_match score 0.0 msg exact not match, response: 7.43, target: 7.31
2026-08-11 23:25:41.312 | DEBUG    | eval.evaluation.evaluation:metric_call:77 - metric_func_name exact_match score 0.0 msg exact not match, response: 7.73, target: 7.68
2026-08-11 23:25:41.312 | DEBUG    | eval.evaluation.evaluation:metric_call:77 - metric_func_name exact_match score 0.0 msg exact not match, response: 7.36, target: 7.34
2026-08-11 23:25:41.313 | DEBUG    | eval.evaluation.evaluation:evaluate_single_query:321 - wide2deep_ws_en_083, col rating, metric_func_name exact_match, score [0.0, 0.0, 0.0, 0.0, 1.0, 0.0, 1.0, 1.0, 1.0, 0.0, 0.0, 0.0, 0.0, 0.0, 1.0, 0.0, 0.0, 0.0, 0.0, 1.0, 0.0, 0.0, 0.0, 0.0, 0.0]
2026-08-11 23:25:41.318 | INFO     | eval.evaluation.evaluation:evaluate_single_query:380 - wide2deep_ws_en_083, P/R/F1 by unique_columns: 1.0000/1.0000/1.0000
2026-08-11 23:25:41.318 | INFO     | eval.evaluation.evaluation:evaluate_single_query:383 - wide2deep_ws_en_083, P/R/F1 by row: 0.1600/0.1600/0.1600
2026-08-11 23:25:41.318 | INFO     | eval.evaluation.evaluation:evaluate_single_query:386 - wide2deep_ws_en_083, P/R/F1 by item: 0.7600/0.7600/0.7600
2026-08-11 23:25:41.320 | INFO     | eval.evaluation.evaluation:evaluate_single_query:398 - wide2deep_ws_en_083, final table score: 0.0
{"event": "eval_done", "idx": 5, "instance_id": "wide2deep_ws_en_083", "score": 0.0, "entity_acc": 1.0, "f1_by_row": 0.16, "f1_by_item": 0.76, "column_f1": 1.0, "error": null, "elapsed_seconds": 17.085, "running_n": 5}
2026-08-11 23:25:47.471 | DEBUG    | eval.evaluation.data_loader:extract_dataframe:167 - find markdown_str 
| 年份 | 赛事 | 地点 | 进攻 | 拦网 | 发球 | 总计 | 名次 |
| --- | --- | --- | - ...
2026-08-11 23:25:50.570 | INFO     | eval.evaluation.metric_utils:primary_key_preprocess:246 - primary_key_preprocess result: ```json
{
  "世界女子排球锦标赛": "女排世锦赛",
  "女子排球世界杯": "女排世界杯",
  "里约奥运会女子排球赛": "奥运会"
}
```
2026-08-11 23:25:50.570 | INFO     | eval.evaluation.evaluation:evaluate_single_query:223 - col: 赛事, primary_key_map {'世界女子排球锦标赛': '女排世锦赛', '女子排球世界杯': '女排世界杯', '里约奥运会女子排球赛': '奥运会'}
2026-08-11 23:25:50.624 | INFO     | eval.evaluation.evaluation:evaluate_single_query:275 - deep2wide_result_12_张常宁, df_inner shape: (3, 15), answer_df shape: (5, 8), response_df shape: (6, 9)
2026-08-11 23:25:52.362 | DEBUG    | eval.evaluation.evaluation:evaluate_single_query:321 - deep2wide_result_12_张常宁, col 地点, metric_func_name llm_judge, score [1, 1, 1]
2026-08-11 23:25:52.363 | DEBUG    | eval.evaluation.evaluation:metric_call:77 - metric_func_name number_near score 0.0 msg number not near, response: 71.0, target: 47.0
2026-08-11 23:25:52.363 | DEBUG    | eval.evaluation.evaluation:metric_call:77 - metric_func_name number_near score 0.0 msg number not near, response: 86.0, target: 67.0
2026-08-11 23:25:52.363 | DEBUG    | eval.evaluation.evaluation:metric_call:77 - metric_func_name number_near score 0.0 msg number not near, response: 109.0, target: 97.0
2026-08-11 23:25:52.363 | DEBUG    | eval.evaluation.evaluation:evaluate_single_query:321 - deep2wide_result_12_张常宁, col 进攻, metric_func_name number_near, score [0.0, 0.0, 0.0]
2026-08-11 23:25:52.363 | DEBUG    | eval.evaluation.evaluation:metric_call:77 - metric_func_name number_near score 0.0 msg number not near, response: 9.0, target: 4.0
2026-08-11 23:25:52.364 | DEBUG    | eval.evaluation.evaluation:metric_call:77 - metric_func_name number_near score 0.0 msg number not near, response: 13.0, target: 15.0
2026-08-11 23:25:52.364 | DEBUG    | eval.evaluation.evaluation:metric_call:77 - metric_func_name number_near score 1.0 msg number near in range 5.0%, response: 10.0, target: 10.0
2026-08-11 23:25:52.364 | DEBUG    | eval.evaluation.evaluation:evaluate_single_query:321 - deep2wide_result_12_张常宁, col 拦网, metric_func_name number_near, score [0.0, 0.0, 1.0]
2026-08-11 23:25:52.364 | DEBUG    | eval.evaluation.evaluation:metric_call:77 - metric_func_name number_near score 0.0 msg number not near, response: 7.0, target: 5.0
2026-08-11 23:25:52.364 | DEBUG    | eval.evaluation.evaluation:metric_call:77 - metric_func_name number_near score 0.0 msg number not near, response: 6.0, target: 1.0
2026-08-11 23:25:52.365 | DEBUG    | eval.evaluation.evaluation:metric_call:77 - metric_func_name number_near score 0.0 msg number not near, response: 8.0, target: 10.0
2026-08-11 23:25:52.365 | DEBUG    | eval.evaluation.evaluation:evaluate_single_query:321 - deep2wide_result_12_张常宁, col 发球, metric_func_name number_near, score [0.0, 0.0, 0.0]
2026-08-11 23:25:52.365 | DEBUG    | eval.evaluation.evaluation:metric_call:77 - metric_func_name number_near score 0.0 msg number not near, response: 87.0, target: 56.0
2026-08-11 23:25:52.365 | DEBUG    | eval.evaluation.evaluation:metric_call:77 - metric_func_name number_near score 0.0 msg number not near, response: 105.0, target: 83.0
2026-08-11 23:25:52.365 | DEBUG    | eval.evaluation.evaluation:metric_call:77 - metric_func_name number_near score 0.0 msg number not near, response: 127.0, target: 117.0
2026-08-11 23:25:52.366 | DEBUG    | eval.evaluation.evaluation:evaluate_single_query:321 - deep2wide_result_12_张常宁, col 总计, metric_func_name number_near, score [0.0, 0.0, 0.0]
2026-08-11 23:25:52.366 | DEBUG    | eval.evaluation.evaluation:metric_call:77 - metric_func_name exact_match score 0.0 msg exact not match, response: 冠军, target: 第一名
2026-08-11 23:25:52.366 | DEBUG    | eval.evaluation.evaluation:metric_call:77 - metric_func_name exact_match score 0.0 msg exact not match, response: 季军, target: 第三名
2026-08-11 23:25:52.366 | DEBUG    | eval.evaluation.evaluation:metric_call:77 - metric_func_name exact_match score 0.0 msg exact not match, response: 冠军, target: 第四名
2026-08-11 23:25:52.367 | DEBUG    | eval.evaluation.evaluation:evaluate_single_query:321 - deep2wide_result_12_张常宁, col 名次, metric_func_name exact_match, score [0.0, 0.0, 0.0]
2026-08-11 23:25:52.373 | INFO     | eval.evaluation.evaluation:evaluate_single_query:380 - deep2wide_result_12_张常宁, P/R/F1 by unique_columns: 0.5000/0.6000/0.5455
2026-08-11 23:25:52.373 | INFO     | eval.evaluation.evaluation:evaluate_single_query:383 - deep2wide_result_12_张常宁, P/R/F1 by row: 0.0000/0.0000/0.0000
2026-08-11 23:25:52.373 | INFO     | eval.evaluation.evaluation:evaluate_single_query:386 - deep2wide_result_12_张常宁, P/R/F1 by item: 0.2083/0.2500/0.2273
2026-08-11 23:25:52.375 | INFO     | eval.evaluation.evaluation:evaluate_single_query:398 - deep2wide_result_12_张常宁, final table score: 0.0
{"event": "eval_done", "idx": 6, "instance_id": "deep2wide_result_12_张常宁", "score": 0.0, "entity_acc": 1.0, "f1_by_row": 0.0, "f1_by_item": 0.22727272727272727, "column_f1": 0.5454545454545454, "error": null, "elapsed_seconds": 11.026, "running_n": 6}
{"event": "eval_done", "idx": 7, "instance_id": "deep2wide_result_18_路易斯·布努埃尔", "score": 0.0, "entity_acc": 0.0, "f1_by_row": 0.0, "f1_by_item": 0.0, "column_f1": 0.0, "error": null, "elapsed_seconds": 3.088, "running_n": 7}
SUMMARY {"n": 7, "valid_n": 7, "errors": 0, "complete": true, "judge_calls_current_process": 26, "score": 0.0, "entity_acc": 0.8571428571428571, "precision_by_row": 0.2943689643689643, "recall_by_row": 0.2228915695832989, "f1_by_row": 0.22835164835164834, "precision_by_item": 0.5574915560629846, "recall_by_item": 0.4166657923879466, "f1_by_item": 0.43507524221809935, "column_precision": 0.7003663003663004, "column_recall": 0.5255557754596049, "column_f1": 0.5458866688866689}
