INFO: Pandarallel will run on 8 workers.
INFO: Pandarallel will use Memory file system to transfer data between the main process and workers.
{"event": "eval_start", "selected": 7, "resume_committed": 0, "committed_errors": 0, "crash_only_resume": false}
2026-08-14 16:10:10.881 | DEBUG    | eval.evaluation.data_loader:extract_dataframe:167 - find markdown_str 
| 区域名称 | 省份 | 认定年份 |
| --- | --- | --- |
| 密云古北水镇国际休闲旅游度假区 | 北京 ...
2026-08-14 16:10:51.352 | INFO     | eval.evaluation.metric_utils:primary_key_preprocess:246 - primary_key_preprocess result: ```json
{
  "密云古北水镇国际休闲旅游度假区": "密云古北水镇国际休闲旅游度假区",
  "崇礼冰雪旅游度假区": "崇礼冰雪旅游度假区",
  "秦皇岛市北戴河度假区": "河北省秦皇岛市北戴河度假区",
  "晋城太行锡崖沟旅游度假区": "晋城太行锡崖沟旅游度假区",
  "兴安盟阿尔山旅游度假区": "兴安盟阿尔山旅游度假区",
  "大连长山群岛旅游度假区": "大连长山群岛旅游度假区",
  "长白山旅游度假区": "长白山旅游度假区",
  "长白山华美胜地旅游度假区": "长白山华美胜地旅游度假区",
  "亚布力滑雪旅游度假区": "亚布力滑雪旅游度假区",
  "上海佘山国家旅游度假区": "上海佘山国家旅游度假区",
  "上海国际旅游度假区": "上海市上海国际旅游度假区",
  "南京汤山温泉旅游度假区": "汤山温泉旅游度假区",
  "天目湖旅游度假区": "天目湖旅游度假区",
  "阳澄湖半岛旅游度假区": "阳澄湖半岛旅游度假区",
  "无锡市宜兴阳羡生态旅游度假区": "无锡市宜兴阳羡国家旅游度假区",
  "常州太湖湾旅游度假区": "常州太湖湾旅游度假区",
  "常熟虞山文化旅游度假区": "江苏省常熟虞山文化旅游度假区",
  "宿迁骆马湖旅游度假区": "宿迁骆马湖旅游度假区",
  "苏州吴江东太湖生态旅游度假区": "苏州吴江东太湖生态旅游度假区",
  "东钱湖旅游度假区": "东钱湖旅游度假区",
  "湖州市太湖旅游度假区": "太湖旅游度假区",
  "湘湖旅游度假区": "浙江湘湖旅游度假区",
  "湖州市安吉灵峰旅游度假区": "湖州市安吉灵峰旅游度假区",
  "德清莫干山国际旅游度假区": "德清莫干山国际旅游度假区",
  "淳安千岛湖旅游度假区": "淳安千岛湖旅游度假区",
  "泰顺廊桥—氡泉旅游度假区": "浙江省泰顺廊桥-氡泉旅游度假区",
  "鉴湖旅游度假区": "浙江省鉴湖旅游度假区",
  "湖州吴兴西塞山旅游度假区": "湖州吴兴西塞山旅游度假区",
  "合肥市巢湖半汤温泉养生度假区": "合肥市巢湖半汤温泉养生度假区",
  "黄山黟县国际乡村旅游度假区": "黄山黟县国际乡村旅游度假区",
  "福州市鼓岭旅游度假区": "福州市鼓岭旅游度假区",
  "宜春市明月山温汤旅游度假区": "宜春市明月山温汤旅游度假区",
  "上饶市三清山金沙旅游度假区": "上饶市三清山金沙旅游度假区",
  "新余市仙女湖七夕文化旅游度假区": "江西省新余市仙女湖七夕文化旅游度假区",
  "赣州市大余县丫山旅游度假区": "江西省赣州市大余县丫山旅游度假区",
  "南昌梅岭生态旅游度假区": "南昌梅岭生态旅游度假区",
  "凤凰岛旅游度假区": "凤凰岛旅游度假区",
  "海阳旅游度假区": "海阳旅游度假区",
  "烟台市蓬莱旅游度假区": "烟台市蓬莱旅游度假区",
  "日照山海天旅游度假区": "日照山海天旅游度假区",
  "烟台金沙滩旅游度假区": "山东省烟台金沙滩旅游度假区",
  "荣成好运角旅游度假区": "山东省荣成好运角旅游度假区",
  "德州齐河黄河国际生态城旅游度假区": "德州齐河黄河国际生态城旅游度假区",
  "尧山温泉旅游度假区": "尧山温泉旅游度假区",
  "三门峡市天鹅湖旅游度假区": "河南省三门峡市天鹅湖旅游度假区",
  "郑州银基国际旅游度假区": "郑州银基国际旅游度假区",
  "武当太极湖旅游度假区": "武当山太极湖旅游度假区",
  "神农架木鱼旅游度假区": "湖北省神农架木鱼旅游度假区",
  "武汉黄陂区木兰湖旅游度假区": "武汉黄陂区木兰湖旅游度假区",
  "灰汤温泉旅游度假区": "灰汤温泉旅游度假区",
  "常德柳叶湖旅游度假区": "常德柳叶湖旅游度假区",
  "岳阳洞庭湖旅游度假区": "湖南省岳阳洞庭湖旅游度假区",
  "长沙铜官窑文化旅游度假区": "长沙铜官窑文化旅游度假区",
  "东部华侨城旅游度假区": "东部华侨城旅游度假区",
  "河源巴伐利亚庄园": "河源巴伐利亚庄园",
  "珠海横琴长隆国际海洋度假区": "珠海横琴长隆国际海洋度假区",
  "桂林阳朔遇龙河旅游度假区": "桂林阳朔遇龙河旅游度假区",
  "大新明仕旅游度假区": "广西壮族自治区大新明仕旅游度假区",
  "北海银滩国家旅游度假区": "北海银滩国家旅游度假区",
  "桂林雁山旅游度假区": "桂林雁山旅游度假区",
  "三亚市亚龙湾旅游度假区": "三亚市亚龙湾旅游度假区",
  "琼海博鳌东屿岛旅游度假区": "琼海博鳌东屿岛旅游度假区",
  "万宁石梅湾旅游度假区": "万宁石梅湾旅游度假区",
  "仙女山旅游度假区": "仙女山旅游度假区",
  "重庆丰都南天湖旅游度假区": "重庆丰都南天湖旅游度假区",
  "石柱黄水旅游度假区": "石柱黄水旅游度假区",
  "邛海旅游度假区": "邛海旅游度假区",
  "成都天府青城康养休闲旅游度假区": "成都天府青城康养休闲旅游度假区",
  "峨眉山市峨秀湖旅游度假区": "峨眉山市峨秀湖旅游度假区",
  "宜宾蜀南竹海旅游度假区": "四川省宜宾蜀南竹海旅游度假区",
  "成都西岭雪山—花水湾旅游度假区": "成都西岭雪山-花水湾旅游度假区",
  "遵义市赤水河谷旅游度假区": "赤水市赤水河谷旅游度假区",
  "六盘水市野玉海山地旅游度假区": "六盘水市野玉海山地旅游度假区",
  "阳宗海旅游度假区": "阳宗海旅游度假区",
  "西双版纳旅游度假区": "西双版纳旅游度假区",
  "玉溪抚仙湖旅游度假区": "玉溪抚仙湖旅游度假区",
  "大理古城旅游度假区": "大理古城旅游度假区",
  "德宏芒市孔雀湖旅游度假区": "德宏芒市孔雀湖旅游度假区",
  "林芝市鲁朗小镇旅游度假区": "林芝市鲁朗小镇旅游度假区",
  "宝鸡市太白山温泉旅游度假区": "宝鸡市太白山温泉旅游度假区",
  "商洛市牛背梁旅游度假区": "陕西省商洛市牛背梁旅游度假区",
  "临夏永靖刘家峡旅游度假区": "临夏永靖刘家峡旅游度假区",
  "中卫大漠黄河（沙坡头）旅游度假区": "中卫大漠黄河（沙坡头）旅游度假区",
  "那拉提旅游度假区": "那拉提旅游度假区",
  "五家渠青格达湖旅游度假区": "五家渠青格达湖旅游度假区"
}
```
2026-08-14 16:10:51.353 | INFO     | eval.evaluation.evaluation:evaluate_single_query:223 - col: 区域名称, primary_key_map {'密云古北水镇国际休闲旅游度假区': '密云古北水镇国际休闲旅游度假区', '崇礼冰雪旅游度假区': '崇礼冰雪旅游度假区', '秦皇岛市北戴河度假区': '河北省秦皇岛市北戴河度假区', '晋城太行锡崖沟旅游度假区': '晋城太行锡崖沟旅游度假区', '兴安盟阿尔山旅游度假区': '兴安盟阿尔山旅游度假区', '大连长山群岛旅游度假区': '大连长山群岛旅游度假区', '长白山旅游度假区': '长白山旅游度假区', '长白山华美胜地旅游度假区': '长白山华美胜地旅游度假区', '亚布力滑雪旅游度假区': '亚布力滑雪旅游度假区', '上海佘山国家旅游度假区': '上海佘山国家旅游度假区', '上海国际旅游度假区': '上海市上海国际旅游度假区', '南京汤山温泉旅游度假区': '汤山温泉旅游度假区', '天目湖旅游度假区': '天目湖旅游度假区', '阳澄湖半岛旅游度假区': '阳澄湖半岛旅游度假区', '无锡市宜兴阳羡生态旅游度假区': '无锡市宜兴阳羡国家旅游度假区', '常州太湖湾旅游度假区': '常州太湖湾旅游度假区', '常熟虞山文化旅游度假区': '江苏省常熟虞山文化旅游度假区', '宿迁骆马湖旅游度假区': '宿迁骆马湖旅游度假区', '苏州吴江东太湖生态旅游度假区': '苏州吴江东太湖生态旅游度假区', '东钱湖旅游度假区': '东钱湖旅游度假区', '湖州市太湖旅游度假区': '太湖旅游度假区', '湘湖旅游度假区': '浙江湘湖旅游度假区', '湖州市安吉灵峰旅游度假区': '湖州市安吉灵峰旅游度假区', '德清莫干山国际旅游度假区': '德清莫干山国际旅游度假区', '淳安千岛湖旅游度假区': '淳安千岛湖旅游度假区', '泰顺廊桥—氡泉旅游度假区': '浙江省泰顺廊桥-氡泉旅游度假区', '鉴湖旅游度假区': '浙江省鉴湖旅游度假区', '湖州吴兴西塞山旅游度假区': '湖州吴兴西塞山旅游度假区', '合肥市巢湖半汤温泉养生度假区': '合肥市巢湖半汤温泉养生度假区', '黄山黟县国际乡村旅游度假区': '黄山黟县国际乡村旅游度假区', '福州市鼓岭旅游度假区': '福州市鼓岭旅游度假区', '宜春市明月山温汤旅游度假区': '宜春市明月山温汤旅游度假区', '上饶市三清山金沙旅游度假区': '上饶市三清山金沙旅游度假区', '新余市仙女湖七夕文化旅游度假区': '江西省新余市仙女湖七夕文化旅游度假区', '赣州市大余县丫山旅游度假区': '江西省赣州市大余县丫山旅游度假区', '南昌梅岭生态旅游度假区': '南昌梅岭生态旅游度假区', '凤凰岛旅游度假区': '凤凰岛旅游度假区', '海阳旅游度假区': '海阳旅游度假区', '烟台市蓬莱旅游度假区': '烟台市蓬莱旅游度假区', '日照山海天旅游度假区': '日照山海天旅游度假区', '烟台金沙滩旅游度假区': '山东省烟台金沙滩旅游度假区', '荣成好运角旅游度假区': '山东省荣成好运角旅游度假区', '德州齐河黄河国际生态城旅游度假区': '德州齐河黄河国际生态城旅游度假区', '尧山温泉旅游度假区': '尧山温泉旅游度假区', '三门峡市天鹅湖旅游度假区': '河南省三门峡市天鹅湖旅游度假区', '郑州银基国际旅游度假区': '郑州银基国际旅游度假区', '武当太极湖旅游度假区': '武当山太极湖旅游度假区', '神农架木鱼旅游度假区': '湖北省神农架木鱼旅游度假区', '武汉黄陂区木兰湖旅游度假区': '武汉黄陂区木兰湖旅游度假区', '灰汤温泉旅游度假区': '灰汤温泉旅游度假区', '常德柳叶湖旅游度假区': '常德柳叶湖旅游度假区', '岳阳洞庭湖旅游度假区': '湖南省岳阳洞庭湖旅游度假区', '长沙铜官窑文化旅游度假区': '长沙铜官窑文化旅游度假区', '东部华侨城旅游度假区': '东部华侨城旅游度假区', '河源巴伐利亚庄园': '河源巴伐利亚庄园', '珠海横琴长隆国际海洋度假区': '珠海横琴长隆国际海洋度假区', '桂林阳朔遇龙河旅游度假区': '桂林阳朔遇龙河旅游度假区', '大新明仕旅游度假区': '广西壮族自治区大新明仕旅游度假区', '北海银滩国家旅游度假区': '北海银滩国家旅游度假区', '桂林雁山旅游度假区': '桂林雁山旅游度假区', '三亚市亚龙湾旅游度假区': '三亚市亚龙湾旅游度假区', '琼海博鳌东屿岛旅游度假区': '琼海博鳌东屿岛旅游度假区', '万宁石梅湾旅游度假区': '万宁石梅湾旅游度假区', '仙女山旅游度假区': '仙女山旅游度假区', '重庆丰都南天湖旅游度假区': '重庆丰都南天湖旅游度假区', '石柱黄水旅游度假区': '石柱黄水旅游度假区', '邛海旅游度假区': '邛海旅游度假区', '成都天府青城康养休闲旅游度假区': '成都天府青城康养休闲旅游度假区', '峨眉山市峨秀湖旅游度假区': '峨眉山市峨秀湖旅游度假区', '宜宾蜀南竹海旅游度假区': '四川省宜宾蜀南竹海旅游度假区', '成都西岭雪山—花水湾旅游度假区': '成都西岭雪山-花水湾旅游度假区', '遵义市赤水河谷旅游度假区': '赤水市赤水河谷旅游度假区', '六盘水市野玉海山地旅游度假区': '六盘水市野玉海山地旅游度假区', '阳宗海旅游度假区': '阳宗海旅游度假区', '西双版纳旅游度假区': '西双版纳旅游度假区', '玉溪抚仙湖旅游度假区': '玉溪抚仙湖旅游度假区', '大理古城旅游度假区': '大理古城旅游度假区', '德宏芒市孔雀湖旅游度假区': '德宏芒市孔雀湖旅游度假区', '林芝市鲁朗小镇旅游度假区': '林芝市鲁朗小镇旅游度假区', '宝鸡市太白山温泉旅游度假区': '宝鸡市太白山温泉旅游度假区', '商洛市牛背梁旅游度假区': '陕西省商洛市牛背梁旅游度假区', '临夏永靖刘家峡旅游度假区': '临夏永靖刘家峡旅游度假区', '中卫大漠黄河（沙坡头）旅游度假区': '中卫大漠黄河（沙坡头）旅游度假区', '那拉提旅游度假区': '那拉提旅游度假区', '五家渠青格达湖旅游度假区': '五家渠青格达湖旅游度假区'}
2026-08-14 16:10:51.360 | INFO     | eval.evaluation.evaluation:evaluate_single_query:275 - wide2deep_ws_zh_038, df_inner shape: (85, 6), answer_df shape: (85, 3), response_df shape: (85, 4)
2026-08-14 16:11:05.045 | DEBUG    | eval.evaluation.evaluation:evaluate_single_query:321 - wide2deep_ws_zh_038, col 省份, metric_func_name llm_judge, score [1, 1, 1, 1, 1, 1, 1, 1, 1, 1, 1, 1, 1, 1, 1, 1, 1, 1, 1, 1, 1, 1, 1, 1, 1, 1, 1, 1, 1, 1, 1, 1, 1, 1, 1, 1, 1, 1, 1, 1, 1, 1, 1, 1, 1, 1, 1, 1, 1, 1, 1, 1, 1, 1, 1, 1, 1, 1, 1, 1, 1, 1, 1, 1, 1, 1, 1, 1, 1, 1, 1, 1, 1, 1, 1, 1, 1, 1, 1, 1, 1, 1, 1, 1, 1]
2026-08-14 16:11:05.045 | DEBUG    | eval.evaluation.evaluation:metric_call:77 - metric_func_name number_near score 1.0 msg number near in range 0.0%, response: 2020.0, target: 2020.0
2026-08-14 16:11:05.046 | DEBUG    | eval.evaluation.evaluation:metric_call:77 - metric_func_name number_near score 1.0 msg number near in range 0.0%, response: 2020.0, target: 2020.0
2026-08-14 16:11:05.046 | DEBUG    | eval.evaluation.evaluation:metric_call:77 - metric_func_name number_near score 1.0 msg number near in range 0.0%, response: 2015.0, target: 2015.0
2026-08-14 16:11:05.046 | DEBUG    | eval.evaluation.evaluation:metric_call:77 - metric_func_name number_near score 1.0 msg number near in range 0.0%, response: 2020.0, target: 2020.0
2026-08-14 16:11:05.046 | DEBUG    | eval.evaluation.evaluation:metric_call:77 - metric_func_name number_near score 1.0 msg number near in range 0.0%, response: 2020.0, target: 2020.0
2026-08-14 16:11:05.046 | DEBUG    | eval.evaluation.evaluation:metric_call:77 - metric_func_name number_near score 1.0 msg number near in range 0.0%, response: 2015.0, target: 2015.0
2026-08-14 16:11:05.046 | DEBUG    | eval.evaluation.evaluation:metric_call:77 - metric_func_name number_near score 0.0 msg number not near, response: 2017.0, target: 2018.0
2026-08-14 16:11:05.046 | DEBUG    | eval.evaluation.evaluation:metric_call:77 - metric_func_name number_near score 1.0 msg number near in range 0.0%, response: 2015.0, target: 2015.0
2026-08-14 16:11:05.046 | DEBUG    | eval.evaluation.evaluation:metric_call:77 - metric_func_name number_near score 1.0 msg number near in range 0.0%, response: 2015.0, target: 2015.0
2026-08-14 16:11:05.046 | DEBUG    | eval.evaluation.evaluation:metric_call:77 - metric_func_name number_near score 1.0 msg number near in range 0.0%, response: 2020.0, target: 2020.0
2026-08-14 16:11:05.046 | DEBUG    | eval.evaluation.evaluation:metric_call:77 - metric_func_name number_near score 1.0 msg number near in range 0.0%, response: 2015.0, target: 2015.0
2026-08-14 16:11:05.046 | DEBUG    | eval.evaluation.evaluation:metric_call:77 - metric_func_name number_near score 1.0 msg number near in range 0.0%, response: 2015.0, target: 2015.0
2026-08-14 16:11:05.046 | DEBUG    | eval.evaluation.evaluation:metric_call:77 - metric_func_name number_near score 1.0 msg number near in range 0.0%, response: 2015.0, target: 2015.0
2026-08-14 16:11:05.046 | DEBUG    | eval.evaluation.evaluation:metric_call:77 - metric_func_name number_near score 0.0 msg number not near, response: 2017.0, target: 2018.0
2026-08-14 16:11:05.046 | DEBUG    | eval.evaluation.evaluation:metric_call:77 - metric_func_name number_near score 1.0 msg number near in range 0.0%, response: 2020.0, target: 2020.0
2026-08-14 16:11:05.046 | DEBUG    | eval.evaluation.evaluation:metric_call:77 - metric_func_name number_near score 1.0 msg number near in range 0.0%, response: 2020.0, target: 2020.0
2026-08-14 16:11:05.046 | DEBUG    | eval.evaluation.evaluation:metric_call:77 - metric_func_name number_near score 1.0 msg number near in range 0.0%, response: 2020.0, target: 2020.0
2026-08-14 16:11:05.046 | DEBUG    | eval.evaluation.evaluation:metric_call:77 - metric_func_name number_near score 0.0 msg number not near, response: 2017.0, target: 2018.0
2026-08-14 16:11:05.046 | DEBUG    | eval.evaluation.evaluation:metric_call:77 - metric_func_name number_near score 0.0 msg number not near, response: 2017.0, target: 2018.0
2026-08-14 16:11:05.046 | DEBUG    | eval.evaluation.evaluation:metric_call:77 - metric_func_name number_near score 0.0 msg number not near, response: 2017.0, target: 2018.0
2026-08-14 16:11:05.046 | DEBUG    | eval.evaluation.evaluation:metric_call:77 - metric_func_name number_near score 1.0 msg number near in range 0.0%, response: 2015.0, target: 2015.0
2026-08-14 16:11:05.046 | DEBUG    | eval.evaluation.evaluation:metric_call:77 - metric_func_name number_near score 0.0 msg number not near, response: 2017.0, target: 2018.0
2026-08-14 16:11:05.046 | DEBUG    | eval.evaluation.evaluation:metric_call:77 - metric_func_name number_near score 1.0 msg number near in range 0.0%, response: 2015.0, target: 2015.0
2026-08-14 16:11:05.046 | DEBUG    | eval.evaluation.evaluation:metric_call:77 - metric_func_name number_near score 1.0 msg number near in range 0.0%, response: 2020.0, target: 2020.0
2026-08-14 16:11:05.046 | DEBUG    | eval.evaluation.evaluation:metric_call:77 - metric_func_name number_near score 1.0 msg number near in range 0.0%, response: 2015.0, target: 2015.0
2026-08-14 16:11:05.046 | DEBUG    | eval.evaluation.evaluation:metric_call:77 - metric_func_name number_near score 1.0 msg number near in range 0.0%, response: 2015.0, target: 2015.0
2026-08-14 16:11:05.047 | DEBUG    | eval.evaluation.evaluation:metric_call:77 - metric_func_name number_near score 1.0 msg number near in range 0.0%, response: 2015.0, target: 2015.0
2026-08-14 16:11:05.047 | DEBUG    | eval.evaluation.evaluation:metric_call:77 - metric_func_name number_near score 1.0 msg number near in range 0.0%, response: 2020.0, target: 2020.0
2026-08-14 16:11:05.047 | DEBUG    | eval.evaluation.evaluation:metric_call:77 - metric_func_name number_near score 1.0 msg number near in range 0.0%, response: 2015.0, target: 2015.0
2026-08-14 16:11:05.047 | DEBUG    | eval.evaluation.evaluation:metric_call:77 - metric_func_name number_near score 1.0 msg number near in range 0.0%, response: 2019.0, target: 2019.0
2026-08-14 16:11:05.047 | DEBUG    | eval.evaluation.evaluation:metric_call:77 - metric_func_name number_near score 1.0 msg number near in range 0.0%, response: 2019.0, target: 2019.0
2026-08-14 16:11:05.047 | DEBUG    | eval.evaluation.evaluation:metric_call:77 - metric_func_name number_near score 0.0 msg number not near, response: 2017.0, target: 2018.0
2026-08-14 16:11:05.047 | DEBUG    | eval.evaluation.evaluation:metric_call:77 - metric_func_name number_near score 1.0 msg number near in range 0.0%, response: 2015.0, target: 2015.0
2026-08-14 16:11:05.047 | DEBUG    | eval.evaluation.evaluation:metric_call:77 - metric_func_name number_near score 1.0 msg number near in range 0.0%, response: 2020.0, target: 2020.0
2026-08-14 16:11:05.047 | DEBUG    | eval.evaluation.evaluation:metric_call:77 - metric_func_name number_near score 1.0 msg number near in range 0.0%, response: 2015.0, target: 2015.0
2026-08-14 16:11:05.047 | DEBUG    | eval.evaluation.evaluation:metric_call:77 - metric_func_name number_near score 1.0 msg number near in range 0.0%, response: 2019.0, target: 2019.0
2026-08-14 16:11:05.047 | DEBUG    | eval.evaluation.evaluation:metric_call:77 - metric_func_name number_near score 1.0 msg number near in range 0.0%, response: 2020.0, target: 2020.0
2026-08-14 16:11:05.047 | DEBUG    | eval.evaluation.evaluation:metric_call:77 - metric_func_name number_near score 0.0 msg number not near, response: 2017.0, target: 2018.0
2026-08-14 16:11:05.047 | DEBUG    | eval.evaluation.evaluation:metric_call:77 - metric_func_name number_near score 1.0 msg number near in range 0.0%, response: 2020.0, target: 2020.0
2026-08-14 16:11:05.047 | DEBUG    | eval.evaluation.evaluation:metric_call:77 - metric_func_name number_near score 1.0 msg number near in range 0.0%, response: 2015.0, target: 2015.0
2026-08-14 16:11:05.047 | DEBUG    | eval.evaluation.evaluation:metric_call:77 - metric_func_name number_near score 1.0 msg number near in range 0.0%, response: 2015.0, target: 2015.0
2026-08-14 16:11:05.047 | DEBUG    | eval.evaluation.evaluation:metric_call:77 - metric_func_name number_near score 1.0 msg number near in range 0.0%, response: 2019.0, target: 2019.0
2026-08-14 16:11:05.047 | DEBUG    | eval.evaluation.evaluation:metric_call:77 - metric_func_name number_near score 1.0 msg number near in range 0.0%, response: 2020.0, target: 2020.0
2026-08-14 16:11:05.047 | DEBUG    | eval.evaluation.evaluation:metric_call:77 - metric_func_name number_near score 0.0 msg number not near, response: 2017.0, target: 2018.0
2026-08-14 16:11:05.047 | DEBUG    | eval.evaluation.evaluation:metric_call:77 - metric_func_name number_near score 1.0 msg number near in range 0.0%, response: 2020.0, target: 2020.0
2026-08-14 16:11:05.047 | DEBUG    | eval.evaluation.evaluation:metric_call:77 - metric_func_name number_near score 1.0 msg number near in range 0.0%, response: 2023.0, target: 2023.0
2026-08-14 16:11:05.047 | DEBUG    | eval.evaluation.evaluation:metric_call:77 - metric_func_name number_near score 1.0 msg number near in range 0.0%, response: 2023.0, target: 2023.0
2026-08-14 16:11:05.047 | DEBUG    | eval.evaluation.evaluation:metric_call:77 - metric_func_name number_near score 1.0 msg number near in range 0.0%, response: 2023.0, target: 2023.0
2026-08-14 16:11:05.047 | DEBUG    | eval.evaluation.evaluation:metric_call:77 - metric_func_name number_near score 1.0 msg number near in range 0.0%, response: 2023.0, target: 2023.0
2026-08-14 16:11:05.047 | DEBUG    | eval.evaluation.evaluation:metric_call:77 - metric_func_name number_near score 1.0 msg number near in range 0.0%, response: 2023.0, target: 2023.0
2026-08-14 16:11:05.047 | DEBUG    | eval.evaluation.evaluation:metric_call:77 - metric_func_name number_near score 1.0 msg number near in range 0.0%, response: 2023.0, target: 2023.0
2026-08-14 16:11:05.047 | DEBUG    | eval.evaluation.evaluation:metric_call:77 - metric_func_name number_near score 1.0 msg number near in range 0.0%, response: 2023.0, target: 2023.0
2026-08-14 16:11:05.047 | DEBUG    | eval.evaluation.evaluation:metric_call:77 - metric_func_name number_near score 1.0 msg number near in range 0.0%, response: 2023.0, target: 2023.0
2026-08-14 16:11:05.048 | DEBUG    | eval.evaluation.evaluation:metric_call:77 - metric_func_name number_near score 1.0 msg number near in range 0.0%, response: 2023.0, target: 2023.0
2026-08-14 16:11:05.048 | DEBUG    | eval.evaluation.evaluation:metric_call:77 - metric_func_name number_near score 1.0 msg number near in range 0.0%, response: 2023.0, target: 2023.0
2026-08-14 16:11:05.048 | DEBUG    | eval.evaluation.evaluation:metric_call:77 - metric_func_name number_near score 1.0 msg number near in range 0.0%, response: 2023.0, target: 2023.0
2026-08-14 16:11:05.048 | DEBUG    | eval.evaluation.evaluation:metric_call:77 - metric_func_name number_near score 1.0 msg number near in range 0.0%, response: 2023.0, target: 2023.0
2026-08-14 16:11:05.048 | DEBUG    | eval.evaluation.evaluation:metric_call:77 - metric_func_name number_near score 1.0 msg number near in range 0.0%, response: 2023.0, target: 2023.0
2026-08-14 16:11:05.048 | DEBUG    | eval.evaluation.evaluation:metric_call:77 - metric_func_name number_near score 1.0 msg number near in range 0.0%, response: 2023.0, target: 2023.0
2026-08-14 16:11:05.048 | DEBUG    | eval.evaluation.evaluation:metric_call:77 - metric_func_name number_near score 1.0 msg number near in range 0.0%, response: 2023.0, target: 2023.0
2026-08-14 16:11:05.048 | DEBUG    | eval.evaluation.evaluation:metric_call:77 - metric_func_name number_near score 1.0 msg number near in range 0.0%, response: 2023.0, target: 2023.0
2026-08-14 16:11:05.048 | DEBUG    | eval.evaluation.evaluation:metric_call:77 - metric_func_name number_near score 1.0 msg number near in range 0.0%, response: 2023.0, target: 2023.0
2026-08-14 16:11:05.048 | DEBUG    | eval.evaluation.evaluation:metric_call:77 - metric_func_name number_near score 1.0 msg number near in range 0.0%, response: 2023.0, target: 2023.0
2026-08-14 16:11:05.048 | DEBUG    | eval.evaluation.evaluation:metric_call:77 - metric_func_name number_near score 1.0 msg number near in range 0.0%, response: 2024.0, target: 2024.0
2026-08-14 16:11:05.048 | DEBUG    | eval.evaluation.evaluation:metric_call:77 - metric_func_name number_near score 1.0 msg number near in range 0.0%, response: 2024.0, target: 2024.0
2026-08-14 16:11:05.048 | DEBUG    | eval.evaluation.evaluation:metric_call:77 - metric_func_name number_near score 1.0 msg number near in range 0.0%, response: 2024.0, target: 2024.0
2026-08-14 16:11:05.048 | DEBUG    | eval.evaluation.evaluation:metric_call:77 - metric_func_name number_near score 1.0 msg number near in range 0.0%, response: 2024.0, target: 2024.0
2026-08-14 16:11:05.048 | DEBUG    | eval.evaluation.evaluation:metric_call:77 - metric_func_name number_near score 1.0 msg number near in range 0.0%, response: 2024.0, target: 2024.0
2026-08-14 16:11:05.048 | DEBUG    | eval.evaluation.evaluation:metric_call:77 - metric_func_name number_near score 1.0 msg number near in range 0.0%, response: 2024.0, target: 2024.0
2026-08-14 16:11:05.048 | DEBUG    | eval.evaluation.evaluation:metric_call:77 - metric_func_name number_near score 1.0 msg number near in range 0.0%, response: 2024.0, target: 2024.0
2026-08-14 16:11:05.048 | DEBUG    | eval.evaluation.evaluation:metric_call:77 - metric_func_name number_near score 1.0 msg number near in range 0.0%, response: 2024.0, target: 2024.0
2026-08-14 16:11:05.048 | DEBUG    | eval.evaluation.evaluation:metric_call:77 - metric_func_name number_near score 1.0 msg number near in range 0.0%, response: 2024.0, target: 2024.0
2026-08-14 16:11:05.048 | DEBUG    | eval.evaluation.evaluation:metric_call:77 - metric_func_name number_near score 1.0 msg number near in range 0.0%, response: 2024.0, target: 2024.0
2026-08-14 16:11:05.048 | DEBUG    | eval.evaluation.evaluation:metric_call:77 - metric_func_name number_near score 1.0 msg number near in range 0.0%, response: 2024.0, target: 2024.0
2026-08-14 16:11:05.048 | DEBUG    | eval.evaluation.evaluation:metric_call:77 - metric_func_name number_near score 1.0 msg number near in range 0.0%, response: 2024.0, target: 2024.0
2026-08-14 16:11:05.048 | DEBUG    | eval.evaluation.evaluation:metric_call:77 - metric_func_name number_near score 1.0 msg number near in range 0.0%, response: 2024.0, target: 2024.0
2026-08-14 16:11:05.048 | DEBUG    | eval.evaluation.evaluation:metric_call:77 - metric_func_name number_near score 1.0 msg number near in range 0.0%, response: 2024.0, target: 2024.0
2026-08-14 16:11:05.048 | DEBUG    | eval.evaluation.evaluation:metric_call:77 - metric_func_name number_near score 1.0 msg number near in range 0.0%, response: 2024.0, target: 2024.0
2026-08-14 16:11:05.048 | DEBUG    | eval.evaluation.evaluation:metric_call:77 - metric_func_name number_near score 1.0 msg number near in range 0.0%, response: 2024.0, target: 2024.0
2026-08-14 16:11:05.048 | DEBUG    | eval.evaluation.evaluation:metric_call:77 - metric_func_name number_near score 0.0 msg number not near, response: 2023.0, target: 2024.0
2026-08-14 16:11:05.048 | DEBUG    | eval.evaluation.evaluation:metric_call:77 - metric_func_name number_near score 1.0 msg number near in range 0.0%, response: 2024.0, target: 2024.0
2026-08-14 16:11:05.049 | DEBUG    | eval.evaluation.evaluation:metric_call:77 - metric_func_name number_near score 1.0 msg number near in range 0.0%, response: 2024.0, target: 2024.0
2026-08-14 16:11:05.049 | DEBUG    | eval.evaluation.evaluation:metric_call:77 - metric_func_name number_near score 1.0 msg number near in range 0.0%, response: 2024.0, target: 2024.0
2026-08-14 16:11:05.049 | DEBUG    | eval.evaluation.evaluation:metric_call:77 - metric_func_name number_near score 1.0 msg number near in range 0.0%, response: 2024.0, target: 2024.0
2026-08-14 16:11:05.049 | DEBUG    | eval.evaluation.evaluation:metric_call:77 - metric_func_name number_near score 1.0 msg number near in range 0.0%, response: 2024.0, target: 2024.0
2026-08-14 16:11:05.049 | DEBUG    | eval.evaluation.evaluation:evaluate_single_query:321 - wide2deep_ws_zh_038, col 认定年份, metric_func_name number_near, score [1.0, 1.0, 1.0, 1.0, 1.0, 1.0, 0.0, 1.0, 1.0, 1.0, 1.0, 1.0, 1.0, 0.0, 1.0, 1.0, 1.0, 0.0, 0.0, 0.0, 1.0, 0.0, 1.0, 1.0, 1.0, 1.0, 1.0, 1.0, 1.0, 1.0, 1.0, 0.0, 1.0, 1.0, 1.0, 1.0, 1.0, 0.0, 1.0, 1.0, 1.0, 1.0, 1.0, 0.0, 1.0, 1.0, 1.0, 1.0, 1.0, 1.0, 1.0, 1.0, 1.0, 1.0, 1.0, 1.0, 1.0, 1.0, 1.0, 1.0, 1.0, 1.0, 1.0, 1.0, 1.0, 1.0, 1.0, 1.0, 1.0, 1.0, 1.0, 1.0, 1.0, 1.0, 1.0, 1.0, 1.0, 1.0, 1.0, 0.0, 1.0, 1.0, 1.0, 1.0, 1.0]
2026-08-14 16:11:05.058 | INFO     | eval.evaluation.evaluation:evaluate_single_query:380 - wide2deep_ws_zh_038, P/R/F1 by unique_columns: 1.0000/1.0000/1.0000
2026-08-14 16:11:05.058 | INFO     | eval.evaluation.evaluation:evaluate_single_query:383 - wide2deep_ws_zh_038, P/R/F1 by row: 0.8824/0.8824/0.8824
2026-08-14 16:11:05.058 | INFO     | eval.evaluation.evaluation:evaluate_single_query:386 - wide2deep_ws_zh_038, P/R/F1 by item: 0.9608/0.9608/0.9608
2026-08-14 16:11:05.063 | INFO     | eval.evaluation.evaluation:evaluate_single_query:398 - wide2deep_ws_zh_038, final table score: 0.0
{"event": "eval_done", "idx": 1, "instance_id": "wide2deep_ws_zh_038", "score": 0.0, "entity_acc": 1.0, "f1_by_row": 0.8823529411764706, "f1_by_item": 0.9607843137254902, "column_f1": 1.0, "error": null, "elapsed_seconds": 61.575, "running_n": 1}
2026-08-14 16:11:09.207 | DEBUG    | eval.evaluation.data_loader:extract_dataframe:167 - find markdown_str 
| 演员名称 | 播出年份 | 影视名称 | 角色名 | 搭档演员 | 播放平台 |
| --- | --- | --- |  ...
2026-08-14 16:11:14.632 | INFO     | eval.evaluation.metric_utils:primary_key_preprocess:246 - primary_key_preprocess result: ```json
{
  "刘亦菲": "刘亦菲",
  "杨幂": "杨幂",
  "刘诗诗": "刘诗诗",
  "唐嫣": "唐嫣",
  "赵丽颖": "赵丽颖"
}
```
2026-08-14 16:11:14.632 | INFO     | eval.evaluation.evaluation:evaluate_single_query:223 - col: 演员名称, primary_key_map {'刘亦菲': '刘亦菲', '杨幂': '杨幂', '刘诗诗': '刘诗诗', '唐嫣': '唐嫣', '赵丽颖': '赵丽颖'}
2026-08-14 16:11:22.476 | INFO     | eval.evaluation.metric_utils:primary_key_preprocess:246 - primary_key_preprocess result: ```json
{
  "五月之恋": "五月之恋",
  "恋爱大赢家": "恋爱大赢家",
  "古剑奇谭": "古剑奇谭",
  "分手大师": "分手大师",
  "小时代3：刺金时代": "小时代3：刺金时代",
  "步步惊情": "步步惊情",
  "犀利仁师": "犀利仁师",
  "绣春刀": "绣春刀",
  "深夜前的五分钟": "深夜前的五分钟",
  "金玉良缘": "金玉良缘",
  "格子间女人": "格子间女人",
  "露水红颜": "露水红颜",
  "妻子的秘密": "妻子的秘密",
  "杉杉来了": "杉杉来了",
  "四大名捕大结局": "四大名捕大结局",
  "哈尔滨一九四四": "哈尔滨一九四四",
  "狐妖小红娘月红篇": "狐妖小红娘·月红篇",
  "没有一顿火锅解决不了的事": "没有一顿火锅解决不了的事",
  "第二十条": "第二十条",
  "与凤行": "与凤行",
  "乔妍的心事": "乔妍的心事",
  "玫瑰的故事": "玫瑰的故事"
}
```
2026-08-14 16:11:22.476 | INFO     | eval.evaluation.evaluation:evaluate_single_query:223 - col: 影视名称, primary_key_map {'五月之恋': '五月之恋', '恋爱大赢家': '恋爱大赢家', '古剑奇谭': '古剑奇谭', '分手大师': '分手大师', '小时代3：刺金时代': '小时代3：刺金时代', '步步惊情': '步步惊情', '犀利仁师': '犀利仁师', '绣春刀': '绣春刀', '深夜前的五分钟': '深夜前的五分钟', '金玉良缘': '金玉良缘', '格子间女人': '格子间女人', '露水红颜': '露水红颜', '妻子的秘密': '妻子的秘密', '杉杉来了': '杉杉来了', '四大名捕大结局': '四大名捕大结局', '哈尔滨一九四四': '哈尔滨一九四四', '狐妖小红娘月红篇': '狐妖小红娘·月红篇', '没有一顿火锅解决不了的事': '没有一顿火锅解决不了的事', '第二十条': '第二十条', '与凤行': '与凤行', '乔妍的心事': '乔妍的心事', '玫瑰的故事': '玫瑰的故事'}
2026-08-14 16:11:22.484 | INFO     | eval.evaluation.evaluation:evaluate_single_query:275 - wide2deep_ws_zh_048, df_inner shape: (23, 12), answer_df shape: (35, 6), response_df shape: (29, 8)
2026-08-14 16:11:22.485 | DEBUG    | eval.evaluation.evaluation:metric_call:77 - metric_func_name exact_match score 1.0 msg exact match, response: 2014年, target: 2014年
2026-08-14 16:11:22.485 | DEBUG    | eval.evaluation.evaluation:metric_call:77 - metric_func_name exact_match score 1.0 msg exact match, response: 2014年, target: 2014年
2026-08-14 16:11:22.485 | DEBUG    | eval.evaluation.evaluation:metric_call:77 - metric_func_name exact_match score 1.0 msg exact match, response: 2014年, target: 2014年
2026-08-14 16:11:22.485 | DEBUG    | eval.evaluation.evaluation:metric_call:77 - metric_func_name exact_match score 1.0 msg exact match, response: 2014年, target: 2014年
2026-08-14 16:11:22.485 | DEBUG    | eval.evaluation.evaluation:metric_call:77 - metric_func_name exact_match score 1.0 msg exact match, response: 2014年, target: 2014年
2026-08-14 16:11:22.485 | DEBUG    | eval.evaluation.evaluation:metric_call:77 - metric_func_name exact_match score 1.0 msg exact match, response: 2014年, target: 2014年
2026-08-14 16:11:22.485 | DEBUG    | eval.evaluation.evaluation:metric_call:77 - metric_func_name exact_match score 1.0 msg exact match, response: 2014年, target: 2014年
2026-08-14 16:11:22.485 | DEBUG    | eval.evaluation.evaluation:metric_call:77 - metric_func_name exact_match score 1.0 msg exact match, response: 2014年, target: 2014年
2026-08-14 16:11:22.485 | DEBUG    | eval.evaluation.evaluation:metric_call:77 - metric_func_name exact_match score 1.0 msg exact match, response: 2014年, target: 2014年
2026-08-14 16:11:22.486 | DEBUG    | eval.evaluation.evaluation:metric_call:77 - metric_func_name exact_match score 1.0 msg exact match, response: 2014年, target: 2014年
2026-08-14 16:11:22.486 | DEBUG    | eval.evaluation.evaluation:metric_call:77 - metric_func_name exact_match score 1.0 msg exact match, response: 2024年, target: 2024年
2026-08-14 16:11:22.486 | DEBUG    | eval.evaluation.evaluation:metric_call:77 - metric_func_name exact_match score 1.0 msg exact match, response: 2024年, target: 2024年
2026-08-14 16:11:22.486 | DEBUG    | eval.evaluation.evaluation:metric_call:77 - metric_func_name exact_match score 1.0 msg exact match, response: 2024年, target: 2024年
2026-08-14 16:11:22.486 | DEBUG    | eval.evaluation.evaluation:metric_call:77 - metric_func_name exact_match score 1.0 msg exact match, response: 2004年, target: 2004年
2026-08-14 16:11:22.486 | DEBUG    | eval.evaluation.evaluation:metric_call:77 - metric_func_name exact_match score 1.0 msg exact match, response: 2004年, target: 2004年
2026-08-14 16:11:22.486 | DEBUG    | eval.evaluation.evaluation:metric_call:77 - metric_func_name exact_match score 1.0 msg exact match, response: 2014年, target: 2014年
2026-08-14 16:11:22.486 | DEBUG    | eval.evaluation.evaluation:metric_call:77 - metric_func_name exact_match score 1.0 msg exact match, response: 2014年, target: 2014年
2026-08-14 16:11:22.486 | DEBUG    | eval.evaluation.evaluation:metric_call:77 - metric_func_name exact_match score 1.0 msg exact match, response: 2024年, target: 2024年
2026-08-14 16:11:22.486 | DEBUG    | eval.evaluation.evaluation:metric_call:77 - metric_func_name exact_match score 1.0 msg exact match, response: 2014年, target: 2014年
2026-08-14 16:11:22.486 | DEBUG    | eval.evaluation.evaluation:metric_call:77 - metric_func_name exact_match score 1.0 msg exact match, response: 2014年, target: 2014年
2026-08-14 16:11:22.486 | DEBUG    | eval.evaluation.evaluation:metric_call:77 - metric_func_name exact_match score 1.0 msg exact match, response: 2024年, target: 2024年
2026-08-14 16:11:22.486 | DEBUG    | eval.evaluation.evaluation:metric_call:77 - metric_func_name exact_match score 1.0 msg exact match, response: 2024年, target: 2024年
2026-08-14 16:11:22.486 | DEBUG    | eval.evaluation.evaluation:metric_call:77 - metric_func_name exact_match score 1.0 msg exact match, response: 2024年, target: 2024年
2026-08-14 16:11:22.487 | DEBUG    | eval.evaluation.evaluation:evaluate_single_query:321 - wide2deep_ws_zh_048, col 播出年份, metric_func_name exact_match, score [1.0, 1.0, 1.0, 1.0, 1.0, 1.0, 1.0, 1.0, 1.0, 1.0, 1.0, 1.0, 1.0, 1.0, 1.0, 1.0, 1.0, 1.0, 1.0, 1.0, 1.0, 1.0, 1.0]
2026-08-14 16:11:31.426 | DEBUG    | eval.evaluation.evaluation:evaluate_single_query:321 - wide2deep_ws_zh_048, col 角色名, metric_func_name llm_judge, score [1, 1, 1, 0, 1, 1, 1, 1, 1, 1, 1, 1, 1, 1, 1, 1, 1, 1, 1, 1, 1, 1, 1]
2026-08-14 16:11:38.041 | DEBUG    | eval.evaluation.evaluation:evaluate_single_query:321 - wide2deep_ws_zh_048, col 搭档演员, metric_func_name llm_judge, score [1, 1, 1, 1, 1, 1, 1, 1, 1, 1, 1, 1, 1, 1, 1, 1, 1, 1, 1, 1, 1, 1, 0]
2026-08-14 16:11:45.675 | DEBUG    | eval.evaluation.evaluation:evaluate_single_query:321 - wide2deep_ws_zh_048, col 播放平台, metric_func_name llm_judge, score [1, 0, 1, 1, 1, 1, 1, 1, 1, 1, 1, 1, 1, 1, 1, 1, 1, 1, 1, 1, 1, 1, 1]
2026-08-14 16:11:45.681 | INFO     | eval.evaluation.evaluation:evaluate_single_query:380 - wide2deep_ws_zh_048, P/R/F1 by unique_columns: 0.7931/0.6571/0.7188
2026-08-14 16:11:45.681 | INFO     | eval.evaluation.evaluation:evaluate_single_query:383 - wide2deep_ws_zh_048, P/R/F1 by row: 0.6897/0.5714/0.6250
2026-08-14 16:11:45.681 | INFO     | eval.evaluation.evaluation:evaluate_single_query:386 - wide2deep_ws_zh_048, P/R/F1 by item: 0.7759/0.6429/0.7031
2026-08-14 16:11:45.683 | INFO     | eval.evaluation.evaluation:evaluate_single_query:398 - wide2deep_ws_zh_048, final table score: 0.0
{"event": "eval_done", "idx": 2, "instance_id": "wide2deep_ws_zh_048", "score": 0.0, "entity_acc": 1.0, "f1_by_row": 0.625, "f1_by_item": 0.703125, "column_f1": 0.71875, "error": null, "elapsed_seconds": 40.602, "running_n": 2}
2026-08-14 16:11:50.470 | DEBUG    | eval.evaluation.data_loader:extract_dataframe:167 - find markdown_str 
| 调整年份 | 调整生效日期 | 调整前的一年期LPR | 调整后的一年期LPR | 调整前的五年期LPR | 调整后的五年 ...
2026-08-14 16:11:56.478 | INFO     | eval.evaluation.metric_utils:primary_key_preprocess:246 - primary_key_preprocess result: ```json
{
  "2020年": "2020",
  "2021年": "2021",
  "2022年": "2022",
  "2023年": "2023",
  "2024年": "2024",
  "2025年": "2025"
}
```
2026-08-14 16:11:56.479 | INFO     | eval.evaluation.evaluation:evaluate_single_query:223 - col: 调整年份, primary_key_map {'2020年': '2020', '2021年': '2021', '2022年': '2022', '2023年': '2023', '2024年': '2024', '2025年': '2025'}
2026-08-14 16:12:11.137 | INFO     | eval.evaluation.metric_utils:primary_key_preprocess:246 - primary_key_preprocess result: ```json
{
  "2020年1月6日": "1月6日",
  "2020年2月3日": "2月3日",
  "2020年2月20日": "2月20日",
  "2020年3月30日": "3月30日",
  "2020年4月20日": "4月20日",
  "2021年7月15日": "7月15日",
  "2021年12月15日": "12月15日",
  "2021年12月20日": "12月20日",
  "2022年1月17日": "1月17日",
  "2022年1月20日": "1月20日",
  "2022年4月25日": "4月25日",
  "2022年5月20日": "5月20日",
  "2022年8月15日": "8月15日",
  "2022年8月22日": "8月22日",
  "2022年12月5日": "12月5日",
  "2023年3月27日": "3月27日",
  "2023年6月13日": "6月13日",
  "2023年6月20日": "6月20日",
  "2023年8月15日": "8月15日",
  "2023年8月21日": "8月21日",
  "2023年9月15日": "9月15日",
  "2024年2月5日": "2月5日",
  "2024年2月20日": "2月20日",
  "2024年7月22日": "7月22日",
  "2024年9月27日": "9月27日",
  "2024年10月21日": "10月21日",
  "2025年5月8日": "5月8日",
  "2025年5月15日": "5月15日",
  "2025年5月20日": "5月20日"
}
```
2026-08-14 16:12:11.137 | INFO     | eval.evaluation.evaluation:evaluate_single_query:223 - col: 调整生效日期, primary_key_map {'2020年1月6日': '1月6日', '2020年2月3日': '2月3日', '2020年2月20日': '2月20日', '2020年3月30日': '3月30日', '2020年4月20日': '4月20日', '2021年7月15日': '7月15日', '2021年12月15日': '12月15日', '2021年12月20日': '12月20日', '2022年1月17日': '1月17日', '2022年1月20日': '1月20日', '2022年4月25日': '4月25日', '2022年5月20日': '5月20日', '2022年8月15日': '8月15日', '2022年8月22日': '8月22日', '2022年12月5日': '12月5日', '2023年3月27日': '3月27日', '2023年6月13日': '6月13日', '2023年6月20日': '6月20日', '2023年8月15日': '8月15日', '2023年8月21日': '8月21日', '2023年9月15日': '9月15日', '2024年2月5日': '2月5日', '2024年2月20日': '2月20日', '2024年7月22日': '7月22日', '2024年9月27日': '9月27日', '2024年10月21日': '10月21日', '2025年5月8日': '5月8日', '2025年5月15日': '5月15日', '2025年5月20日': '5月20日'}
2026-08-14 16:12:11.146 | INFO     | eval.evaluation.evaluation:evaluate_single_query:275 - wide2deep_ws_zh_068, df_inner shape: (29, 20), answer_df shape: (32, 10), response_df shape: (29, 12)
2026-08-14 16:12:11.147 | DEBUG    | eval.evaluation.evaluation:metric_call:77 - metric_func_name exact_match score 1.0 msg exact match, response: nan, target: nan
2026-08-14 16:12:11.147 | DEBUG    | eval.evaluation.evaluation:metric_call:77 - metric_func_name exact_match score 1.0 msg exact match, response: nan, target: nan
2026-08-14 16:12:11.147 | DEBUG    | eval.evaluation.evaluation:metric_call:77 - metric_func_name exact_match score 1.0 msg exact match, response: 4.15%, target: 4.15%
2026-08-14 16:12:11.148 | DEBUG    | eval.evaluation.evaluation:metric_call:77 - metric_func_name exact_match score 1.0 msg exact match, response: nan, target: nan
2026-08-14 16:12:11.148 | DEBUG    | eval.evaluation.evaluation:metric_call:77 - metric_func_name exact_match score 1.0 msg exact match, response: 4.05%, target: 4.05%
2026-08-14 16:12:11.148 | DEBUG    | eval.evaluation.evaluation:metric_call:77 - metric_func_name exact_match score 1.0 msg exact match, response: nan, target: nan
2026-08-14 16:12:11.148 | DEBUG    | eval.evaluation.evaluation:metric_call:77 - metric_func_name exact_match score 1.0 msg exact match, response: nan, target: nan
2026-08-14 16:12:11.148 | DEBUG    | eval.evaluation.evaluation:metric_call:77 - metric_func_name exact_match score 1.0 msg exact match, response: 3.85%, target: 3.85%
2026-08-14 16:12:11.148 | DEBUG    | eval.evaluation.evaluation:metric_call:77 - metric_func_name exact_match score 1.0 msg exact match, response: nan, target: nan
2026-08-14 16:12:11.148 | DEBUG    | eval.evaluation.evaluation:metric_call:77 - metric_func_name exact_match score 1.0 msg exact match, response: 3.80%, target: 3.80%
2026-08-14 16:12:11.148 | DEBUG    | eval.evaluation.evaluation:metric_call:77 - metric_func_name exact_match score 1.0 msg exact match, response: nan, target: nan
2026-08-14 16:12:11.148 | DEBUG    | eval.evaluation.evaluation:metric_call:77 - metric_func_name exact_match score 0.0 msg exact not match, response: nan, target: 3.70%
2026-08-14 16:12:11.148 | DEBUG    | eval.evaluation.evaluation:metric_call:77 - metric_func_name exact_match score 1.0 msg exact match, response: nan, target: nan
2026-08-14 16:12:11.148 | DEBUG    | eval.evaluation.evaluation:metric_call:77 - metric_func_name exact_match score 1.0 msg exact match, response: 3.70%, target: 3.70%
2026-08-14 16:12:11.148 | DEBUG    | eval.evaluation.evaluation:metric_call:77 - metric_func_name exact_match score 1.0 msg exact match, response: nan, target: nan
2026-08-14 16:12:11.148 | DEBUG    | eval.evaluation.evaluation:metric_call:77 - metric_func_name exact_match score 1.0 msg exact match, response: nan, target: nan
2026-08-14 16:12:11.148 | DEBUG    | eval.evaluation.evaluation:metric_call:77 - metric_func_name exact_match score 1.0 msg exact match, response: nan, target: nan
2026-08-14 16:12:11.148 | DEBUG    | eval.evaluation.evaluation:metric_call:77 - metric_func_name exact_match score 1.0 msg exact match, response: 3.65%, target: 3.65%
2026-08-14 16:12:11.148 | DEBUG    | eval.evaluation.evaluation:metric_call:77 - metric_func_name exact_match score 1.0 msg exact match, response: nan, target: nan
2026-08-14 16:12:11.148 | DEBUG    | eval.evaluation.evaluation:metric_call:77 - metric_func_name exact_match score 1.0 msg exact match, response: 3.55%, target: 3.55%
2026-08-14 16:12:11.148 | DEBUG    | eval.evaluation.evaluation:metric_call:77 - metric_func_name exact_match score 1.0 msg exact match, response: nan, target: nan
2026-08-14 16:12:11.148 | DEBUG    | eval.evaluation.evaluation:metric_call:77 - metric_func_name exact_match score 1.0 msg exact match, response: nan, target: nan
2026-08-14 16:12:11.148 | DEBUG    | eval.evaluation.evaluation:metric_call:77 - metric_func_name exact_match score 0.0 msg exact not match, response: nan, target: 3.45%
2026-08-14 16:12:11.148 | DEBUG    | eval.evaluation.evaluation:metric_call:77 - metric_func_name exact_match score 1.0 msg exact match, response: 3.45%, target: 3.45%
2026-08-14 16:12:11.148 | DEBUG    | eval.evaluation.evaluation:metric_call:77 - metric_func_name exact_match score 1.0 msg exact match, response: nan, target: nan
2026-08-14 16:12:11.148 | DEBUG    | eval.evaluation.evaluation:metric_call:77 - metric_func_name exact_match score 1.0 msg exact match, response: 3.35%, target: 3.35%
2026-08-14 16:12:11.148 | DEBUG    | eval.evaluation.evaluation:metric_call:77 - metric_func_name exact_match score 1.0 msg exact match, response: nan, target: nan
2026-08-14 16:12:11.148 | DEBUG    | eval.evaluation.evaluation:metric_call:77 - metric_func_name exact_match score 1.0 msg exact match, response: nan, target: nan
2026-08-14 16:12:11.148 | DEBUG    | eval.evaluation.evaluation:metric_call:77 - metric_func_name exact_match score 1.0 msg exact match, response: 3.10%, target: 3.10%
2026-08-14 16:12:11.149 | DEBUG    | eval.evaluation.evaluation:evaluate_single_query:321 - wide2deep_ws_zh_068, col 调整前的一年期lpr, metric_func_name exact_match, score [1.0, 1.0, 1.0, 1.0, 1.0, 1.0, 1.0, 1.0, 1.0, 1.0, 1.0, 0.0, 1.0, 1.0, 1.0, 1.0, 1.0, 1.0, 1.0, 1.0, 1.0, 1.0, 0.0, 1.0, 1.0, 1.0, 1.0, 1.0, 1.0]
2026-08-14 16:12:11.149 | DEBUG    | eval.evaluation.evaluation:metric_call:77 - metric_func_name exact_match score 1.0 msg exact match, response: nan, target: nan
2026-08-14 16:12:11.149 | DEBUG    | eval.evaluation.evaluation:metric_call:77 - metric_func_name exact_match score 1.0 msg exact match, response: nan, target: nan
2026-08-14 16:12:11.149 | DEBUG    | eval.evaluation.evaluation:metric_call:77 - metric_func_name exact_match score 1.0 msg exact match, response: 4.05%, target: 4.05%
2026-08-14 16:12:11.150 | DEBUG    | eval.evaluation.evaluation:metric_call:77 - metric_func_name exact_match score 1.0 msg exact match, response: nan, target: nan
2026-08-14 16:12:11.150 | DEBUG    | eval.evaluation.evaluation:metric_call:77 - metric_func_name exact_match score 1.0 msg exact match, response: 3.85%, target: 3.85%
2026-08-14 16:12:11.150 | DEBUG    | eval.evaluation.evaluation:metric_call:77 - metric_func_name exact_match score 1.0 msg exact match, response: nan, target: nan
2026-08-14 16:12:11.150 | DEBUG    | eval.evaluation.evaluation:metric_call:77 - metric_func_name exact_match score 1.0 msg exact match, response: nan, target: nan
2026-08-14 16:12:11.150 | DEBUG    | eval.evaluation.evaluation:metric_call:77 - metric_func_name exact_match score 1.0 msg exact match, response: 3.80%, target: 3.80%
2026-08-14 16:12:11.150 | DEBUG    | eval.evaluation.evaluation:metric_call:77 - metric_func_name exact_match score 1.0 msg exact match, response: nan, target: nan
2026-08-14 16:12:11.150 | DEBUG    | eval.evaluation.evaluation:metric_call:77 - metric_func_name exact_match score 1.0 msg exact match, response: 3.70%, target: 3.70%
2026-08-14 16:12:11.150 | DEBUG    | eval.evaluation.evaluation:metric_call:77 - metric_func_name exact_match score 1.0 msg exact match, response: nan, target: nan
2026-08-14 16:12:11.150 | DEBUG    | eval.evaluation.evaluation:metric_call:77 - metric_func_name exact_match score 0.0 msg exact not match, response: nan, target: 3.70%
2026-08-14 16:12:11.150 | DEBUG    | eval.evaluation.evaluation:metric_call:77 - metric_func_name exact_match score 1.0 msg exact match, response: nan, target: nan
2026-08-14 16:12:11.150 | DEBUG    | eval.evaluation.evaluation:metric_call:77 - metric_func_name exact_match score 1.0 msg exact match, response: 3.65%, target: 3.65%
2026-08-14 16:12:11.150 | DEBUG    | eval.evaluation.evaluation:metric_call:77 - metric_func_name exact_match score 1.0 msg exact match, response: nan, target: nan
2026-08-14 16:12:11.150 | DEBUG    | eval.evaluation.evaluation:metric_call:77 - metric_func_name exact_match score 1.0 msg exact match, response: nan, target: nan
2026-08-14 16:12:11.150 | DEBUG    | eval.evaluation.evaluation:metric_call:77 - metric_func_name exact_match score 1.0 msg exact match, response: nan, target: nan
2026-08-14 16:12:11.150 | DEBUG    | eval.evaluation.evaluation:metric_call:77 - metric_func_name exact_match score 1.0 msg exact match, response: 3.55%, target: 3.55%
2026-08-14 16:12:11.150 | DEBUG    | eval.evaluation.evaluation:metric_call:77 - metric_func_name exact_match score 1.0 msg exact match, response: nan, target: nan
2026-08-14 16:12:11.150 | DEBUG    | eval.evaluation.evaluation:metric_call:77 - metric_func_name exact_match score 1.0 msg exact match, response: 3.45%, target: 3.45%
2026-08-14 16:12:11.150 | DEBUG    | eval.evaluation.evaluation:metric_call:77 - metric_func_name exact_match score 1.0 msg exact match, response: nan, target: nan
2026-08-14 16:12:11.150 | DEBUG    | eval.evaluation.evaluation:metric_call:77 - metric_func_name exact_match score 1.0 msg exact match, response: nan, target: nan
2026-08-14 16:12:11.150 | DEBUG    | eval.evaluation.evaluation:metric_call:77 - metric_func_name exact_match score 0.0 msg exact not match, response: nan, target: 3.45%
2026-08-14 16:12:11.150 | DEBUG    | eval.evaluation.evaluation:metric_call:77 - metric_func_name exact_match score 1.0 msg exact match, response: 3.35%, target: 3.35%
2026-08-14 16:12:11.150 | DEBUG    | eval.evaluation.evaluation:metric_call:77 - metric_func_name exact_match score 1.0 msg exact match, response: nan, target: nan
2026-08-14 16:12:11.150 | DEBUG    | eval.evaluation.evaluation:metric_call:77 - metric_func_name exact_match score 1.0 msg exact match, response: 3.10%, target: 3.10%
2026-08-14 16:12:11.150 | DEBUG    | eval.evaluation.evaluation:metric_call:77 - metric_func_name exact_match score 1.0 msg exact match, response: nan, target: nan
2026-08-14 16:12:11.150 | DEBUG    | eval.evaluation.evaluation:metric_call:77 - metric_func_name exact_match score 1.0 msg exact match, response: nan, target: nan
2026-08-14 16:12:11.150 | DEBUG    | eval.evaluation.evaluation:metric_call:77 - metric_func_name exact_match score 1.0 msg exact match, response: 3.00%, target: 3.00%
2026-08-14 16:12:11.151 | DEBUG    | eval.evaluation.evaluation:evaluate_single_query:321 - wide2deep_ws_zh_068, col 调整后的一年期lpr, metric_func_name exact_match, score [1.0, 1.0, 1.0, 1.0, 1.0, 1.0, 1.0, 1.0, 1.0, 1.0, 1.0, 0.0, 1.0, 1.0, 1.0, 1.0, 1.0, 1.0, 1.0, 1.0, 1.0, 1.0, 0.0, 1.0, 1.0, 1.0, 1.0, 1.0, 1.0]
2026-08-14 16:12:11.151 | DEBUG    | eval.evaluation.evaluation:metric_call:77 - metric_func_name exact_match score 1.0 msg exact match, response: nan, target: nan
2026-08-14 16:12:11.151 | DEBUG    | eval.evaluation.evaluation:metric_call:77 - metric_func_name exact_match score 1.0 msg exact match, response: nan, target: nan
2026-08-14 16:12:11.151 | DEBUG    | eval.evaluation.evaluation:metric_call:77 - metric_func_name exact_match score 1.0 msg exact match, response: 4.80%, target: 4.80%
2026-08-14 16:12:11.151 | DEBUG    | eval.evaluation.evaluation:metric_call:77 - metric_func_name exact_match score 1.0 msg exact match, response: nan, target: nan
2026-08-14 16:12:11.151 | DEBUG    | eval.evaluation.evaluation:metric_call:77 - metric_func_name exact_match score 1.0 msg exact match, response: 4.75%, target: 4.75%
2026-08-14 16:12:11.151 | DEBUG    | eval.evaluation.evaluation:metric_call:77 - metric_func_name exact_match score 1.0 msg exact match, response: nan, target: nan
2026-08-14 16:12:11.151 | DEBUG    | eval.evaluation.evaluation:metric_call:77 - metric_func_name exact_match score 1.0 msg exact match, response: nan, target: nan
2026-08-14 16:12:11.152 | DEBUG    | eval.evaluation.evaluation:metric_call:77 - metric_func_name exact_match score 0.0 msg exact not match, response: nan, target: 4.65%
2026-08-14 16:12:11.152 | DEBUG    | eval.evaluation.evaluation:metric_call:77 - metric_func_name exact_match score 1.0 msg exact match, response: nan, target: nan
2026-08-14 16:12:11.152 | DEBUG    | eval.evaluation.evaluation:metric_call:77 - metric_func_name exact_match score 1.0 msg exact match, response: 4.65%, target: 4.65%
2026-08-14 16:12:11.152 | DEBUG    | eval.evaluation.evaluation:metric_call:77 - metric_func_name exact_match score 1.0 msg exact match, response: nan, target: nan
2026-08-14 16:12:11.152 | DEBUG    | eval.evaluation.evaluation:metric_call:77 - metric_func_name exact_match score 1.0 msg exact match, response: 4.60%, target: 4.60%
2026-08-14 16:12:11.152 | DEBUG    | eval.evaluation.evaluation:metric_call:77 - metric_func_name exact_match score 1.0 msg exact match, response: nan, target: nan
2026-08-14 16:12:11.152 | DEBUG    | eval.evaluation.evaluation:metric_call:77 - metric_func_name exact_match score 1.0 msg exact match, response: 4.45%, target: 4.45%
2026-08-14 16:12:11.152 | DEBUG    | eval.evaluation.evaluation:metric_call:77 - metric_func_name exact_match score 1.0 msg exact match, response: nan, target: nan
2026-08-14 16:12:11.152 | DEBUG    | eval.evaluation.evaluation:metric_call:77 - metric_func_name exact_match score 1.0 msg exact match, response: nan, target: nan
2026-08-14 16:12:11.152 | DEBUG    | eval.evaluation.evaluation:metric_call:77 - metric_func_name exact_match score 1.0 msg exact match, response: nan, target: nan
2026-08-14 16:12:11.152 | DEBUG    | eval.evaluation.evaluation:metric_call:77 - metric_func_name exact_match score 1.0 msg exact match, response: 4.30%, target: 4.30%
2026-08-14 16:12:11.152 | DEBUG    | eval.evaluation.evaluation:metric_call:77 - metric_func_name exact_match score 1.0 msg exact match, response: nan, target: nan
2026-08-14 16:12:11.152 | DEBUG    | eval.evaluation.evaluation:metric_call:77 - metric_func_name exact_match score 0.0 msg exact not match, response: nan, target: 4.20%
2026-08-14 16:12:11.152 | DEBUG    | eval.evaluation.evaluation:metric_call:77 - metric_func_name exact_match score 1.0 msg exact match, response: nan, target: nan
2026-08-14 16:12:11.152 | DEBUG    | eval.evaluation.evaluation:metric_call:77 - metric_func_name exact_match score 1.0 msg exact match, response: nan, target: nan
2026-08-14 16:12:11.152 | DEBUG    | eval.evaluation.evaluation:metric_call:77 - metric_func_name exact_match score 1.0 msg exact match, response: 4.20%, target: 4.20%
2026-08-14 16:12:11.152 | DEBUG    | eval.evaluation.evaluation:metric_call:77 - metric_func_name exact_match score 1.0 msg exact match, response: 3.95%, target: 3.95%
2026-08-14 16:12:11.152 | DEBUG    | eval.evaluation.evaluation:metric_call:77 - metric_func_name exact_match score 1.0 msg exact match, response: nan, target: nan
2026-08-14 16:12:11.152 | DEBUG    | eval.evaluation.evaluation:metric_call:77 - metric_func_name exact_match score 1.0 msg exact match, response: 3.85%, target: 3.85%
2026-08-14 16:12:11.152 | DEBUG    | eval.evaluation.evaluation:metric_call:77 - metric_func_name exact_match score 1.0 msg exact match, response: nan, target: nan
2026-08-14 16:12:11.152 | DEBUG    | eval.evaluation.evaluation:metric_call:77 - metric_func_name exact_match score 1.0 msg exact match, response: nan, target: nan
2026-08-14 16:12:11.152 | DEBUG    | eval.evaluation.evaluation:metric_call:77 - metric_func_name exact_match score 1.0 msg exact match, response: 3.60%, target: 3.60%
2026-08-14 16:12:11.153 | DEBUG    | eval.evaluation.evaluation:evaluate_single_query:321 - wide2deep_ws_zh_068, col 调整前的五年期lpr, metric_func_name exact_match, score [1.0, 1.0, 1.0, 1.0, 1.0, 1.0, 1.0, 0.0, 1.0, 1.0, 1.0, 1.0, 1.0, 1.0, 1.0, 1.0, 1.0, 1.0, 1.0, 0.0, 1.0, 1.0, 1.0, 1.0, 1.0, 1.0, 1.0, 1.0, 1.0]
2026-08-14 16:12:11.153 | DEBUG    | eval.evaluation.evaluation:metric_call:77 - metric_func_name exact_match score 1.0 msg exact match, response: nan, target: nan
2026-08-14 16:12:11.153 | DEBUG    | eval.evaluation.evaluation:metric_call:77 - metric_func_name exact_match score 1.0 msg exact match, response: nan, target: nan
2026-08-14 16:12:11.153 | DEBUG    | eval.evaluation.evaluation:metric_call:77 - metric_func_name exact_match score 1.0 msg exact match, response: 4.75%, target: 4.75%
2026-08-14 16:12:11.153 | DEBUG    | eval.evaluation.evaluation:metric_call:77 - metric_func_name exact_match score 1.0 msg exact match, response: nan, target: nan
2026-08-14 16:12:11.153 | DEBUG    | eval.evaluation.evaluation:metric_call:77 - metric_func_name exact_match score 1.0 msg exact match, response: 4.65%, target: 4.65%
2026-08-14 16:12:11.153 | DEBUG    | eval.evaluation.evaluation:metric_call:77 - metric_func_name exact_match score 1.0 msg exact match, response: nan, target: nan
2026-08-14 16:12:11.153 | DEBUG    | eval.evaluation.evaluation:metric_call:77 - metric_func_name exact_match score 1.0 msg exact match, response: nan, target: nan
2026-08-14 16:12:11.153 | DEBUG    | eval.evaluation.evaluation:metric_call:77 - metric_func_name exact_match score 0.0 msg exact not match, response: nan, target: 4.65%
2026-08-14 16:12:11.154 | DEBUG    | eval.evaluation.evaluation:metric_call:77 - metric_func_name exact_match score 1.0 msg exact match, response: nan, target: nan
2026-08-14 16:12:11.154 | DEBUG    | eval.evaluation.evaluation:metric_call:77 - metric_func_name exact_match score 1.0 msg exact match, response: 4.60%, target: 4.60%
2026-08-14 16:12:11.154 | DEBUG    | eval.evaluation.evaluation:metric_call:77 - metric_func_name exact_match score 1.0 msg exact match, response: nan, target: nan
2026-08-14 16:12:11.154 | DEBUG    | eval.evaluation.evaluation:metric_call:77 - metric_func_name exact_match score 1.0 msg exact match, response: 4.45%, target: 4.45%
2026-08-14 16:12:11.154 | DEBUG    | eval.evaluation.evaluation:metric_call:77 - metric_func_name exact_match score 1.0 msg exact match, response: nan, target: nan
2026-08-14 16:12:11.154 | DEBUG    | eval.evaluation.evaluation:metric_call:77 - metric_func_name exact_match score 1.0 msg exact match, response: 4.30%, target: 4.30%
2026-08-14 16:12:11.154 | DEBUG    | eval.evaluation.evaluation:metric_call:77 - metric_func_name exact_match score 1.0 msg exact match, response: nan, target: nan
2026-08-14 16:12:11.154 | DEBUG    | eval.evaluation.evaluation:metric_call:77 - metric_func_name exact_match score 1.0 msg exact match, response: nan, target: nan
2026-08-14 16:12:11.154 | DEBUG    | eval.evaluation.evaluation:metric_call:77 - metric_func_name exact_match score 1.0 msg exact match, response: nan, target: nan
2026-08-14 16:12:11.154 | DEBUG    | eval.evaluation.evaluation:metric_call:77 - metric_func_name exact_match score 1.0 msg exact match, response: 4.20%, target: 4.20%
2026-08-14 16:12:11.154 | DEBUG    | eval.evaluation.evaluation:metric_call:77 - metric_func_name exact_match score 1.0 msg exact match, response: nan, target: nan
2026-08-14 16:12:11.154 | DEBUG    | eval.evaluation.evaluation:metric_call:77 - metric_func_name exact_match score 0.0 msg exact not match, response: nan, target: 4.20%
2026-08-14 16:12:11.154 | DEBUG    | eval.evaluation.evaluation:metric_call:77 - metric_func_name exact_match score 1.0 msg exact match, response: nan, target: nan
2026-08-14 16:12:11.154 | DEBUG    | eval.evaluation.evaluation:metric_call:77 - metric_func_name exact_match score 1.0 msg exact match, response: nan, target: nan
2026-08-14 16:12:11.154 | DEBUG    | eval.evaluation.evaluation:metric_call:77 - metric_func_name exact_match score 1.0 msg exact match, response: 3.95%, target: 3.95%
2026-08-14 16:12:11.154 | DEBUG    | eval.evaluation.evaluation:metric_call:77 - metric_func_name exact_match score 1.0 msg exact match, response: 3.85%, target: 3.85%
2026-08-14 16:12:11.154 | DEBUG    | eval.evaluation.evaluation:metric_call:77 - metric_func_name exact_match score 1.0 msg exact match, response: nan, target: nan
2026-08-14 16:12:11.154 | DEBUG    | eval.evaluation.evaluation:metric_call:77 - metric_func_name exact_match score 1.0 msg exact match, response: 3.60%, target: 3.60%
2026-08-14 16:12:11.154 | DEBUG    | eval.evaluation.evaluation:metric_call:77 - metric_func_name exact_match score 1.0 msg exact match, response: nan, target: nan
2026-08-14 16:12:11.154 | DEBUG    | eval.evaluation.evaluation:metric_call:77 - metric_func_name exact_match score 1.0 msg exact match, response: nan, target: nan
2026-08-14 16:12:11.154 | DEBUG    | eval.evaluation.evaluation:metric_call:77 - metric_func_name exact_match score 1.0 msg exact match, response: 3.50%, target: 3.50%
2026-08-14 16:12:11.155 | DEBUG    | eval.evaluation.evaluation:evaluate_single_query:321 - wide2deep_ws_zh_068, col 调整后的五年期lpr, metric_func_name exact_match, score [1.0, 1.0, 1.0, 1.0, 1.0, 1.0, 1.0, 0.0, 1.0, 1.0, 1.0, 1.0, 1.0, 1.0, 1.0, 1.0, 1.0, 1.0, 1.0, 0.0, 1.0, 1.0, 1.0, 1.0, 1.0, 1.0, 1.0, 1.0, 1.0]
2026-08-14 16:12:11.155 | DEBUG    | eval.evaluation.evaluation:metric_call:77 - metric_func_name exact_match score 1.0 msg exact match, response: nan, target: nan
2026-08-14 16:12:11.155 | DEBUG    | eval.evaluation.evaluation:metric_call:77 - metric_func_name exact_match score 1.0 msg exact match, response: 2.50%, target: 2.50%
2026-08-14 16:12:11.155 | DEBUG    | eval.evaluation.evaluation:metric_call:77 - metric_func_name exact_match score 1.0 msg exact match, response: nan, target: nan
2026-08-14 16:12:11.155 | DEBUG    | eval.evaluation.evaluation:metric_call:77 - metric_func_name exact_match score 1.0 msg exact match, response: 2.40%, target: 2.40%
2026-08-14 16:12:11.155 | DEBUG    | eval.evaluation.evaluation:metric_call:77 - metric_func_name exact_match score 1.0 msg exact match, response: nan, target: nan
2026-08-14 16:12:11.155 | DEBUG    | eval.evaluation.evaluation:metric_call:77 - metric_func_name exact_match score 1.0 msg exact match, response: nan, target: nan
2026-08-14 16:12:11.155 | DEBUG    | eval.evaluation.evaluation:metric_call:77 - metric_func_name exact_match score 1.0 msg exact match, response: nan, target: nan
2026-08-14 16:12:11.155 | DEBUG    | eval.evaluation.evaluation:metric_call:77 - metric_func_name exact_match score 1.0 msg exact match, response: nan, target: nan
2026-08-14 16:12:11.155 | DEBUG    | eval.evaluation.evaluation:metric_call:77 - metric_func_name exact_match score 1.0 msg exact match, response: 2.20%, target: 2.20%
2026-08-14 16:12:11.155 | DEBUG    | eval.evaluation.evaluation:metric_call:77 - metric_func_name exact_match score 1.0 msg exact match, response: nan, target: nan
2026-08-14 16:12:11.155 | DEBUG    | eval.evaluation.evaluation:metric_call:77 - metric_func_name exact_match score 1.0 msg exact match, response: nan, target: nan
2026-08-14 16:12:11.155 | DEBUG    | eval.evaluation.evaluation:metric_call:77 - metric_func_name exact_match score 1.0 msg exact match, response: nan, target: nan
2026-08-14 16:12:11.156 | DEBUG    | eval.evaluation.evaluation:metric_call:77 - metric_func_name exact_match score 1.0 msg exact match, response: 2.10%, target: 2.10%
2026-08-14 16:12:11.156 | DEBUG    | eval.evaluation.evaluation:metric_call:77 - metric_func_name exact_match score 1.0 msg exact match, response: nan, target: nan
2026-08-14 16:12:11.156 | DEBUG    | eval.evaluation.evaluation:metric_call:77 - metric_func_name exact_match score 1.0 msg exact match, response: nan, target: nan
2026-08-14 16:12:11.156 | DEBUG    | eval.evaluation.evaluation:metric_call:77 - metric_func_name exact_match score 1.0 msg exact match, response: nan, target: nan
2026-08-14 16:12:11.156 | DEBUG    | eval.evaluation.evaluation:metric_call:77 - metric_func_name exact_match score 1.0 msg exact match, response: 2.00%, target: 2.00%
2026-08-14 16:12:11.156 | DEBUG    | eval.evaluation.evaluation:metric_call:77 - metric_func_name exact_match score 1.0 msg exact match, response: nan, target: nan
2026-08-14 16:12:11.156 | DEBUG    | eval.evaluation.evaluation:metric_call:77 - metric_func_name exact_match score 1.0 msg exact match, response: 1.90%, target: 1.90%
2026-08-14 16:12:11.156 | DEBUG    | eval.evaluation.evaluation:metric_call:77 - metric_func_name exact_match score 1.0 msg exact match, response: nan, target: nan
2026-08-14 16:12:11.156 | DEBUG    | eval.evaluation.evaluation:metric_call:77 - metric_func_name exact_match score 1.0 msg exact match, response: nan, target: nan
2026-08-14 16:12:11.156 | DEBUG    | eval.evaluation.evaluation:metric_call:77 - metric_func_name exact_match score 1.0 msg exact match, response: nan, target: nan
2026-08-14 16:12:11.156 | DEBUG    | eval.evaluation.evaluation:metric_call:77 - metric_func_name exact_match score 1.0 msg exact match, response: nan, target: nan
2026-08-14 16:12:11.156 | DEBUG    | eval.evaluation.evaluation:metric_call:77 - metric_func_name exact_match score 1.0 msg exact match, response: 1.80%, target: 1.80%
2026-08-14 16:12:11.156 | DEBUG    | eval.evaluation.evaluation:metric_call:77 - metric_func_name exact_match score 0.0 msg exact not match, response: 1.70%, target: nan
2026-08-14 16:12:11.156 | DEBUG    | eval.evaluation.evaluation:metric_call:77 - metric_func_name exact_match score 1.0 msg exact match, response: nan, target: nan
2026-08-14 16:12:11.156 | DEBUG    | eval.evaluation.evaluation:metric_call:77 - metric_func_name exact_match score 1.0 msg exact match, response: 1.50%, target: 1.50%
2026-08-14 16:12:11.156 | DEBUG    | eval.evaluation.evaluation:metric_call:77 - metric_func_name exact_match score 1.0 msg exact match, response: nan, target: nan
2026-08-14 16:12:11.156 | DEBUG    | eval.evaluation.evaluation:metric_call:77 - metric_func_name exact_match score 1.0 msg exact match, response: nan, target: nan
2026-08-14 16:12:11.157 | DEBUG    | eval.evaluation.evaluation:evaluate_single_query:321 - wide2deep_ws_zh_068, col 调整前的7天逆回购操作利率, metric_func_name exact_match, score [1.0, 1.0, 1.0, 1.0, 1.0, 1.0, 1.0, 1.0, 1.0, 1.0, 1.0, 1.0, 1.0, 1.0, 1.0, 1.0, 1.0, 1.0, 1.0, 1.0, 1.0, 1.0, 1.0, 1.0, 0.0, 1.0, 1.0, 1.0, 1.0]
2026-08-14 16:12:11.157 | DEBUG    | eval.evaluation.evaluation:metric_call:77 - metric_func_name exact_match score 1.0 msg exact match, response: nan, target: nan
2026-08-14 16:12:11.157 | DEBUG    | eval.evaluation.evaluation:metric_call:77 - metric_func_name exact_match score 1.0 msg exact match, response: 2.40%, target: 2.40%
2026-08-14 16:12:11.157 | DEBUG    | eval.evaluation.evaluation:metric_call:77 - metric_func_name exact_match score 1.0 msg exact match, response: nan, target: nan
2026-08-14 16:12:11.157 | DEBUG    | eval.evaluation.evaluation:metric_call:77 - metric_func_name exact_match score 1.0 msg exact match, response: 2.20%, target: 2.20%
2026-08-14 16:12:11.157 | DEBUG    | eval.evaluation.evaluation:metric_call:77 - metric_func_name exact_match score 1.0 msg exact match, response: nan, target: nan
2026-08-14 16:12:11.157 | DEBUG    | eval.evaluation.evaluation:metric_call:77 - metric_func_name exact_match score 1.0 msg exact match, response: nan, target: nan
2026-08-14 16:12:11.157 | DEBUG    | eval.evaluation.evaluation:metric_call:77 - metric_func_name exact_match score 1.0 msg exact match, response: nan, target: nan
2026-08-14 16:12:11.157 | DEBUG    | eval.evaluation.evaluation:metric_call:77 - metric_func_name exact_match score 1.0 msg exact match, response: nan, target: nan
2026-08-14 16:12:11.157 | DEBUG    | eval.evaluation.evaluation:metric_call:77 - metric_func_name exact_match score 1.0 msg exact match, response: 2.10%, target: 2.10%
2026-08-14 16:12:11.157 | DEBUG    | eval.evaluation.evaluation:metric_call:77 - metric_func_name exact_match score 1.0 msg exact match, response: nan, target: nan
2026-08-14 16:12:11.157 | DEBUG    | eval.evaluation.evaluation:metric_call:77 - metric_func_name exact_match score 1.0 msg exact match, response: nan, target: nan
2026-08-14 16:12:11.158 | DEBUG    | eval.evaluation.evaluation:metric_call:77 - metric_func_name exact_match score 1.0 msg exact match, response: nan, target: nan
2026-08-14 16:12:11.158 | DEBUG    | eval.evaluation.evaluation:metric_call:77 - metric_func_name exact_match score 1.0 msg exact match, response: 2.00%, target: 2.00%
2026-08-14 16:12:11.158 | DEBUG    | eval.evaluation.evaluation:metric_call:77 - metric_func_name exact_match score 1.0 msg exact match, response: nan, target: nan
2026-08-14 16:12:11.158 | DEBUG    | eval.evaluation.evaluation:metric_call:77 - metric_func_name exact_match score 1.0 msg exact match, response: nan, target: nan
2026-08-14 16:12:11.158 | DEBUG    | eval.evaluation.evaluation:metric_call:77 - metric_func_name exact_match score 1.0 msg exact match, response: nan, target: nan
2026-08-14 16:12:11.158 | DEBUG    | eval.evaluation.evaluation:metric_call:77 - metric_func_name exact_match score 1.0 msg exact match, response: 1.90%, target: 1.90%
2026-08-14 16:12:11.158 | DEBUG    | eval.evaluation.evaluation:metric_call:77 - metric_func_name exact_match score 1.0 msg exact match, response: nan, target: nan
2026-08-14 16:12:11.158 | DEBUG    | eval.evaluation.evaluation:metric_call:77 - metric_func_name exact_match score 1.0 msg exact match, response: 1.80%, target: 1.80%
2026-08-14 16:12:11.158 | DEBUG    | eval.evaluation.evaluation:metric_call:77 - metric_func_name exact_match score 1.0 msg exact match, response: nan, target: nan
2026-08-14 16:12:11.158 | DEBUG    | eval.evaluation.evaluation:metric_call:77 - metric_func_name exact_match score 1.0 msg exact match, response: nan, target: nan
2026-08-14 16:12:11.158 | DEBUG    | eval.evaluation.evaluation:metric_call:77 - metric_func_name exact_match score 1.0 msg exact match, response: nan, target: nan
2026-08-14 16:12:11.158 | DEBUG    | eval.evaluation.evaluation:metric_call:77 - metric_func_name exact_match score 1.0 msg exact match, response: nan, target: nan
2026-08-14 16:12:11.158 | DEBUG    | eval.evaluation.evaluation:metric_call:77 - metric_func_name exact_match score 1.0 msg exact match, response: 1.70%, target: 1.70%
2026-08-14 16:12:11.158 | DEBUG    | eval.evaluation.evaluation:metric_call:77 - metric_func_name exact_match score 0.0 msg exact not match, response: 1.50%, target: nan
2026-08-14 16:12:11.158 | DEBUG    | eval.evaluation.evaluation:metric_call:77 - metric_func_name exact_match score 1.0 msg exact match, response: nan, target: nan
2026-08-14 16:12:11.158 | DEBUG    | eval.evaluation.evaluation:metric_call:77 - metric_func_name exact_match score 1.0 msg exact match, response: 1.40%, target: 1.40%
2026-08-14 16:12:11.158 | DEBUG    | eval.evaluation.evaluation:metric_call:77 - metric_func_name exact_match score 1.0 msg exact match, response: nan, target: nan
2026-08-14 16:12:11.158 | DEBUG    | eval.evaluation.evaluation:metric_call:77 - metric_func_name exact_match score 1.0 msg exact match, response: nan, target: nan
2026-08-14 16:12:11.159 | DEBUG    | eval.evaluation.evaluation:evaluate_single_query:321 - wide2deep_ws_zh_068, col 调整后的7天逆回购操作利率, metric_func_name exact_match, score [1.0, 1.0, 1.0, 1.0, 1.0, 1.0, 1.0, 1.0, 1.0, 1.0, 1.0, 1.0, 1.0, 1.0, 1.0, 1.0, 1.0, 1.0, 1.0, 1.0, 1.0, 1.0, 1.0, 1.0, 0.0, 1.0, 1.0, 1.0, 1.0]
2026-08-14 16:12:11.159 | DEBUG    | eval.evaluation.evaluation:metric_call:77 - metric_func_name exact_match score 0.0 msg exact not match, response: 10.4%, target: 大型金融机构：13.00%
中小型金融机构：11.00%
2026-08-14 16:12:11.159 | DEBUG    | eval.evaluation.evaluation:metric_call:77 - metric_func_name exact_match score 1.0 msg exact match, response: nan, target: nan
2026-08-14 16:12:11.159 | DEBUG    | eval.evaluation.evaluation:metric_call:77 - metric_func_name exact_match score 1.0 msg exact match, response: nan, target: nan
2026-08-14 16:12:11.159 | DEBUG    | eval.evaluation.evaluation:metric_call:77 - metric_func_name exact_match score 1.0 msg exact match, response: nan, target: nan
2026-08-14 16:12:11.159 | DEBUG    | eval.evaluation.evaluation:metric_call:77 - metric_func_name exact_match score 1.0 msg exact match, response: nan, target: nan
2026-08-14 16:12:11.159 | DEBUG    | eval.evaluation.evaluation:metric_call:77 - metric_func_name exact_match score 0.0 msg exact not match, response: 9.4%, target: 大型金融机构：12.50%
中小型金融机构：9.50%
2026-08-14 16:12:11.159 | DEBUG    | eval.evaluation.evaluation:metric_call:77 - metric_func_name exact_match score 0.0 msg exact not match, response: 8.9%, target: 大型金融机构：12.00%
中小型金融机构：9.00%
2026-08-14 16:12:11.159 | DEBUG    | eval.evaluation.evaluation:metric_call:77 - metric_func_name exact_match score 1.0 msg exact match, response: nan, target: nan
2026-08-14 16:12:11.159 | DEBUG    | eval.evaluation.evaluation:metric_call:77 - metric_func_name exact_match score 1.0 msg exact match, response: nan, target: nan
2026-08-14 16:12:11.159 | DEBUG    | eval.evaluation.evaluation:metric_call:77 - metric_func_name exact_match score 1.0 msg exact match, response: nan, target: nan
2026-08-14 16:12:11.159 | DEBUG    | eval.evaluation.evaluation:metric_call:77 - metric_func_name exact_match score 0.0 msg exact not match, response: 8.4%, target: 大型金融机构：11.50%
中小型金融机构：8.50%
2026-08-14 16:12:11.159 | DEBUG    | eval.evaluation.evaluation:metric_call:77 - metric_func_name exact_match score 1.0 msg exact match, response: nan, target: nan
2026-08-14 16:12:11.159 | DEBUG    | eval.evaluation.evaluation:metric_call:77 - metric_func_name exact_match score 1.0 msg exact match, response: nan, target: nan
2026-08-14 16:12:11.159 | DEBUG    | eval.evaluation.evaluation:metric_call:77 - metric_func_name exact_match score 1.0 msg exact match, response: nan, target: nan
2026-08-14 16:12:11.159 | DEBUG    | eval.evaluation.evaluation:metric_call:77 - metric_func_name exact_match score 0.0 msg exact not match, response: 8.1%, target: 大型金融机构：11.25%
中小型金融机构：8.25%
2026-08-14 16:12:11.160 | DEBUG    | eval.evaluation.evaluation:metric_call:77 - metric_func_name exact_match score 0.0 msg exact not match, response: 7.8%, target: 大型金融机构：11.00%
中小型金融机构：8.00%
2026-08-14 16:12:11.160 | DEBUG    | eval.evaluation.evaluation:metric_call:77 - metric_func_name exact_match score 1.0 msg exact match, response: nan, target: nan
2026-08-14 16:12:11.160 | DEBUG    | eval.evaluation.evaluation:metric_call:77 - metric_func_name exact_match score 1.0 msg exact match, response: nan, target: nan
2026-08-14 16:12:11.160 | DEBUG    | eval.evaluation.evaluation:metric_call:77 - metric_func_name exact_match score 1.0 msg exact match, response: nan, target: nan
2026-08-14 16:12:11.160 | DEBUG    | eval.evaluation.evaluation:metric_call:77 - metric_func_name exact_match score 1.0 msg exact match, response: nan, target: nan
2026-08-14 16:12:11.160 | DEBUG    | eval.evaluation.evaluation:metric_call:77 - metric_func_name exact_match score 0.0 msg exact not match, response: 7.6%, target: 大型金融机构：10.75%
中小型金融机构：7.75%
2026-08-14 16:12:11.160 | DEBUG    | eval.evaluation.evaluation:metric_call:77 - metric_func_name exact_match score 0.0 msg exact not match, response: 7.4%, target: 大型金融机构：10.50%
中小型金融机构：7.50%
2026-08-14 16:12:11.160 | DEBUG    | eval.evaluation.evaluation:metric_call:77 - metric_func_name exact_match score 1.0 msg exact match, response: nan, target: nan
2026-08-14 16:12:11.160 | DEBUG    | eval.evaluation.evaluation:metric_call:77 - metric_func_name exact_match score 1.0 msg exact match, response: nan, target: nan
2026-08-14 16:12:11.160 | DEBUG    | eval.evaluation.evaluation:metric_call:77 - metric_func_name exact_match score 0.0 msg exact not match, response: 7.0%, target: 大型金融机构：10.00%
中小型金融机构：7.00%
2026-08-14 16:12:11.160 | DEBUG    | eval.evaluation.evaluation:metric_call:77 - metric_func_name exact_match score 1.0 msg exact match, response: nan, target: nan
2026-08-14 16:12:11.160 | DEBUG    | eval.evaluation.evaluation:metric_call:77 - metric_func_name exact_match score 1.0 msg exact match, response: nan, target: nan
2026-08-14 16:12:11.160 | DEBUG    | eval.evaluation.evaluation:metric_call:77 - metric_func_name exact_match score 0.0 msg exact not match, response: 6.6%, target: 大型金融机构：9.50%
中小型金融机构：6.50%
2026-08-14 16:12:11.160 | DEBUG    | eval.evaluation.evaluation:metric_call:77 - metric_func_name exact_match score 1.0 msg exact match, response: nan, target: nan
2026-08-14 16:12:11.161 | DEBUG    | eval.evaluation.evaluation:evaluate_single_query:321 - wide2deep_ws_zh_068, col 调整前的金融机构存款准备金率, metric_func_name exact_match, score [0.0, 1.0, 1.0, 1.0, 1.0, 0.0, 0.0, 1.0, 1.0, 1.0, 0.0, 1.0, 1.0, 1.0, 0.0, 0.0, 1.0, 1.0, 1.0, 1.0, 0.0, 0.0, 1.0, 1.0, 0.0, 1.0, 1.0, 0.0, 1.0]
2026-08-14 16:12:11.161 | DEBUG    | eval.evaluation.evaluation:metric_call:77 - metric_func_name exact_match score 0.0 msg exact not match, response: 9.9%, target: 大型金融机构：12.50%
中小型金融机构：10.50%
2026-08-14 16:12:11.161 | DEBUG    | eval.evaluation.evaluation:metric_call:77 - metric_func_name exact_match score 1.0 msg exact match, response: nan, target: nan
2026-08-14 16:12:11.161 | DEBUG    | eval.evaluation.evaluation:metric_call:77 - metric_func_name exact_match score 1.0 msg exact match, response: nan, target: nan
2026-08-14 16:12:11.161 | DEBUG    | eval.evaluation.evaluation:metric_call:77 - metric_func_name exact_match score 1.0 msg exact match, response: nan, target: nan
2026-08-14 16:12:11.161 | DEBUG    | eval.evaluation.evaluation:metric_call:77 - metric_func_name exact_match score 1.0 msg exact match, response: nan, target: nan
2026-08-14 16:12:11.161 | DEBUG    | eval.evaluation.evaluation:metric_call:77 - metric_func_name exact_match score 0.0 msg exact not match, response: 8.9%, target: 大型金融机构：12.00%
中小型金融机构：9.00%
2026-08-14 16:12:11.161 | DEBUG    | eval.evaluation.evaluation:metric_call:77 - metric_func_name exact_match score 0.0 msg exact not match, response: 8.4%, target: 大型金融机构：11.50%
中小型金融机构：8.50%
2026-08-14 16:12:11.161 | DEBUG    | eval.evaluation.evaluation:metric_call:77 - metric_func_name exact_match score 1.0 msg exact match, response: nan, target: nan
2026-08-14 16:12:11.161 | DEBUG    | eval.evaluation.evaluation:metric_call:77 - metric_func_name exact_match score 1.0 msg exact match, response: nan, target: nan
2026-08-14 16:12:11.161 | DEBUG    | eval.evaluation.evaluation:metric_call:77 - metric_func_name exact_match score 1.0 msg exact match, response: nan, target: nan
2026-08-14 16:12:11.161 | DEBUG    | eval.evaluation.evaluation:metric_call:77 - metric_func_name exact_match score 0.0 msg exact not match, response: 8.1%, target: 大型金融机构：11.25%
中小型金融机构：8.25%
2026-08-14 16:12:11.161 | DEBUG    | eval.evaluation.evaluation:metric_call:77 - metric_func_name exact_match score 1.0 msg exact match, response: nan, target: nan
2026-08-14 16:12:11.161 | DEBUG    | eval.evaluation.evaluation:metric_call:77 - metric_func_name exact_match score 1.0 msg exact match, response: nan, target: nan
2026-08-14 16:12:11.161 | DEBUG    | eval.evaluation.evaluation:metric_call:77 - metric_func_name exact_match score 1.0 msg exact match, response: nan, target: nan
2026-08-14 16:12:11.161 | DEBUG    | eval.evaluation.evaluation:metric_call:77 - metric_func_name exact_match score 0.0 msg exact not match, response: 7.8%, target: 大型金融机构：11.00%
中小型金融机构：8.00%
2026-08-14 16:12:11.162 | DEBUG    | eval.evaluation.evaluation:metric_call:77 - metric_func_name exact_match score 0.0 msg exact not match, response: 7.6%, target: 大型金融机构：10.75%
中小型金融机构：7.75%
2026-08-14 16:12:11.162 | DEBUG    | eval.evaluation.evaluation:metric_call:77 - metric_func_name exact_match score 1.0 msg exact match, response: nan, target: nan
2026-08-14 16:12:11.162 | DEBUG    | eval.evaluation.evaluation:metric_call:77 - metric_func_name exact_match score 1.0 msg exact match, response: nan, target: nan
2026-08-14 16:12:11.162 | DEBUG    | eval.evaluation.evaluation:metric_call:77 - metric_func_name exact_match score 1.0 msg exact match, response: nan, target: nan
2026-08-14 16:12:11.162 | DEBUG    | eval.evaluation.evaluation:metric_call:77 - metric_func_name exact_match score 1.0 msg exact match, response: nan, target: nan
2026-08-14 16:12:11.162 | DEBUG    | eval.evaluation.evaluation:metric_call:77 - metric_func_name exact_match score 0.0 msg exact not match, response: 7.4%, target: 大型金融机构：10.50%
中小型金融机构：7.50%
2026-08-14 16:12:11.162 | DEBUG    | eval.evaluation.evaluation:metric_call:77 - metric_func_name exact_match score 0.0 msg exact not match, response: 7.0%, target: 大型金融机构：10.00%
中小型金融机构：7.00%
2026-08-14 16:12:11.162 | DEBUG    | eval.evaluation.evaluation:metric_call:77 - metric_func_name exact_match score 1.0 msg exact match, response: nan, target: nan
2026-08-14 16:12:11.162 | DEBUG    | eval.evaluation.evaluation:metric_call:77 - metric_func_name exact_match score 1.0 msg exact match, response: nan, target: nan
2026-08-14 16:12:11.162 | DEBUG    | eval.evaluation.evaluation:metric_call:77 - metric_func_name exact_match score 0.0 msg exact not match, response: 6.6%, target: 大型金融机构：9.50%
中小型金融机构：6.50%
2026-08-14 16:12:11.162 | DEBUG    | eval.evaluation.evaluation:metric_call:77 - metric_func_name exact_match score 1.0 msg exact match, response: nan, target: nan
2026-08-14 16:12:11.162 | DEBUG    | eval.evaluation.evaluation:metric_call:77 - metric_func_name exact_match score 1.0 msg exact match, response: nan, target: nan
2026-08-14 16:12:11.162 | DEBUG    | eval.evaluation.evaluation:metric_call:77 - metric_func_name exact_match score 0.0 msg exact not match, response: 6.2%, target: 大型金融机构：9.00%
中小型金融机构：6.00%
2026-08-14 16:12:11.162 | DEBUG    | eval.evaluation.evaluation:metric_call:77 - metric_func_name exact_match score 1.0 msg exact match, response: nan, target: nan
2026-08-14 16:12:11.163 | DEBUG    | eval.evaluation.evaluation:evaluate_single_query:321 - wide2deep_ws_zh_068, col 调整后的金融机构存款准备金率, metric_func_name exact_match, score [0.0, 1.0, 1.0, 1.0, 1.0, 0.0, 0.0, 1.0, 1.0, 1.0, 0.0, 1.0, 1.0, 1.0, 0.0, 0.0, 1.0, 1.0, 1.0, 1.0, 0.0, 0.0, 1.0, 1.0, 0.0, 1.0, 1.0, 0.0, 1.0]
2026-08-14 16:12:11.167 | INFO     | eval.evaluation.evaluation:evaluate_single_query:380 - wide2deep_ws_zh_068, P/R/F1 by unique_columns: 1.0000/0.9062/0.9508
2026-08-14 16:12:11.167 | INFO     | eval.evaluation.evaluation:evaluate_single_query:383 - wide2deep_ws_zh_068, P/R/F1 by row: 0.5172/0.4688/0.4918
2026-08-14 16:12:11.167 | INFO     | eval.evaluation.evaluation:evaluate_single_query:386 - wide2deep_ws_zh_068, P/R/F1 by item: 0.8966/0.8125/0.8525
2026-08-14 16:12:11.174 | INFO     | eval.evaluation.evaluation:evaluate_single_query:398 - wide2deep_ws_zh_068, final table score: 0.0
{"event": "eval_done", "idx": 3, "instance_id": "wide2deep_ws_zh_068", "score": 0.0, "entity_acc": 1.0, "f1_by_row": 0.4918032786885246, "f1_by_item": 0.8524590163934426, "column_f1": 0.9508196721311475, "error": null, "elapsed_seconds": 25.472, "running_n": 3}
2026-08-14 16:12:14.768 | DEBUG    | eval.evaluation.data_loader:extract_dataframe:167 - find markdown_str 
| National Park Name | State(s) | 2023 Total Visitor Spending(m ...
2026-08-14 16:12:25.245 | INFO     | eval.evaluation.metric_utils:primary_key_preprocess:246 - primary_key_preprocess result: ```json
{}
```
2026-08-14 16:12:25.245 | INFO     | eval.evaluation.evaluation:evaluate_single_query:223 - col: nationalparkname, primary_key_map {}
2026-08-14 16:12:25.253 | INFO     | eval.evaluation.evaluation:evaluate_single_query:275 - wide2deep_ws_en_017, df_inner shape: (0, 14), answer_df shape: (13, 7), response_df shape: (1, 8)
2026-08-14 16:12:28.292 | DEBUG    | eval.evaluation.evaluation:evaluate_single_query:321 - wide2deep_ws_en_017, col state(s), metric_func_name llm_judge, score []
2026-08-14 16:12:28.295 | ERROR    | eval.evaluation.evaluation:evaluate_single_query:401 - evaluator error: 
Traceback (most recent call last):
  File "/home/azureuser/workspace-gzy/zyf/deep/external/Marco-Search-Agent/Marco-DeepResearch-Family/DeepWideSearch/eval/evaluation/evaluation.py", line 315, in evaluate_single_query
    df_inner_score[f"{col}_{metric_func_name}"] = (
    ~~~~~~~~~~~~~~^^^^^^^^^^^^^^^^^^^^^^^^^^^^^
  File "/home/azureuser/workspace-gzy/zyf/deep/.venv-eval/lib/python3.12/site-packages/pandas/core/frame.py", line 4312, in __setitem__
    self._set_item_frame_value(key, value)
  File "/home/azureuser/workspace-gzy/zyf/deep/.venv-eval/lib/python3.12/site-packages/pandas/core/frame.py", line 4470, in _set_item_frame_value
    raise ValueError(
ValueError: Cannot set a DataFrame with multiple columns to the single column 2023totalvisitorspending(milliondollars)_number_near

{"event": "eval_done", "idx": 4, "instance_id": "wide2deep_ws_en_017", "score": null, "entity_acc": null, "f1_by_row": null, "f1_by_item": null, "column_f1": null, "error": "RuntimeError: official evaluator reported an internal error", "elapsed_seconds": 17.104, "running_n": 4}
2026-08-14 16:12:30.999 | DEBUG    | eval.evaluation.data_loader:extract_dataframe:167 - find markdown_str 
| Brand | Worldwide | New York | Detroit | Seattle |
| --- | -- ...
2026-08-14 16:12:35.076 | INFO     | eval.evaluation.metric_utils:primary_key_preprocess:246 - primary_key_preprocess result: ```json
{
  "McDonald's": "McDonald’s",
  "Burger King": "Burger King",
  "Wendy's": "Wendy’s"
}
```
2026-08-14 16:12:35.076 | INFO     | eval.evaluation.evaluation:evaluate_single_query:223 - col: brand, primary_key_map {"McDonald's": 'McDonald’s', 'Burger King': 'Burger King', "Wendy's": 'Wendy’s'}
2026-08-14 16:12:35.083 | INFO     | eval.evaluation.evaluation:evaluate_single_query:275 - wide2deep_ws_en_028, df_inner shape: (3, 10), answer_df shape: (5, 5), response_df shape: (3, 6)
2026-08-14 16:12:35.083 | DEBUG    | eval.evaluation.evaluation:metric_call:77 - metric_func_name number_near score 1.0 msg number near in range 0.0%, response: 43477.0, target: 43477.0
2026-08-14 16:12:35.084 | DEBUG    | eval.evaluation.evaluation:metric_call:77 - metric_func_name number_near score 1.0 msg number near in range 0.0%, response: 19732.0, target: 19732.0
2026-08-14 16:12:35.084 | DEBUG    | eval.evaluation.evaluation:metric_call:77 - metric_func_name number_near score 1.0 msg number near in range 0.0%, response: 7240.0, target: 7240.0
2026-08-14 16:12:35.084 | DEBUG    | eval.evaluation.evaluation:evaluate_single_query:321 - wide2deep_ws_en_028, col worldwide, metric_func_name number_near, score [1.0, 1.0, 1.0]
2026-08-14 16:12:35.084 | DEBUG    | eval.evaluation.evaluation:metric_call:77 - metric_func_name exact_match score 1.0 msg exact match, response: nan, target: nan
2026-08-14 16:12:35.085 | DEBUG    | eval.evaluation.evaluation:metric_call:77 - metric_func_name exact_match score 1.0 msg exact match, response: nan, target: nan
2026-08-14 16:12:35.085 | DEBUG    | eval.evaluation.evaluation:metric_call:77 - metric_func_name exact_match score 1.0 msg exact match, response: nan, target: nan
2026-08-14 16:12:35.085 | DEBUG    | eval.evaluation.evaluation:evaluate_single_query:321 - wide2deep_ws_en_028, col newyork, metric_func_name exact_match, score [1.0, 1.0, 1.0]
2026-08-14 16:12:35.085 | DEBUG    | eval.evaluation.evaluation:metric_call:77 - metric_func_name exact_match score 1.0 msg exact match, response: nan, target: nan
2026-08-14 16:12:35.085 | DEBUG    | eval.evaluation.evaluation:metric_call:77 - metric_func_name exact_match score 1.0 msg exact match, response: nan, target: nan
2026-08-14 16:12:35.085 | DEBUG    | eval.evaluation.evaluation:metric_call:77 - metric_func_name exact_match score 1.0 msg exact match, response: nan, target: nan
2026-08-14 16:12:35.086 | DEBUG    | eval.evaluation.evaluation:evaluate_single_query:321 - wide2deep_ws_en_028, col detroit, metric_func_name exact_match, score [1.0, 1.0, 1.0]
2026-08-14 16:12:35.086 | DEBUG    | eval.evaluation.evaluation:metric_call:77 - metric_func_name exact_match score 1.0 msg exact match, response: nan, target: nan
2026-08-14 16:12:35.086 | DEBUG    | eval.evaluation.evaluation:metric_call:77 - metric_func_name exact_match score 1.0 msg exact match, response: nan, target: nan
2026-08-14 16:12:35.086 | DEBUG    | eval.evaluation.evaluation:metric_call:77 - metric_func_name exact_match score 1.0 msg exact match, response: nan, target: nan
2026-08-14 16:12:35.087 | DEBUG    | eval.evaluation.evaluation:evaluate_single_query:321 - wide2deep_ws_en_028, col seattle, metric_func_name exact_match, score [1.0, 1.0, 1.0]
2026-08-14 16:12:35.091 | INFO     | eval.evaluation.evaluation:evaluate_single_query:380 - wide2deep_ws_en_028, P/R/F1 by unique_columns: 1.0000/0.6000/0.7500
2026-08-14 16:12:35.091 | INFO     | eval.evaluation.evaluation:evaluate_single_query:383 - wide2deep_ws_en_028, P/R/F1 by row: 1.0000/0.6000/0.7500
2026-08-14 16:12:35.091 | INFO     | eval.evaluation.evaluation:evaluate_single_query:386 - wide2deep_ws_en_028, P/R/F1 by item: 1.0000/0.6000/0.7500
2026-08-14 16:12:35.093 | INFO     | eval.evaluation.evaluation:evaluate_single_query:398 - wide2deep_ws_en_028, final table score: 0.0
{"event": "eval_done", "idx": 5, "instance_id": "wide2deep_ws_en_028", "score": 0.0, "entity_acc": 1.0, "f1_by_row": 0.7499999999999999, "f1_by_item": 0.7499999999999999, "column_f1": 0.7499999999999999, "error": null, "elapsed_seconds": 6.774, "running_n": 5}
2026-08-14 16:12:39.933 | DEBUG    | eval.evaluation.data_loader:extract_dataframe:167 - find markdown_str 
| Case Name | Case Date | Case File Number | Opinion Author | V ...
2026-08-14 16:12:42.246 | INFO     | eval.evaluation.metric_utils:primary_key_preprocess:246 - primary_key_preprocess result: ```json
{
  "casename": "casename",
  "casedate": "casedate",
  "casefilenumber": "docketnumber",
  "opinionauthor": "opinionauthor",
  "verdict": "judgmentoutcome"
}
```
2026-08-14 16:12:42.246 | INFO     | eval.evaluation.evaluation:evaluate_single_query:172 - column map: {'casename': 'casename', 'casedate': 'casedate', 'casefilenumber': 'docketnumber', 'opinionauthor': 'opinionauthor', 'verdict': 'judgmentoutcome'}
2026-08-14 16:12:42.246 | INFO     | eval.evaluation.evaluation:evaluate_single_query:173 - befor mapping: Index(['casename', 'casedate', 'casefilenumber', 'opinionauthor', 'verdict'], dtype='object')
2026-08-14 16:12:42.247 | INFO     | eval.evaluation.evaluation:evaluate_single_query:175 - after mapping: Index(['casename', 'casedate', 'docketnumber', 'opinionauthor',
       'judgmentoutcome'],
      dtype='object')
2026-08-14 16:12:57.443 | INFO     | eval.evaluation.metric_utils:primary_key_preprocess:246 - primary_key_preprocess result: ```json
{
  "Royal Canin U.S.A., Inc. v. Wullschleger": "Royal Canin U.S.A., Inc. v. Wullschleger",
  "E.M.D. Sales, Inc. v. Carrera": "E.M.D. Sales, Inc. v. Carrera",
  "TikTok Inc. v. Garland": "TikTok, Inc. v. Garland (Consolidated with Firebaugh v. Garland)",
  "Wisconsin Bell, Inc. v. United States ex rel. Heath": "Wisconsin Bell, Inc. v. United States, ex rel. Todd Heath",
  "Republic of Hungary v. Simon": "Republic of Hungary v. Simon (2024)",
  "Williams v. Reed": "Williams v. Reed",
  "Lackey v. Stinnie": "Lackey v. Stinnie",
  "Glossip v. Oklahoma": "Glossip v. Oklahoma",
  "Waetzig v. Halliburton Energy Services, Inc.": "Waetzig v. Halliburton Energy Services",
  "Dewberry Group, Inc. v. Dewberry Engineers Inc.": "Dewberry Group, Inc. v. Dewberry Engineers, Inc.",
  "City and County of San Francisco v. EPA": "City and County of San Francisco v. Environmental Protection Agency",
  "Bufkin v. Collins": "Bufkin v. Collins",
  "Thompson v. United States": "Thompson v. United States",
  "Delligatti v. United States": "Delligatti v. United States",
  "Bondi v. VanDerStok": "Bondi v. VanDerStok",
  "United States v. Miller": "United States v. Miller",
  "FDA v. Wages and White Lion Investments, L.L.C.": "Food and Drug Administration v. Wages and White Lion Investments, LLC",
  "Medical Marijuana, Inc. v. Horn": "Medical Marijuana, Inc. v. Horn",
  "Cunningham v. Cornell University": "Cunningham v. Cornell University",
  "Monsalvo Velázquez v. Bondi": "Velazquez v. Bondi",
  "Advocate Christ Medical Center v. Kennedy": "Advocate Christ Medical Center v. Kennedy",
  "Feliciano v. Department of Transportation": "Feliciano v. Department of Transportation",
  "Barnes v. Felix": "Barnes v. Felix",
  "Kousisis v. United States": "Kousisis v. United States",
  "Seven County Infrastructure Coalition v. Eagle County": "Seven County Infrastructure Coalition v. Eagle County, Colorado"
}
```
2026-08-14 16:12:57.443 | INFO     | eval.evaluation.evaluation:evaluate_single_query:223 - col: casename, primary_key_map {'Royal Canin U.S.A., Inc. v. Wullschleger': 'Royal Canin U.S.A., Inc. v. Wullschleger', 'E.M.D. Sales, Inc. v. Carrera': 'E.M.D. Sales, Inc. v. Carrera', 'TikTok Inc. v. Garland': 'TikTok, Inc. v. Garland (Consolidated with Firebaugh v. Garland)', 'Wisconsin Bell, Inc. v. United States ex rel. Heath': 'Wisconsin Bell, Inc. v. United States, ex rel. Todd Heath', 'Republic of Hungary v. Simon': 'Republic of Hungary v. Simon (2024)', 'Williams v. Reed': 'Williams v. Reed', 'Lackey v. Stinnie': 'Lackey v. Stinnie', 'Glossip v. Oklahoma': 'Glossip v. Oklahoma', 'Waetzig v. Halliburton Energy Services, Inc.': 'Waetzig v. Halliburton Energy Services', 'Dewberry Group, Inc. v. Dewberry Engineers Inc.': 'Dewberry Group, Inc. v. Dewberry Engineers, Inc.', 'City and County of San Francisco v. EPA': 'City and County of San Francisco v. Environmental Protection Agency', 'Bufkin v. Collins': 'Bufkin v. Collins', 'Thompson v. United States': 'Thompson v. United States', 'Delligatti v. United States': 'Delligatti v. United States', 'Bondi v. VanDerStok': 'Bondi v. VanDerStok', 'United States v. Miller': 'United States v. Miller', 'FDA v. Wages and White Lion Investments, L.L.C.': 'Food and Drug Administration v. Wages and White Lion Investments, LLC', 'Medical Marijuana, Inc. v. Horn': 'Medical Marijuana, Inc. v. Horn', 'Cunningham v. Cornell University': 'Cunningham v. Cornell University', 'Monsalvo Velázquez v. Bondi': 'Velazquez v. Bondi', 'Advocate Christ Medical Center v. Kennedy': 'Advocate Christ Medical Center v. Kennedy', 'Feliciano v. Department of Transportation': 'Feliciano v. Department of Transportation', 'Barnes v. Felix': 'Barnes v. Felix', 'Kousisis v. United States': 'Kousisis v. United States', 'Seven County Infrastructure Coalition v. Eagle County': 'Seven County Infrastructure Coalition v. Eagle County, Colorado'}
2026-08-14 16:12:57.450 | INFO     | eval.evaluation.evaluation:evaluate_single_query:275 - wide2deep_ws_en_030, df_inner shape: (25, 10), answer_df shape: (25, 5), response_df shape: (26, 6)
2026-08-14 16:12:57.451 | DEBUG    | eval.evaluation.evaluation:metric_call:77 - metric_func_name exact_match score 1.0 msg exact match, response: 2025-01-15, target: 2025-01-15
2026-08-14 16:12:57.451 | DEBUG    | eval.evaluation.evaluation:metric_call:77 - metric_func_name exact_match score 1.0 msg exact match, response: 2025-01-15, target: 2025-01-15
2026-08-14 16:12:57.451 | DEBUG    | eval.evaluation.evaluation:metric_call:77 - metric_func_name exact_match score 1.0 msg exact match, response: 2025-01-17, target: 2025-01-17
2026-08-14 16:12:57.451 | DEBUG    | eval.evaluation.evaluation:metric_call:77 - metric_func_name exact_match score 1.0 msg exact match, response: 2025-02-21, target: 2025-02-21
2026-08-14 16:12:57.451 | DEBUG    | eval.evaluation.evaluation:metric_call:77 - metric_func_name exact_match score 1.0 msg exact match, response: 2025-02-21, target: 2025-02-21
2026-08-14 16:12:57.451 | DEBUG    | eval.evaluation.evaluation:metric_call:77 - metric_func_name exact_match score 1.0 msg exact match, response: 2025-02-21, target: 2025-02-21
2026-08-14 16:12:57.451 | DEBUG    | eval.evaluation.evaluation:metric_call:77 - metric_func_name exact_match score 1.0 msg exact match, response: 2025-02-25, target: 2025-02-25
2026-08-14 16:12:57.451 | DEBUG    | eval.evaluation.evaluation:metric_call:77 - metric_func_name exact_match score 1.0 msg exact match, response: 2025-02-25, target: 2025-02-25
2026-08-14 16:12:57.451 | DEBUG    | eval.evaluation.evaluation:metric_call:77 - metric_func_name exact_match score 1.0 msg exact match, response: 2025-02-26, target: 2025-02-26
2026-08-14 16:12:57.451 | DEBUG    | eval.evaluation.evaluation:metric_call:77 - metric_func_name exact_match score 1.0 msg exact match, response: 2025-02-26, target: 2025-02-26
2026-08-14 16:12:57.451 | DEBUG    | eval.evaluation.evaluation:metric_call:77 - metric_func_name exact_match score 1.0 msg exact match, response: 2025-03-04, target: 2025-03-04
2026-08-14 16:12:57.451 | DEBUG    | eval.evaluation.evaluation:metric_call:77 - metric_func_name exact_match score 1.0 msg exact match, response: 2025-03-05, target: 2025-03-05
2026-08-14 16:12:57.451 | DEBUG    | eval.evaluation.evaluation:metric_call:77 - metric_func_name exact_match score 1.0 msg exact match, response: 2025-03-21, target: 2025-03-21
2026-08-14 16:12:57.451 | DEBUG    | eval.evaluation.evaluation:metric_call:77 - metric_func_name exact_match score 1.0 msg exact match, response: 2025-03-21, target: 2025-03-21
2026-08-14 16:12:57.451 | DEBUG    | eval.evaluation.evaluation:metric_call:77 - metric_func_name exact_match score 1.0 msg exact match, response: 2025-03-26, target: 2025-03-26
2026-08-14 16:12:57.451 | DEBUG    | eval.evaluation.evaluation:metric_call:77 - metric_func_name exact_match score 1.0 msg exact match, response: 2025-03-26, target: 2025-03-26
2026-08-14 16:12:57.451 | DEBUG    | eval.evaluation.evaluation:metric_call:77 - metric_func_name exact_match score 1.0 msg exact match, response: 2025-04-02, target: 2025-04-02
2026-08-14 16:12:57.451 | DEBUG    | eval.evaluation.evaluation:metric_call:77 - metric_func_name exact_match score 1.0 msg exact match, response: 2025-04-02, target: 2025-04-02
2026-08-14 16:12:57.451 | DEBUG    | eval.evaluation.evaluation:metric_call:77 - metric_func_name exact_match score 1.0 msg exact match, response: 2025-04-17, target: 2025-04-17
2026-08-14 16:12:57.451 | DEBUG    | eval.evaluation.evaluation:metric_call:77 - metric_func_name exact_match score 1.0 msg exact match, response: 2025-04-22, target: 2025-04-22
2026-08-14 16:12:57.451 | DEBUG    | eval.evaluation.evaluation:metric_call:77 - metric_func_name exact_match score 1.0 msg exact match, response: 2025-04-29, target: 2025-04-29
2026-08-14 16:12:57.452 | DEBUG    | eval.evaluation.evaluation:metric_call:77 - metric_func_name exact_match score 1.0 msg exact match, response: 2025-04-30, target: 2025-04-30
2026-08-14 16:12:57.452 | DEBUG    | eval.evaluation.evaluation:metric_call:77 - metric_func_name exact_match score 1.0 msg exact match, response: 2025-05-15, target: 2025-05-15
2026-08-14 16:12:57.452 | DEBUG    | eval.evaluation.evaluation:metric_call:77 - metric_func_name exact_match score 1.0 msg exact match, response: 2025-05-22, target: 2025-05-22
2026-08-14 16:12:57.452 | DEBUG    | eval.evaluation.evaluation:metric_call:77 - metric_func_name exact_match score 1.0 msg exact match, response: 2025-05-29, target: 2025-05-29
2026-08-14 16:12:57.452 | DEBUG    | eval.evaluation.evaluation:evaluate_single_query:321 - wide2deep_ws_en_030, col casedate, metric_func_name exact_match, score [1.0, 1.0, 1.0, 1.0, 1.0, 1.0, 1.0, 1.0, 1.0, 1.0, 1.0, 1.0, 1.0, 1.0, 1.0, 1.0, 1.0, 1.0, 1.0, 1.0, 1.0, 1.0, 1.0, 1.0, 1.0]
2026-08-14 16:13:03.728 | DEBUG    | eval.evaluation.evaluation:evaluate_single_query:321 - wide2deep_ws_en_030, col docketnumber, metric_func_name llm_judge, score [1, 1, 1, 1, 1, 1, 1, 1, 1, 1, 1, 1, 1, 1, 1, 1, 1, 1, 1, 1, 1, 1, 1, 1, 1]
2026-08-14 16:13:14.551 | DEBUG    | eval.evaluation.evaluation:evaluate_single_query:321 - wide2deep_ws_en_030, col opinionauthor, metric_func_name llm_judge, score [1, 1, 1, 1, 1, 1, 1, 1, 1, 1, 1, 1, 0, 1, 1, 1, 1, 1, 1, 1, 1, 0, 1, 1, 1]
2026-08-14 16:13:27.516 | DEBUG    | eval.evaluation.evaluation:evaluate_single_query:321 - wide2deep_ws_en_030, col judgmentoutcome, metric_func_name llm_judge, score [0, 0, 1, 1, 1, 0, 1, 1, 1, 0, 0, 1, 1, 0, 0, 0, 0, 1, 0, 1, 1, 0, 1, 1, 1]
2026-08-14 16:13:27.521 | INFO     | eval.evaluation.evaluation:evaluate_single_query:380 - wide2deep_ws_en_030, P/R/F1 by unique_columns: 0.9615/1.0000/0.9804
2026-08-14 16:13:27.521 | INFO     | eval.evaluation.evaluation:evaluate_single_query:383 - wide2deep_ws_en_030, P/R/F1 by row: 0.5000/0.5200/0.5098
2026-08-14 16:13:27.521 | INFO     | eval.evaluation.evaluation:evaluate_single_query:386 - wide2deep_ws_en_030, P/R/F1 by item: 0.8615/0.8960/0.8784
2026-08-14 16:13:27.523 | INFO     | eval.evaluation.evaluation:evaluate_single_query:398 - wide2deep_ws_en_030, final table score: 0.0
{"event": "eval_done", "idx": 6, "instance_id": "wide2deep_ws_en_030", "score": 0.0, "entity_acc": 1.0, "f1_by_row": 0.5098039215686274, "f1_by_item": 0.8784313725490197, "column_f1": 0.9803921568627451, "error": null, "elapsed_seconds": 52.412, "running_n": 6}
2026-08-14 16:13:30.894 | DEBUG    | eval.evaluation.data_loader:extract_dataframe:167 - find markdown_str 
| States | Statistical Month | Unadjusted Unemployment Rate(%)  ...
2026-08-14 16:13:34.230 | INFO     | eval.evaluation.metric_utils:primary_key_preprocess:246 - primary_key_preprocess result: ```json
{
  "Alabama": "Alabama",
  "Georgia": "Georgia",
  "Louisiana": "Louisiana",
  "Mississippi": "Mississippi"
}
```
2026-08-14 16:13:34.230 | INFO     | eval.evaluation.evaluation:evaluate_single_query:223 - col: states, primary_key_map {'Alabama': 'Alabama', 'Georgia': 'Georgia', 'Louisiana': 'Louisiana', 'Mississippi': 'Mississippi'}
2026-08-14 16:13:37.892 | INFO     | eval.evaluation.metric_utils:primary_key_preprocess:246 - primary_key_preprocess result: ```json
{
  "2024-01": "2024-01",
  "2024-02": "2024-02",
  "2024-03": "2024-03",
  "2024-04": "2024-04",
  "2024-05": "2024-05",
  "2024-06": "2024-06"
}
```
2026-08-14 16:13:37.893 | INFO     | eval.evaluation.evaluation:evaluate_single_query:223 - col: statisticalmonth, primary_key_map {'2024-01': '2024-01', '2024-02': '2024-02', '2024-03': '2024-03', '2024-04': '2024-04', '2024-05': '2024-05', '2024-06': '2024-06'}
2026-08-14 16:13:37.900 | INFO     | eval.evaluation.evaluation:evaluate_single_query:275 - wide2deep_ws_en_035, df_inner shape: (24, 16), answer_df shape: (24, 8), response_df shape: (24, 10)
2026-08-14 16:13:37.901 | DEBUG    | eval.evaluation.evaluation:metric_call:77 - metric_func_name number_near score 0.0 msg number not convertable, response: None, target: 3.2
2026-08-14 16:13:37.902 | DEBUG    | eval.evaluation.evaluation:metric_call:77 - metric_func_name number_near score 0.0 msg number not convertable, response: None, target: 3.2
2026-08-14 16:13:37.902 | DEBUG    | eval.evaluation.evaluation:metric_call:77 - metric_func_name number_near score 0.0 msg number not convertable, response: None, target: 2.8
2026-08-14 16:13:37.902 | DEBUG    | eval.evaluation.evaluation:metric_call:77 - metric_func_name number_near score 0.0 msg number not convertable, response: None, target: 2.4
2026-08-14 16:13:37.902 | DEBUG    | eval.evaluation.evaluation:metric_call:77 - metric_func_name number_near score 0.0 msg number not convertable, response: None, target: 2.4
2026-08-14 16:13:37.902 | DEBUG    | eval.evaluation.evaluation:metric_call:77 - metric_func_name number_near score 0.0 msg number not convertable, response: None, target: 3.3
2026-08-14 16:13:37.902 | DEBUG    | eval.evaluation.evaluation:metric_call:77 - metric_func_name number_near score 0.0 msg number not convertable, response: None, target: 3.4
2026-08-14 16:13:37.902 | DEBUG    | eval.evaluation.evaluation:metric_call:77 - metric_func_name number_near score 0.0 msg number not convertable, response: None, target: 3.4
2026-08-14 16:13:37.902 | DEBUG    | eval.evaluation.evaluation:metric_call:77 - metric_func_name number_near score 0.0 msg number not convertable, response: None, target: 3.4
2026-08-14 16:13:37.902 | DEBUG    | eval.evaluation.evaluation:metric_call:77 - metric_func_name number_near score 0.0 msg number not convertable, response: None, target: 3.0
2026-08-14 16:13:37.902 | DEBUG    | eval.evaluation.evaluation:metric_call:77 - metric_func_name number_near score 0.0 msg number not convertable, response: None, target: 3.5
2026-08-14 16:13:37.902 | DEBUG    | eval.evaluation.evaluation:metric_call:77 - metric_func_name number_near score 0.0 msg number not convertable, response: None, target: 3.9
2026-08-14 16:13:37.902 | DEBUG    | eval.evaluation.evaluation:metric_call:77 - metric_func_name number_near score 0.0 msg number not convertable, response: None, target: 4.4
2026-08-14 16:13:37.902 | DEBUG    | eval.evaluation.evaluation:metric_call:77 - metric_func_name number_near score 0.0 msg number not convertable, response: None, target: 4.2
2026-08-14 16:13:37.902 | DEBUG    | eval.evaluation.evaluation:metric_call:77 - metric_func_name number_near score 0.0 msg number not convertable, response: None, target: 4.0
2026-08-14 16:13:37.902 | DEBUG    | eval.evaluation.evaluation:metric_call:77 - metric_func_name number_near score 0.0 msg number not convertable, response: None, target: 3.6
2026-08-14 16:13:37.902 | DEBUG    | eval.evaluation.evaluation:metric_call:77 - metric_func_name number_near score 0.0 msg number not convertable, response: None, target: 3.8
2026-08-14 16:13:37.902 | DEBUG    | eval.evaluation.evaluation:metric_call:77 - metric_func_name number_near score 0.0 msg number not convertable, response: None, target: 4.9
2026-08-14 16:13:37.902 | DEBUG    | eval.evaluation.evaluation:metric_call:77 - metric_func_name number_near score 0.0 msg number not convertable, response: None, target: 3.1
2026-08-14 16:13:37.902 | DEBUG    | eval.evaluation.evaluation:metric_call:77 - metric_func_name number_near score 0.0 msg number not convertable, response: None, target: 2.7
2026-08-14 16:13:37.902 | DEBUG    | eval.evaluation.evaluation:metric_call:77 - metric_func_name number_near score 0.0 msg number not convertable, response: None, target: 2.5
2026-08-14 16:13:37.902 | DEBUG    | eval.evaluation.evaluation:metric_call:77 - metric_func_name number_near score 0.0 msg number not convertable, response: None, target: 2.0
2026-08-14 16:13:37.902 | DEBUG    | eval.evaluation.evaluation:metric_call:77 - metric_func_name number_near score 0.0 msg number not convertable, response: None, target: 2.9
2026-08-14 16:13:37.902 | DEBUG    | eval.evaluation.evaluation:metric_call:77 - metric_func_name number_near score 0.0 msg number not convertable, response: None, target: 3.9
2026-08-14 16:13:37.903 | DEBUG    | eval.evaluation.evaluation:evaluate_single_query:321 - wide2deep_ws_en_035, col unadjustedunemploymentrate(%), metric_func_name number_near, score [0.0, 0.0, 0.0, 0.0, 0.0, 0.0, 0.0, 0.0, 0.0, 0.0, 0.0, 0.0, 0.0, 0.0, 0.0, 0.0, 0.0, 0.0, 0.0, 0.0, 0.0, 0.0, 0.0, 0.0]
2026-08-14 16:13:37.903 | DEBUG    | eval.evaluation.evaluation:metric_call:77 - metric_func_name number_near score 0.0 msg number not convertable, response: None, target: 57.0
2026-08-14 16:13:37.903 | DEBUG    | eval.evaluation.evaluation:metric_call:77 - metric_func_name number_near score 0.0 msg number not convertable, response: None, target: 57.2
2026-08-14 16:13:37.903 | DEBUG    | eval.evaluation.evaluation:metric_call:77 - metric_func_name number_near score 0.0 msg number not convertable, response: None, target: 57.4
2026-08-14 16:13:37.904 | DEBUG    | eval.evaluation.evaluation:metric_call:77 - metric_func_name number_near score 0.0 msg number not convertable, response: None, target: 57.4
2026-08-14 16:13:37.904 | DEBUG    | eval.evaluation.evaluation:metric_call:77 - metric_func_name number_near score 0.0 msg number not convertable, response: None, target: 57.2
2026-08-14 16:13:37.904 | DEBUG    | eval.evaluation.evaluation:metric_call:77 - metric_func_name number_near score 0.0 msg number not convertable, response: None, target: 57.6
2026-08-14 16:13:37.904 | DEBUG    | eval.evaluation.evaluation:metric_call:77 - metric_func_name number_near score 0.0 msg number not convertable, response: None, target: 61.7
2026-08-14 16:13:37.904 | DEBUG    | eval.evaluation.evaluation:metric_call:77 - metric_func_name number_near score 0.0 msg number not convertable, response: None, target: 61.9
2026-08-14 16:13:37.904 | DEBUG    | eval.evaluation.evaluation:metric_call:77 - metric_func_name number_near score 0.0 msg number not convertable, response: None, target: 62.1
2026-08-14 16:13:37.904 | DEBUG    | eval.evaluation.evaluation:metric_call:77 - metric_func_name number_near score 0.0 msg number not convertable, response: None, target: 61.7
2026-08-14 16:13:37.904 | DEBUG    | eval.evaluation.evaluation:metric_call:77 - metric_func_name number_near score 0.0 msg number not convertable, response: None, target: 61.7
2026-08-14 16:13:37.904 | DEBUG    | eval.evaluation.evaluation:metric_call:77 - metric_func_name number_near score 0.0 msg number not convertable, response: None, target: 61.9
2026-08-14 16:13:37.904 | DEBUG    | eval.evaluation.evaluation:metric_call:77 - metric_func_name number_near score 0.0 msg number not convertable, response: None, target: 57.8
2026-08-14 16:13:37.904 | DEBUG    | eval.evaluation.evaluation:metric_call:77 - metric_func_name number_near score 0.0 msg number not convertable, response: None, target: 58.0
2026-08-14 16:13:37.904 | DEBUG    | eval.evaluation.evaluation:metric_call:77 - metric_func_name number_near score 0.0 msg number not convertable, response: None, target: 58.5
2026-08-14 16:13:37.904 | DEBUG    | eval.evaluation.evaluation:metric_call:77 - metric_func_name number_near score 0.0 msg number not convertable, response: None, target: 58.4
2026-08-14 16:13:37.904 | DEBUG    | eval.evaluation.evaluation:metric_call:77 - metric_func_name number_near score 0.0 msg number not convertable, response: None, target: 58.0
2026-08-14 16:13:37.904 | DEBUG    | eval.evaluation.evaluation:metric_call:77 - metric_func_name number_near score 0.0 msg number not convertable, response: None, target: 58.7
2026-08-14 16:13:37.904 | DEBUG    | eval.evaluation.evaluation:metric_call:77 - metric_func_name number_near score 0.0 msg number not convertable, response: None, target: 54.1
2026-08-14 16:13:37.904 | DEBUG    | eval.evaluation.evaluation:metric_call:77 - metric_func_name number_near score 0.0 msg number not convertable, response: None, target: 54.4
2026-08-14 16:13:37.904 | DEBUG    | eval.evaluation.evaluation:metric_call:77 - metric_func_name number_near score 0.0 msg number not convertable, response: None, target: 54.7
2026-08-14 16:13:37.904 | DEBUG    | eval.evaluation.evaluation:metric_call:77 - metric_func_name number_near score 0.0 msg number not convertable, response: None, target: 54.8
2026-08-14 16:13:37.904 | DEBUG    | eval.evaluation.evaluation:metric_call:77 - metric_func_name number_near score 0.0 msg number not convertable, response: None, target: 55.1
2026-08-14 16:13:37.904 | DEBUG    | eval.evaluation.evaluation:metric_call:77 - metric_func_name number_near score 0.0 msg number not convertable, response: None, target: 55.7
2026-08-14 16:13:37.905 | DEBUG    | eval.evaluation.evaluation:evaluate_single_query:321 - wide2deep_ws_en_035, col laborforceparticipationrate(%), metric_func_name number_near, score [0.0, 0.0, 0.0, 0.0, 0.0, 0.0, 0.0, 0.0, 0.0, 0.0, 0.0, 0.0, 0.0, 0.0, 0.0, 0.0, 0.0, 0.0, 0.0, 0.0, 0.0, 0.0, 0.0, 0.0]
2026-08-14 16:13:37.905 | DEBUG    | eval.evaluation.evaluation:metric_call:77 - metric_func_name number_near score 0.0 msg number not convertable, response: None, target: 2155.8
2026-08-14 16:13:37.905 | DEBUG    | eval.evaluation.evaluation:metric_call:77 - metric_func_name number_near score 0.0 msg number not convertable, response: None, target: 2175.9
2026-08-14 16:13:37.905 | DEBUG    | eval.evaluation.evaluation:metric_call:77 - metric_func_name number_near score 0.0 msg number not convertable, response: None, target: 2180.7
2026-08-14 16:13:37.905 | DEBUG    | eval.evaluation.evaluation:metric_call:77 - metric_func_name number_near score 0.0 msg number not convertable, response: None, target: 2188.1
2026-08-14 16:13:37.905 | DEBUG    | eval.evaluation.evaluation:metric_call:77 - metric_func_name number_near score 0.0 msg number not convertable, response: None, target: 2194.5
2026-08-14 16:13:37.905 | DEBUG    | eval.evaluation.evaluation:metric_call:77 - metric_func_name number_near score 0.0 msg number not convertable, response: None, target: 2197.3
2026-08-14 16:13:37.905 | DEBUG    | eval.evaluation.evaluation:metric_call:77 - metric_func_name number_near score 0.0 msg number not convertable, response: None, target: 4897.6
2026-08-14 16:13:37.905 | DEBUG    | eval.evaluation.evaluation:metric_call:77 - metric_func_name number_near score 0.0 msg number not convertable, response: None, target: 4922.6
2026-08-14 16:13:37.905 | DEBUG    | eval.evaluation.evaluation:metric_call:77 - metric_func_name number_near score 0.0 msg number not convertable, response: None, target: 4947.4
2026-08-14 16:13:37.906 | DEBUG    | eval.evaluation.evaluation:metric_call:77 - metric_func_name number_near score 0.0 msg number not convertable, response: None, target: 4960.5
2026-08-14 16:13:37.906 | DEBUG    | eval.evaluation.evaluation:metric_call:77 - metric_func_name number_near score 0.0 msg number not convertable, response: None, target: 4981.1
2026-08-14 16:13:37.906 | DEBUG    | eval.evaluation.evaluation:metric_call:77 - metric_func_name number_near score 0.0 msg number not convertable, response: None, target: 4970.5
2026-08-14 16:13:37.906 | DEBUG    | eval.evaluation.evaluation:metric_call:77 - metric_func_name number_near score 0.0 msg number not convertable, response: None, target: 1962.1
2026-08-14 16:13:37.906 | DEBUG    | eval.evaluation.evaluation:metric_call:77 - metric_func_name number_near score 0.0 msg number not convertable, response: None, target: 1971.5
2026-08-14 16:13:37.906 | DEBUG    | eval.evaluation.evaluation:metric_call:77 - metric_func_name number_near score 0.0 msg number not convertable, response: None, target: 1978.2
2026-08-14 16:13:37.906 | DEBUG    | eval.evaluation.evaluation:metric_call:77 - metric_func_name number_near score 0.0 msg number not convertable, response: None, target: 1984.1
2026-08-14 16:13:37.906 | DEBUG    | eval.evaluation.evaluation:metric_call:77 - metric_func_name number_near score 0.0 msg number not convertable, response: None, target: 1989.6
2026-08-14 16:13:37.906 | DEBUG    | eval.evaluation.evaluation:metric_call:77 - metric_func_name number_near score 0.0 msg number not convertable, response: None, target: 1969.8
2026-08-14 16:13:37.906 | DEBUG    | eval.evaluation.evaluation:metric_call:77 - metric_func_name number_near score 0.0 msg number not convertable, response: None, target: 1171.1
2026-08-14 16:13:37.906 | DEBUG    | eval.evaluation.evaluation:metric_call:77 - metric_func_name number_near score 0.0 msg number not convertable, response: None, target: 1181.2
2026-08-14 16:13:37.906 | DEBUG    | eval.evaluation.evaluation:metric_call:77 - metric_func_name number_near score 0.0 msg number not convertable, response: None, target: 1185.9
2026-08-14 16:13:37.906 | DEBUG    | eval.evaluation.evaluation:metric_call:77 - metric_func_name number_near score 0.0 msg number not convertable, response: None, target: 1189.1
2026-08-14 16:13:37.906 | DEBUG    | eval.evaluation.evaluation:metric_call:77 - metric_func_name number_near score 0.0 msg number not convertable, response: None, target: 1188.6
2026-08-14 16:13:37.906 | DEBUG    | eval.evaluation.evaluation:metric_call:77 - metric_func_name number_near score 0.0 msg number not convertable, response: None, target: 1181.1
2026-08-14 16:13:37.907 | DEBUG    | eval.evaluation.evaluation:evaluate_single_query:321 - wide2deep_ws_en_035, col allemployees–totalnonfarm(inthousands), metric_func_name number_near, score [0.0, 0.0, 0.0, 0.0, 0.0, 0.0, 0.0, 0.0, 0.0, 0.0, 0.0, 0.0, 0.0, 0.0, 0.0, 0.0, 0.0, 0.0, 0.0, 0.0, 0.0, 0.0, 0.0, 0.0]
2026-08-14 16:13:37.907 | DEBUG    | eval.evaluation.evaluation:metric_call:77 - metric_func_name number_near score 0.0 msg number not convertable, response: None, target: 281.0
2026-08-14 16:13:37.907 | DEBUG    | eval.evaluation.evaluation:metric_call:77 - metric_func_name number_near score 0.0 msg number not convertable, response: None, target: 283.4
2026-08-14 16:13:37.907 | DEBUG    | eval.evaluation.evaluation:metric_call:77 - metric_func_name number_near score 0.0 msg number not convertable, response: None, target: 283.6
2026-08-14 16:13:37.907 | DEBUG    | eval.evaluation.evaluation:metric_call:77 - metric_func_name number_near score 0.0 msg number not convertable, response: None, target: 283.4
2026-08-14 16:13:37.907 | DEBUG    | eval.evaluation.evaluation:metric_call:77 - metric_func_name number_near score 0.0 msg number not convertable, response: None, target: 283.2
2026-08-14 16:13:37.907 | DEBUG    | eval.evaluation.evaluation:metric_call:77 - metric_func_name number_near score 0.0 msg number not convertable, response: None, target: 285.8
2026-08-14 16:13:37.907 | DEBUG    | eval.evaluation.evaluation:metric_call:77 - metric_func_name number_near score 0.0 msg number not convertable, response: None, target: 426.3
2026-08-14 16:13:37.907 | DEBUG    | eval.evaluation.evaluation:metric_call:77 - metric_func_name number_near score 0.0 msg number not convertable, response: None, target: 428.8
2026-08-14 16:13:37.907 | DEBUG    | eval.evaluation.evaluation:metric_call:77 - metric_func_name number_near score 0.0 msg number not convertable, response: None, target: 430.2
2026-08-14 16:13:37.907 | DEBUG    | eval.evaluation.evaluation:metric_call:77 - metric_func_name number_near score 0.0 msg number not convertable, response: None, target: 429.9
2026-08-14 16:13:37.907 | DEBUG    | eval.evaluation.evaluation:metric_call:77 - metric_func_name number_near score 0.0 msg number not convertable, response: None, target: 430.2
2026-08-14 16:13:37.907 | DEBUG    | eval.evaluation.evaluation:metric_call:77 - metric_func_name number_near score 0.0 msg number not convertable, response: None, target: 431.5
2026-08-14 16:13:37.907 | DEBUG    | eval.evaluation.evaluation:metric_call:77 - metric_func_name number_near score 0.0 msg number not convertable, response: None, target: 140.6
2026-08-14 16:13:37.907 | DEBUG    | eval.evaluation.evaluation:metric_call:77 - metric_func_name number_near score 0.0 msg number not convertable, response: None, target: 140.3
2026-08-14 16:13:37.908 | DEBUG    | eval.evaluation.evaluation:metric_call:77 - metric_func_name number_near score 0.0 msg number not convertable, response: None, target: 140.5
2026-08-14 16:13:37.908 | DEBUG    | eval.evaluation.evaluation:metric_call:77 - metric_func_name number_near score 0.0 msg number not convertable, response: None, target: 140.6
2026-08-14 16:13:37.908 | DEBUG    | eval.evaluation.evaluation:metric_call:77 - metric_func_name number_near score 0.0 msg number not convertable, response: None, target: 140.7
2026-08-14 16:13:37.908 | DEBUG    | eval.evaluation.evaluation:metric_call:77 - metric_func_name number_near score 0.0 msg number not convertable, response: None, target: 141.3
2026-08-14 16:13:37.908 | DEBUG    | eval.evaluation.evaluation:metric_call:77 - metric_func_name number_near score 0.0 msg number not convertable, response: None, target: 141.8
2026-08-14 16:13:37.908 | DEBUG    | eval.evaluation.evaluation:metric_call:77 - metric_func_name number_near score 0.0 msg number not convertable, response: None, target: 142.4
2026-08-14 16:13:37.908 | DEBUG    | eval.evaluation.evaluation:metric_call:77 - metric_func_name number_near score 0.0 msg number not convertable, response: None, target: 142.4
2026-08-14 16:13:37.908 | DEBUG    | eval.evaluation.evaluation:metric_call:77 - metric_func_name number_near score 0.0 msg number not convertable, response: None, target: 142.0
2026-08-14 16:13:37.908 | DEBUG    | eval.evaluation.evaluation:metric_call:77 - metric_func_name number_near score 0.0 msg number not convertable, response: None, target: 142.2
2026-08-14 16:13:37.908 | DEBUG    | eval.evaluation.evaluation:metric_call:77 - metric_func_name number_near score 0.0 msg number not convertable, response: None, target: 142.6
2026-08-14 16:13:37.909 | DEBUG    | eval.evaluation.evaluation:evaluate_single_query:321 - wide2deep_ws_en_035, col allemployees–manufacturing(inthousands), metric_func_name number_near, score [0.0, 0.0, 0.0, 0.0, 0.0, 0.0, 0.0, 0.0, 0.0, 0.0, 0.0, 0.0, 0.0, 0.0, 0.0, 0.0, 0.0, 0.0, 0.0, 0.0, 0.0, 0.0, 0.0, 0.0]
2026-08-14 16:13:37.909 | DEBUG    | eval.evaluation.evaluation:metric_call:77 - metric_func_name number_near score 0.0 msg number not convertable, response: None, target: 30.03
2026-08-14 16:13:37.909 | DEBUG    | eval.evaluation.evaluation:metric_call:77 - metric_func_name number_near score 0.0 msg number not convertable, response: None, target: 29.89
2026-08-14 16:13:37.909 | DEBUG    | eval.evaluation.evaluation:metric_call:77 - metric_func_name number_near score 0.0 msg number not convertable, response: None, target: 29.76
2026-08-14 16:13:37.909 | DEBUG    | eval.evaluation.evaluation:metric_call:77 - metric_func_name number_near score 0.0 msg number not convertable, response: None, target: 29.89
2026-08-14 16:13:37.909 | DEBUG    | eval.evaluation.evaluation:metric_call:77 - metric_func_name number_near score 0.0 msg number not convertable, response: None, target: 29.98
2026-08-14 16:13:37.909 | DEBUG    | eval.evaluation.evaluation:metric_call:77 - metric_func_name number_near score 0.0 msg number not convertable, response: None, target: 29.93
2026-08-14 16:13:37.909 | DEBUG    | eval.evaluation.evaluation:metric_call:77 - metric_func_name number_near score 0.0 msg number not convertable, response: None, target: 31.06
2026-08-14 16:13:37.909 | DEBUG    | eval.evaluation.evaluation:metric_call:77 - metric_func_name number_near score 0.0 msg number not convertable, response: None, target: 31.0
2026-08-14 16:13:37.909 | DEBUG    | eval.evaluation.evaluation:metric_call:77 - metric_func_name number_near score 0.0 msg number not convertable, response: None, target: 31.0
2026-08-14 16:13:37.909 | DEBUG    | eval.evaluation.evaluation:metric_call:77 - metric_func_name number_near score 0.0 msg number not convertable, response: None, target: 31.46
2026-08-14 16:13:37.909 | DEBUG    | eval.evaluation.evaluation:metric_call:77 - metric_func_name number_near score 0.0 msg number not convertable, response: None, target: 31.43
2026-08-14 16:13:37.909 | DEBUG    | eval.evaluation.evaluation:metric_call:77 - metric_func_name number_near score 0.0 msg number not convertable, response: None, target: 31.95
2026-08-14 16:13:37.909 | DEBUG    | eval.evaluation.evaluation:metric_call:77 - metric_func_name number_near score 0.0 msg number not convertable, response: None, target: 28.07
2026-08-14 16:13:37.909 | DEBUG    | eval.evaluation.evaluation:metric_call:77 - metric_func_name number_near score 0.0 msg number not convertable, response: None, target: 28.09
2026-08-14 16:13:37.909 | DEBUG    | eval.evaluation.evaluation:metric_call:77 - metric_func_name number_near score 0.0 msg number not convertable, response: None, target: 28.17
2026-08-14 16:13:37.909 | DEBUG    | eval.evaluation.evaluation:metric_call:77 - metric_func_name number_near score 0.0 msg number not convertable, response: None, target: 28.75
2026-08-14 16:13:37.909 | DEBUG    | eval.evaluation.evaluation:metric_call:77 - metric_func_name number_near score 0.0 msg number not convertable, response: None, target: 28.64
2026-08-14 16:13:37.909 | DEBUG    | eval.evaluation.evaluation:metric_call:77 - metric_func_name number_near score 0.0 msg number not convertable, response: None, target: 28.74
2026-08-14 16:13:37.909 | DEBUG    | eval.evaluation.evaluation:metric_call:77 - metric_func_name number_near score 0.0 msg number not convertable, response: None, target: 25.96
2026-08-14 16:13:37.910 | DEBUG    | eval.evaluation.evaluation:metric_call:77 - metric_func_name number_near score 0.0 msg number not convertable, response: None, target: 25.92
2026-08-14 16:13:37.910 | DEBUG    | eval.evaluation.evaluation:metric_call:77 - metric_func_name number_near score 0.0 msg number not convertable, response: None, target: 25.98
2026-08-14 16:13:37.910 | DEBUG    | eval.evaluation.evaluation:metric_call:77 - metric_func_name number_near score 0.0 msg number not convertable, response: None, target: 26.38
2026-08-14 16:13:37.910 | DEBUG    | eval.evaluation.evaluation:metric_call:77 - metric_func_name number_near score 0.0 msg number not convertable, response: None, target: 26.19
2026-08-14 16:13:37.910 | DEBUG    | eval.evaluation.evaluation:metric_call:77 - metric_func_name number_near score 0.0 msg number not convertable, response: None, target: 26.5
2026-08-14 16:13:37.910 | DEBUG    | eval.evaluation.evaluation:evaluate_single_query:321 - wide2deep_ws_en_035, col averagehourlyearningsofallemployees(totalprivate), metric_func_name number_near, score [0.0, 0.0, 0.0, 0.0, 0.0, 0.0, 0.0, 0.0, 0.0, 0.0, 0.0, 0.0, 0.0, 0.0, 0.0, 0.0, 0.0, 0.0, 0.0, 0.0, 0.0, 0.0, 0.0, 0.0]
2026-08-14 16:13:37.910 | DEBUG    | eval.evaluation.evaluation:metric_call:77 - metric_func_name number_near score 0.0 msg number not convertable, response: None, target: 29.25
2026-08-14 16:13:37.911 | DEBUG    | eval.evaluation.evaluation:metric_call:77 - metric_func_name number_near score 0.0 msg number not convertable, response: None, target: 29.3
2026-08-14 16:13:37.911 | DEBUG    | eval.evaluation.evaluation:metric_call:77 - metric_func_name number_near score 0.0 msg number not convertable, response: None, target: 29.26
2026-08-14 16:13:37.911 | DEBUG    | eval.evaluation.evaluation:metric_call:77 - metric_func_name number_near score 0.0 msg number not convertable, response: None, target: 29.65
2026-08-14 16:13:37.911 | DEBUG    | eval.evaluation.evaluation:metric_call:77 - metric_func_name number_near score 0.0 msg number not convertable, response: None, target: 29.94
2026-08-14 16:13:37.911 | DEBUG    | eval.evaluation.evaluation:metric_call:77 - metric_func_name number_near score 0.0 msg number not convertable, response: None, target: 30.22
2026-08-14 16:13:37.911 | DEBUG    | eval.evaluation.evaluation:metric_call:77 - metric_func_name number_near score 0.0 msg number not convertable, response: None, target: 31.19
2026-08-14 16:13:37.911 | DEBUG    | eval.evaluation.evaluation:metric_call:77 - metric_func_name number_near score 0.0 msg number not convertable, response: None, target: 30.88
2026-08-14 16:13:37.911 | DEBUG    | eval.evaluation.evaluation:metric_call:77 - metric_func_name number_near score 0.0 msg number not convertable, response: None, target: 31.23
2026-08-14 16:13:37.911 | DEBUG    | eval.evaluation.evaluation:metric_call:77 - metric_func_name number_near score 0.0 msg number not convertable, response: None, target: 31.36
2026-08-14 16:13:37.911 | DEBUG    | eval.evaluation.evaluation:metric_call:77 - metric_func_name number_near score 0.0 msg number not convertable, response: None, target: 31.48
2026-08-14 16:13:37.911 | DEBUG    | eval.evaluation.evaluation:metric_call:77 - metric_func_name number_near score 0.0 msg number not convertable, response: None, target: 31.87
2026-08-14 16:13:37.911 | DEBUG    | eval.evaluation.evaluation:metric_call:77 - metric_func_name number_near score 0.0 msg number not convertable, response: None, target: 33.92
2026-08-14 16:13:37.911 | DEBUG    | eval.evaluation.evaluation:metric_call:77 - metric_func_name number_near score 0.0 msg number not convertable, response: None, target: 34.12
2026-08-14 16:13:37.911 | DEBUG    | eval.evaluation.evaluation:metric_call:77 - metric_func_name number_near score 0.0 msg number not convertable, response: None, target: 33.34
2026-08-14 16:13:37.911 | DEBUG    | eval.evaluation.evaluation:metric_call:77 - metric_func_name number_near score 0.0 msg number not convertable, response: None, target: 34.1
2026-08-14 16:13:37.911 | DEBUG    | eval.evaluation.evaluation:metric_call:77 - metric_func_name number_near score 0.0 msg number not convertable, response: None, target: 33.91
2026-08-14 16:13:37.911 | DEBUG    | eval.evaluation.evaluation:metric_call:77 - metric_func_name number_near score 0.0 msg number not convertable, response: None, target: 33.99
2026-08-14 16:13:37.911 | DEBUG    | eval.evaluation.evaluation:metric_call:77 - metric_func_name number_near score 0.0 msg number not convertable, response: None, target: 24.26
2026-08-14 16:13:37.911 | DEBUG    | eval.evaluation.evaluation:metric_call:77 - metric_func_name number_near score 0.0 msg number not convertable, response: None, target: 24.53
2026-08-14 16:13:37.911 | DEBUG    | eval.evaluation.evaluation:metric_call:77 - metric_func_name number_near score 0.0 msg number not convertable, response: None, target: 24.49
2026-08-14 16:13:37.911 | DEBUG    | eval.evaluation.evaluation:metric_call:77 - metric_func_name number_near score 0.0 msg number not convertable, response: None, target: 24.94
2026-08-14 16:13:37.911 | DEBUG    | eval.evaluation.evaluation:metric_call:77 - metric_func_name number_near score 0.0 msg number not convertable, response: None, target: 24.9
2026-08-14 16:13:37.911 | DEBUG    | eval.evaluation.evaluation:metric_call:77 - metric_func_name number_near score 0.0 msg number not convertable, response: None, target: 25.3
2026-08-14 16:13:37.912 | DEBUG    | eval.evaluation.evaluation:evaluate_single_query:321 - wide2deep_ws_en_035, col averagehourlyearningsofallemployees(manufacturing), metric_func_name number_near, score [0.0, 0.0, 0.0, 0.0, 0.0, 0.0, 0.0, 0.0, 0.0, 0.0, 0.0, 0.0, 0.0, 0.0, 0.0, 0.0, 0.0, 0.0, 0.0, 0.0, 0.0, 0.0, 0.0, 0.0]
2026-08-14 16:13:37.916 | INFO     | eval.evaluation.evaluation:evaluate_single_query:380 - wide2deep_ws_en_035, P/R/F1 by unique_columns: 1.0000/1.0000/1.0000
2026-08-14 16:13:37.917 | INFO     | eval.evaluation.evaluation:evaluate_single_query:383 - wide2deep_ws_en_035, P/R/F1 by row: 0.0000/0.0000/0.0000
2026-08-14 16:13:37.917 | INFO     | eval.evaluation.evaluation:evaluate_single_query:386 - wide2deep_ws_en_035, P/R/F1 by item: 0.2500/0.2500/0.2500
2026-08-14 16:13:37.922 | INFO     | eval.evaluation.evaluation:evaluate_single_query:398 - wide2deep_ws_en_035, final table score: 0.0
{"event": "eval_done", "idx": 7, "instance_id": "wide2deep_ws_en_035", "score": 0.0, "entity_acc": 1.0, "f1_by_row": 0.0, "f1_by_item": 0.25, "column_f1": 1.0, "error": null, "elapsed_seconds": 10.374, "running_n": 7}
SUMMARY {"n": 7, "valid_n": 6, "errors": 1, "complete": false, "judge_calls_current_process": 26, "score": 0.0, "entity_acc": 1.0, "precision_by_row": 0.598208248816768, "recall_by_row": 0.5070885854341737, "f1_by_row": 0.5431600235722703, "precision_by_item": 0.7907894280612333, "recall_by_item": 0.6936902427637722, "f1_by_item": 0.7324666171113253, "column_precision": 0.959106984969054, "column_recall": 0.8605654761904762, "column_f1": 0.8999936381656487}
