INFO: Pandarallel will run on 8 workers.
INFO: Pandarallel will use Memory file system to transfer data between the main process and workers.
{"event": "eval_start", "selected": 7, "resume_committed": 0, "committed_errors": 0, "crash_only_resume": false}
2026-08-08 22:01:44.099 | DEBUG    | eval.evaluation.data_loader:extract_dataframe:167 - find markdown_str 
| Time | Product Series | Processor Model | Core Architecture | ...
2026-08-08 22:01:56.527 | INFO     | eval.evaluation.metric_utils:primary_key_preprocess:246 - primary_key_preprocess result: ```json
{
  "Ryzen 7 1800X": "AMD Ryzen 7 1800X",
  "Ryzen 7 1700X": "AMD Ryzen 7 1700X",
  "Ryzen 7 1700": "AMD Ryzen 7 1700",
  "Ryzen 5 1600X": "AMD Ryzen 5 1600X",
  "Ryzen 5 1600": "AMD Ryzen 5 1600",
  "Ryzen 5 1500X": "AMD Ryzen 5 1500X",
  "Ryzen 5 1400": "AMD Ryzen 5 1400",
  "Ryzen 3 1300X": "AMD Ryzen 3 1300X",
  "Ryzen 3 1200": "AMD Ryzen 3 1200",
  "Ryzen Threadripper 1950X": "AMD Ryzen Threadripper 1950X",
  "Ryzen Threadripper 1920X": "AMD Ryzen Threadripper 1920X",
  "Ryzen Threadripper 1900X": "AMD Ryzen Threadripper 1900X",
  "Ryzen 7 2700X": "AMD Ryzen 7 2700X",
  "Ryzen 7 2700": "AMD Ryzen 7 2700",
  "Ryzen 5 2600X": "AMD Ryzen 5 2600X",
  "Ryzen 5 2600": "AMD Ryzen 5 2600",
  "Ryzen Threadripper 2990WX": "AMD Ryzen Threadripper 2990WX",
  "Ryzen Threadripper 2970WX": "AMD Ryzen Threadripper 2970WX",
  "Ryzen Threadripper 2950X": "AMD Ryzen Threadripper 2950X",
  "Ryzen Threadripper 2920X": "AMD Ryzen Threadripper 2920X",
  "Ryzen 9 3950X": "AMD Ryzen 9 3950X",
  "Ryzen 9 3900X": "AMD Ryzen 9 3900X",
  "Ryzen 7 3800X": "AMD Ryzen 7 3800X",
  "Ryzen 7 3700X": "AMD Ryzen 7 3700X",
  "Ryzen 5 3600X": "AMD Ryzen 5 3600X",
  "Ryzen 5 3600": "AMD Ryzen 5 3600",
  "Ryzen Threadripper 3970X": "AMD Ryzen Threadripper 3970X",
  "Ryzen Threadripper 3960X": "AMD Ryzen Threadripper 3960X",
  "Ryzen 9 3900XT": "AMD Ryzen 9 3900XT",
  "Ryzen 7 3800XT": "AMD Ryzen 7 3800XT",
  "Ryzen 5 3600XT": "AMD Ryzen 5 3600XT",
  "Ryzen 3 3300X": "AMD Ryzen 3 3300X",
  "Ryzen 3 3100": "AMD Ryzen 3 3100",
  "Ryzen Threadripper 3990X": "AMD Ryzen Threadripper 3990X",
  "Ryzen 9 5950X": "AMD Ryzen 9 5950X",
  "Ryzen 9 5900X": "AMD Ryzen 9 5900X",
  "Ryzen 7 5800X": "AMD Ryzen 7 5800X",
  "Ryzen 5 5600X": "AMD Ryzen 5 5600X",
  "Ryzen 7 5700G": "AMD Ryzen 7 5700G",
  "Ryzen 5 5600G": "AMD Ryzen 5 5600G",
  "Ryzen 7 5800X3D": "AMD Ryzen 7 5800X3D",
  "Ryzen 7 5700X": "AMD Ryzen 7 5700X",
  "Ryzen 5 5600": "AMD Ryzen 5 5600",
  "Ryzen 5 5500": "AMD Ryzen 5 5500",
  "Ryzen 9 7950X": "AMD Ryzen 9 7950X",
  "Ryzen 9 7900X": "AMD Ryzen 9 7900X",
  "Ryzen 7 7700X": "AMD Ryzen 7 7700X",
  "Ryzen 5 7600X": "AMD Ryzen 5 7600X",
  "Ryzen 9 7950X3D": "AMD Ryzen 9 7950X3D",
  "Ryzen 9 7900X3D": "AMD Ryzen 9 7900X3D",
  "Ryzen 7 7800X3D": "AMD Ryzen 7 7800X3D",
  "Ryzen 9 7900": "AMD Ryzen 9 7900",
  "Ryzen 7 7700": "AMD Ryzen 7 7700",
  "Ryzen 5 7600": "AMD Ryzen 5 7600",
  "Ryzen Threadripper PRO 7995WX": "AMD Ryzen Threadripper PRO 7995WX",
  "Ryzen Threadripper PRO 7985WX": "AMD Ryzen Threadripper PRO 7985WX",
  "Ryzen Threadripper 7980X": "AMD Ryzen Threadripper 7980X",
  "Ryzen Threadripper 7970X": "AMD Ryzen Threadripper 7970X",
  "Ryzen Threadripper 7960X": "AMD Ryzen Threadripper 7960X"
}
```
2026-08-08 22:01:56.528 | INFO     | eval.evaluation.evaluation:evaluate_single_query:223 - col: processormodel, primary_key_map {'Ryzen 7 1800X': 'AMD Ryzen 7 1800X', 'Ryzen 7 1700X': 'AMD Ryzen 7 1700X', 'Ryzen 7 1700': 'AMD Ryzen 7 1700', 'Ryzen 5 1600X': 'AMD Ryzen 5 1600X', 'Ryzen 5 1600': 'AMD Ryzen 5 1600', 'Ryzen 5 1500X': 'AMD Ryzen 5 1500X', 'Ryzen 5 1400': 'AMD Ryzen 5 1400', 'Ryzen 3 1300X': 'AMD Ryzen 3 1300X', 'Ryzen 3 1200': 'AMD Ryzen 3 1200', 'Ryzen Threadripper 1950X': 'AMD Ryzen Threadripper 1950X', 'Ryzen Threadripper 1920X': 'AMD Ryzen Threadripper 1920X', 'Ryzen Threadripper 1900X': 'AMD Ryzen Threadripper 1900X', 'Ryzen 7 2700X': 'AMD Ryzen 7 2700X', 'Ryzen 7 2700': 'AMD Ryzen 7 2700', 'Ryzen 5 2600X': 'AMD Ryzen 5 2600X', 'Ryzen 5 2600': 'AMD Ryzen 5 2600', 'Ryzen Threadripper 2990WX': 'AMD Ryzen Threadripper 2990WX', 'Ryzen Threadripper 2970WX': 'AMD Ryzen Threadripper 2970WX', 'Ryzen Threadripper 2950X': 'AMD Ryzen Threadripper 2950X', 'Ryzen Threadripper 2920X': 'AMD Ryzen Threadripper 2920X', 'Ryzen 9 3950X': 'AMD Ryzen 9 3950X', 'Ryzen 9 3900X': 'AMD Ryzen 9 3900X', 'Ryzen 7 3800X': 'AMD Ryzen 7 3800X', 'Ryzen 7 3700X': 'AMD Ryzen 7 3700X', 'Ryzen 5 3600X': 'AMD Ryzen 5 3600X', 'Ryzen 5 3600': 'AMD Ryzen 5 3600', 'Ryzen Threadripper 3970X': 'AMD Ryzen Threadripper 3970X', 'Ryzen Threadripper 3960X': 'AMD Ryzen Threadripper 3960X', 'Ryzen 9 3900XT': 'AMD Ryzen 9 3900XT', 'Ryzen 7 3800XT': 'AMD Ryzen 7 3800XT', 'Ryzen 5 3600XT': 'AMD Ryzen 5 3600XT', 'Ryzen 3 3300X': 'AMD Ryzen 3 3300X', 'Ryzen 3 3100': 'AMD Ryzen 3 3100', 'Ryzen Threadripper 3990X': 'AMD Ryzen Threadripper 3990X', 'Ryzen 9 5950X': 'AMD Ryzen 9 5950X', 'Ryzen 9 5900X': 'AMD Ryzen 9 5900X', 'Ryzen 7 5800X': 'AMD Ryzen 7 5800X', 'Ryzen 5 5600X': 'AMD Ryzen 5 5600X', 'Ryzen 7 5700G': 'AMD Ryzen 7 5700G', 'Ryzen 5 5600G': 'AMD Ryzen 5 5600G', 'Ryzen 7 5800X3D': 'AMD Ryzen 7 5800X3D', 'Ryzen 7 5700X': 'AMD Ryzen 7 5700X', 'Ryzen 5 5600': 'AMD Ryzen 5 5600', 'Ryzen 5 5500': 'AMD Ryzen 5 5500', 'Ryzen 9 7950X': 'AMD Ryzen 9 7950X', 'Ryzen 9 7900X': 'AMD Ryzen 9 7900X', 'Ryzen 7 7700X': 'AMD Ryzen 7 7700X', 'Ryzen 5 7600X': 'AMD Ryzen 5 7600X', 'Ryzen 9 7950X3D': 'AMD Ryzen 9 7950X3D', 'Ryzen 9 7900X3D': 'AMD Ryzen 9 7900X3D', 'Ryzen 7 7800X3D': 'AMD Ryzen 7 7800X3D', 'Ryzen 9 7900': 'AMD Ryzen 9 7900', 'Ryzen 7 7700': 'AMD Ryzen 7 7700', 'Ryzen 5 7600': 'AMD Ryzen 5 7600', 'Ryzen Threadripper PRO 7995WX': 'AMD Ryzen Threadripper PRO 7995WX', 'Ryzen Threadripper PRO 7985WX': 'AMD Ryzen Threadripper PRO 7985WX', 'Ryzen Threadripper 7980X': 'AMD Ryzen Threadripper 7980X', 'Ryzen Threadripper 7970X': 'AMD Ryzen Threadripper 7970X', 'Ryzen Threadripper 7960X': 'AMD Ryzen Threadripper 7960X'}
2026-08-08 22:01:56.913 | INFO     | eval.evaluation.evaluation:evaluate_single_query:275 - wide2deep_ws_en_091, df_inner shape: (59, 24), answer_df shape: (331, 12), response_df shape: (70, 13)
2026-08-08 22:01:56.918 | DEBUG    | eval.evaluation.evaluation:metric_call:77 - metric_func_name date_near score 0.0 msg date not near, response: 2017-08-01 00:00:00, target: 2017-03-02 00:00:00
2026-08-08 22:01:56.920 | DEBUG    | eval.evaluation.evaluation:metric_call:77 - metric_func_name date_near score 0.0 msg date not near, response: 2017-08-01 00:00:00, target: 2017-03-02 00:00:00
2026-08-08 22:01:56.922 | DEBUG    | eval.evaluation.evaluation:metric_call:77 - metric_func_name date_near score 0.0 msg date not near, response: 2017-08-01 00:00:00, target: 2017-03-02 00:00:00
2026-08-08 22:01:56.924 | DEBUG    | eval.evaluation.evaluation:metric_call:77 - metric_func_name date_near score 0.0 msg date not near, response: 2017-08-01 00:00:00, target: 2017-04-11 00:00:00
2026-08-08 22:01:56.926 | DEBUG    | eval.evaluation.evaluation:metric_call:77 - metric_func_name date_near score 0.0 msg date not near, response: 2017-08-01 00:00:00, target: 2017-04-11 00:00:00
2026-08-08 22:01:56.928 | DEBUG    | eval.evaluation.evaluation:metric_call:77 - metric_func_name date_near score 0.0 msg date not near, response: 2017-08-01 00:00:00, target: 2017-04-11 00:00:00
2026-08-08 22:01:56.930 | DEBUG    | eval.evaluation.evaluation:metric_call:77 - metric_func_name date_near score 0.0 msg date not near, response: 2017-08-01 00:00:00, target: 2017-04-11 00:00:00
2026-08-08 22:01:56.932 | DEBUG    | eval.evaluation.evaluation:metric_call:77 - metric_func_name date_near score 1.0 msg date near, response: 2017-08-01 00:00:00, target: 2017-07-27 00:00:00
2026-08-08 22:01:56.934 | DEBUG    | eval.evaluation.evaluation:metric_call:77 - metric_func_name date_near score 1.0 msg date near, response: 2017-08-01 00:00:00, target: 2017-07-27 00:00:00
2026-08-08 22:01:56.935 | DEBUG    | eval.evaluation.evaluation:metric_call:77 - metric_func_name date_near score 1.0 msg date near, response: 2017-08-01 00:00:00, target: 2017-07-31 00:00:00
2026-08-08 22:01:56.937 | DEBUG    | eval.evaluation.evaluation:metric_call:77 - metric_func_name date_near score 1.0 msg date near, response: 2017-08-01 00:00:00, target: 2017-07-31 00:00:00
2026-08-08 22:01:56.939 | DEBUG    | eval.evaluation.evaluation:metric_call:77 - metric_func_name date_near score 1.0 msg date near, response: 2017-08-01 00:00:00, target: 2017-08-31 00:00:00
2026-08-08 22:01:56.941 | DEBUG    | eval.evaluation.evaluation:metric_call:77 - metric_func_name date_near score 0.0 msg date not near, response: 2018-08-01 00:00:00, target: 2018-04-19 00:00:00
2026-08-08 22:01:56.943 | DEBUG    | eval.evaluation.evaluation:metric_call:77 - metric_func_name date_near score 0.0 msg date not near, response: 2018-08-01 00:00:00, target: 2018-04-19 00:00:00
2026-08-08 22:01:56.945 | DEBUG    | eval.evaluation.evaluation:metric_call:77 - metric_func_name date_near score 0.0 msg date not near, response: 2018-08-01 00:00:00, target: 2018-04-19 00:00:00
2026-08-08 22:01:56.947 | DEBUG    | eval.evaluation.evaluation:metric_call:77 - metric_func_name date_near score 0.0 msg date not near, response: 2018-08-01 00:00:00, target: 2018-04-19 00:00:00
2026-08-08 22:01:56.948 | DEBUG    | eval.evaluation.evaluation:metric_call:77 - metric_func_name date_near score 1.0 msg date near, response: 2018-08-01 00:00:00, target: 2018-08-13 00:00:00
2026-08-08 22:01:56.950 | DEBUG    | eval.evaluation.evaluation:metric_call:77 - metric_func_name date_near score 1.0 msg date near, response: 2018-08-01 00:00:00, target: 2018-08-31 00:00:00
2026-08-08 22:01:56.952 | DEBUG    | eval.evaluation.evaluation:metric_call:77 - metric_func_name date_near score 0.0 msg date not near, response: 2018-08-01 00:00:00, target: 2018-10-29 00:00:00
2026-08-08 22:01:56.954 | DEBUG    | eval.evaluation.evaluation:metric_call:77 - metric_func_name date_near score 0.0 msg date not near, response: 2018-08-01 00:00:00, target: 2018-10-29 00:00:00
2026-08-08 22:01:56.956 | DEBUG    | eval.evaluation.evaluation:metric_call:77 - metric_func_name date_near score 1.0 msg date near, response: 2019-08-01 00:00:00, target: 2019-07-07 00:00:00
2026-08-08 22:01:56.958 | DEBUG    | eval.evaluation.evaluation:metric_call:77 - metric_func_name date_near score 1.0 msg date near, response: 2019-08-01 00:00:00, target: 2019-07-07 00:00:00
2026-08-08 22:01:56.960 | DEBUG    | eval.evaluation.evaluation:metric_call:77 - metric_func_name date_near score 1.0 msg date near, response: 2019-08-01 00:00:00, target: 2019-07-07 00:00:00
2026-08-08 22:01:56.962 | DEBUG    | eval.evaluation.evaluation:metric_call:77 - metric_func_name date_near score 1.0 msg date near, response: 2019-08-01 00:00:00, target: 2019-07-07 00:00:00
2026-08-08 22:01:56.964 | DEBUG    | eval.evaluation.evaluation:metric_call:77 - metric_func_name date_near score 1.0 msg date near, response: 2019-08-01 00:00:00, target: 2019-07-07 00:00:00
2026-08-08 22:01:56.966 | DEBUG    | eval.evaluation.evaluation:metric_call:77 - metric_func_name date_near score 0.0 msg date not near, response: 2019-08-01 00:00:00, target: 2019-11-25 00:00:00
2026-08-08 22:01:56.968 | DEBUG    | eval.evaluation.evaluation:metric_call:77 - metric_func_name date_near score 0.0 msg date not near, response: 2019-08-01 00:00:00, target: 2019-11-25 00:00:00
2026-08-08 22:01:56.970 | DEBUG    | eval.evaluation.evaluation:metric_call:77 - metric_func_name date_near score 0.0 msg date not near, response: 2019-08-01 00:00:00, target: 2019-11-25 00:00:00
2026-08-08 22:01:56.972 | DEBUG    | eval.evaluation.evaluation:metric_call:77 - metric_func_name date_near score 0.0 msg date not near, response: 2020-08-01 00:00:00, target: 2020-02-07 00:00:00
2026-08-08 22:01:56.974 | DEBUG    | eval.evaluation.evaluation:metric_call:77 - metric_func_name date_near score 0.0 msg date not near, response: 2020-08-01 00:00:00, target: 2020-04-21 00:00:00
2026-08-08 22:01:56.976 | DEBUG    | eval.evaluation.evaluation:metric_call:77 - metric_func_name date_near score 0.0 msg date not near, response: 2020-08-01 00:00:00, target: 2020-04-21 00:00:00
2026-08-08 22:01:56.978 | DEBUG    | eval.evaluation.evaluation:metric_call:77 - metric_func_name date_near score 1.0 msg date near, response: 2020-08-01 00:00:00, target: 2020-07-07 00:00:00
2026-08-08 22:01:56.980 | DEBUG    | eval.evaluation.evaluation:metric_call:77 - metric_func_name date_near score 1.0 msg date near, response: 2020-08-01 00:00:00, target: 2020-07-07 00:00:00
2026-08-08 22:01:56.982 | DEBUG    | eval.evaluation.evaluation:metric_call:77 - metric_func_name date_near score 1.0 msg date near, response: 2020-08-01 00:00:00, target: 2020-07-07 00:00:00
2026-08-08 22:01:56.984 | DEBUG    | eval.evaluation.evaluation:metric_call:77 - metric_func_name date_near score 0.0 msg date not near, response: 2020-08-01 00:00:00, target: 2020-11-05 00:00:00
2026-08-08 22:01:56.986 | DEBUG    | eval.evaluation.evaluation:metric_call:77 - metric_func_name date_near score 0.0 msg date not near, response: 2020-08-01 00:00:00, target: 2020-11-05 00:00:00
2026-08-08 22:01:56.988 | DEBUG    | eval.evaluation.evaluation:metric_call:77 - metric_func_name date_near score 0.0 msg date not near, response: 2020-08-01 00:00:00, target: 2020-11-05 00:00:00
2026-08-08 22:01:56.990 | DEBUG    | eval.evaluation.evaluation:metric_call:77 - metric_func_name date_near score 0.0 msg date not near, response: 2020-08-01 00:00:00, target: 2020-11-05 00:00:00
2026-08-08 22:01:56.992 | DEBUG    | eval.evaluation.evaluation:metric_call:77 - metric_func_name date_near score 0.0 msg date not near, response: 2021-08-01 00:00:00, target: 2021-04-13 00:00:00
2026-08-08 22:01:56.995 | DEBUG    | eval.evaluation.evaluation:metric_call:77 - metric_func_name date_near score 0.0 msg date not near, response: 2021-08-01 00:00:00, target: 2021-04-13 00:00:00
2026-08-08 22:01:56.997 | DEBUG    | eval.evaluation.evaluation:metric_call:77 - metric_func_name date_near score 0.0 msg date not near, response: 2022-08-01 00:00:00, target: 2022-04-04 00:00:00
2026-08-08 22:01:56.999 | DEBUG    | eval.evaluation.evaluation:metric_call:77 - metric_func_name date_near score 0.0 msg date not near, response: 2022-08-01 00:00:00, target: 2022-04-04 00:00:00
2026-08-08 22:01:57.001 | DEBUG    | eval.evaluation.evaluation:metric_call:77 - metric_func_name date_near score 0.0 msg date not near, response: 2022-08-01 00:00:00, target: 2022-04-04 00:00:00
2026-08-08 22:01:57.003 | DEBUG    | eval.evaluation.evaluation:metric_call:77 - metric_func_name date_near score 0.0 msg date not near, response: 2022-08-01 00:00:00, target: 2022-04-20 00:00:00
2026-08-08 22:01:57.005 | DEBUG    | eval.evaluation.evaluation:metric_call:77 - metric_func_name date_near score 0.0 msg date not near, response: 2022-08-01 00:00:00, target: 2022-09-27 00:00:00
2026-08-08 22:01:57.007 | DEBUG    | eval.evaluation.evaluation:metric_call:77 - metric_func_name date_near score 0.0 msg date not near, response: 2022-08-01 00:00:00, target: 2022-09-27 00:00:00
2026-08-08 22:01:57.009 | DEBUG    | eval.evaluation.evaluation:metric_call:77 - metric_func_name date_near score 0.0 msg date not near, response: 2022-08-01 00:00:00, target: 2022-09-27 00:00:00
2026-08-08 22:01:57.011 | DEBUG    | eval.evaluation.evaluation:metric_call:77 - metric_func_name date_near score 0.0 msg date not near, response: 2022-08-01 00:00:00, target: 2022-09-27 00:00:00
2026-08-08 22:01:57.013 | DEBUG    | eval.evaluation.evaluation:metric_call:77 - metric_func_name date_near score 0.0 msg date not near, response: 2023-08-01 00:00:00, target: 2023-01-14 00:00:00
2026-08-08 22:01:57.015 | DEBUG    | eval.evaluation.evaluation:metric_call:77 - metric_func_name date_near score 0.0 msg date not near, response: 2023-08-01 00:00:00, target: 2023-01-14 00:00:00
2026-08-08 22:01:57.018 | DEBUG    | eval.evaluation.evaluation:metric_call:77 - metric_func_name date_near score 0.0 msg date not near, response: 2023-08-01 00:00:00, target: 2023-01-14 00:00:00
2026-08-08 22:01:57.020 | DEBUG    | eval.evaluation.evaluation:metric_call:77 - metric_func_name date_near score 0.0 msg date not near, response: 2023-08-01 00:00:00, target: 2023-02-28 00:00:00
2026-08-08 22:01:57.022 | DEBUG    | eval.evaluation.evaluation:metric_call:77 - metric_func_name date_near score 0.0 msg date not near, response: 2023-08-01 00:00:00, target: 2023-02-28 00:00:00
2026-08-08 22:01:57.024 | DEBUG    | eval.evaluation.evaluation:metric_call:77 - metric_func_name date_near score 0.0 msg date not near, response: 2023-08-01 00:00:00, target: 2023-04-06 00:00:00
2026-08-08 22:01:57.026 | DEBUG    | eval.evaluation.evaluation:metric_call:77 - metric_func_name date_near score 0.0 msg date not near, response: 2023-08-01 00:00:00, target: 2023-10-19 00:00:00
2026-08-08 22:01:57.028 | DEBUG    | eval.evaluation.evaluation:metric_call:77 - metric_func_name date_near score 0.0 msg date not near, response: 2023-08-01 00:00:00, target: 2023-10-19 00:00:00
2026-08-08 22:01:57.030 | DEBUG    | eval.evaluation.evaluation:metric_call:77 - metric_func_name date_near score 0.0 msg date not near, response: 2023-08-01 00:00:00, target: 2023-10-19 00:00:00
2026-08-08 22:01:57.032 | DEBUG    | eval.evaluation.evaluation:metric_call:77 - metric_func_name date_near score 0.0 msg date not near, response: 2023-08-01 00:00:00, target: 2023-10-19 00:00:00
2026-08-08 22:01:57.034 | DEBUG    | eval.evaluation.evaluation:metric_call:77 - metric_func_name date_near score 0.0 msg date not near, response: 2023-08-01 00:00:00, target: 2023-10-19 00:00:00
2026-08-08 22:01:57.035 | DEBUG    | eval.evaluation.evaluation:evaluate_single_query:321 - wide2deep_ws_en_091, col time, metric_func_name date_near, score [0.0, 0.0, 0.0, 0.0, 0.0, 0.0, 0.0, 1.0, 1.0, 1.0, 1.0, 1.0, 0.0, 0.0, 0.0, 0.0, 1.0, 1.0, 0.0, 0.0, 1.0, 1.0, 1.0, 1.0, 1.0, 0.0, 0.0, 0.0, 0.0, 0.0, 0.0, 1.0, 1.0, 1.0, 0.0, 0.0, 0.0, 0.0, 0.0, 0.0, 0.0, 0.0, 0.0, 0.0, 0.0, 0.0, 0.0, 0.0, 0.0, 0.0, 0.0, 0.0, 0.0, 0.0, 0.0, 0.0, 0.0, 0.0, 0.0]
2026-08-08 22:02:04.784 | DEBUG    | eval.evaluation.evaluation:evaluate_single_query:321 - wide2deep_ws_en_091, col productseries, metric_func_name llm_judge, score [0, 0, 0, 0, 0, 0, 0, 0, 0, 1, 1, 1, 0, 0, 0, 0, 1, 1, 1, 1, 0, 0, 0, 0, 0, 1, 1, 0, 1, 0, 0, 0, 0, 0, 0, 0, 0, 0, 0, 0, 0, 0, 0, 0, 0, 0, 0, 0, 0, 0, 0, 0, 0, 0, 1, 1, 1, 1, 1]
2026-08-08 22:02:09.391 | DEBUG    | eval.evaluation.evaluation:evaluate_single_query:321 - wide2deep_ws_en_091, col corearchitecture, metric_func_name llm_judge, score [1, 1, 1, 1, 1, 1, 1, 1, 1, 1, 1, 1, 0, 0, 0, 0, 0, 0, 0, 0, 0, 0, 0, 0, 0, 0, 0, 0, 0, 0, 0, 0, 0, 0, 0, 0, 0, 0, 0, 0, 0, 0, 0, 0, 0, 0, 0, 0, 0, 0, 0, 0, 0, 0, 0, 0, 0, 0, 0]
2026-08-08 22:02:17.060 | DEBUG    | eval.evaluation.evaluation:evaluate_single_query:321 - wide2deep_ws_en_091, col manufacturingprocess(nm), metric_func_name llm_judge, score [1, 1, 1, 1, 1, 1, 1, 1, 1, 1, 1, 1, 1, 1, 1, 1, 1, 1, 1, 1, 1, 1, 1, 1, 1, 1, 1, 1, 1, 1, 1, 1, 1, 1, 1, 1, 1, 1, 1, 1, 1, 1, 1, 1, 1, 1, 1, 1, 1, 1, 1, 1, 1, 1, 1, 1, 1, 1, 1]
2026-08-08 22:02:17.060 | DEBUG    | eval.evaluation.evaluation:metric_call:77 - metric_func_name exact_match score 1.0 msg exact match, response: 8, target: 8
2026-08-08 22:02:17.060 | DEBUG    | eval.evaluation.evaluation:metric_call:77 - metric_func_name exact_match score 1.0 msg exact match, response: 8, target: 8
2026-08-08 22:02:17.060 | DEBUG    | eval.evaluation.evaluation:metric_call:77 - metric_func_name exact_match score 1.0 msg exact match, response: 8, target: 8
2026-08-08 22:02:17.060 | DEBUG    | eval.evaluation.evaluation:metric_call:77 - metric_func_name exact_match score 1.0 msg exact match, response: 6, target: 6
2026-08-08 22:02:17.061 | DEBUG    | eval.evaluation.evaluation:metric_call:77 - metric_func_name exact_match score 1.0 msg exact match, response: 6, target: 6
2026-08-08 22:02:17.061 | DEBUG    | eval.evaluation.evaluation:metric_call:77 - metric_func_name exact_match score 1.0 msg exact match, response: 4, target: 4
2026-08-08 22:02:17.061 | DEBUG    | eval.evaluation.evaluation:metric_call:77 - metric_func_name exact_match score 1.0 msg exact match, response: 4, target: 4
2026-08-08 22:02:17.061 | DEBUG    | eval.evaluation.evaluation:metric_call:77 - metric_func_name exact_match score 1.0 msg exact match, response: 4, target: 4
2026-08-08 22:02:17.061 | DEBUG    | eval.evaluation.evaluation:metric_call:77 - metric_func_name exact_match score 1.0 msg exact match, response: 4, target: 4
2026-08-08 22:02:17.061 | DEBUG    | eval.evaluation.evaluation:metric_call:77 - metric_func_name exact_match score 1.0 msg exact match, response: 16, target: 16
2026-08-08 22:02:17.061 | DEBUG    | eval.evaluation.evaluation:metric_call:77 - metric_func_name exact_match score 1.0 msg exact match, response: 12, target: 12
2026-08-08 22:02:17.061 | DEBUG    | eval.evaluation.evaluation:metric_call:77 - metric_func_name exact_match score 1.0 msg exact match, response: 8, target: 8
2026-08-08 22:02:17.061 | DEBUG    | eval.evaluation.evaluation:metric_call:77 - metric_func_name exact_match score 1.0 msg exact match, response: 8, target: 8
2026-08-08 22:02:17.061 | DEBUG    | eval.evaluation.evaluation:metric_call:77 - metric_func_name exact_match score 1.0 msg exact match, response: 8, target: 8
2026-08-08 22:02:17.061 | DEBUG    | eval.evaluation.evaluation:metric_call:77 - metric_func_name exact_match score 1.0 msg exact match, response: 6, target: 6
2026-08-08 22:02:17.061 | DEBUG    | eval.evaluation.evaluation:metric_call:77 - metric_func_name exact_match score 1.0 msg exact match, response: 6, target: 6
2026-08-08 22:02:17.061 | DEBUG    | eval.evaluation.evaluation:metric_call:77 - metric_func_name exact_match score 1.0 msg exact match, response: 32, target: 32
2026-08-08 22:02:17.061 | DEBUG    | eval.evaluation.evaluation:metric_call:77 - metric_func_name exact_match score 1.0 msg exact match, response: 16, target: 16
2026-08-08 22:02:17.061 | DEBUG    | eval.evaluation.evaluation:metric_call:77 - metric_func_name exact_match score 1.0 msg exact match, response: 24, target: 24
2026-08-08 22:02:17.061 | DEBUG    | eval.evaluation.evaluation:metric_call:77 - metric_func_name exact_match score 1.0 msg exact match, response: 12, target: 12
2026-08-08 22:02:17.061 | DEBUG    | eval.evaluation.evaluation:metric_call:77 - metric_func_name exact_match score 1.0 msg exact match, response: 12, target: 12
2026-08-08 22:02:17.061 | DEBUG    | eval.evaluation.evaluation:metric_call:77 - metric_func_name exact_match score 1.0 msg exact match, response: 8, target: 8
2026-08-08 22:02:17.061 | DEBUG    | eval.evaluation.evaluation:metric_call:77 - metric_func_name exact_match score 1.0 msg exact match, response: 8, target: 8
2026-08-08 22:02:17.061 | DEBUG    | eval.evaluation.evaluation:metric_call:77 - metric_func_name exact_match score 1.0 msg exact match, response: 6, target: 6
2026-08-08 22:02:17.061 | DEBUG    | eval.evaluation.evaluation:metric_call:77 - metric_func_name exact_match score 1.0 msg exact match, response: 6, target: 6
2026-08-08 22:02:17.061 | DEBUG    | eval.evaluation.evaluation:metric_call:77 - metric_func_name exact_match score 1.0 msg exact match, response: 32, target: 32
2026-08-08 22:02:17.061 | DEBUG    | eval.evaluation.evaluation:metric_call:77 - metric_func_name exact_match score 1.0 msg exact match, response: 24, target: 24
2026-08-08 22:02:17.061 | DEBUG    | eval.evaluation.evaluation:metric_call:77 - metric_func_name exact_match score 1.0 msg exact match, response: 16, target: 16
2026-08-08 22:02:17.061 | DEBUG    | eval.evaluation.evaluation:metric_call:77 - metric_func_name exact_match score 1.0 msg exact match, response: 64, target: 64
2026-08-08 22:02:17.061 | DEBUG    | eval.evaluation.evaluation:metric_call:77 - metric_func_name exact_match score 1.0 msg exact match, response: 4, target: 4
2026-08-08 22:02:17.061 | DEBUG    | eval.evaluation.evaluation:metric_call:77 - metric_func_name exact_match score 1.0 msg exact match, response: 4, target: 4
2026-08-08 22:02:17.061 | DEBUG    | eval.evaluation.evaluation:metric_call:77 - metric_func_name exact_match score 1.0 msg exact match, response: 12, target: 12
2026-08-08 22:02:17.061 | DEBUG    | eval.evaluation.evaluation:metric_call:77 - metric_func_name exact_match score 1.0 msg exact match, response: 8, target: 8
2026-08-08 22:02:17.061 | DEBUG    | eval.evaluation.evaluation:metric_call:77 - metric_func_name exact_match score 1.0 msg exact match, response: 6, target: 6
2026-08-08 22:02:17.061 | DEBUG    | eval.evaluation.evaluation:metric_call:77 - metric_func_name exact_match score 1.0 msg exact match, response: 16, target: 16
2026-08-08 22:02:17.061 | DEBUG    | eval.evaluation.evaluation:metric_call:77 - metric_func_name exact_match score 1.0 msg exact match, response: 12, target: 12
2026-08-08 22:02:17.061 | DEBUG    | eval.evaluation.evaluation:metric_call:77 - metric_func_name exact_match score 1.0 msg exact match, response: 8, target: 8
2026-08-08 22:02:17.062 | DEBUG    | eval.evaluation.evaluation:metric_call:77 - metric_func_name exact_match score 1.0 msg exact match, response: 6, target: 6
2026-08-08 22:02:17.062 | DEBUG    | eval.evaluation.evaluation:metric_call:77 - metric_func_name exact_match score 1.0 msg exact match, response: 8, target: 8
2026-08-08 22:02:17.062 | DEBUG    | eval.evaluation.evaluation:metric_call:77 - metric_func_name exact_match score 1.0 msg exact match, response: 6, target: 6
2026-08-08 22:02:17.062 | DEBUG    | eval.evaluation.evaluation:metric_call:77 - metric_func_name exact_match score 1.0 msg exact match, response: 8, target: 8
2026-08-08 22:02:17.062 | DEBUG    | eval.evaluation.evaluation:metric_call:77 - metric_func_name exact_match score 1.0 msg exact match, response: 6, target: 6
2026-08-08 22:02:17.062 | DEBUG    | eval.evaluation.evaluation:metric_call:77 - metric_func_name exact_match score 1.0 msg exact match, response: 6, target: 6
2026-08-08 22:02:17.062 | DEBUG    | eval.evaluation.evaluation:metric_call:77 - metric_func_name exact_match score 1.0 msg exact match, response: 8, target: 8
2026-08-08 22:02:17.062 | DEBUG    | eval.evaluation.evaluation:metric_call:77 - metric_func_name exact_match score 1.0 msg exact match, response: 16, target: 16
2026-08-08 22:02:17.062 | DEBUG    | eval.evaluation.evaluation:metric_call:77 - metric_func_name exact_match score 1.0 msg exact match, response: 12, target: 12
2026-08-08 22:02:17.062 | DEBUG    | eval.evaluation.evaluation:metric_call:77 - metric_func_name exact_match score 1.0 msg exact match, response: 8, target: 8
2026-08-08 22:02:17.062 | DEBUG    | eval.evaluation.evaluation:metric_call:77 - metric_func_name exact_match score 1.0 msg exact match, response: 6, target: 6
2026-08-08 22:02:17.062 | DEBUG    | eval.evaluation.evaluation:metric_call:77 - metric_func_name exact_match score 1.0 msg exact match, response: 12, target: 12
2026-08-08 22:02:17.062 | DEBUG    | eval.evaluation.evaluation:metric_call:77 - metric_func_name exact_match score 1.0 msg exact match, response: 8, target: 8
2026-08-08 22:02:17.062 | DEBUG    | eval.evaluation.evaluation:metric_call:77 - metric_func_name exact_match score 1.0 msg exact match, response: 6, target: 6
2026-08-08 22:02:17.062 | DEBUG    | eval.evaluation.evaluation:metric_call:77 - metric_func_name exact_match score 1.0 msg exact match, response: 16, target: 16
2026-08-08 22:02:17.062 | DEBUG    | eval.evaluation.evaluation:metric_call:77 - metric_func_name exact_match score 1.0 msg exact match, response: 12, target: 12
2026-08-08 22:02:17.062 | DEBUG    | eval.evaluation.evaluation:metric_call:77 - metric_func_name exact_match score 1.0 msg exact match, response: 8, target: 8
2026-08-08 22:02:17.062 | DEBUG    | eval.evaluation.evaluation:metric_call:77 - metric_func_name exact_match score 1.0 msg exact match, response: 96, target: 96
2026-08-08 22:02:17.062 | DEBUG    | eval.evaluation.evaluation:metric_call:77 - metric_func_name exact_match score 1.0 msg exact match, response: 64, target: 64
2026-08-08 22:02:17.062 | DEBUG    | eval.evaluation.evaluation:metric_call:77 - metric_func_name exact_match score 1.0 msg exact match, response: 64, target: 64
2026-08-08 22:02:17.062 | DEBUG    | eval.evaluation.evaluation:metric_call:77 - metric_func_name exact_match score 1.0 msg exact match, response: 32, target: 32
2026-08-08 22:02:17.062 | DEBUG    | eval.evaluation.evaluation:metric_call:77 - metric_func_name exact_match score 1.0 msg exact match, response: 24, target: 24
2026-08-08 22:02:17.063 | DEBUG    | eval.evaluation.evaluation:evaluate_single_query:321 - wide2deep_ws_en_091, col cores, metric_func_name exact_match, score [1.0, 1.0, 1.0, 1.0, 1.0, 1.0, 1.0, 1.0, 1.0, 1.0, 1.0, 1.0, 1.0, 1.0, 1.0, 1.0, 1.0, 1.0, 1.0, 1.0, 1.0, 1.0, 1.0, 1.0, 1.0, 1.0, 1.0, 1.0, 1.0, 1.0, 1.0, 1.0, 1.0, 1.0, 1.0, 1.0, 1.0, 1.0, 1.0, 1.0, 1.0, 1.0, 1.0, 1.0, 1.0, 1.0, 1.0, 1.0, 1.0, 1.0, 1.0, 1.0, 1.0, 1.0, 1.0, 1.0, 1.0, 1.0, 1.0]
2026-08-08 22:02:17.063 | DEBUG    | eval.evaluation.evaluation:metric_call:77 - metric_func_name exact_match score 1.0 msg exact match, response: 16, target: 16
2026-08-08 22:02:17.063 | DEBUG    | eval.evaluation.evaluation:metric_call:77 - metric_func_name exact_match score 1.0 msg exact match, response: 16, target: 16
2026-08-08 22:02:17.063 | DEBUG    | eval.evaluation.evaluation:metric_call:77 - metric_func_name exact_match score 1.0 msg exact match, response: 16, target: 16
2026-08-08 22:02:17.063 | DEBUG    | eval.evaluation.evaluation:metric_call:77 - metric_func_name exact_match score 1.0 msg exact match, response: 12, target: 12
2026-08-08 22:02:17.063 | DEBUG    | eval.evaluation.evaluation:metric_call:77 - metric_func_name exact_match score 1.0 msg exact match, response: 12, target: 12
2026-08-08 22:02:17.063 | DEBUG    | eval.evaluation.evaluation:metric_call:77 - metric_func_name exact_match score 1.0 msg exact match, response: 8, target: 8
2026-08-08 22:02:17.063 | DEBUG    | eval.evaluation.evaluation:metric_call:77 - metric_func_name exact_match score 1.0 msg exact match, response: 8, target: 8
2026-08-08 22:02:17.063 | DEBUG    | eval.evaluation.evaluation:metric_call:77 - metric_func_name exact_match score 1.0 msg exact match, response: 4, target: 4
2026-08-08 22:02:17.063 | DEBUG    | eval.evaluation.evaluation:metric_call:77 - metric_func_name exact_match score 1.0 msg exact match, response: 4, target: 4
2026-08-08 22:02:17.063 | DEBUG    | eval.evaluation.evaluation:metric_call:77 - metric_func_name exact_match score 1.0 msg exact match, response: 32, target: 32
2026-08-08 22:02:17.063 | DEBUG    | eval.evaluation.evaluation:metric_call:77 - metric_func_name exact_match score 1.0 msg exact match, response: 24, target: 24
2026-08-08 22:02:17.063 | DEBUG    | eval.evaluation.evaluation:metric_call:77 - metric_func_name exact_match score 1.0 msg exact match, response: 16, target: 16
2026-08-08 22:02:17.063 | DEBUG    | eval.evaluation.evaluation:metric_call:77 - metric_func_name exact_match score 1.0 msg exact match, response: 16, target: 16
2026-08-08 22:02:17.063 | DEBUG    | eval.evaluation.evaluation:metric_call:77 - metric_func_name exact_match score 1.0 msg exact match, response: 16, target: 16
2026-08-08 22:02:17.063 | DEBUG    | eval.evaluation.evaluation:metric_call:77 - metric_func_name exact_match score 1.0 msg exact match, response: 12, target: 12
2026-08-08 22:02:17.063 | DEBUG    | eval.evaluation.evaluation:metric_call:77 - metric_func_name exact_match score 1.0 msg exact match, response: 12, target: 12
2026-08-08 22:02:17.063 | DEBUG    | eval.evaluation.evaluation:metric_call:77 - metric_func_name exact_match score 1.0 msg exact match, response: 64, target: 64
2026-08-08 22:02:17.063 | DEBUG    | eval.evaluation.evaluation:metric_call:77 - metric_func_name exact_match score 1.0 msg exact match, response: 32, target: 32
2026-08-08 22:02:17.063 | DEBUG    | eval.evaluation.evaluation:metric_call:77 - metric_func_name exact_match score 1.0 msg exact match, response: 48, target: 48
2026-08-08 22:02:17.063 | DEBUG    | eval.evaluation.evaluation:metric_call:77 - metric_func_name exact_match score 1.0 msg exact match, response: 24, target: 24
2026-08-08 22:02:17.063 | DEBUG    | eval.evaluation.evaluation:metric_call:77 - metric_func_name exact_match score 1.0 msg exact match, response: 24, target: 24
2026-08-08 22:02:17.063 | DEBUG    | eval.evaluation.evaluation:metric_call:77 - metric_func_name exact_match score 1.0 msg exact match, response: 16, target: 16
2026-08-08 22:02:17.064 | DEBUG    | eval.evaluation.evaluation:metric_call:77 - metric_func_name exact_match score 1.0 msg exact match, response: 16, target: 16
2026-08-08 22:02:17.064 | DEBUG    | eval.evaluation.evaluation:metric_call:77 - metric_func_name exact_match score 1.0 msg exact match, response: 12, target: 12
2026-08-08 22:02:17.064 | DEBUG    | eval.evaluation.evaluation:metric_call:77 - metric_func_name exact_match score 1.0 msg exact match, response: 12, target: 12
2026-08-08 22:02:17.064 | DEBUG    | eval.evaluation.evaluation:metric_call:77 - metric_func_name exact_match score 1.0 msg exact match, response: 64, target: 64
2026-08-08 22:02:17.064 | DEBUG    | eval.evaluation.evaluation:metric_call:77 - metric_func_name exact_match score 1.0 msg exact match, response: 48, target: 48
2026-08-08 22:02:17.064 | DEBUG    | eval.evaluation.evaluation:metric_call:77 - metric_func_name exact_match score 1.0 msg exact match, response: 32, target: 32
2026-08-08 22:02:17.064 | DEBUG    | eval.evaluation.evaluation:metric_call:77 - metric_func_name exact_match score 1.0 msg exact match, response: 128, target: 128
2026-08-08 22:02:17.064 | DEBUG    | eval.evaluation.evaluation:metric_call:77 - metric_func_name exact_match score 1.0 msg exact match, response: 8, target: 8
2026-08-08 22:02:17.064 | DEBUG    | eval.evaluation.evaluation:metric_call:77 - metric_func_name exact_match score 1.0 msg exact match, response: 8, target: 8
2026-08-08 22:02:17.064 | DEBUG    | eval.evaluation.evaluation:metric_call:77 - metric_func_name exact_match score 1.0 msg exact match, response: 24, target: 24
2026-08-08 22:02:17.064 | DEBUG    | eval.evaluation.evaluation:metric_call:77 - metric_func_name exact_match score 1.0 msg exact match, response: 16, target: 16
2026-08-08 22:02:17.064 | DEBUG    | eval.evaluation.evaluation:metric_call:77 - metric_func_name exact_match score 1.0 msg exact match, response: 12, target: 12
2026-08-08 22:02:17.064 | DEBUG    | eval.evaluation.evaluation:metric_call:77 - metric_func_name exact_match score 1.0 msg exact match, response: 32, target: 32
2026-08-08 22:02:17.064 | DEBUG    | eval.evaluation.evaluation:metric_call:77 - metric_func_name exact_match score 1.0 msg exact match, response: 24, target: 24
2026-08-08 22:02:17.064 | DEBUG    | eval.evaluation.evaluation:metric_call:77 - metric_func_name exact_match score 1.0 msg exact match, response: 16, target: 16
2026-08-08 22:02:17.064 | DEBUG    | eval.evaluation.evaluation:metric_call:77 - metric_func_name exact_match score 1.0 msg exact match, response: 12, target: 12
2026-08-08 22:02:17.064 | DEBUG    | eval.evaluation.evaluation:metric_call:77 - metric_func_name exact_match score 1.0 msg exact match, response: 16, target: 16
2026-08-08 22:02:17.064 | DEBUG    | eval.evaluation.evaluation:metric_call:77 - metric_func_name exact_match score 1.0 msg exact match, response: 12, target: 12
2026-08-08 22:02:17.064 | DEBUG    | eval.evaluation.evaluation:metric_call:77 - metric_func_name exact_match score 1.0 msg exact match, response: 16, target: 16
2026-08-08 22:02:17.064 | DEBUG    | eval.evaluation.evaluation:metric_call:77 - metric_func_name exact_match score 1.0 msg exact match, response: 12, target: 12
2026-08-08 22:02:17.064 | DEBUG    | eval.evaluation.evaluation:metric_call:77 - metric_func_name exact_match score 1.0 msg exact match, response: 12, target: 12
2026-08-08 22:02:17.064 | DEBUG    | eval.evaluation.evaluation:metric_call:77 - metric_func_name exact_match score 1.0 msg exact match, response: 16, target: 16
2026-08-08 22:02:17.064 | DEBUG    | eval.evaluation.evaluation:metric_call:77 - metric_func_name exact_match score 1.0 msg exact match, response: 32, target: 32
2026-08-08 22:02:17.064 | DEBUG    | eval.evaluation.evaluation:metric_call:77 - metric_func_name exact_match score 1.0 msg exact match, response: 24, target: 24
2026-08-08 22:02:17.064 | DEBUG    | eval.evaluation.evaluation:metric_call:77 - metric_func_name exact_match score 1.0 msg exact match, response: 16, target: 16
2026-08-08 22:02:17.064 | DEBUG    | eval.evaluation.evaluation:metric_call:77 - metric_func_name exact_match score 1.0 msg exact match, response: 12, target: 12
2026-08-08 22:02:17.064 | DEBUG    | eval.evaluation.evaluation:metric_call:77 - metric_func_name exact_match score 1.0 msg exact match, response: 24, target: 24
2026-08-08 22:02:17.064 | DEBUG    | eval.evaluation.evaluation:metric_call:77 - metric_func_name exact_match score 1.0 msg exact match, response: 16, target: 16
2026-08-08 22:02:17.064 | DEBUG    | eval.evaluation.evaluation:metric_call:77 - metric_func_name exact_match score 1.0 msg exact match, response: 12, target: 12
2026-08-08 22:02:17.064 | DEBUG    | eval.evaluation.evaluation:metric_call:77 - metric_func_name exact_match score 1.0 msg exact match, response: 32, target: 32
2026-08-08 22:02:17.064 | DEBUG    | eval.evaluation.evaluation:metric_call:77 - metric_func_name exact_match score 1.0 msg exact match, response: 24, target: 24
2026-08-08 22:02:17.064 | DEBUG    | eval.evaluation.evaluation:metric_call:77 - metric_func_name exact_match score 1.0 msg exact match, response: 16, target: 16
2026-08-08 22:02:17.064 | DEBUG    | eval.evaluation.evaluation:metric_call:77 - metric_func_name exact_match score 1.0 msg exact match, response: 192, target: 192
2026-08-08 22:02:17.064 | DEBUG    | eval.evaluation.evaluation:metric_call:77 - metric_func_name exact_match score 1.0 msg exact match, response: 128, target: 128
2026-08-08 22:02:17.065 | DEBUG    | eval.evaluation.evaluation:metric_call:77 - metric_func_name exact_match score 1.0 msg exact match, response: 128, target: 128
2026-08-08 22:02:17.065 | DEBUG    | eval.evaluation.evaluation:metric_call:77 - metric_func_name exact_match score 1.0 msg exact match, response: 64, target: 64
2026-08-08 22:02:17.065 | DEBUG    | eval.evaluation.evaluation:metric_call:77 - metric_func_name exact_match score 1.0 msg exact match, response: 48, target: 48
2026-08-08 22:02:17.065 | DEBUG    | eval.evaluation.evaluation:evaluate_single_query:321 - wide2deep_ws_en_091, col threads, metric_func_name exact_match, score [1.0, 1.0, 1.0, 1.0, 1.0, 1.0, 1.0, 1.0, 1.0, 1.0, 1.0, 1.0, 1.0, 1.0, 1.0, 1.0, 1.0, 1.0, 1.0, 1.0, 1.0, 1.0, 1.0, 1.0, 1.0, 1.0, 1.0, 1.0, 1.0, 1.0, 1.0, 1.0, 1.0, 1.0, 1.0, 1.0, 1.0, 1.0, 1.0, 1.0, 1.0, 1.0, 1.0, 1.0, 1.0, 1.0, 1.0, 1.0, 1.0, 1.0, 1.0, 1.0, 1.0, 1.0, 1.0, 1.0, 1.0, 1.0, 1.0]
2026-08-08 22:02:17.065 | DEBUG    | eval.evaluation.evaluation:metric_call:77 - metric_func_name exact_match score 1.0 msg exact match, response: 3.6, target: 3.6
2026-08-08 22:02:17.066 | DEBUG    | eval.evaluation.evaluation:metric_call:77 - metric_func_name exact_match score 1.0 msg exact match, response: 3.4, target: 3.4
2026-08-08 22:02:17.066 | DEBUG    | eval.evaluation.evaluation:metric_call:77 - metric_func_name exact_match score 1.0 msg exact match, response: 3.0, target: 3.0
2026-08-08 22:02:17.066 | DEBUG    | eval.evaluation.evaluation:metric_call:77 - metric_func_name exact_match score 1.0 msg exact match, response: 3.6, target: 3.6
2026-08-08 22:02:17.066 | DEBUG    | eval.evaluation.evaluation:metric_call:77 - metric_func_name exact_match score 1.0 msg exact match, response: 3.2, target: 3.2
2026-08-08 22:02:17.066 | DEBUG    | eval.evaluation.evaluation:metric_call:77 - metric_func_name exact_match score 1.0 msg exact match, response: 3.5, target: 3.5
2026-08-08 22:02:17.066 | DEBUG    | eval.evaluation.evaluation:metric_call:77 - metric_func_name exact_match score 1.0 msg exact match, response: 3.2, target: 3.2
2026-08-08 22:02:17.066 | DEBUG    | eval.evaluation.evaluation:metric_call:77 - metric_func_name exact_match score 1.0 msg exact match, response: 3.5, target: 3.5
2026-08-08 22:02:17.066 | DEBUG    | eval.evaluation.evaluation:metric_call:77 - metric_func_name exact_match score 1.0 msg exact match, response: 3.1, target: 3.1
2026-08-08 22:02:17.066 | DEBUG    | eval.evaluation.evaluation:metric_call:77 - metric_func_name exact_match score 1.0 msg exact match, response: 3.4, target: 3.4
2026-08-08 22:02:17.066 | DEBUG    | eval.evaluation.evaluation:metric_call:77 - metric_func_name exact_match score 1.0 msg exact match, response: 3.5, target: 3.5
2026-08-08 22:02:17.066 | DEBUG    | eval.evaluation.evaluation:metric_call:77 - metric_func_name exact_match score 1.0 msg exact match, response: 3.8, target: 3.8
2026-08-08 22:02:17.066 | DEBUG    | eval.evaluation.evaluation:metric_call:77 - metric_func_name exact_match score 1.0 msg exact match, response: 3.7, target: 3.7
2026-08-08 22:02:17.066 | DEBUG    | eval.evaluation.evaluation:metric_call:77 - metric_func_name exact_match score 1.0 msg exact match, response: 3.2, target: 3.2
2026-08-08 22:02:17.066 | DEBUG    | eval.evaluation.evaluation:metric_call:77 - metric_func_name exact_match score 1.0 msg exact match, response: 3.6, target: 3.6
2026-08-08 22:02:17.066 | DEBUG    | eval.evaluation.evaluation:metric_call:77 - metric_func_name exact_match score 1.0 msg exact match, response: 3.4, target: 3.4
2026-08-08 22:02:17.066 | DEBUG    | eval.evaluation.evaluation:metric_call:77 - metric_func_name exact_match score 1.0 msg exact match, response: 3.0, target: 3.0
2026-08-08 22:02:17.066 | DEBUG    | eval.evaluation.evaluation:metric_call:77 - metric_func_name exact_match score 1.0 msg exact match, response: 3.5, target: 3.5
2026-08-08 22:02:17.066 | DEBUG    | eval.evaluation.evaluation:metric_call:77 - metric_func_name exact_match score 1.0 msg exact match, response: 3.0, target: 3.0
2026-08-08 22:02:17.066 | DEBUG    | eval.evaluation.evaluation:metric_call:77 - metric_func_name exact_match score 1.0 msg exact match, response: 3.5, target: 3.5
2026-08-08 22:02:17.066 | DEBUG    | eval.evaluation.evaluation:metric_call:77 - metric_func_name exact_match score 1.0 msg exact match, response: 3.8, target: 3.8
2026-08-08 22:02:17.066 | DEBUG    | eval.evaluation.evaluation:metric_call:77 - metric_func_name exact_match score 1.0 msg exact match, response: 3.9, target: 3.9
2026-08-08 22:02:17.066 | DEBUG    | eval.evaluation.evaluation:metric_call:77 - metric_func_name exact_match score 1.0 msg exact match, response: 3.6, target: 3.6
2026-08-08 22:02:17.066 | DEBUG    | eval.evaluation.evaluation:metric_call:77 - metric_func_name exact_match score 1.0 msg exact match, response: 3.8, target: 3.8
2026-08-08 22:02:17.066 | DEBUG    | eval.evaluation.evaluation:metric_call:77 - metric_func_name exact_match score 1.0 msg exact match, response: 3.6, target: 3.6
2026-08-08 22:02:17.066 | DEBUG    | eval.evaluation.evaluation:metric_call:77 - metric_func_name exact_match score 1.0 msg exact match, response: 3.7, target: 3.7
2026-08-08 22:02:17.066 | DEBUG    | eval.evaluation.evaluation:metric_call:77 - metric_func_name exact_match score 1.0 msg exact match, response: 3.8, target: 3.8
2026-08-08 22:02:17.066 | DEBUG    | eval.evaluation.evaluation:metric_call:77 - metric_func_name exact_match score 1.0 msg exact match, response: 3.5, target: 3.5
2026-08-08 22:02:17.066 | DEBUG    | eval.evaluation.evaluation:metric_call:77 - metric_func_name exact_match score 1.0 msg exact match, response: 2.9, target: 2.9
2026-08-08 22:02:17.066 | DEBUG    | eval.evaluation.evaluation:metric_call:77 - metric_func_name exact_match score 1.0 msg exact match, response: 3.8, target: 3.8
2026-08-08 22:02:17.067 | DEBUG    | eval.evaluation.evaluation:metric_call:77 - metric_func_name exact_match score 1.0 msg exact match, response: 3.6, target: 3.6
2026-08-08 22:02:17.067 | DEBUG    | eval.evaluation.evaluation:metric_call:77 - metric_func_name exact_match score 1.0 msg exact match, response: 3.8, target: 3.8
2026-08-08 22:02:17.067 | DEBUG    | eval.evaluation.evaluation:metric_call:77 - metric_func_name exact_match score 1.0 msg exact match, response: 3.9, target: 3.9
2026-08-08 22:02:17.067 | DEBUG    | eval.evaluation.evaluation:metric_call:77 - metric_func_name exact_match score 1.0 msg exact match, response: 3.8, target: 3.8
2026-08-08 22:02:17.067 | DEBUG    | eval.evaluation.evaluation:metric_call:77 - metric_func_name exact_match score 1.0 msg exact match, response: 3.4, target: 3.4
2026-08-08 22:02:17.067 | DEBUG    | eval.evaluation.evaluation:metric_call:77 - metric_func_name exact_match score 1.0 msg exact match, response: 3.7, target: 3.7
2026-08-08 22:02:17.067 | DEBUG    | eval.evaluation.evaluation:metric_call:77 - metric_func_name exact_match score 1.0 msg exact match, response: 3.8, target: 3.8
2026-08-08 22:02:17.067 | DEBUG    | eval.evaluation.evaluation:metric_call:77 - metric_func_name exact_match score 1.0 msg exact match, response: 3.7, target: 3.7
2026-08-08 22:02:17.067 | DEBUG    | eval.evaluation.evaluation:metric_call:77 - metric_func_name exact_match score 1.0 msg exact match, response: 3.8, target: 3.8
2026-08-08 22:02:17.067 | DEBUG    | eval.evaluation.evaluation:metric_call:77 - metric_func_name exact_match score 1.0 msg exact match, response: 3.9, target: 3.9
2026-08-08 22:02:17.067 | DEBUG    | eval.evaluation.evaluation:metric_call:77 - metric_func_name exact_match score 1.0 msg exact match, response: 3.4, target: 3.4
2026-08-08 22:02:17.067 | DEBUG    | eval.evaluation.evaluation:metric_call:77 - metric_func_name exact_match score 1.0 msg exact match, response: 3.5, target: 3.5
2026-08-08 22:02:17.067 | DEBUG    | eval.evaluation.evaluation:metric_call:77 - metric_func_name exact_match score 1.0 msg exact match, response: 3.6, target: 3.6
2026-08-08 22:02:17.067 | DEBUG    | eval.evaluation.evaluation:metric_call:77 - metric_func_name exact_match score 1.0 msg exact match, response: 3.4, target: 3.4
2026-08-08 22:02:17.067 | DEBUG    | eval.evaluation.evaluation:metric_call:77 - metric_func_name exact_match score 1.0 msg exact match, response: 4.5, target: 4.5
2026-08-08 22:02:17.067 | DEBUG    | eval.evaluation.evaluation:metric_call:77 - metric_func_name exact_match score 1.0 msg exact match, response: 4.7, target: 4.7
2026-08-08 22:02:17.067 | DEBUG    | eval.evaluation.evaluation:metric_call:77 - metric_func_name exact_match score 1.0 msg exact match, response: 4.5, target: 4.5
2026-08-08 22:02:17.067 | DEBUG    | eval.evaluation.evaluation:metric_call:77 - metric_func_name exact_match score 1.0 msg exact match, response: 4.7, target: 4.7
2026-08-08 22:02:17.067 | DEBUG    | eval.evaluation.evaluation:metric_call:77 - metric_func_name exact_match score 1.0 msg exact match, response: 3.7, target: 3.7
2026-08-08 22:02:17.067 | DEBUG    | eval.evaluation.evaluation:metric_call:77 - metric_func_name exact_match score 1.0 msg exact match, response: 3.8, target: 3.8
2026-08-08 22:02:17.067 | DEBUG    | eval.evaluation.evaluation:metric_call:77 - metric_func_name exact_match score 1.0 msg exact match, response: 3.8, target: 3.8
2026-08-08 22:02:17.067 | DEBUG    | eval.evaluation.evaluation:metric_call:77 - metric_func_name exact_match score 1.0 msg exact match, response: 4.2, target: 4.2
2026-08-08 22:02:17.067 | DEBUG    | eval.evaluation.evaluation:metric_call:77 - metric_func_name exact_match score 1.0 msg exact match, response: 4.4, target: 4.4
2026-08-08 22:02:17.067 | DEBUG    | eval.evaluation.evaluation:metric_call:77 - metric_func_name exact_match score 1.0 msg exact match, response: 4.2, target: 4.2
2026-08-08 22:02:17.067 | DEBUG    | eval.evaluation.evaluation:metric_call:77 - metric_func_name exact_match score 1.0 msg exact match, response: 2.5, target: 2.5
2026-08-08 22:02:17.067 | DEBUG    | eval.evaluation.evaluation:metric_call:77 - metric_func_name exact_match score 1.0 msg exact match, response: 3.2, target: 3.2
2026-08-08 22:02:17.067 | DEBUG    | eval.evaluation.evaluation:metric_call:77 - metric_func_name exact_match score 1.0 msg exact match, response: 3.2, target: 3.2
2026-08-08 22:02:17.067 | DEBUG    | eval.evaluation.evaluation:metric_call:77 - metric_func_name exact_match score 1.0 msg exact match, response: 4.0, target: 4.0
2026-08-08 22:02:17.067 | DEBUG    | eval.evaluation.evaluation:metric_call:77 - metric_func_name exact_match score 1.0 msg exact match, response: 4.2, target: 4.2
2026-08-08 22:02:17.068 | DEBUG    | eval.evaluation.evaluation:evaluate_single_query:321 - wide2deep_ws_en_091, col corefrequency(ghz), metric_func_name exact_match, score [1.0, 1.0, 1.0, 1.0, 1.0, 1.0, 1.0, 1.0, 1.0, 1.0, 1.0, 1.0, 1.0, 1.0, 1.0, 1.0, 1.0, 1.0, 1.0, 1.0, 1.0, 1.0, 1.0, 1.0, 1.0, 1.0, 1.0, 1.0, 1.0, 1.0, 1.0, 1.0, 1.0, 1.0, 1.0, 1.0, 1.0, 1.0, 1.0, 1.0, 1.0, 1.0, 1.0, 1.0, 1.0, 1.0, 1.0, 1.0, 1.0, 1.0, 1.0, 1.0, 1.0, 1.0, 1.0, 1.0, 1.0, 1.0, 1.0]
2026-08-08 22:02:17.068 | DEBUG    | eval.evaluation.evaluation:metric_call:77 - metric_func_name exact_match score 1.0 msg exact match, response: 4, target: 4
2026-08-08 22:02:17.068 | DEBUG    | eval.evaluation.evaluation:metric_call:77 - metric_func_name exact_match score 1.0 msg exact match, response: 4, target: 4
2026-08-08 22:02:17.068 | DEBUG    | eval.evaluation.evaluation:metric_call:77 - metric_func_name exact_match score 1.0 msg exact match, response: 4, target: 4
2026-08-08 22:02:17.068 | DEBUG    | eval.evaluation.evaluation:metric_call:77 - metric_func_name exact_match score 1.0 msg exact match, response: 3, target: 3
2026-08-08 22:02:17.069 | DEBUG    | eval.evaluation.evaluation:metric_call:77 - metric_func_name exact_match score 1.0 msg exact match, response: 3, target: 3
2026-08-08 22:02:17.069 | DEBUG    | eval.evaluation.evaluation:metric_call:77 - metric_func_name exact_match score 1.0 msg exact match, response: 2, target: 2
2026-08-08 22:02:17.069 | DEBUG    | eval.evaluation.evaluation:metric_call:77 - metric_func_name exact_match score 1.0 msg exact match, response: 2, target: 2
2026-08-08 22:02:17.069 | DEBUG    | eval.evaluation.evaluation:metric_call:77 - metric_func_name exact_match score 1.0 msg exact match, response: 2, target: 2
2026-08-08 22:02:17.069 | DEBUG    | eval.evaluation.evaluation:metric_call:77 - metric_func_name exact_match score 1.0 msg exact match, response: 2, target: 2
2026-08-08 22:02:17.069 | DEBUG    | eval.evaluation.evaluation:metric_call:77 - metric_func_name exact_match score 1.0 msg exact match, response: 8, target: 8
2026-08-08 22:02:17.069 | DEBUG    | eval.evaluation.evaluation:metric_call:77 - metric_func_name exact_match score 1.0 msg exact match, response: 6, target: 6
2026-08-08 22:02:17.069 | DEBUG    | eval.evaluation.evaluation:metric_call:77 - metric_func_name exact_match score 1.0 msg exact match, response: 4, target: 4
2026-08-08 22:02:17.069 | DEBUG    | eval.evaluation.evaluation:metric_call:77 - metric_func_name exact_match score 1.0 msg exact match, response: 4, target: 4
2026-08-08 22:02:17.069 | DEBUG    | eval.evaluation.evaluation:metric_call:77 - metric_func_name exact_match score 1.0 msg exact match, response: 4, target: 4
2026-08-08 22:02:17.069 | DEBUG    | eval.evaluation.evaluation:metric_call:77 - metric_func_name exact_match score 1.0 msg exact match, response: 3, target: 3
2026-08-08 22:02:17.069 | DEBUG    | eval.evaluation.evaluation:metric_call:77 - metric_func_name exact_match score 1.0 msg exact match, response: 3, target: 3
2026-08-08 22:02:17.069 | DEBUG    | eval.evaluation.evaluation:metric_call:77 - metric_func_name exact_match score 1.0 msg exact match, response: 16, target: 16
2026-08-08 22:02:17.069 | DEBUG    | eval.evaluation.evaluation:metric_call:77 - metric_func_name exact_match score 1.0 msg exact match, response: 8, target: 8
2026-08-08 22:02:17.069 | DEBUG    | eval.evaluation.evaluation:metric_call:77 - metric_func_name exact_match score 1.0 msg exact match, response: 12, target: 12
2026-08-08 22:02:17.069 | DEBUG    | eval.evaluation.evaluation:metric_call:77 - metric_func_name exact_match score 1.0 msg exact match, response: 6, target: 6
2026-08-08 22:02:17.069 | DEBUG    | eval.evaluation.evaluation:metric_call:77 - metric_func_name exact_match score 1.0 msg exact match, response: 6, target: 6
2026-08-08 22:02:17.069 | DEBUG    | eval.evaluation.evaluation:metric_call:77 - metric_func_name exact_match score 1.0 msg exact match, response: 4, target: 4
2026-08-08 22:02:17.069 | DEBUG    | eval.evaluation.evaluation:metric_call:77 - metric_func_name exact_match score 1.0 msg exact match, response: 4, target: 4
2026-08-08 22:02:17.069 | DEBUG    | eval.evaluation.evaluation:metric_call:77 - metric_func_name exact_match score 1.0 msg exact match, response: 3, target: 3
2026-08-08 22:02:17.069 | DEBUG    | eval.evaluation.evaluation:metric_call:77 - metric_func_name exact_match score 1.0 msg exact match, response: 3, target: 3
2026-08-08 22:02:17.069 | DEBUG    | eval.evaluation.evaluation:metric_call:77 - metric_func_name exact_match score 1.0 msg exact match, response: 16, target: 16
2026-08-08 22:02:17.069 | DEBUG    | eval.evaluation.evaluation:metric_call:77 - metric_func_name exact_match score 1.0 msg exact match, response: 12, target: 12
2026-08-08 22:02:17.069 | DEBUG    | eval.evaluation.evaluation:metric_call:77 - metric_func_name exact_match score 1.0 msg exact match, response: 8, target: 8
2026-08-08 22:02:17.069 | DEBUG    | eval.evaluation.evaluation:metric_call:77 - metric_func_name exact_match score 1.0 msg exact match, response: 32, target: 32
2026-08-08 22:02:17.069 | DEBUG    | eval.evaluation.evaluation:metric_call:77 - metric_func_name exact_match score 1.0 msg exact match, response: 2, target: 2
2026-08-08 22:02:17.069 | DEBUG    | eval.evaluation.evaluation:metric_call:77 - metric_func_name exact_match score 1.0 msg exact match, response: 2, target: 2
2026-08-08 22:02:17.069 | DEBUG    | eval.evaluation.evaluation:metric_call:77 - metric_func_name exact_match score 1.0 msg exact match, response: 6, target: 6
2026-08-08 22:02:17.069 | DEBUG    | eval.evaluation.evaluation:metric_call:77 - metric_func_name exact_match score 1.0 msg exact match, response: 4, target: 4
2026-08-08 22:02:17.070 | DEBUG    | eval.evaluation.evaluation:metric_call:77 - metric_func_name exact_match score 1.0 msg exact match, response: 3, target: 3
2026-08-08 22:02:17.070 | DEBUG    | eval.evaluation.evaluation:metric_call:77 - metric_func_name exact_match score 1.0 msg exact match, response: 8, target: 8
2026-08-08 22:02:17.070 | DEBUG    | eval.evaluation.evaluation:metric_call:77 - metric_func_name exact_match score 1.0 msg exact match, response: 6, target: 6
2026-08-08 22:02:17.070 | DEBUG    | eval.evaluation.evaluation:metric_call:77 - metric_func_name exact_match score 1.0 msg exact match, response: 4, target: 4
2026-08-08 22:02:17.070 | DEBUG    | eval.evaluation.evaluation:metric_call:77 - metric_func_name exact_match score 1.0 msg exact match, response: 3, target: 3
2026-08-08 22:02:17.070 | DEBUG    | eval.evaluation.evaluation:metric_call:77 - metric_func_name exact_match score 1.0 msg exact match, response: 4, target: 4
2026-08-08 22:02:17.070 | DEBUG    | eval.evaluation.evaluation:metric_call:77 - metric_func_name exact_match score 1.0 msg exact match, response: 3, target: 3
2026-08-08 22:02:17.070 | DEBUG    | eval.evaluation.evaluation:metric_call:77 - metric_func_name exact_match score 1.0 msg exact match, response: 4, target: 4
2026-08-08 22:02:17.070 | DEBUG    | eval.evaluation.evaluation:metric_call:77 - metric_func_name exact_match score 1.0 msg exact match, response: 3, target: 3
2026-08-08 22:02:17.070 | DEBUG    | eval.evaluation.evaluation:metric_call:77 - metric_func_name exact_match score 1.0 msg exact match, response: 3, target: 3
2026-08-08 22:02:17.070 | DEBUG    | eval.evaluation.evaluation:metric_call:77 - metric_func_name exact_match score 1.0 msg exact match, response: 4, target: 4
2026-08-08 22:02:17.070 | DEBUG    | eval.evaluation.evaluation:metric_call:77 - metric_func_name exact_match score 1.0 msg exact match, response: 16, target: 16
2026-08-08 22:02:17.070 | DEBUG    | eval.evaluation.evaluation:metric_call:77 - metric_func_name exact_match score 1.0 msg exact match, response: 12, target: 12
2026-08-08 22:02:17.070 | DEBUG    | eval.evaluation.evaluation:metric_call:77 - metric_func_name exact_match score 1.0 msg exact match, response: 8, target: 8
2026-08-08 22:02:17.070 | DEBUG    | eval.evaluation.evaluation:metric_call:77 - metric_func_name exact_match score 1.0 msg exact match, response: 6, target: 6
2026-08-08 22:02:17.070 | DEBUG    | eval.evaluation.evaluation:metric_call:77 - metric_func_name exact_match score 1.0 msg exact match, response: 12, target: 12
2026-08-08 22:02:17.070 | DEBUG    | eval.evaluation.evaluation:metric_call:77 - metric_func_name exact_match score 1.0 msg exact match, response: 8, target: 8
2026-08-08 22:02:17.070 | DEBUG    | eval.evaluation.evaluation:metric_call:77 - metric_func_name exact_match score 1.0 msg exact match, response: 6, target: 6
2026-08-08 22:02:17.070 | DEBUG    | eval.evaluation.evaluation:metric_call:77 - metric_func_name exact_match score 1.0 msg exact match, response: 16, target: 16
2026-08-08 22:02:17.070 | DEBUG    | eval.evaluation.evaluation:metric_call:77 - metric_func_name exact_match score 1.0 msg exact match, response: 12, target: 12
2026-08-08 22:02:17.070 | DEBUG    | eval.evaluation.evaluation:metric_call:77 - metric_func_name exact_match score 1.0 msg exact match, response: 8, target: 8
2026-08-08 22:02:17.070 | DEBUG    | eval.evaluation.evaluation:metric_call:77 - metric_func_name exact_match score 1.0 msg exact match, response: 96, target: 96
2026-08-08 22:02:17.070 | DEBUG    | eval.evaluation.evaluation:metric_call:77 - metric_func_name exact_match score 1.0 msg exact match, response: 64, target: 64
2026-08-08 22:02:17.070 | DEBUG    | eval.evaluation.evaluation:metric_call:77 - metric_func_name exact_match score 1.0 msg exact match, response: 64, target: 64
2026-08-08 22:02:17.070 | DEBUG    | eval.evaluation.evaluation:metric_call:77 - metric_func_name exact_match score 1.0 msg exact match, response: 32, target: 32
2026-08-08 22:02:17.070 | DEBUG    | eval.evaluation.evaluation:metric_call:77 - metric_func_name exact_match score 1.0 msg exact match, response: 24, target: 24
2026-08-08 22:02:17.071 | DEBUG    | eval.evaluation.evaluation:evaluate_single_query:321 - wide2deep_ws_en_091, col l2cache(mb), metric_func_name exact_match, score [1.0, 1.0, 1.0, 1.0, 1.0, 1.0, 1.0, 1.0, 1.0, 1.0, 1.0, 1.0, 1.0, 1.0, 1.0, 1.0, 1.0, 1.0, 1.0, 1.0, 1.0, 1.0, 1.0, 1.0, 1.0, 1.0, 1.0, 1.0, 1.0, 1.0, 1.0, 1.0, 1.0, 1.0, 1.0, 1.0, 1.0, 1.0, 1.0, 1.0, 1.0, 1.0, 1.0, 1.0, 1.0, 1.0, 1.0, 1.0, 1.0, 1.0, 1.0, 1.0, 1.0, 1.0, 1.0, 1.0, 1.0, 1.0, 1.0]
2026-08-08 22:02:17.071 | DEBUG    | eval.evaluation.evaluation:metric_call:77 - metric_func_name exact_match score 0.0 msg exact not match, response: 16, target: 16.0
2026-08-08 22:02:17.071 | DEBUG    | eval.evaluation.evaluation:metric_call:77 - metric_func_name exact_match score 0.0 msg exact not match, response: 16, target: 16.0
2026-08-08 22:02:17.071 | DEBUG    | eval.evaluation.evaluation:metric_call:77 - metric_func_name exact_match score 0.0 msg exact not match, response: 16, target: 16.0
2026-08-08 22:02:17.071 | DEBUG    | eval.evaluation.evaluation:metric_call:77 - metric_func_name exact_match score 0.0 msg exact not match, response: 16, target: 16.0
2026-08-08 22:02:17.071 | DEBUG    | eval.evaluation.evaluation:metric_call:77 - metric_func_name exact_match score 0.0 msg exact not match, response: 16, target: 16.0
2026-08-08 22:02:17.071 | DEBUG    | eval.evaluation.evaluation:metric_call:77 - metric_func_name exact_match score 0.0 msg exact not match, response: 16, target: 16.0
2026-08-08 22:02:17.071 | DEBUG    | eval.evaluation.evaluation:metric_call:77 - metric_func_name exact_match score 0.0 msg exact not match, response: 8, target: 8.0
2026-08-08 22:02:17.071 | DEBUG    | eval.evaluation.evaluation:metric_call:77 - metric_func_name exact_match score 0.0 msg exact not match, response: 8, target: 8.0
2026-08-08 22:02:17.071 | DEBUG    | eval.evaluation.evaluation:metric_call:77 - metric_func_name exact_match score 0.0 msg exact not match, response: 8, target: 8.0
2026-08-08 22:02:17.071 | DEBUG    | eval.evaluation.evaluation:metric_call:77 - metric_func_name exact_match score 0.0 msg exact not match, response: 32, target: 32.0
2026-08-08 22:02:17.071 | DEBUG    | eval.evaluation.evaluation:metric_call:77 - metric_func_name exact_match score 0.0 msg exact not match, response: 32, target: 32.0
2026-08-08 22:02:17.071 | DEBUG    | eval.evaluation.evaluation:metric_call:77 - metric_func_name exact_match score 0.0 msg exact not match, response: 16, target: 16.0
2026-08-08 22:02:17.072 | DEBUG    | eval.evaluation.evaluation:metric_call:77 - metric_func_name exact_match score 0.0 msg exact not match, response: 16, target: 16.0
2026-08-08 22:02:17.072 | DEBUG    | eval.evaluation.evaluation:metric_call:77 - metric_func_name exact_match score 0.0 msg exact not match, response: 16, target: 16.0
2026-08-08 22:02:17.072 | DEBUG    | eval.evaluation.evaluation:metric_call:77 - metric_func_name exact_match score 0.0 msg exact not match, response: 16, target: 16.0
2026-08-08 22:02:17.072 | DEBUG    | eval.evaluation.evaluation:metric_call:77 - metric_func_name exact_match score 0.0 msg exact not match, response: 16, target: 16.0
2026-08-08 22:02:17.072 | DEBUG    | eval.evaluation.evaluation:metric_call:77 - metric_func_name exact_match score 0.0 msg exact not match, response: 64, target: 64.0
2026-08-08 22:02:17.072 | DEBUG    | eval.evaluation.evaluation:metric_call:77 - metric_func_name exact_match score 0.0 msg exact not match, response: 32, target: 32.0
2026-08-08 22:02:17.072 | DEBUG    | eval.evaluation.evaluation:metric_call:77 - metric_func_name exact_match score 0.0 msg exact not match, response: 64, target: 64.0
2026-08-08 22:02:17.072 | DEBUG    | eval.evaluation.evaluation:metric_call:77 - metric_func_name exact_match score 0.0 msg exact not match, response: 32, target: 32.0
2026-08-08 22:02:17.072 | DEBUG    | eval.evaluation.evaluation:metric_call:77 - metric_func_name exact_match score 0.0 msg exact not match, response: 64, target: 64.0
2026-08-08 22:02:17.072 | DEBUG    | eval.evaluation.evaluation:metric_call:77 - metric_func_name exact_match score 0.0 msg exact not match, response: 32, target: 32.0
2026-08-08 22:02:17.072 | DEBUG    | eval.evaluation.evaluation:metric_call:77 - metric_func_name exact_match score 0.0 msg exact not match, response: 32, target: 32.0
2026-08-08 22:02:17.072 | DEBUG    | eval.evaluation.evaluation:metric_call:77 - metric_func_name exact_match score 0.0 msg exact not match, response: 32, target: 32.0
2026-08-08 22:02:17.072 | DEBUG    | eval.evaluation.evaluation:metric_call:77 - metric_func_name exact_match score 0.0 msg exact not match, response: 32, target: 32.0
2026-08-08 22:02:17.072 | DEBUG    | eval.evaluation.evaluation:metric_call:77 - metric_func_name exact_match score 0.0 msg exact not match, response: 128, target: 128.0
2026-08-08 22:02:17.072 | DEBUG    | eval.evaluation.evaluation:metric_call:77 - metric_func_name exact_match score 0.0 msg exact not match, response: 128, target: 128.0
2026-08-08 22:02:17.072 | DEBUG    | eval.evaluation.evaluation:metric_call:77 - metric_func_name exact_match score 0.0 msg exact not match, response: 64, target: 64.0
2026-08-08 22:02:17.072 | DEBUG    | eval.evaluation.evaluation:metric_call:77 - metric_func_name exact_match score 0.0 msg exact not match, response: 256, target: 256.0
2026-08-08 22:02:17.072 | DEBUG    | eval.evaluation.evaluation:metric_call:77 - metric_func_name exact_match score 0.0 msg exact not match, response: 16, target: 16.0
2026-08-08 22:02:17.072 | DEBUG    | eval.evaluation.evaluation:metric_call:77 - metric_func_name exact_match score 0.0 msg exact not match, response: 16, target: 16.0
2026-08-08 22:02:17.072 | DEBUG    | eval.evaluation.evaluation:metric_call:77 - metric_func_name exact_match score 0.0 msg exact not match, response: 64, target: 64.0
2026-08-08 22:02:17.072 | DEBUG    | eval.evaluation.evaluation:metric_call:77 - metric_func_name exact_match score 0.0 msg exact not match, response: 32, target: 32.0
2026-08-08 22:02:17.072 | DEBUG    | eval.evaluation.evaluation:metric_call:77 - metric_func_name exact_match score 0.0 msg exact not match, response: 32, target: 32.0
2026-08-08 22:02:17.072 | DEBUG    | eval.evaluation.evaluation:metric_call:77 - metric_func_name exact_match score 0.0 msg exact not match, response: 64, target: 64.0
2026-08-08 22:02:17.072 | DEBUG    | eval.evaluation.evaluation:metric_call:77 - metric_func_name exact_match score 0.0 msg exact not match, response: 64, target: 64.0
2026-08-08 22:02:17.072 | DEBUG    | eval.evaluation.evaluation:metric_call:77 - metric_func_name exact_match score 0.0 msg exact not match, response: 32, target: 32.0
2026-08-08 22:02:17.072 | DEBUG    | eval.evaluation.evaluation:metric_call:77 - metric_func_name exact_match score 0.0 msg exact not match, response: 32, target: 32.0
2026-08-08 22:02:17.072 | DEBUG    | eval.evaluation.evaluation:metric_call:77 - metric_func_name exact_match score 0.0 msg exact not match, response: 16, target: 16.0
2026-08-08 22:02:17.072 | DEBUG    | eval.evaluation.evaluation:metric_call:77 - metric_func_name exact_match score 0.0 msg exact not match, response: 16, target: 16.0
2026-08-08 22:02:17.072 | DEBUG    | eval.evaluation.evaluation:metric_call:77 - metric_func_name exact_match score 0.0 msg exact not match, response: 32, target: 32.0
2026-08-08 22:02:17.072 | DEBUG    | eval.evaluation.evaluation:metric_call:77 - metric_func_name exact_match score 0.0 msg exact not match, response: 32, target: 32.0
2026-08-08 22:02:17.072 | DEBUG    | eval.evaluation.evaluation:metric_call:77 - metric_func_name exact_match score 0.0 msg exact not match, response: 16, target: 16.0
2026-08-08 22:02:17.073 | DEBUG    | eval.evaluation.evaluation:metric_call:77 - metric_func_name exact_match score 0.0 msg exact not match, response: 96, target: 96.0
2026-08-08 22:02:17.073 | DEBUG    | eval.evaluation.evaluation:metric_call:77 - metric_func_name exact_match score 0.0 msg exact not match, response: 64, target: 64.0
2026-08-08 22:02:17.073 | DEBUG    | eval.evaluation.evaluation:metric_call:77 - metric_func_name exact_match score 0.0 msg exact not match, response: 64, target: 64.0
2026-08-08 22:02:17.073 | DEBUG    | eval.evaluation.evaluation:metric_call:77 - metric_func_name exact_match score 0.0 msg exact not match, response: 32, target: 32.0
2026-08-08 22:02:17.073 | DEBUG    | eval.evaluation.evaluation:metric_call:77 - metric_func_name exact_match score 0.0 msg exact not match, response: 32, target: 32.0
2026-08-08 22:02:17.073 | DEBUG    | eval.evaluation.evaluation:metric_call:77 - metric_func_name exact_match score 0.0 msg exact not match, response: 64, target: 64.0
2026-08-08 22:02:17.073 | DEBUG    | eval.evaluation.evaluation:metric_call:77 - metric_func_name exact_match score 0.0 msg exact not match, response: 32, target: 32.0
2026-08-08 22:02:17.073 | DEBUG    | eval.evaluation.evaluation:metric_call:77 - metric_func_name exact_match score 0.0 msg exact not match, response: 32, target: 32.0
2026-08-08 22:02:17.073 | DEBUG    | eval.evaluation.evaluation:metric_call:77 - metric_func_name exact_match score 0.0 msg exact not match, response: 128, target: 128.0
2026-08-08 22:02:17.073 | DEBUG    | eval.evaluation.evaluation:metric_call:77 - metric_func_name exact_match score 0.0 msg exact not match, response: 128, target: 128.0
2026-08-08 22:02:17.073 | DEBUG    | eval.evaluation.evaluation:metric_call:77 - metric_func_name exact_match score 0.0 msg exact not match, response: 96, target: 96.0
2026-08-08 22:02:17.073 | DEBUG    | eval.evaluation.evaluation:metric_call:77 - metric_func_name exact_match score 0.0 msg exact not match, response: 384, target: 384.0
2026-08-08 22:02:17.073 | DEBUG    | eval.evaluation.evaluation:metric_call:77 - metric_func_name exact_match score 0.0 msg exact not match, response: 256, target: 256.0
2026-08-08 22:02:17.073 | DEBUG    | eval.evaluation.evaluation:metric_call:77 - metric_func_name exact_match score 0.0 msg exact not match, response: 256, target: 256.0
2026-08-08 22:02:17.073 | DEBUG    | eval.evaluation.evaluation:metric_call:77 - metric_func_name exact_match score 0.0 msg exact not match, response: 128, target: 128.0
2026-08-08 22:02:17.073 | DEBUG    | eval.evaluation.evaluation:metric_call:77 - metric_func_name exact_match score 0.0 msg exact not match, response: 128, target: 128.0
2026-08-08 22:02:17.074 | DEBUG    | eval.evaluation.evaluation:evaluate_single_query:321 - wide2deep_ws_en_091, col l3cache(mb), metric_func_name exact_match, score [0.0, 0.0, 0.0, 0.0, 0.0, 0.0, 0.0, 0.0, 0.0, 0.0, 0.0, 0.0, 0.0, 0.0, 0.0, 0.0, 0.0, 0.0, 0.0, 0.0, 0.0, 0.0, 0.0, 0.0, 0.0, 0.0, 0.0, 0.0, 0.0, 0.0, 0.0, 0.0, 0.0, 0.0, 0.0, 0.0, 0.0, 0.0, 0.0, 0.0, 0.0, 0.0, 0.0, 0.0, 0.0, 0.0, 0.0, 0.0, 0.0, 0.0, 0.0, 0.0, 0.0, 0.0, 0.0, 0.0, 0.0, 0.0, 0.0]
2026-08-08 22:02:22.739 | DEBUG    | eval.evaluation.evaluation:evaluate_single_query:321 - wide2deep_ws_en_091, col graphicsmodel, metric_func_name llm_judge, score [0, 0, 0, 0, 0, 0, 0, 0, 0, 0, 0, 0, 0, 0, 0, 0, 0, 0, 0, 0, 0, 0, 0, 0, 0, 0, 0, 0, 0, 0, 0, 0, 0, 0, 0, 0, 0, 0, 1, 1, 0, 0, 0, 0, 1, 1, 1, 1, 1, 1, 1, 1, 1, 1, 0, 0, 0, 0, 0]
2026-08-08 22:02:22.739 | DEBUG    | eval.evaluation.evaluation:metric_call:77 - metric_func_name exact_match score 0.0 msg exact not match, response: 0, target: nan
2026-08-08 22:02:22.739 | DEBUG    | eval.evaluation.evaluation:metric_call:77 - metric_func_name exact_match score 0.0 msg exact not match, response: 0, target: nan
2026-08-08 22:02:22.739 | DEBUG    | eval.evaluation.evaluation:metric_call:77 - metric_func_name exact_match score 0.0 msg exact not match, response: 0, target: nan
2026-08-08 22:02:22.739 | DEBUG    | eval.evaluation.evaluation:metric_call:77 - metric_func_name exact_match score 0.0 msg exact not match, response: 0, target: nan
2026-08-08 22:02:22.740 | DEBUG    | eval.evaluation.evaluation:metric_call:77 - metric_func_name exact_match score 0.0 msg exact not match, response: 0, target: nan
2026-08-08 22:02:22.740 | DEBUG    | eval.evaluation.evaluation:metric_call:77 - metric_func_name exact_match score 0.0 msg exact not match, response: 0, target: nan
2026-08-08 22:02:22.740 | DEBUG    | eval.evaluation.evaluation:metric_call:77 - metric_func_name exact_match score 0.0 msg exact not match, response: 0, target: nan
2026-08-08 22:02:22.740 | DEBUG    | eval.evaluation.evaluation:metric_call:77 - metric_func_name exact_match score 0.0 msg exact not match, response: 0, target: nan
2026-08-08 22:02:22.740 | DEBUG    | eval.evaluation.evaluation:metric_call:77 - metric_func_name exact_match score 0.0 msg exact not match, response: 0, target: nan
2026-08-08 22:02:22.740 | DEBUG    | eval.evaluation.evaluation:metric_call:77 - metric_func_name exact_match score 0.0 msg exact not match, response: 0, target: nan
2026-08-08 22:02:22.740 | DEBUG    | eval.evaluation.evaluation:metric_call:77 - metric_func_name exact_match score 0.0 msg exact not match, response: 0, target: nan
2026-08-08 22:02:22.740 | DEBUG    | eval.evaluation.evaluation:metric_call:77 - metric_func_name exact_match score 0.0 msg exact not match, response: 0, target: nan
2026-08-08 22:02:22.740 | DEBUG    | eval.evaluation.evaluation:metric_call:77 - metric_func_name exact_match score 0.0 msg exact not match, response: 0, target: nan
2026-08-08 22:02:22.740 | DEBUG    | eval.evaluation.evaluation:metric_call:77 - metric_func_name exact_match score 0.0 msg exact not match, response: 0, target: nan
2026-08-08 22:02:22.740 | DEBUG    | eval.evaluation.evaluation:metric_call:77 - metric_func_name exact_match score 0.0 msg exact not match, response: 0, target: nan
2026-08-08 22:02:22.740 | DEBUG    | eval.evaluation.evaluation:metric_call:77 - metric_func_name exact_match score 0.0 msg exact not match, response: 0, target: nan
2026-08-08 22:02:22.740 | DEBUG    | eval.evaluation.evaluation:metric_call:77 - metric_func_name exact_match score 0.0 msg exact not match, response: 0, target: nan
2026-08-08 22:02:22.740 | DEBUG    | eval.evaluation.evaluation:metric_call:77 - metric_func_name exact_match score 0.0 msg exact not match, response: 0, target: nan
2026-08-08 22:02:22.740 | DEBUG    | eval.evaluation.evaluation:metric_call:77 - metric_func_name exact_match score 0.0 msg exact not match, response: 0, target: nan
2026-08-08 22:02:22.740 | DEBUG    | eval.evaluation.evaluation:metric_call:77 - metric_func_name exact_match score 0.0 msg exact not match, response: 0, target: nan
2026-08-08 22:02:22.740 | DEBUG    | eval.evaluation.evaluation:metric_call:77 - metric_func_name exact_match score 0.0 msg exact not match, response: 0, target: nan
2026-08-08 22:02:22.740 | DEBUG    | eval.evaluation.evaluation:metric_call:77 - metric_func_name exact_match score 0.0 msg exact not match, response: 0, target: nan
2026-08-08 22:02:22.740 | DEBUG    | eval.evaluation.evaluation:metric_call:77 - metric_func_name exact_match score 0.0 msg exact not match, response: 0, target: nan
2026-08-08 22:02:22.740 | DEBUG    | eval.evaluation.evaluation:metric_call:77 - metric_func_name exact_match score 0.0 msg exact not match, response: 0, target: nan
2026-08-08 22:02:22.740 | DEBUG    | eval.evaluation.evaluation:metric_call:77 - metric_func_name exact_match score 0.0 msg exact not match, response: 0, target: nan
2026-08-08 22:02:22.740 | DEBUG    | eval.evaluation.evaluation:metric_call:77 - metric_func_name exact_match score 0.0 msg exact not match, response: 0, target: nan
2026-08-08 22:02:22.740 | DEBUG    | eval.evaluation.evaluation:metric_call:77 - metric_func_name exact_match score 0.0 msg exact not match, response: 0, target: nan
2026-08-08 22:02:22.740 | DEBUG    | eval.evaluation.evaluation:metric_call:77 - metric_func_name exact_match score 0.0 msg exact not match, response: 0, target: nan
2026-08-08 22:02:22.740 | DEBUG    | eval.evaluation.evaluation:metric_call:77 - metric_func_name exact_match score 0.0 msg exact not match, response: 0, target: nan
2026-08-08 22:02:22.740 | DEBUG    | eval.evaluation.evaluation:metric_call:77 - metric_func_name exact_match score 0.0 msg exact not match, response: 0, target: nan
2026-08-08 22:02:22.740 | DEBUG    | eval.evaluation.evaluation:metric_call:77 - metric_func_name exact_match score 0.0 msg exact not match, response: 0, target: nan
2026-08-08 22:02:22.741 | DEBUG    | eval.evaluation.evaluation:metric_call:77 - metric_func_name exact_match score 0.0 msg exact not match, response: 0, target: nan
2026-08-08 22:02:22.741 | DEBUG    | eval.evaluation.evaluation:metric_call:77 - metric_func_name exact_match score 0.0 msg exact not match, response: 0, target: nan
2026-08-08 22:02:22.741 | DEBUG    | eval.evaluation.evaluation:metric_call:77 - metric_func_name exact_match score 0.0 msg exact not match, response: 0, target: nan
2026-08-08 22:02:22.741 | DEBUG    | eval.evaluation.evaluation:metric_call:77 - metric_func_name exact_match score 0.0 msg exact not match, response: 0, target: nan
2026-08-08 22:02:22.741 | DEBUG    | eval.evaluation.evaluation:metric_call:77 - metric_func_name exact_match score 0.0 msg exact not match, response: 0, target: nan
2026-08-08 22:02:22.741 | DEBUG    | eval.evaluation.evaluation:metric_call:77 - metric_func_name exact_match score 0.0 msg exact not match, response: 0, target: nan
2026-08-08 22:02:22.741 | DEBUG    | eval.evaluation.evaluation:metric_call:77 - metric_func_name exact_match score 0.0 msg exact not match, response: 0, target: nan
2026-08-08 22:02:22.741 | DEBUG    | eval.evaluation.evaluation:metric_call:77 - metric_func_name exact_match score 0.0 msg exact not match, response: 8, target: 8.0
2026-08-08 22:02:22.741 | DEBUG    | eval.evaluation.evaluation:metric_call:77 - metric_func_name exact_match score 0.0 msg exact not match, response: 7, target: 7.0
2026-08-08 22:02:22.741 | DEBUG    | eval.evaluation.evaluation:metric_call:77 - metric_func_name exact_match score 0.0 msg exact not match, response: 0, target: nan
2026-08-08 22:02:22.741 | DEBUG    | eval.evaluation.evaluation:metric_call:77 - metric_func_name exact_match score 0.0 msg exact not match, response: 0, target: nan
2026-08-08 22:02:22.741 | DEBUG    | eval.evaluation.evaluation:metric_call:77 - metric_func_name exact_match score 0.0 msg exact not match, response: 0, target: nan
2026-08-08 22:02:22.741 | DEBUG    | eval.evaluation.evaluation:metric_call:77 - metric_func_name exact_match score 0.0 msg exact not match, response: 0, target: nan
2026-08-08 22:02:22.741 | DEBUG    | eval.evaluation.evaluation:metric_call:77 - metric_func_name exact_match score 0.0 msg exact not match, response: 2, target: 2.0
2026-08-08 22:02:22.741 | DEBUG    | eval.evaluation.evaluation:metric_call:77 - metric_func_name exact_match score 0.0 msg exact not match, response: 2, target: 2.0
2026-08-08 22:02:22.741 | DEBUG    | eval.evaluation.evaluation:metric_call:77 - metric_func_name exact_match score 0.0 msg exact not match, response: 2, target: 2.0
2026-08-08 22:02:22.741 | DEBUG    | eval.evaluation.evaluation:metric_call:77 - metric_func_name exact_match score 0.0 msg exact not match, response: 2, target: 2.0
2026-08-08 22:02:22.741 | DEBUG    | eval.evaluation.evaluation:metric_call:77 - metric_func_name exact_match score 0.0 msg exact not match, response: 2, target: 2.0
2026-08-08 22:02:22.741 | DEBUG    | eval.evaluation.evaluation:metric_call:77 - metric_func_name exact_match score 0.0 msg exact not match, response: 2, target: 2.0
2026-08-08 22:02:22.741 | DEBUG    | eval.evaluation.evaluation:metric_call:77 - metric_func_name exact_match score 0.0 msg exact not match, response: 2, target: 2.0
2026-08-08 22:02:22.741 | DEBUG    | eval.evaluation.evaluation:metric_call:77 - metric_func_name exact_match score 0.0 msg exact not match, response: 2, target: 2.0
2026-08-08 22:02:22.741 | DEBUG    | eval.evaluation.evaluation:metric_call:77 - metric_func_name exact_match score 0.0 msg exact not match, response: 2, target: 2.0
2026-08-08 22:02:22.741 | DEBUG    | eval.evaluation.evaluation:metric_call:77 - metric_func_name exact_match score 0.0 msg exact not match, response: 2, target: 2.0
2026-08-08 22:02:22.741 | DEBUG    | eval.evaluation.evaluation:metric_call:77 - metric_func_name exact_match score 0.0 msg exact not match, response: 0, target: nan
2026-08-08 22:02:22.741 | DEBUG    | eval.evaluation.evaluation:metric_call:77 - metric_func_name exact_match score 0.0 msg exact not match, response: 0, target: nan
2026-08-08 22:02:22.741 | DEBUG    | eval.evaluation.evaluation:metric_call:77 - metric_func_name exact_match score 0.0 msg exact not match, response: 0, target: nan
2026-08-08 22:02:22.741 | DEBUG    | eval.evaluation.evaluation:metric_call:77 - metric_func_name exact_match score 0.0 msg exact not match, response: 0, target: nan
2026-08-08 22:02:22.741 | DEBUG    | eval.evaluation.evaluation:metric_call:77 - metric_func_name exact_match score 0.0 msg exact not match, response: 0, target: nan
2026-08-08 22:02:22.742 | DEBUG    | eval.evaluation.evaluation:evaluate_single_query:321 - wide2deep_ws_en_091, col numberofgraphicscores, metric_func_name exact_match, score [0.0, 0.0, 0.0, 0.0, 0.0, 0.0, 0.0, 0.0, 0.0, 0.0, 0.0, 0.0, 0.0, 0.0, 0.0, 0.0, 0.0, 0.0, 0.0, 0.0, 0.0, 0.0, 0.0, 0.0, 0.0, 0.0, 0.0, 0.0, 0.0, 0.0, 0.0, 0.0, 0.0, 0.0, 0.0, 0.0, 0.0, 0.0, 0.0, 0.0, 0.0, 0.0, 0.0, 0.0, 0.0, 0.0, 0.0, 0.0, 0.0, 0.0, 0.0, 0.0, 0.0, 0.0, 0.0, 0.0, 0.0, 0.0, 0.0]
2026-08-08 22:02:22.757 | INFO     | eval.evaluation.evaluation:evaluate_single_query:380 - wide2deep_ws_en_091, P/R/F1 by unique_columns: 0.8429/0.1782/0.2943
2026-08-08 22:02:22.758 | INFO     | eval.evaluation.evaluation:evaluate_single_query:383 - wide2deep_ws_en_091, P/R/F1 by row: 0.0000/0.0000/0.0000
2026-08-08 22:02:22.758 | INFO     | eval.evaluation.evaluation:evaluate_single_query:386 - wide2deep_ws_en_091, P/R/F1 by item: 0.4857/0.1027/0.1696
2026-08-08 22:02:22.769 | INFO     | eval.evaluation.evaluation:evaluate_single_query:398 - wide2deep_ws_en_091, final table score: 0.0
{"event": "eval_done", "idx": 1, "instance_id": "wide2deep_ws_en_091", "score": 0.0, "entity_acc": 1.0, "f1_by_row": 0.0, "f1_by_item": 0.16957605985037408, "column_f1": 0.29426433915211964, "error": null, "elapsed_seconds": 41.967, "running_n": 1}
2026-08-08 22:02:26.530 | DEBUG    | eval.evaluation.data_loader:extract_dataframe:167 - find markdown_str 
| Event | Primary State Affected | Death Toll | Acres Burned |  ...
2026-08-08 22:02:29.693 | INFO     | eval.evaluation.metric_utils:primary_key_preprocess:246 - primary_key_preprocess result: ```json
{
  "2003-10": "2003-10",
  "2013-06": "2013-06",
  "2017-10": "2017-10",
  "2018-11": "2018-11",
  "2020-08": "2020-08",
  "2023-08": "2023-08"
}
```
2026-08-08 22:02:29.694 | INFO     | eval.evaluation.evaluation:evaluate_single_query:223 - col: startmonth, primary_key_map {'2003-10': '2003-10', '2013-06': '2013-06', '2017-10': '2017-10', '2018-11': '2018-11', '2020-08': '2020-08', '2023-08': '2023-08'}
2026-08-08 22:02:29.701 | INFO     | eval.evaluation.evaluation:evaluate_single_query:275 - wide2deep_ws_en_099, df_inner shape: (6, 14), answer_df shape: (11, 7), response_df shape: (7, 8)
2026-08-08 22:02:33.604 | DEBUG    | eval.evaluation.evaluation:evaluate_single_query:321 - wide2deep_ws_en_099, col event, metric_func_name llm_judge, score [1, 1, 0, 1, 1, 1]
2026-08-08 22:02:37.076 | DEBUG    | eval.evaluation.evaluation:evaluate_single_query:321 - wide2deep_ws_en_099, col primarystateaffected, metric_func_name llm_judge, score [1, 1, 1, 1, 1, 1]
2026-08-08 22:02:37.077 | DEBUG    | eval.evaluation.evaluation:metric_call:77 - metric_func_name number_near score 1.0 msg number near in range 10.0%, response: 15.0, target: 15.0
2026-08-08 22:02:37.077 | DEBUG    | eval.evaluation.evaluation:metric_call:77 - metric_func_name number_near score 1.0 msg number near in range 10.0%, response: 19.0, target: 19.0
2026-08-08 22:02:37.077 | DEBUG    | eval.evaluation.evaluation:metric_call:77 - metric_func_name number_near score 0.0 msg number not near, response: 22.0, target: 44.0
2026-08-08 22:02:37.077 | DEBUG    | eval.evaluation.evaluation:metric_call:77 - metric_func_name number_near score 1.0 msg number near in range 10.0%, response: 85.0, target: 85.0
2026-08-08 22:02:37.077 | DEBUG    | eval.evaluation.evaluation:metric_call:77 - metric_func_name number_near score 1.0 msg number near in range 10.0%, response: 102.0, target: 102.0
2026-08-08 22:02:37.077 | DEBUG    | eval.evaluation.evaluation:metric_call:77 - metric_func_name number_near score 1.0 msg number near in range 10.0%, response: 16.0, target: 16.0
2026-08-08 22:02:37.078 | DEBUG    | eval.evaluation.evaluation:evaluate_single_query:321 - wide2deep_ws_en_099, col deathtoll, metric_func_name number_near, score [1.0, 1.0, 0.0, 1.0, 1.0, 1.0]
2026-08-08 22:02:37.078 | DEBUG    | eval.evaluation.evaluation:metric_call:77 - metric_func_name number_near score 1.0 msg number near in range 10.0%, response: 273246.0, target: 273246.0
2026-08-08 22:02:37.078 | DEBUG    | eval.evaluation.evaluation:metric_call:77 - metric_func_name number_near score 1.0 msg number near in range 10.0%, response: 8400.0, target: 8400.0
2026-08-08 22:02:37.078 | DEBUG    | eval.evaluation.evaluation:metric_call:77 - metric_func_name number_near score 0.0 msg number not near, response: 36807.0, target: 245000.0
2026-08-08 22:02:37.078 | DEBUG    | eval.evaluation.evaluation:metric_call:77 - metric_func_name number_near score 1.0 msg number near in range 10.0%, response: 153336.0, target: 153336.0
2026-08-08 22:02:37.078 | DEBUG    | eval.evaluation.evaluation:metric_call:77 - metric_func_name number_near score 0.0 msg number not near, response: 2170.0, target: 17000.0
2026-08-08 22:02:37.078 | DEBUG    | eval.evaluation.evaluation:metric_call:77 - metric_func_name number_near score 1.0 msg number near in range 10.0%, response: 318935.0, target: 318935.0
2026-08-08 22:02:37.079 | DEBUG    | eval.evaluation.evaluation:evaluate_single_query:321 - wide2deep_ws_en_099, col acresburned, metric_func_name number_near, score [1.0, 1.0, 0.0, 1.0, 0.0, 1.0]
2026-08-08 22:02:37.079 | DEBUG    | eval.evaluation.evaluation:metric_call:77 - metric_func_name number_near score 1.0 msg number near in range 10.0%, response: 2820.0, target: 2826.0
2026-08-08 22:02:37.079 | DEBUG    | eval.evaluation.evaluation:metric_call:77 - metric_func_name number_near score 1.0 msg number near in range 10.0%, response: 129.0, target: 129.0
2026-08-08 22:02:37.079 | DEBUG    | eval.evaluation.evaluation:metric_call:77 - metric_func_name number_near score 0.0 msg number not near, response: 5636.0, target: 8900.0
2026-08-08 22:02:37.079 | DEBUG    | eval.evaluation.evaluation:metric_call:77 - metric_func_name number_near score 0.0 msg number not near, response: 18804.0, target: 188804.0
2026-08-08 22:02:37.079 | DEBUG    | eval.evaluation.evaluation:metric_call:77 - metric_func_name number_near score 1.0 msg number near in range 10.0%, response: 2207.0, target: 2207.0
2026-08-08 22:02:37.079 | DEBUG    | eval.evaluation.evaluation:metric_call:77 - metric_func_name number_near score 1.0 msg number near in range 10.0%, response: 2352.0, target: 2352.0
2026-08-08 22:02:37.080 | DEBUG    | eval.evaluation.evaluation:evaluate_single_query:321 - wide2deep_ws_en_099, col structuredestroyed, metric_func_name number_near, score [1.0, 1.0, 0.0, 0.0, 1.0, 1.0]
2026-08-08 22:02:37.080 | DEBUG    | eval.evaluation.evaluation:metric_call:77 - metric_func_name number_near score 1.0 msg number near in range 10.0%, response: 1.3, target: 1.3
2026-08-08 22:02:37.080 | DEBUG    | eval.evaluation.evaluation:metric_call:77 - metric_func_name number_near score 0.0 msg number not near, response: 0.664, target: 0.9
2026-08-08 22:02:37.080 | DEBUG    | eval.evaluation.evaluation:metric_call:77 - metric_func_name number_near score 0.0 msg number not near, response: 8.7, target: 14.5
2026-08-08 22:02:37.080 | DEBUG    | eval.evaluation.evaluation:metric_call:77 - metric_func_name number_near score 1.0 msg number near in range 10.0%, response: 16.65, target: 16.6
2026-08-08 22:02:37.080 | DEBUG    | eval.evaluation.evaluation:metric_call:77 - metric_func_name number_near score 1.0 msg number near in range 10.0%, response: 5.5, target: 5.5
2026-08-08 22:02:37.080 | DEBUG    | eval.evaluation.evaluation:metric_call:77 - metric_func_name number_near score 1.0 msg number near in range 10.0%, response: 1.3, target: 1.2
2026-08-08 22:02:37.081 | DEBUG    | eval.evaluation.evaluation:evaluate_single_query:321 - wide2deep_ws_en_099, col damage(billion), metric_func_name number_near, score [1.0, 0.0, 0.0, 1.0, 1.0, 1.0]
2026-08-08 22:02:37.085 | INFO     | eval.evaluation.evaluation:evaluate_single_query:380 - wide2deep_ws_en_099, P/R/F1 by unique_columns: 0.8571/0.5455/0.6667
2026-08-08 22:02:37.085 | INFO     | eval.evaluation.evaluation:evaluate_single_query:383 - wide2deep_ws_en_099, P/R/F1 by row: 0.2857/0.1818/0.2222
2026-08-08 22:02:37.085 | INFO     | eval.evaluation.evaluation:evaluate_single_query:386 - wide2deep_ws_en_099, P/R/F1 by item: 0.6939/0.4416/0.5397
2026-08-08 22:02:37.087 | INFO     | eval.evaluation.evaluation:evaluate_single_query:398 - wide2deep_ws_en_099, final table score: 0.0
{"event": "eval_done", "idx": 2, "instance_id": "wide2deep_ws_en_099", "score": 0.0, "entity_acc": 1.0, "f1_by_row": 0.2222222222222222, "f1_by_item": 0.5396825396825397, "column_f1": 0.6666666666666665, "error": null, "elapsed_seconds": 14.303, "running_n": 2}
2026-08-08 22:02:39.453 | DEBUG    | eval.evaluation.data_loader:extract_dataframe:167 - find markdown_str 
| 年份 | 院校 | 专业组 | 投档线总分 | 本段人数 | 累计人数 |
| --- | --- | --- | --- ...
2026-08-08 22:02:42.275 | INFO     | eval.evaluation.metric_utils:primary_key_preprocess:246 - primary_key_preprocess result: ```json
{
  "2024": "2024",
  "2023": "2023",
  "2022": "2022",
  "2020": "2020"
}
```
2026-08-08 22:02:42.275 | INFO     | eval.evaluation.evaluation:evaluate_single_query:223 - col: 年份, primary_key_map {'2024': '2024', '2023': '2023', '2022': '2022', '2020': '2020'}
2026-08-08 22:02:45.729 | INFO     | eval.evaluation.metric_utils:primary_key_preprocess:246 - primary_key_preprocess result: ```json
{}
```
2026-08-08 22:02:45.730 | INFO     | eval.evaluation.evaluation:evaluate_single_query:223 - col: 院校, primary_key_map {}
2026-08-08 22:02:50.398 | INFO     | eval.evaluation.metric_utils:primary_key_preprocess:246 - primary_key_preprocess result: ```json
{
  "未知": "未知"
}
```
2026-08-08 22:02:50.398 | INFO     | eval.evaluation.evaluation:evaluate_single_query:223 - col: 专业组, primary_key_map {'未知': '未知'}
2026-08-08 22:02:52.119 | INFO     | eval.evaluation.metric_utils:primary_key_preprocess:246 - primary_key_preprocess result: ```json
{}
```
2026-08-08 22:02:52.119 | INFO     | eval.evaluation.evaluation:evaluate_single_query:223 - col: 投档线总分, primary_key_map {}
2026-08-08 22:02:52.133 | INFO     | eval.evaluation.evaluation:evaluate_single_query:275 - wide2deep_ws_zh_008, df_inner shape: (0, 12), answer_df shape: (1452, 6), response_df shape: (4, 10)
2026-08-08 22:02:52.138 | ERROR    | eval.evaluation.evaluation:evaluate_single_query:401 - evaluator error: 
Traceback (most recent call last):
  File "/home/azureuser/workspace-gzy/zyf/deep/external/Marco-Search-Agent/Marco-DeepResearch-Family/DeepWideSearch/eval/evaluation/evaluation.py", line 315, in evaluate_single_query
    df_inner_score[f"{col}_{metric_func_name}"] = (
    ~~~~~~~~~~~~~~^^^^^^^^^^^^^^^^^^^^^^^^^^^^^
  File "/home/azureuser/workspace-gzy/zyf/deep/.venv-eval/lib/python3.12/site-packages/pandas/core/frame.py", line 4312, in __setitem__
    self._set_item_frame_value(key, value)
  File "/home/azureuser/workspace-gzy/zyf/deep/.venv-eval/lib/python3.12/site-packages/pandas/core/frame.py", line 4470, in _set_item_frame_value
    raise ValueError(
ValueError: Cannot set a DataFrame with multiple columns to the single column 本段人数_number_near

{"event": "eval_done", "idx": 3, "instance_id": "wide2deep_ws_zh_008", "score": null, "entity_acc": null, "f1_by_row": null, "f1_by_item": null, "column_f1": null, "error": "RuntimeError: official evaluator reported an internal error", "elapsed_seconds": 15.035, "running_n": 3}
2026-08-08 22:02:53.952 | DEBUG    | eval.evaluation.data_loader:extract_dataframe:167 - find markdown_str 
| 届数 | 奖项名称 | 获奖歌曲/专辑 | 演唱者 |
| --- | --- | --- | --- |
| 第66届  ...
2026-08-08 22:02:56.466 | INFO     | eval.evaluation.metric_utils:primary_key_preprocess:246 - primary_key_preprocess result: ```json
{
  "第66届": "66",
  "第67届": "67"
}
```
2026-08-08 22:02:56.466 | INFO     | eval.evaluation.evaluation:evaluate_single_query:223 - col: 届数, primary_key_map {'第66届': '66', '第67届': '67'}
2026-08-08 22:02:57.943 | INFO     | eval.evaluation.metric_utils:primary_key_preprocess:246 - primary_key_preprocess result: ```json
{
  "Best Rap Performance": "Best Rap Performance",
  "Best Melodic Rap Performance": "Best Melodic Rap Performance",
  "Best Rap Song": "Best Rap Song",
  "Best Rap Album": "Best Rap Album"
}
```
2026-08-08 22:02:57.943 | INFO     | eval.evaluation.evaluation:evaluate_single_query:223 - col: 奖项名称, primary_key_map {'Best Rap Performance': 'Best Rap Performance', 'Best Melodic Rap Performance': 'Best Melodic Rap Performance', 'Best Rap Song': 'Best Rap Song', 'Best Rap Album': 'Best Rap Album'}
2026-08-08 22:02:57.949 | INFO     | eval.evaluation.evaluation:evaluate_single_query:275 - wide2deep_ws_zh_013, df_inner shape: (8, 8), answer_df shape: (124, 4), response_df shape: (8, 6)
2026-08-08 22:03:01.856 | DEBUG    | eval.evaluation.evaluation:evaluate_single_query:321 - wide2deep_ws_zh_013, col 获奖歌曲/专辑, metric_func_name llm_judge, score [1, 0, 1, 1, 1, 1, 1, 1]
2026-08-08 22:03:05.653 | DEBUG    | eval.evaluation.evaluation:evaluate_single_query:321 - wide2deep_ws_zh_013, col 演唱者, metric_func_name llm_judge, score [1, 0, 1, 1, 1, 1, 1, 1]
2026-08-08 22:03:05.657 | INFO     | eval.evaluation.evaluation:evaluate_single_query:380 - wide2deep_ws_zh_013, P/R/F1 by unique_columns: 1.0000/0.0645/0.1212
2026-08-08 22:03:05.657 | INFO     | eval.evaluation.evaluation:evaluate_single_query:383 - wide2deep_ws_zh_013, P/R/F1 by row: 0.8750/0.0565/0.1061
2026-08-08 22:03:05.657 | INFO     | eval.evaluation.evaluation:evaluate_single_query:386 - wide2deep_ws_zh_013, P/R/F1 by item: 0.9375/0.0605/0.1136
2026-08-08 22:03:05.658 | INFO     | eval.evaluation.evaluation:evaluate_single_query:398 - wide2deep_ws_zh_013, final table score: 0.0
{"event": "eval_done", "idx": 4, "instance_id": "wide2deep_ws_zh_013", "score": 0.0, "entity_acc": 1.0, "f1_by_row": 0.10606060606060606, "f1_by_item": 0.11363636363636363, "column_f1": 0.12121212121212122, "error": null, "elapsed_seconds": 13.5, "running_n": 4}
2026-08-08 22:03:07.305 | DEBUG    | eval.evaluation.data_loader:extract_dataframe:167 - find markdown_str 
| 具体日期 | 演唱会中文名 | 演唱会英文名 | 举办国家 | 举办城市 | 举办场馆 |
| --- | --- | - ...
2026-08-08 22:03:14.293 | INFO     | eval.evaluation.metric_utils:primary_key_preprocess:246 - primary_key_preprocess result: ```json
{
  "2011年05月14日": "2011年5月14日",
  "2011年05月15日": "2011年5月15日",
  "2011年05月16日": "2011年5月16日",
  "2013年04月12日": "2013年4月12日",
  "2013年04月13日": "2013年4月13日",
  "2013年04月14日": "2013年4月14日",
  "2015年11月22日": "2015年11月22日",
  "2017年04月01日": "2017年4月1日",
  "2017年04月02日": "2017年4月2日",
  "2019年04月28日": "2019年4月28日",
  "2023年12月07日": "2023年12月7日",
  "2023年12月08日": "2023年12月8日",
  "2023年12月09日": "2023年12月9日",
  "2023年12月23日": "2023年12月23日",
  "2023年12月24日": "2023年12月24日",
  "2024年01月06日": "2024年1月6日",
  "2024年01月07日": "2024年1月7日",
  "2024年01月20日": "2024年1月20日",
  "2024年01月21日": "2024年1月21日",
  "2024年03月30日": "2024年3月30日",
  "2024年03月31日": "2024年3月31日",
  "2024年04月13日": "2024年4月13日",
  "2024年04月14日": "2024年4月14日",
  "2024年04月20日": "2024年4月20日",
  "2024年04月21日": "2024年4月21日"
}
```
2026-08-08 22:03:14.293 | INFO     | eval.evaluation.evaluation:evaluate_single_query:223 - col: 具体日期, primary_key_map {'2011年05月14日': '2011年5月14日', '2011年05月15日': '2011年5月15日', '2011年05月16日': '2011年5月16日', '2013年04月12日': '2013年4月12日', '2013年04月13日': '2013年4月13日', '2013年04月14日': '2013年4月14日', '2015年11月22日': '2015年11月22日', '2017年04月01日': '2017年4月1日', '2017年04月02日': '2017年4月2日', '2019年04月28日': '2019年4月28日', '2023年12月07日': '2023年12月7日', '2023年12月08日': '2023年12月8日', '2023年12月09日': '2023年12月9日', '2023年12月23日': '2023年12月23日', '2023年12月24日': '2023年12月24日', '2024年01月06日': '2024年1月6日', '2024年01月07日': '2024年1月7日', '2024年01月20日': '2024年1月20日', '2024年01月21日': '2024年1月21日', '2024年03月30日': '2024年3月30日', '2024年03月31日': '2024年3月31日', '2024年04月13日': '2024年4月13日', '2024年04月14日': '2024年4月14日', '2024年04月20日': '2024年4月20日', '2024年04月21日': '2024年4月21日'}
2026-08-08 22:03:14.301 | INFO     | eval.evaluation.evaluation:evaluate_single_query:275 - wide2deep_ws_zh_014, df_inner shape: (25, 12), answer_df shape: (224, 6), response_df shape: (29, 7)
2026-08-08 22:03:18.779 | DEBUG    | eval.evaluation.evaluation:evaluate_single_query:321 - wide2deep_ws_zh_014, col 演唱会中文名, metric_func_name llm_judge, score [1, 1, 1, 1, 1, 1, 1, 1, 1, 1, 1, 1, 1, 1, 1, 1, 1, 1, 1, 1, 1, 1, 1, 1, 1]
2026-08-08 22:03:24.793 | DEBUG    | eval.evaluation.evaluation:evaluate_single_query:321 - wide2deep_ws_zh_014, col 演唱会英文名, metric_func_name llm_judge, score [0, 0, 0, 1, 1, 1, 1, 1, 1, 1, 1, 1, 1, 1, 1, 1, 1, 1, 1, 1, 1, 1, 1, 1, 1]
2026-08-08 22:03:24.794 | DEBUG    | eval.evaluation.evaluation:metric_call:77 - metric_func_name exact_match score 1.0 msg exact match, response: 中国, target: 中国
2026-08-08 22:03:24.794 | DEBUG    | eval.evaluation.evaluation:metric_call:77 - metric_func_name exact_match score 1.0 msg exact match, response: 中国, target: 中国
2026-08-08 22:03:24.794 | DEBUG    | eval.evaluation.evaluation:metric_call:77 - metric_func_name exact_match score 1.0 msg exact match, response: 中国, target: 中国
2026-08-08 22:03:24.794 | DEBUG    | eval.evaluation.evaluation:metric_call:77 - metric_func_name exact_match score 1.0 msg exact match, response: 中国, target: 中国
2026-08-08 22:03:24.794 | DEBUG    | eval.evaluation.evaluation:metric_call:77 - metric_func_name exact_match score 1.0 msg exact match, response: 中国, target: 中国
2026-08-08 22:03:24.794 | DEBUG    | eval.evaluation.evaluation:metric_call:77 - metric_func_name exact_match score 1.0 msg exact match, response: 中国, target: 中国
2026-08-08 22:03:24.794 | DEBUG    | eval.evaluation.evaluation:metric_call:77 - metric_func_name exact_match score 1.0 msg exact match, response: 英国, target: 英国
2026-08-08 22:03:24.794 | DEBUG    | eval.evaluation.evaluation:metric_call:77 - metric_func_name exact_match score 1.0 msg exact match, response: 中国, target: 中国
2026-08-08 22:03:24.794 | DEBUG    | eval.evaluation.evaluation:metric_call:77 - metric_func_name exact_match score 1.0 msg exact match, response: 中国, target: 中国
2026-08-08 22:03:24.794 | DEBUG    | eval.evaluation.evaluation:metric_call:77 - metric_func_name exact_match score 1.0 msg exact match, response: 中国, target: 中国
2026-08-08 22:03:24.794 | DEBUG    | eval.evaluation.evaluation:metric_call:77 - metric_func_name exact_match score 1.0 msg exact match, response: 中国, target: 中国
2026-08-08 22:03:24.794 | DEBUG    | eval.evaluation.evaluation:metric_call:77 - metric_func_name exact_match score 1.0 msg exact match, response: 中国, target: 中国
2026-08-08 22:03:24.794 | DEBUG    | eval.evaluation.evaluation:metric_call:77 - metric_func_name exact_match score 1.0 msg exact match, response: 中国, target: 中国
2026-08-08 22:03:24.794 | DEBUG    | eval.evaluation.evaluation:metric_call:77 - metric_func_name exact_match score 1.0 msg exact match, response: 中国, target: 中国
2026-08-08 22:03:24.794 | DEBUG    | eval.evaluation.evaluation:metric_call:77 - metric_func_name exact_match score 1.0 msg exact match, response: 中国, target: 中国
2026-08-08 22:03:24.794 | DEBUG    | eval.evaluation.evaluation:metric_call:77 - metric_func_name exact_match score 1.0 msg exact match, response: 中国, target: 中国
2026-08-08 22:03:24.794 | DEBUG    | eval.evaluation.evaluation:metric_call:77 - metric_func_name exact_match score 1.0 msg exact match, response: 中国, target: 中国
2026-08-08 22:03:24.794 | DEBUG    | eval.evaluation.evaluation:metric_call:77 - metric_func_name exact_match score 1.0 msg exact match, response: 中国, target: 中国
2026-08-08 22:03:24.794 | DEBUG    | eval.evaluation.evaluation:metric_call:77 - metric_func_name exact_match score 1.0 msg exact match, response: 中国, target: 中国
2026-08-08 22:03:24.794 | DEBUG    | eval.evaluation.evaluation:metric_call:77 - metric_func_name exact_match score 1.0 msg exact match, response: 中国, target: 中国
2026-08-08 22:03:24.794 | DEBUG    | eval.evaluation.evaluation:metric_call:77 - metric_func_name exact_match score 1.0 msg exact match, response: 中国, target: 中国
2026-08-08 22:03:24.794 | DEBUG    | eval.evaluation.evaluation:metric_call:77 - metric_func_name exact_match score 1.0 msg exact match, response: 中国, target: 中国
2026-08-08 22:03:24.794 | DEBUG    | eval.evaluation.evaluation:metric_call:77 - metric_func_name exact_match score 1.0 msg exact match, response: 中国, target: 中国
2026-08-08 22:03:24.794 | DEBUG    | eval.evaluation.evaluation:metric_call:77 - metric_func_name exact_match score 1.0 msg exact match, response: 中国, target: 中国
2026-08-08 22:03:24.795 | DEBUG    | eval.evaluation.evaluation:metric_call:77 - metric_func_name exact_match score 1.0 msg exact match, response: 中国, target: 中国
2026-08-08 22:03:24.795 | DEBUG    | eval.evaluation.evaluation:evaluate_single_query:321 - wide2deep_ws_zh_014, col 举办国家, metric_func_name exact_match, score [1.0, 1.0, 1.0, 1.0, 1.0, 1.0, 1.0, 1.0, 1.0, 1.0, 1.0, 1.0, 1.0, 1.0, 1.0, 1.0, 1.0, 1.0, 1.0, 1.0, 1.0, 1.0, 1.0, 1.0, 1.0]
2026-08-08 22:03:29.222 | DEBUG    | eval.evaluation.evaluation:evaluate_single_query:321 - wide2deep_ws_zh_014, col 举办城市, metric_func_name llm_judge, score [1, 1, 1, 1, 1, 1, 1, 1, 1, 1, 1, 1, 1, 1, 1, 1, 1, 1, 1, 1, 1, 0, 0, 0, 0]
2026-08-08 22:03:34.335 | DEBUG    | eval.evaluation.evaluation:evaluate_single_query:321 - wide2deep_ws_zh_014, col 举办场馆, metric_func_name llm_judge, score [1, 1, 1, 1, 1, 1, 1, 1, 1, 1, 1, 1, 1, 1, 1, 1, 1, 1, 1, 1, 1, 0, 0, 0, 0]
2026-08-08 22:03:34.342 | INFO     | eval.evaluation.evaluation:evaluate_single_query:380 - wide2deep_ws_zh_014, P/R/F1 by unique_columns: 0.8621/0.1116/0.1976
2026-08-08 22:03:34.342 | INFO     | eval.evaluation.evaluation:evaluate_single_query:383 - wide2deep_ws_zh_014, P/R/F1 by row: 0.6207/0.0804/0.1423
2026-08-08 22:03:34.342 | INFO     | eval.evaluation.evaluation:evaluate_single_query:386 - wide2deep_ws_zh_014, P/R/F1 by item: 0.7989/0.1034/0.1831
2026-08-08 22:03:34.344 | INFO     | eval.evaluation.evaluation:evaluate_single_query:398 - wide2deep_ws_zh_014, final table score: 0.0
{"event": "eval_done", "idx": 5, "instance_id": "wide2deep_ws_zh_014", "score": 0.0, "entity_acc": 1.0, "f1_by_row": 0.1422924901185771, "f1_by_item": 0.1831357048748353, "column_f1": 0.1976284584980237, "error": null, "elapsed_seconds": 28.669, "running_n": 5}
2026-08-08 22:03:36.317 | DEBUG    | eval.evaluation.data_loader:extract_dataframe:167 - find markdown_str 
| 年份 | 博彩企业 | 博彩净收益（百万） | 其他非博彩收益（百万） | 豪华五星级酒店 | 房间数（个） | 入住率  ...
2026-08-08 22:03:40.491 | INFO     | eval.evaluation.metric_utils:primary_key_preprocess:246 - primary_key_preprocess result: ```json
{
  "银河娱乐集团有限公司": "银河娱乐场股份有限公司",
  "金沙中国有限公司": "威尼斯人澳门股份有限公司",
  "新濠博亚娱乐有限公司": "新濠博亚(澳门)股份有限公司",
  "永利澳门有限公司": "永利度假村(澳门)股份有限公司",
  "美高梅中国控股有限公司": "美高梅金殿超濠股份有限公司",
  "澳娱综合度假股份有限公司": "澳娱综合度假股份有限公司"
}
```
2026-08-08 22:03:40.491 | INFO     | eval.evaluation.evaluation:evaluate_single_query:223 - col: 博彩企业, primary_key_map {'银河娱乐集团有限公司': '银河娱乐场股份有限公司', '金沙中国有限公司': '威尼斯人澳门股份有限公司', '新濠博亚娱乐有限公司': '新濠博亚(澳门)股份有限公司', '永利澳门有限公司': '永利度假村(澳门)股份有限公司', '美高梅中国控股有限公司': '美高梅金殿超濠股份有限公司', '澳娱综合度假股份有限公司': '澳娱综合度假股份有限公司'}
2026-08-08 22:03:52.129 | INFO     | eval.evaluation.metric_utils:primary_key_preprocess:246 - primary_key_preprocess result: ```json
{
  "澳门威尼斯人、澳门巴黎人、澳门伦敦人、澳门四季酒店": "金沙",
  "澳门新濠天地（颐居、摩珀斯、澳门君悦酒店、澳门新濠锋）、澳门新濠影汇（明星汇、映星汇、W酒店）": "新濠天地颐居",
  "永利澳门、永利皇宫": "永利",
  "澳门美高梅、美狮美高梅": "澳門美高梅",
  "澳门新葡京酒店、澳门上葡京综合度假村（上葡京酒店、THE KARL LAGERFELD、澳门范思哲豪华酒店）": "新葡京"
}
```
2026-08-08 22:03:52.129 | INFO     | eval.evaluation.evaluation:evaluate_single_query:223 - col: 豪华五星级酒店, primary_key_map {'澳门威尼斯人、澳门巴黎人、澳门伦敦人、澳门四季酒店': '金沙', '澳门新濠天地（颐居、摩珀斯、澳门君悦酒店、澳门新濠锋）、澳门新濠影汇（明星汇、映星汇、W酒店）': '新濠天地颐居', '永利澳门、永利皇宫': '永利', '澳门美高梅、美狮美高梅': '澳門美高梅', '澳门新葡京酒店、澳门上葡京综合度假村（上葡京酒店、THE KARL LAGERFELD、澳门范思哲豪华酒店）': '新葡京'}
2026-08-08 22:03:52.137 | INFO     | eval.evaluation.evaluation:evaluate_single_query:275 - wide2deep_ws_zh_024, df_inner shape: (5, 18), answer_df shape: (10, 9), response_df shape: (6, 11)
2026-08-08 22:03:53.762 | DEBUG    | eval.evaluation.evaluation:evaluate_single_query:321 - wide2deep_ws_zh_024, col 年份, metric_func_name llm_judge, score [1, 1, 1, 1, 1]
2026-08-08 22:03:53.763 | DEBUG    | eval.evaluation.evaluation:metric_call:77 - metric_func_name number_near score 1.0 msg number near in range 5.0%, response: 27980.0, target: 26846.0
2026-08-08 22:03:53.763 | DEBUG    | eval.evaluation.evaluation:metric_call:77 - metric_func_name number_near score 1.0 msg number near in range 5.0%, response: 43070.0, target: 41550.24
2026-08-08 22:03:53.763 | DEBUG    | eval.evaluation.evaluation:metric_call:77 - metric_func_name number_near score 0.0 msg number not near, response: 19210.0, target: 23617.91
2026-08-08 22:03:53.763 | DEBUG    | eval.evaluation.evaluation:metric_call:77 - metric_func_name number_near score 1.0 msg number near in range 5.0%, response: 28470.0, target: 29432.3
2026-08-08 22:03:53.763 | DEBUG    | eval.evaluation.evaluation:metric_call:77 - metric_func_name number_near score 1.0 msg number near in range 5.0%, response: 27200.0, target: 27282.91
2026-08-08 22:03:53.763 | DEBUG    | eval.evaluation.evaluation:evaluate_single_query:321 - wide2deep_ws_zh_024, col 博彩净收益（百万）, metric_func_name number_near, score [1.0, 1.0, 0.0, 1.0, 1.0]
2026-08-08 22:03:53.764 | DEBUG    | eval.evaluation.evaluation:metric_call:77 - metric_func_name number_near score 0.0 msg number not near, response: 3770.0, target: 2186.0
2026-08-08 22:03:53.764 | DEBUG    | eval.evaluation.evaluation:metric_call:77 - metric_func_name number_near score 0.0 msg number not near, response: 12530.0, target: 13466.94
2026-08-08 22:03:53.764 | DEBUG    | eval.evaluation.evaluation:metric_call:77 - metric_func_name number_near score 1.0 msg number near in range 5.0%, response: 5360.0, target: 5122.51
2026-08-08 22:03:53.764 | DEBUG    | eval.evaluation.evaluation:metric_call:77 - metric_func_name number_near score 1.0 msg number near in range 5.0%, response: 6790.0, target: 6740.6
2026-08-08 22:03:53.764 | DEBUG    | eval.evaluation.evaluation:metric_call:77 - metric_func_name number_near score 1.0 msg number near in range 5.0%, response: 4190.0, target: 4104.24
2026-08-08 22:03:53.765 | DEBUG    | eval.evaluation.evaluation:evaluate_single_query:321 - wide2deep_ws_zh_024, col 其他非博彩收益（百万）, metric_func_name number_near, score [0.0, 0.0, 1.0, 1.0, 1.0]
2026-08-08 22:03:53.765 | DEBUG    | eval.evaluation.evaluation:metric_call:77 - metric_func_name number_near score 0.0 msg number not near, response: 2322.0, target: 431.0
2026-08-08 22:03:53.765 | DEBUG    | eval.evaluation.evaluation:metric_call:77 - metric_func_name number_near score 0.0 msg number not near, response: 12400.0, target: 289.0
2026-08-08 22:03:53.765 | DEBUG    | eval.evaluation.evaluation:metric_call:77 - metric_func_name number_near score 0.0 msg number not near, response: 2716.0, target: 1014.0
2026-08-08 22:03:53.765 | DEBUG    | eval.evaluation.evaluation:metric_call:77 - metric_func_name number_near score 0.0 msg number not near, response: 4100.0, target: 286.0
2026-08-08 22:03:53.765 | DEBUG    | eval.evaluation.evaluation:metric_call:77 - metric_func_name number_near score 0.0 msg number not near, response: 1972.0, target: 585.0
2026-08-08 22:03:53.766 | DEBUG    | eval.evaluation.evaluation:evaluate_single_query:321 - wide2deep_ws_zh_024, col 房间数（个）, metric_func_name number_near, score [0.0, 0.0, 0.0, 0.0, 0.0]
2026-08-08 22:03:53.766 | DEBUG    | eval.evaluation.evaluation:metric_call:77 - metric_func_name number_near score 0.0 msg number not convertable, response: None, target: 0.987
2026-08-08 22:03:53.766 | DEBUG    | eval.evaluation.evaluation:metric_call:77 - metric_func_name number_near score 1.0 msg number near in range 5.0%, response: 0.958, target: 0.99
2026-08-08 22:03:53.766 | DEBUG    | eval.evaluation.evaluation:metric_call:77 - metric_func_name number_near score 1.0 msg number near in range 5.0%, response: 0.981, target: 0.993
2026-08-08 22:03:53.766 | DEBUG    | eval.evaluation.evaluation:metric_call:77 - metric_func_name number_near score 0.0 msg number not convertable, response: 0.956, target: None
2026-08-08 22:03:53.766 | DEBUG    | eval.evaluation.evaluation:metric_call:77 - metric_func_name number_near score 1.0 msg number near in range 5.0%, response: 0.948, target: 0.94
2026-08-08 22:03:53.767 | DEBUG    | eval.evaluation.evaluation:evaluate_single_query:321 - wide2deep_ws_zh_024, col 入住率, metric_func_name number_near, score [0.0, 1.0, 1.0, 0.0, 1.0]
2026-08-08 22:03:53.767 | DEBUG    | eval.evaluation.evaluation:metric_call:77 - metric_func_name number_near score 0.0 msg number not convertable, response: None, target: 1226.0
2026-08-08 22:03:53.767 | DEBUG    | eval.evaluation.evaluation:metric_call:77 - metric_func_name number_near score 0.0 msg number not near, response: 1615.0, target: 0.99
2026-08-08 22:03:53.767 | DEBUG    | eval.evaluation.evaluation:metric_call:77 - metric_func_name number_near score 0.0 msg number not near, response: 2403.0, target: 1935.0
2026-08-08 22:03:53.767 | DEBUG    | eval.evaluation.evaluation:metric_call:77 - metric_func_name number_near score 0.0 msg number not convertable, response: 1435.0, target: None
2026-08-08 22:03:53.767 | DEBUG    | eval.evaluation.evaluation:metric_call:77 - metric_func_name number_near score 0.0 msg number not convertable, response: 1598.0, target: None
2026-08-08 22:03:53.768 | DEBUG    | eval.evaluation.evaluation:evaluate_single_query:321 - wide2deep_ws_zh_024, col 平均房租, metric_func_name number_near, score [0.0, 0.0, 0.0, 0.0, 0.0]
2026-08-08 22:03:53.768 | DEBUG    | eval.evaluation.evaluation:metric_call:77 - metric_func_name number_near score 0.0 msg number not convertable, response: None, target: 1210.0
2026-08-08 22:03:53.768 | DEBUG    | eval.evaluation.evaluation:metric_call:77 - metric_func_name number_near score 0.0 msg number not near, response: 1547.0, target: 1336.0
2026-08-08 22:03:53.768 | DEBUG    | eval.evaluation.evaluation:metric_call:77 - metric_func_name number_near score 0.0 msg number not near, response: 2357.0, target: 1921.0
2026-08-08 22:03:53.768 | DEBUG    | eval.evaluation.evaluation:metric_call:77 - metric_func_name number_near score 0.0 msg number not convertable, response: 1372.0, target: None
2026-08-08 22:03:53.768 | DEBUG    | eval.evaluation.evaluation:metric_call:77 - metric_func_name number_near score 0.0 msg number not near, response: 1515.0, target: 2632.0
2026-08-08 22:03:53.768 | DEBUG    | eval.evaluation.evaluation:evaluate_single_query:321 - wide2deep_ws_zh_024, col 可入住客房收益, metric_func_name number_near, score [0.0, 0.0, 0.0, 0.0, 0.0]
2026-08-08 22:03:53.772 | INFO     | eval.evaluation.evaluation:evaluate_single_query:380 - wide2deep_ws_zh_024, P/R/F1 by unique_columns: 0.8333/0.5000/0.6250
2026-08-08 22:03:53.772 | INFO     | eval.evaluation.evaluation:evaluate_single_query:383 - wide2deep_ws_zh_024, P/R/F1 by row: 0.0000/0.0000/0.0000
2026-08-08 22:03:53.772 | INFO     | eval.evaluation.evaluation:evaluate_single_query:386 - wide2deep_ws_zh_024, P/R/F1 by item: 0.4630/0.2778/0.3472
2026-08-08 22:03:53.774 | INFO     | eval.evaluation.evaluation:evaluate_single_query:398 - wide2deep_ws_zh_024, final table score: 0.0
{"event": "eval_done", "idx": 6, "instance_id": "wide2deep_ws_zh_024", "score": 0.0, "entity_acc": 1.0, "f1_by_row": 0.0, "f1_by_item": 0.3472222222222222, "column_f1": 0.625, "error": null, "elapsed_seconds": 19.414, "running_n": 6}
2026-08-08 22:03:57.479 | DEBUG    | eval.evaluation.data_loader:extract_dataframe:167 - find markdown_str 
| 赛季 | 所属联赛 | 冠军俱乐部名称 | MVP球员 | 所属俱乐部 | 评分 |
| --- | --- | ---  ...
2026-08-08 22:03:58.692 | INFO     | eval.evaluation.metric_utils:primary_key_preprocess:246 - primary_key_preprocess result: ```json
{
  "2020-21": "2020-21",
  "2021-22": "2021-22",
  "2022-23": "2022-23",
  "2023-24": "2023-24",
  "2024-25": "2024-25"
}
```
2026-08-08 22:03:58.692 | INFO     | eval.evaluation.evaluation:evaluate_single_query:223 - col: 赛季, primary_key_map {'2020-21': '2020-21', '2021-22': '2021-22', '2022-23': '2022-23', '2023-24': '2023-24', '2024-25': '2024-25'}
2026-08-08 22:04:00.526 | INFO     | eval.evaluation.metric_utils:primary_key_preprocess:246 - primary_key_preprocess result: ```json
{
  "英格兰足球超级联赛": "英格兰足球超级联赛"
}
```
2026-08-08 22:04:00.526 | INFO     | eval.evaluation.evaluation:evaluate_single_query:223 - col: 所属联赛, primary_key_map {'英格兰足球超级联赛': '英格兰足球超级联赛'}
2026-08-08 22:04:00.532 | INFO     | eval.evaluation.evaluation:evaluate_single_query:275 - wide2deep_ws_zh_036, df_inner shape: (5, 12), answer_df shape: (25, 6), response_df shape: (5, 8)
2026-08-08 22:04:04.259 | DEBUG    | eval.evaluation.evaluation:evaluate_single_query:321 - wide2deep_ws_zh_036, col 冠军俱乐部名称, metric_func_name llm_judge, score [1, 1, 1, 1, 1]
2026-08-08 22:04:08.960 | DEBUG    | eval.evaluation.evaluation:evaluate_single_query:321 - wide2deep_ws_zh_036, col mvp球员, metric_func_name llm_judge, score [1, 0, 0, 1, 1]
2026-08-08 22:04:12.810 | DEBUG    | eval.evaluation.evaluation:evaluate_single_query:321 - wide2deep_ws_zh_036, col 所属俱乐部, metric_func_name llm_judge, score [1, 0, 0, 1, 1]
2026-08-08 22:04:12.811 | DEBUG    | eval.evaluation.evaluation:metric_call:77 - metric_func_name number_near score 1.0 msg number near in range 10.0%, response: 7.79, target: 7.63
2026-08-08 22:04:12.811 | DEBUG    | eval.evaluation.evaluation:metric_call:77 - metric_func_name number_near score 1.0 msg number near in range 10.0%, response: 7.71, target: 7.78
2026-08-08 22:04:12.811 | DEBUG    | eval.evaluation.evaluation:metric_call:77 - metric_func_name number_near score 1.0 msg number near in range 10.0%, response: 7.74, target: 7.78
2026-08-08 22:04:12.811 | DEBUG    | eval.evaluation.evaluation:metric_call:77 - metric_func_name number_near score 1.0 msg number near in range 10.0%, response: 7.91, target: 8.01
2026-08-08 22:04:12.811 | DEBUG    | eval.evaluation.evaluation:metric_call:77 - metric_func_name number_near score 1.0 msg number near in range 10.0%, response: 7.78, target: 7.78
2026-08-08 22:04:12.811 | DEBUG    | eval.evaluation.evaluation:evaluate_single_query:321 - wide2deep_ws_zh_036, col 评分, metric_func_name number_near, score [1.0, 1.0, 1.0, 1.0, 1.0]
2026-08-08 22:04:12.815 | INFO     | eval.evaluation.evaluation:evaluate_single_query:380 - wide2deep_ws_zh_036, P/R/F1 by unique_columns: 1.0000/0.2000/0.3333
2026-08-08 22:04:12.815 | INFO     | eval.evaluation.evaluation:evaluate_single_query:383 - wide2deep_ws_zh_036, P/R/F1 by row: 0.6000/0.1200/0.2000
2026-08-08 22:04:12.815 | INFO     | eval.evaluation.evaluation:evaluate_single_query:386 - wide2deep_ws_zh_036, P/R/F1 by item: 0.8667/0.1733/0.2889
2026-08-08 22:04:12.817 | INFO     | eval.evaluation.evaluation:evaluate_single_query:398 - wide2deep_ws_zh_036, final table score: 0.0
{"event": "eval_done", "idx": 7, "instance_id": "wide2deep_ws_zh_036", "score": 0.0, "entity_acc": 1.0, "f1_by_row": 0.19999999999999998, "f1_by_item": 0.2888888888888889, "column_f1": 0.33333333333333337, "error": null, "elapsed_seconds": 19.025, "running_n": 7}
SUMMARY {"n": 7, "valid_n": 6, "errors": 1, "complete": false, "judge_calls_current_process": 36, "score": 0.0, "entity_acc": 1.0, "precision_by_row": 0.3969006568144499, "recall_by_row": 0.07310448959642508, "f1_by_row": 0.1117625530669009, "precision_by_item": 0.7075953401794944, "recall_by_item": 0.193215845986257, "f1_by_item": 0.2736902965258706, "column_precision": 0.8992337164750958, "column_recall": 0.26663759191381986, "column_f1": 0.3730174864770441}
