INFO: Pandarallel will run on 8 workers.
INFO: Pandarallel will use Memory file system to transfer data between the main process and workers.
{"event": "eval_start", "selected": 7, "resume_committed": 0, "committed_errors": 0, "crash_only_resume": false}
2026-08-10 00:47:48.296 | DEBUG    | eval.evaluation.data_loader:extract_dataframe:167 - find markdown_str 
| Time | Product Series | Processor Model | Core Architecture | ...
2026-08-10 00:48:02.034 | INFO     | eval.evaluation.metric_utils:primary_key_preprocess:246 - primary_key_preprocess result: ```json
{
  "Ryzen 7 1800X": "AMD Ryzen 7 1800X",
  "Ryzen 7 1700X": "AMD Ryzen 7 1700X",
  "Ryzen 7 1700": "AMD Ryzen 7 1700",
  "Ryzen 5 1600X": "AMD Ryzen 5 1600X",
  "Ryzen 5 1600": "AMD Ryzen 5 1600",
  "Ryzen 5 1500X": "AMD Ryzen 5 1500X",
  "Ryzen 5 1400": "AMD Ryzen 5 1400",
  "Ryzen 3 1300X": "AMD Ryzen 3 1300X",
  "Ryzen 3 1200": "AMD Ryzen 3 1200",
  "Ryzen Threadripper 1950X": "AMD Ryzen Threadripper 1950X",
  "Ryzen Threadripper 1920X": "AMD Ryzen Threadripper 1920X",
  "Ryzen Threadripper 1900X": "AMD Ryzen Threadripper 1900X",
  "Ryzen 7 2700X": "AMD Ryzen 7 2700X",
  "Ryzen 7 2700": "AMD Ryzen 7 2700",
  "Ryzen 5 2600X": "AMD Ryzen 5 2600X",
  "Ryzen 5 2600": "AMD Ryzen 5 2600",
  "Ryzen 5 2400G": "AMD Ryzen 5 2400G with Radeon RX Vega 11 graphics card",
  "Ryzen 3 2200G": "AMD Ryzen 3 2200G with Radeon Vega 8 graphics card",
  "Ryzen Threadripper 2990WX": "AMD Ryzen Threadripper 2990WX",
  "Ryzen Threadripper 2970WX": "AMD Ryzen Threadripper 2970WX",
  "Ryzen Threadripper 2950X": "AMD Ryzen Threadripper 2950X",
  "Ryzen Threadripper 2920X": "AMD Ryzen Threadripper 2920X",
  "Ryzen 9 3950X": "AMD Ryzen 9 3950X",
  "Ryzen 9 3900X": "AMD Ryzen 9 3900X",
  "Ryzen 7 3800X": "AMD Ryzen 7 3800X",
  "Ryzen 7 3700X": "AMD Ryzen 7 3700X",
  "Ryzen 5 3600X": "AMD Ryzen 5 3600X",
  "Ryzen 5 3600": "AMD Ryzen 5 3600",
  "Ryzen 5 3400G": "AMD Ryzen 5 3400G with Radeon RX Vega 11 graphics card",
  "Ryzen 3 3200G": "AMD Ryzen 3 3200G with Radeon Vega 8 graphics card",
  "Ryzen Threadripper 3970X": "AMD Ryzen Threadripper 3970X",
  "Ryzen Threadripper 3960X": "AMD Ryzen Threadripper 3960X",
  "Ryzen 9 3900XT": "AMD Ryzen 9 3900XT",
  "Ryzen 7 3800XT": "AMD Ryzen 7 3800XT",
  "Ryzen 5 3600XT": "AMD Ryzen 5 3600XT",
  "Ryzen 3 3300X": "AMD Ryzen 3 3300X",
  "Ryzen 3 3100": "AMD Ryzen 3 3100",
  "Ryzen 9 5950X": "AMD Ryzen 9 5950X",
  "Ryzen 9 5900X": "AMD Ryzen 9 5900X",
  "Ryzen 7 5800X": "AMD Ryzen 7 5800X",
  "Ryzen 5 5600X": "AMD Ryzen 5 5600X",
  "Ryzen Threadripper 3990X": "AMD Ryzen Threadripper 3990X",
  "Ryzen 7 5700G": "AMD Ryzen 7 5700G",
  "Ryzen 5 5600G": "AMD Ryzen 5 5600G",
  "Ryzen Threadripper Pro 3995WX": "AMD Ryzen Threadripper PRO 3995WX",
  "Ryzen Threadripper Pro 3975WX": "AMD Ryzen Threadripper PRO 3975WX",
  "Ryzen Threadripper Pro 3955WX": "AMD Ryzen Threadripper PRO 3955WX",
  "Ryzen 7 5800X3D": "AMD Ryzen 7 5800X3D",
  "Ryzen 7 5700X": "AMD Ryzen 7 5700X",
  "Ryzen 5 5600": "AMD Ryzen 5 5600",
  "Ryzen 5 5500": "AMD Ryzen 5 5500",
  "Ryzen 9 7950X": "AMD Ryzen 9 7950X",
  "Ryzen 9 7900X": "AMD Ryzen 9 7900X",
  "Ryzen 7 7700X": "AMD Ryzen 7 7700X",
  "Ryzen 5 7600X": "AMD Ryzen 5 7600X",
  "Ryzen Threadripper Pro 5995WX": "AMD Ryzen Threadripper PRO 5995WX",
  "Ryzen Threadripper Pro 5975WX": "AMD Ryzen Threadripper PRO 5975WX",
  "Ryzen Threadripper Pro 5965WX": "AMD Ryzen Threadripper PRO 5965WX",
  "Ryzen 9 7950X3D": "AMD Ryzen 9 7950X3D",
  "Ryzen 9 7900X3D": "AMD Ryzen 9 7900X3D",
  "Ryzen 7 7800X3D": "AMD Ryzen 7 7800X3D",
  "Ryzen 9 7900": "AMD Ryzen 9 7900",
  "Ryzen 7 7700": "AMD Ryzen 7 7700",
  "Ryzen 5 7600": "AMD Ryzen 5 7600",
  "Ryzen 5 5600X3D": "AMD Ryzen 5 5600X3D",
  "Ryzen Threadripper 7980X": "AMD Ryzen Threadripper 7980X",
  "Ryzen Threadripper 7970X": "AMD Ryzen Threadripper 7970X",
  "Ryzen Threadripper 7960X": "AMD Ryzen Threadripper 7960X",
  "Ryzen Threadripper Pro 7995WX": "AMD Ryzen Threadripper PRO 7995WX",
  "Ryzen Threadripper Pro 7985WX": "AMD Ryzen Threadripper PRO 7985WX",
  "Ryzen Threadripper Pro 7975WX": "AMD Ryzen Threadripper PRO 7975WX",
  "Ryzen Threadripper Pro 7965WX": "AMD Ryzen Threadripper PRO 7965WX"
}
```
2026-08-10 00:48:02.035 | INFO     | eval.evaluation.evaluation:evaluate_single_query:223 - col: processormodel, primary_key_map {'Ryzen 7 1800X': 'AMD Ryzen 7 1800X', 'Ryzen 7 1700X': 'AMD Ryzen 7 1700X', 'Ryzen 7 1700': 'AMD Ryzen 7 1700', 'Ryzen 5 1600X': 'AMD Ryzen 5 1600X', 'Ryzen 5 1600': 'AMD Ryzen 5 1600', 'Ryzen 5 1500X': 'AMD Ryzen 5 1500X', 'Ryzen 5 1400': 'AMD Ryzen 5 1400', 'Ryzen 3 1300X': 'AMD Ryzen 3 1300X', 'Ryzen 3 1200': 'AMD Ryzen 3 1200', 'Ryzen Threadripper 1950X': 'AMD Ryzen Threadripper 1950X', 'Ryzen Threadripper 1920X': 'AMD Ryzen Threadripper 1920X', 'Ryzen Threadripper 1900X': 'AMD Ryzen Threadripper 1900X', 'Ryzen 7 2700X': 'AMD Ryzen 7 2700X', 'Ryzen 7 2700': 'AMD Ryzen 7 2700', 'Ryzen 5 2600X': 'AMD Ryzen 5 2600X', 'Ryzen 5 2600': 'AMD Ryzen 5 2600', 'Ryzen 5 2400G': 'AMD Ryzen 5 2400G with Radeon RX Vega 11 graphics card', 'Ryzen 3 2200G': 'AMD Ryzen 3 2200G with Radeon Vega 8 graphics card', 'Ryzen Threadripper 2990WX': 'AMD Ryzen Threadripper 2990WX', 'Ryzen Threadripper 2970WX': 'AMD Ryzen Threadripper 2970WX', 'Ryzen Threadripper 2950X': 'AMD Ryzen Threadripper 2950X', 'Ryzen Threadripper 2920X': 'AMD Ryzen Threadripper 2920X', 'Ryzen 9 3950X': 'AMD Ryzen 9 3950X', 'Ryzen 9 3900X': 'AMD Ryzen 9 3900X', 'Ryzen 7 3800X': 'AMD Ryzen 7 3800X', 'Ryzen 7 3700X': 'AMD Ryzen 7 3700X', 'Ryzen 5 3600X': 'AMD Ryzen 5 3600X', 'Ryzen 5 3600': 'AMD Ryzen 5 3600', 'Ryzen 5 3400G': 'AMD Ryzen 5 3400G with Radeon RX Vega 11 graphics card', 'Ryzen 3 3200G': 'AMD Ryzen 3 3200G with Radeon Vega 8 graphics card', 'Ryzen Threadripper 3970X': 'AMD Ryzen Threadripper 3970X', 'Ryzen Threadripper 3960X': 'AMD Ryzen Threadripper 3960X', 'Ryzen 9 3900XT': 'AMD Ryzen 9 3900XT', 'Ryzen 7 3800XT': 'AMD Ryzen 7 3800XT', 'Ryzen 5 3600XT': 'AMD Ryzen 5 3600XT', 'Ryzen 3 3300X': 'AMD Ryzen 3 3300X', 'Ryzen 3 3100': 'AMD Ryzen 3 3100', 'Ryzen 9 5950X': 'AMD Ryzen 9 5950X', 'Ryzen 9 5900X': 'AMD Ryzen 9 5900X', 'Ryzen 7 5800X': 'AMD Ryzen 7 5800X', 'Ryzen 5 5600X': 'AMD Ryzen 5 5600X', 'Ryzen Threadripper 3990X': 'AMD Ryzen Threadripper 3990X', 'Ryzen 7 5700G': 'AMD Ryzen 7 5700G', 'Ryzen 5 5600G': 'AMD Ryzen 5 5600G', 'Ryzen Threadripper Pro 3995WX': 'AMD Ryzen Threadripper PRO 3995WX', 'Ryzen Threadripper Pro 3975WX': 'AMD Ryzen Threadripper PRO 3975WX', 'Ryzen Threadripper Pro 3955WX': 'AMD Ryzen Threadripper PRO 3955WX', 'Ryzen 7 5800X3D': 'AMD Ryzen 7 5800X3D', 'Ryzen 7 5700X': 'AMD Ryzen 7 5700X', 'Ryzen 5 5600': 'AMD Ryzen 5 5600', 'Ryzen 5 5500': 'AMD Ryzen 5 5500', 'Ryzen 9 7950X': 'AMD Ryzen 9 7950X', 'Ryzen 9 7900X': 'AMD Ryzen 9 7900X', 'Ryzen 7 7700X': 'AMD Ryzen 7 7700X', 'Ryzen 5 7600X': 'AMD Ryzen 5 7600X', 'Ryzen Threadripper Pro 5995WX': 'AMD Ryzen Threadripper PRO 5995WX', 'Ryzen Threadripper Pro 5975WX': 'AMD Ryzen Threadripper PRO 5975WX', 'Ryzen Threadripper Pro 5965WX': 'AMD Ryzen Threadripper PRO 5965WX', 'Ryzen 9 7950X3D': 'AMD Ryzen 9 7950X3D', 'Ryzen 9 7900X3D': 'AMD Ryzen 9 7900X3D', 'Ryzen 7 7800X3D': 'AMD Ryzen 7 7800X3D', 'Ryzen 9 7900': 'AMD Ryzen 9 7900', 'Ryzen 7 7700': 'AMD Ryzen 7 7700', 'Ryzen 5 7600': 'AMD Ryzen 5 7600', 'Ryzen 5 5600X3D': 'AMD Ryzen 5 5600X3D', 'Ryzen Threadripper 7980X': 'AMD Ryzen Threadripper 7980X', 'Ryzen Threadripper 7970X': 'AMD Ryzen Threadripper 7970X', 'Ryzen Threadripper 7960X': 'AMD Ryzen Threadripper 7960X', 'Ryzen Threadripper Pro 7995WX': 'AMD Ryzen Threadripper PRO 7995WX', 'Ryzen Threadripper Pro 7985WX': 'AMD Ryzen Threadripper PRO 7985WX', 'Ryzen Threadripper Pro 7975WX': 'AMD Ryzen Threadripper PRO 7975WX', 'Ryzen Threadripper Pro 7965WX': 'AMD Ryzen Threadripper PRO 7965WX'}
2026-08-10 00:48:02.459 | INFO     | eval.evaluation.evaluation:evaluate_single_query:275 - wide2deep_ws_en_091, df_inner shape: (72, 24), answer_df shape: (331, 12), response_df shape: (88, 13)
2026-08-10 00:48:02.465 | DEBUG    | eval.evaluation.evaluation:metric_call:77 - metric_func_name date_near score 0.0 msg date not near, response: 2017-08-01 00:00:00, target: 2017-03-02 00:00:00
2026-08-10 00:48:02.467 | DEBUG    | eval.evaluation.evaluation:metric_call:77 - metric_func_name date_near score 0.0 msg date not near, response: 2017-08-01 00:00:00, target: 2017-03-02 00:00:00
2026-08-10 00:48:02.469 | DEBUG    | eval.evaluation.evaluation:metric_call:77 - metric_func_name date_near score 0.0 msg date not near, response: 2017-08-01 00:00:00, target: 2017-03-02 00:00:00
2026-08-10 00:48:02.471 | DEBUG    | eval.evaluation.evaluation:metric_call:77 - metric_func_name date_near score 0.0 msg date not near, response: 2017-08-01 00:00:00, target: 2017-04-11 00:00:00
2026-08-10 00:48:02.474 | DEBUG    | eval.evaluation.evaluation:metric_call:77 - metric_func_name date_near score 0.0 msg date not near, response: 2017-08-01 00:00:00, target: 2017-04-11 00:00:00
2026-08-10 00:48:02.476 | DEBUG    | eval.evaluation.evaluation:metric_call:77 - metric_func_name date_near score 0.0 msg date not near, response: 2017-08-01 00:00:00, target: 2017-04-11 00:00:00
2026-08-10 00:48:02.478 | DEBUG    | eval.evaluation.evaluation:metric_call:77 - metric_func_name date_near score 0.0 msg date not near, response: 2017-08-01 00:00:00, target: 2017-04-11 00:00:00
2026-08-10 00:48:02.480 | DEBUG    | eval.evaluation.evaluation:metric_call:77 - metric_func_name date_near score 1.0 msg date near, response: 2017-08-01 00:00:00, target: 2017-07-27 00:00:00
2026-08-10 00:48:02.482 | DEBUG    | eval.evaluation.evaluation:metric_call:77 - metric_func_name date_near score 1.0 msg date near, response: 2017-08-01 00:00:00, target: 2017-07-27 00:00:00
2026-08-10 00:48:02.484 | DEBUG    | eval.evaluation.evaluation:metric_call:77 - metric_func_name date_near score 1.0 msg date near, response: 2017-08-01 00:00:00, target: 2017-07-31 00:00:00
2026-08-10 00:48:02.486 | DEBUG    | eval.evaluation.evaluation:metric_call:77 - metric_func_name date_near score 1.0 msg date near, response: 2017-08-01 00:00:00, target: 2017-07-31 00:00:00
2026-08-10 00:48:02.489 | DEBUG    | eval.evaluation.evaluation:metric_call:77 - metric_func_name date_near score 1.0 msg date near, response: 2017-08-01 00:00:00, target: 2017-08-31 00:00:00
2026-08-10 00:48:02.491 | DEBUG    | eval.evaluation.evaluation:metric_call:77 - metric_func_name date_near score 0.0 msg date not near, response: 2018-08-01 00:00:00, target: 2018-02-12 00:00:00
2026-08-10 00:48:02.493 | DEBUG    | eval.evaluation.evaluation:metric_call:77 - metric_func_name date_near score 0.0 msg date not near, response: 2018-08-01 00:00:00, target: 2018-02-12 00:00:00
2026-08-10 00:48:02.495 | DEBUG    | eval.evaluation.evaluation:metric_call:77 - metric_func_name date_near score 0.0 msg date not near, response: 2018-08-01 00:00:00, target: 2018-04-19 00:00:00
2026-08-10 00:48:02.497 | DEBUG    | eval.evaluation.evaluation:metric_call:77 - metric_func_name date_near score 0.0 msg date not near, response: 2018-08-01 00:00:00, target: 2018-04-19 00:00:00
2026-08-10 00:48:02.499 | DEBUG    | eval.evaluation.evaluation:metric_call:77 - metric_func_name date_near score 0.0 msg date not near, response: 2018-08-01 00:00:00, target: 2018-04-19 00:00:00
2026-08-10 00:48:02.501 | DEBUG    | eval.evaluation.evaluation:metric_call:77 - metric_func_name date_near score 0.0 msg date not near, response: 2018-08-01 00:00:00, target: 2018-04-19 00:00:00
2026-08-10 00:48:02.503 | DEBUG    | eval.evaluation.evaluation:metric_call:77 - metric_func_name date_near score 1.0 msg date near, response: 2018-08-01 00:00:00, target: 2018-08-13 00:00:00
2026-08-10 00:48:02.506 | DEBUG    | eval.evaluation.evaluation:metric_call:77 - metric_func_name date_near score 1.0 msg date near, response: 2018-08-01 00:00:00, target: 2018-08-31 00:00:00
2026-08-10 00:48:02.508 | DEBUG    | eval.evaluation.evaluation:metric_call:77 - metric_func_name date_near score 0.0 msg date not near, response: 2018-08-01 00:00:00, target: 2018-10-29 00:00:00
2026-08-10 00:48:02.510 | DEBUG    | eval.evaluation.evaluation:metric_call:77 - metric_func_name date_near score 0.0 msg date not near, response: 2018-08-01 00:00:00, target: 2018-10-29 00:00:00
2026-08-10 00:48:02.512 | DEBUG    | eval.evaluation.evaluation:metric_call:77 - metric_func_name date_near score 1.0 msg date near, response: 2019-08-01 00:00:00, target: 2019-07-07 00:00:00
2026-08-10 00:48:02.514 | DEBUG    | eval.evaluation.evaluation:metric_call:77 - metric_func_name date_near score 1.0 msg date near, response: 2019-08-01 00:00:00, target: 2019-07-07 00:00:00
2026-08-10 00:48:02.516 | DEBUG    | eval.evaluation.evaluation:metric_call:77 - metric_func_name date_near score 1.0 msg date near, response: 2019-08-01 00:00:00, target: 2019-07-07 00:00:00
2026-08-10 00:48:02.518 | DEBUG    | eval.evaluation.evaluation:metric_call:77 - metric_func_name date_near score 1.0 msg date near, response: 2019-08-01 00:00:00, target: 2019-07-07 00:00:00
2026-08-10 00:48:02.521 | DEBUG    | eval.evaluation.evaluation:metric_call:77 - metric_func_name date_near score 1.0 msg date near, response: 2019-08-01 00:00:00, target: 2019-07-07 00:00:00
2026-08-10 00:48:02.523 | DEBUG    | eval.evaluation.evaluation:metric_call:77 - metric_func_name date_near score 1.0 msg date near, response: 2019-08-01 00:00:00, target: 2019-07-07 00:00:00
2026-08-10 00:48:02.525 | DEBUG    | eval.evaluation.evaluation:metric_call:77 - metric_func_name date_near score 1.0 msg date near, response: 2019-08-01 00:00:00, target: 2019-07-07 00:00:00
2026-08-10 00:48:02.527 | DEBUG    | eval.evaluation.evaluation:metric_call:77 - metric_func_name date_near score 0.0 msg date not near, response: 2019-08-01 00:00:00, target: 2019-11-25 00:00:00
2026-08-10 00:48:02.529 | DEBUG    | eval.evaluation.evaluation:metric_call:77 - metric_func_name date_near score 0.0 msg date not near, response: 2019-08-01 00:00:00, target: 2019-11-25 00:00:00
2026-08-10 00:48:02.531 | DEBUG    | eval.evaluation.evaluation:metric_call:77 - metric_func_name date_near score 0.0 msg date not near, response: 2019-08-01 00:00:00, target: 2019-11-25 00:00:00
2026-08-10 00:48:02.533 | DEBUG    | eval.evaluation.evaluation:metric_call:77 - metric_func_name date_near score 0.0 msg date not near, response: 2020-08-01 00:00:00, target: 2020-02-07 00:00:00
2026-08-10 00:48:02.535 | DEBUG    | eval.evaluation.evaluation:metric_call:77 - metric_func_name date_near score 0.0 msg date not near, response: 2020-08-01 00:00:00, target: 2020-04-21 00:00:00
2026-08-10 00:48:02.538 | DEBUG    | eval.evaluation.evaluation:metric_call:77 - metric_func_name date_near score 0.0 msg date not near, response: 2020-08-01 00:00:00, target: 2020-04-21 00:00:00
2026-08-10 00:48:02.540 | DEBUG    | eval.evaluation.evaluation:metric_call:77 - metric_func_name date_near score 1.0 msg date near, response: 2020-08-01 00:00:00, target: 2020-07-07 00:00:00
2026-08-10 00:48:02.542 | DEBUG    | eval.evaluation.evaluation:metric_call:77 - metric_func_name date_near score 1.0 msg date near, response: 2020-08-01 00:00:00, target: 2020-07-07 00:00:00
2026-08-10 00:48:02.544 | DEBUG    | eval.evaluation.evaluation:metric_call:77 - metric_func_name date_near score 1.0 msg date near, response: 2020-08-01 00:00:00, target: 2020-07-07 00:00:00
2026-08-10 00:48:02.546 | DEBUG    | eval.evaluation.evaluation:metric_call:77 - metric_func_name date_near score 0.0 msg date not near, response: 2021-08-01 00:00:00, target: 2020-07-14 00:00:00
2026-08-10 00:48:02.548 | DEBUG    | eval.evaluation.evaluation:metric_call:77 - metric_func_name date_near score 0.0 msg date not near, response: 2021-08-01 00:00:00, target: 2020-07-14 00:00:00
2026-08-10 00:48:02.550 | DEBUG    | eval.evaluation.evaluation:metric_call:77 - metric_func_name date_near score 0.0 msg date not near, response: 2021-08-01 00:00:00, target: 2020-07-14 00:00:00
2026-08-10 00:48:02.552 | DEBUG    | eval.evaluation.evaluation:metric_call:77 - metric_func_name date_near score 0.0 msg date not near, response: 2020-08-01 00:00:00, target: 2020-11-05 00:00:00
2026-08-10 00:48:02.555 | DEBUG    | eval.evaluation.evaluation:metric_call:77 - metric_func_name date_near score 0.0 msg date not near, response: 2020-08-01 00:00:00, target: 2020-11-05 00:00:00
2026-08-10 00:48:02.557 | DEBUG    | eval.evaluation.evaluation:metric_call:77 - metric_func_name date_near score 0.0 msg date not near, response: 2020-08-01 00:00:00, target: 2020-11-05 00:00:00
2026-08-10 00:48:02.559 | DEBUG    | eval.evaluation.evaluation:metric_call:77 - metric_func_name date_near score 0.0 msg date not near, response: 2020-08-01 00:00:00, target: 2020-11-05 00:00:00
2026-08-10 00:48:02.561 | DEBUG    | eval.evaluation.evaluation:metric_call:77 - metric_func_name date_near score 0.0 msg date not near, response: 2021-08-01 00:00:00, target: 2021-04-13 00:00:00
2026-08-10 00:48:02.563 | DEBUG    | eval.evaluation.evaluation:metric_call:77 - metric_func_name date_near score 0.0 msg date not near, response: 2021-08-01 00:00:00, target: 2021-04-13 00:00:00
2026-08-10 00:48:02.565 | DEBUG    | eval.evaluation.evaluation:metric_call:77 - metric_func_name date_near score 0.0 msg date not near, response: 2022-08-01 00:00:00, target: 2022-03-08 00:00:00
2026-08-10 00:48:02.567 | DEBUG    | eval.evaluation.evaluation:metric_call:77 - metric_func_name date_near score 0.0 msg date not near, response: 2022-08-01 00:00:00, target: 2022-03-08 00:00:00
2026-08-10 00:48:02.570 | DEBUG    | eval.evaluation.evaluation:metric_call:77 - metric_func_name date_near score 0.0 msg date not near, response: 2022-08-01 00:00:00, target: 2022-03-08 00:00:00
2026-08-10 00:48:02.572 | DEBUG    | eval.evaluation.evaluation:metric_call:77 - metric_func_name date_near score 0.0 msg date not near, response: 2022-08-01 00:00:00, target: 2022-04-04 00:00:00
2026-08-10 00:48:02.574 | DEBUG    | eval.evaluation.evaluation:metric_call:77 - metric_func_name date_near score 0.0 msg date not near, response: 2022-08-01 00:00:00, target: 2022-04-04 00:00:00
2026-08-10 00:48:02.576 | DEBUG    | eval.evaluation.evaluation:metric_call:77 - metric_func_name date_near score 0.0 msg date not near, response: 2022-08-01 00:00:00, target: 2022-04-04 00:00:00
2026-08-10 00:48:02.578 | DEBUG    | eval.evaluation.evaluation:metric_call:77 - metric_func_name date_near score 0.0 msg date not near, response: 2022-08-01 00:00:00, target: 2022-04-20 00:00:00
2026-08-10 00:48:02.580 | DEBUG    | eval.evaluation.evaluation:metric_call:77 - metric_func_name date_near score 0.0 msg date not near, response: 2022-08-01 00:00:00, target: 2022-09-27 00:00:00
2026-08-10 00:48:02.582 | DEBUG    | eval.evaluation.evaluation:metric_call:77 - metric_func_name date_near score 0.0 msg date not near, response: 2022-08-01 00:00:00, target: 2022-09-27 00:00:00
2026-08-10 00:48:02.584 | DEBUG    | eval.evaluation.evaluation:metric_call:77 - metric_func_name date_near score 0.0 msg date not near, response: 2022-08-01 00:00:00, target: 2022-09-27 00:00:00
2026-08-10 00:48:02.587 | DEBUG    | eval.evaluation.evaluation:metric_call:77 - metric_func_name date_near score 0.0 msg date not near, response: 2022-08-01 00:00:00, target: 2022-09-27 00:00:00
2026-08-10 00:48:02.589 | DEBUG    | eval.evaluation.evaluation:metric_call:77 - metric_func_name date_near score 0.0 msg date not near, response: 2023-08-01 00:00:00, target: 2023-01-14 00:00:00
2026-08-10 00:48:02.591 | DEBUG    | eval.evaluation.evaluation:metric_call:77 - metric_func_name date_near score 0.0 msg date not near, response: 2023-08-01 00:00:00, target: 2023-01-14 00:00:00
2026-08-10 00:48:02.593 | DEBUG    | eval.evaluation.evaluation:metric_call:77 - metric_func_name date_near score 0.0 msg date not near, response: 2023-08-01 00:00:00, target: 2023-01-14 00:00:00
2026-08-10 00:48:02.595 | DEBUG    | eval.evaluation.evaluation:metric_call:77 - metric_func_name date_near score 0.0 msg date not near, response: 2023-08-01 00:00:00, target: 2023-02-28 00:00:00
2026-08-10 00:48:02.597 | DEBUG    | eval.evaluation.evaluation:metric_call:77 - metric_func_name date_near score 0.0 msg date not near, response: 2023-08-01 00:00:00, target: 2023-02-28 00:00:00
2026-08-10 00:48:02.599 | DEBUG    | eval.evaluation.evaluation:metric_call:77 - metric_func_name date_near score 0.0 msg date not near, response: 2023-08-01 00:00:00, target: 2023-04-06 00:00:00
2026-08-10 00:48:02.601 | DEBUG    | eval.evaluation.evaluation:metric_call:77 - metric_func_name date_near score 1.0 msg date near, response: 2023-08-01 00:00:00, target: 2023-07-07 00:00:00
2026-08-10 00:48:02.604 | DEBUG    | eval.evaluation.evaluation:metric_call:77 - metric_func_name date_near score 0.0 msg date not near, response: 2023-08-01 00:00:00, target: 2023-10-19 00:00:00
2026-08-10 00:48:02.606 | DEBUG    | eval.evaluation.evaluation:metric_call:77 - metric_func_name date_near score 0.0 msg date not near, response: 2023-08-01 00:00:00, target: 2023-10-19 00:00:00
2026-08-10 00:48:02.608 | DEBUG    | eval.evaluation.evaluation:metric_call:77 - metric_func_name date_near score 0.0 msg date not near, response: 2023-08-01 00:00:00, target: 2023-10-19 00:00:00
2026-08-10 00:48:02.610 | DEBUG    | eval.evaluation.evaluation:metric_call:77 - metric_func_name date_near score 0.0 msg date not near, response: 2023-08-01 00:00:00, target: 2023-10-19 00:00:00
2026-08-10 00:48:02.612 | DEBUG    | eval.evaluation.evaluation:metric_call:77 - metric_func_name date_near score 0.0 msg date not near, response: 2023-08-01 00:00:00, target: 2023-10-19 00:00:00
2026-08-10 00:48:02.614 | DEBUG    | eval.evaluation.evaluation:metric_call:77 - metric_func_name date_near score 0.0 msg date not near, response: 2023-08-01 00:00:00, target: 2023-10-19 00:00:00
2026-08-10 00:48:02.617 | DEBUG    | eval.evaluation.evaluation:metric_call:77 - metric_func_name date_near score 0.0 msg date not near, response: 2023-08-01 00:00:00, target: 2023-10-19 00:00:00
2026-08-10 00:48:02.618 | DEBUG    | eval.evaluation.evaluation:evaluate_single_query:321 - wide2deep_ws_en_091, col time, metric_func_name date_near, score [0.0, 0.0, 0.0, 0.0, 0.0, 0.0, 0.0, 1.0, 1.0, 1.0, 1.0, 1.0, 0.0, 0.0, 0.0, 0.0, 0.0, 0.0, 1.0, 1.0, 0.0, 0.0, 1.0, 1.0, 1.0, 1.0, 1.0, 1.0, 1.0, 0.0, 0.0, 0.0, 0.0, 0.0, 0.0, 1.0, 1.0, 1.0, 0.0, 0.0, 0.0, 0.0, 0.0, 0.0, 0.0, 0.0, 0.0, 0.0, 0.0, 0.0, 0.0, 0.0, 0.0, 0.0, 0.0, 0.0, 0.0, 0.0, 0.0, 0.0, 0.0, 0.0, 0.0, 0.0, 1.0, 0.0, 0.0, 0.0, 0.0, 0.0, 0.0, 0.0]
2026-08-10 00:48:10.154 | DEBUG    | eval.evaluation.evaluation:evaluate_single_query:321 - wide2deep_ws_en_091, col productseries, metric_func_name llm_judge, score [1, 1, 1, 1, 1, 1, 1, 1, 1, 1, 1, 1, 1, 1, 1, 1, 1, 1, 1, 1, 1, 1, 1, 1, 1, 1, 1, 1, 1, 1, 1, 1, 1, 1, 1, 1, 1, 1, 1, 1, 1, 1, 1, 1, 1, 1, 1, 1, 1, 1, 1, 1, 1, 1, 1, 1, 1, 1, 1, 1, 1, 1, 1, 1, 1, 1, 1, 1, 1, 1, 1, 1]
2026-08-10 00:48:15.535 | DEBUG    | eval.evaluation.evaluation:evaluate_single_query:321 - wide2deep_ws_en_091, col corearchitecture, metric_func_name llm_judge, score [1, 1, 1, 1, 1, 1, 1, 1, 1, 1, 1, 1, 1, 1, 0, 0, 0, 0, 0, 0, 0, 0, 0, 0, 0, 0, 0, 0, 0, 0, 0, 0, 0, 0, 0, 0, 0, 0, 0, 0, 0, 0, 0, 0, 0, 0, 0, 0, 0, 0, 0, 0, 0, 0, 0, 0, 0, 0, 0, 0, 0, 0, 0, 0, 0, 0, 0, 0, 0, 0, 0, 0]
2026-08-10 00:48:22.156 | DEBUG    | eval.evaluation.evaluation:evaluate_single_query:321 - wide2deep_ws_en_091, col manufacturingprocess(nm), metric_func_name llm_judge, score [1, 1, 1, 1, 1, 1, 1, 1, 1, 1, 1, 1, 1, 1, 1, 1, 1, 1, 1, 1, 1, 1, 1, 1, 1, 1, 1, 1, 1, 1, 1, 1, 1, 1, 1, 1, 1, 1, 1, 1, 1, 1, 1, 1, 1, 1, 1, 1, 1, 1, 1, 1, 1, 1, 1, 1, 1, 1, 1, 1, 1, 1, 1, 1, 1, 1, 1, 1, 1, 1, 1, 1]
2026-08-10 00:48:22.156 | DEBUG    | eval.evaluation.evaluation:metric_call:77 - metric_func_name exact_match score 1.0 msg exact match, response: 8, target: 8
2026-08-10 00:48:22.157 | DEBUG    | eval.evaluation.evaluation:metric_call:77 - metric_func_name exact_match score 1.0 msg exact match, response: 8, target: 8
2026-08-10 00:48:22.157 | DEBUG    | eval.evaluation.evaluation:metric_call:77 - metric_func_name exact_match score 1.0 msg exact match, response: 8, target: 8
2026-08-10 00:48:22.157 | DEBUG    | eval.evaluation.evaluation:metric_call:77 - metric_func_name exact_match score 1.0 msg exact match, response: 6, target: 6
2026-08-10 00:48:22.157 | DEBUG    | eval.evaluation.evaluation:metric_call:77 - metric_func_name exact_match score 1.0 msg exact match, response: 6, target: 6
2026-08-10 00:48:22.157 | DEBUG    | eval.evaluation.evaluation:metric_call:77 - metric_func_name exact_match score 1.0 msg exact match, response: 4, target: 4
2026-08-10 00:48:22.157 | DEBUG    | eval.evaluation.evaluation:metric_call:77 - metric_func_name exact_match score 1.0 msg exact match, response: 4, target: 4
2026-08-10 00:48:22.157 | DEBUG    | eval.evaluation.evaluation:metric_call:77 - metric_func_name exact_match score 1.0 msg exact match, response: 4, target: 4
2026-08-10 00:48:22.157 | DEBUG    | eval.evaluation.evaluation:metric_call:77 - metric_func_name exact_match score 1.0 msg exact match, response: 4, target: 4
2026-08-10 00:48:22.157 | DEBUG    | eval.evaluation.evaluation:metric_call:77 - metric_func_name exact_match score 1.0 msg exact match, response: 16, target: 16
2026-08-10 00:48:22.157 | DEBUG    | eval.evaluation.evaluation:metric_call:77 - metric_func_name exact_match score 1.0 msg exact match, response: 12, target: 12
2026-08-10 00:48:22.157 | DEBUG    | eval.evaluation.evaluation:metric_call:77 - metric_func_name exact_match score 1.0 msg exact match, response: 8, target: 8
2026-08-10 00:48:22.157 | DEBUG    | eval.evaluation.evaluation:metric_call:77 - metric_func_name exact_match score 1.0 msg exact match, response: 4, target: 4
2026-08-10 00:48:22.157 | DEBUG    | eval.evaluation.evaluation:metric_call:77 - metric_func_name exact_match score 1.0 msg exact match, response: 4, target: 4
2026-08-10 00:48:22.157 | DEBUG    | eval.evaluation.evaluation:metric_call:77 - metric_func_name exact_match score 1.0 msg exact match, response: 8, target: 8
2026-08-10 00:48:22.157 | DEBUG    | eval.evaluation.evaluation:metric_call:77 - metric_func_name exact_match score 1.0 msg exact match, response: 8, target: 8
2026-08-10 00:48:22.157 | DEBUG    | eval.evaluation.evaluation:metric_call:77 - metric_func_name exact_match score 1.0 msg exact match, response: 6, target: 6
2026-08-10 00:48:22.157 | DEBUG    | eval.evaluation.evaluation:metric_call:77 - metric_func_name exact_match score 1.0 msg exact match, response: 6, target: 6
2026-08-10 00:48:22.157 | DEBUG    | eval.evaluation.evaluation:metric_call:77 - metric_func_name exact_match score 1.0 msg exact match, response: 32, target: 32
2026-08-10 00:48:22.157 | DEBUG    | eval.evaluation.evaluation:metric_call:77 - metric_func_name exact_match score 1.0 msg exact match, response: 16, target: 16
2026-08-10 00:48:22.157 | DEBUG    | eval.evaluation.evaluation:metric_call:77 - metric_func_name exact_match score 1.0 msg exact match, response: 24, target: 24
2026-08-10 00:48:22.157 | DEBUG    | eval.evaluation.evaluation:metric_call:77 - metric_func_name exact_match score 1.0 msg exact match, response: 12, target: 12
2026-08-10 00:48:22.157 | DEBUG    | eval.evaluation.evaluation:metric_call:77 - metric_func_name exact_match score 1.0 msg exact match, response: 12, target: 12
2026-08-10 00:48:22.157 | DEBUG    | eval.evaluation.evaluation:metric_call:77 - metric_func_name exact_match score 1.0 msg exact match, response: 8, target: 8
2026-08-10 00:48:22.157 | DEBUG    | eval.evaluation.evaluation:metric_call:77 - metric_func_name exact_match score 1.0 msg exact match, response: 8, target: 8
2026-08-10 00:48:22.158 | DEBUG    | eval.evaluation.evaluation:metric_call:77 - metric_func_name exact_match score 1.0 msg exact match, response: 6, target: 6
2026-08-10 00:48:22.158 | DEBUG    | eval.evaluation.evaluation:metric_call:77 - metric_func_name exact_match score 1.0 msg exact match, response: 6, target: 6
2026-08-10 00:48:22.158 | DEBUG    | eval.evaluation.evaluation:metric_call:77 - metric_func_name exact_match score 1.0 msg exact match, response: 4, target: 4
2026-08-10 00:48:22.158 | DEBUG    | eval.evaluation.evaluation:metric_call:77 - metric_func_name exact_match score 1.0 msg exact match, response: 4, target: 4
2026-08-10 00:48:22.158 | DEBUG    | eval.evaluation.evaluation:metric_call:77 - metric_func_name exact_match score 1.0 msg exact match, response: 32, target: 32
2026-08-10 00:48:22.158 | DEBUG    | eval.evaluation.evaluation:metric_call:77 - metric_func_name exact_match score 1.0 msg exact match, response: 24, target: 24
2026-08-10 00:48:22.158 | DEBUG    | eval.evaluation.evaluation:metric_call:77 - metric_func_name exact_match score 1.0 msg exact match, response: 16, target: 16
2026-08-10 00:48:22.158 | DEBUG    | eval.evaluation.evaluation:metric_call:77 - metric_func_name exact_match score 1.0 msg exact match, response: 64, target: 64
2026-08-10 00:48:22.158 | DEBUG    | eval.evaluation.evaluation:metric_call:77 - metric_func_name exact_match score 1.0 msg exact match, response: 4, target: 4
2026-08-10 00:48:22.158 | DEBUG    | eval.evaluation.evaluation:metric_call:77 - metric_func_name exact_match score 1.0 msg exact match, response: 4, target: 4
2026-08-10 00:48:22.158 | DEBUG    | eval.evaluation.evaluation:metric_call:77 - metric_func_name exact_match score 1.0 msg exact match, response: 12, target: 12
2026-08-10 00:48:22.158 | DEBUG    | eval.evaluation.evaluation:metric_call:77 - metric_func_name exact_match score 1.0 msg exact match, response: 8, target: 8
2026-08-10 00:48:22.158 | DEBUG    | eval.evaluation.evaluation:metric_call:77 - metric_func_name exact_match score 1.0 msg exact match, response: 6, target: 6
2026-08-10 00:48:22.158 | DEBUG    | eval.evaluation.evaluation:metric_call:77 - metric_func_name exact_match score 1.0 msg exact match, response: 64, target: 64
2026-08-10 00:48:22.158 | DEBUG    | eval.evaluation.evaluation:metric_call:77 - metric_func_name exact_match score 1.0 msg exact match, response: 32, target: 32
2026-08-10 00:48:22.158 | DEBUG    | eval.evaluation.evaluation:metric_call:77 - metric_func_name exact_match score 1.0 msg exact match, response: 16, target: 16
2026-08-10 00:48:22.158 | DEBUG    | eval.evaluation.evaluation:metric_call:77 - metric_func_name exact_match score 1.0 msg exact match, response: 16, target: 16
2026-08-10 00:48:22.158 | DEBUG    | eval.evaluation.evaluation:metric_call:77 - metric_func_name exact_match score 1.0 msg exact match, response: 12, target: 12
2026-08-10 00:48:22.158 | DEBUG    | eval.evaluation.evaluation:metric_call:77 - metric_func_name exact_match score 1.0 msg exact match, response: 8, target: 8
2026-08-10 00:48:22.158 | DEBUG    | eval.evaluation.evaluation:metric_call:77 - metric_func_name exact_match score 1.0 msg exact match, response: 6, target: 6
2026-08-10 00:48:22.158 | DEBUG    | eval.evaluation.evaluation:metric_call:77 - metric_func_name exact_match score 1.0 msg exact match, response: 8, target: 8
2026-08-10 00:48:22.158 | DEBUG    | eval.evaluation.evaluation:metric_call:77 - metric_func_name exact_match score 1.0 msg exact match, response: 6, target: 6
2026-08-10 00:48:22.158 | DEBUG    | eval.evaluation.evaluation:metric_call:77 - metric_func_name exact_match score 1.0 msg exact match, response: 64, target: 64
2026-08-10 00:48:22.158 | DEBUG    | eval.evaluation.evaluation:metric_call:77 - metric_func_name exact_match score 1.0 msg exact match, response: 32, target: 32
2026-08-10 00:48:22.158 | DEBUG    | eval.evaluation.evaluation:metric_call:77 - metric_func_name exact_match score 1.0 msg exact match, response: 24, target: 24
2026-08-10 00:48:22.158 | DEBUG    | eval.evaluation.evaluation:metric_call:77 - metric_func_name exact_match score 1.0 msg exact match, response: 8, target: 8
2026-08-10 00:48:22.158 | DEBUG    | eval.evaluation.evaluation:metric_call:77 - metric_func_name exact_match score 1.0 msg exact match, response: 6, target: 6
2026-08-10 00:48:22.158 | DEBUG    | eval.evaluation.evaluation:metric_call:77 - metric_func_name exact_match score 1.0 msg exact match, response: 6, target: 6
2026-08-10 00:48:22.158 | DEBUG    | eval.evaluation.evaluation:metric_call:77 - metric_func_name exact_match score 1.0 msg exact match, response: 8, target: 8
2026-08-10 00:48:22.158 | DEBUG    | eval.evaluation.evaluation:metric_call:77 - metric_func_name exact_match score 1.0 msg exact match, response: 16, target: 16
2026-08-10 00:48:22.158 | DEBUG    | eval.evaluation.evaluation:metric_call:77 - metric_func_name exact_match score 1.0 msg exact match, response: 12, target: 12
2026-08-10 00:48:22.159 | DEBUG    | eval.evaluation.evaluation:metric_call:77 - metric_func_name exact_match score 1.0 msg exact match, response: 8, target: 8
2026-08-10 00:48:22.159 | DEBUG    | eval.evaluation.evaluation:metric_call:77 - metric_func_name exact_match score 1.0 msg exact match, response: 6, target: 6
2026-08-10 00:48:22.159 | DEBUG    | eval.evaluation.evaluation:metric_call:77 - metric_func_name exact_match score 1.0 msg exact match, response: 12, target: 12
2026-08-10 00:48:22.159 | DEBUG    | eval.evaluation.evaluation:metric_call:77 - metric_func_name exact_match score 1.0 msg exact match, response: 8, target: 8
2026-08-10 00:48:22.159 | DEBUG    | eval.evaluation.evaluation:metric_call:77 - metric_func_name exact_match score 1.0 msg exact match, response: 6, target: 6
2026-08-10 00:48:22.159 | DEBUG    | eval.evaluation.evaluation:metric_call:77 - metric_func_name exact_match score 1.0 msg exact match, response: 16, target: 16
2026-08-10 00:48:22.159 | DEBUG    | eval.evaluation.evaluation:metric_call:77 - metric_func_name exact_match score 1.0 msg exact match, response: 12, target: 12
2026-08-10 00:48:22.159 | DEBUG    | eval.evaluation.evaluation:metric_call:77 - metric_func_name exact_match score 1.0 msg exact match, response: 8, target: 8
2026-08-10 00:48:22.159 | DEBUG    | eval.evaluation.evaluation:metric_call:77 - metric_func_name exact_match score 1.0 msg exact match, response: 6, target: 6
2026-08-10 00:48:22.159 | DEBUG    | eval.evaluation.evaluation:metric_call:77 - metric_func_name exact_match score 1.0 msg exact match, response: 96, target: 96
2026-08-10 00:48:22.159 | DEBUG    | eval.evaluation.evaluation:metric_call:77 - metric_func_name exact_match score 1.0 msg exact match, response: 64, target: 64
2026-08-10 00:48:22.159 | DEBUG    | eval.evaluation.evaluation:metric_call:77 - metric_func_name exact_match score 1.0 msg exact match, response: 32, target: 32
2026-08-10 00:48:22.159 | DEBUG    | eval.evaluation.evaluation:metric_call:77 - metric_func_name exact_match score 1.0 msg exact match, response: 24, target: 24
2026-08-10 00:48:22.159 | DEBUG    | eval.evaluation.evaluation:metric_call:77 - metric_func_name exact_match score 1.0 msg exact match, response: 64, target: 64
2026-08-10 00:48:22.159 | DEBUG    | eval.evaluation.evaluation:metric_call:77 - metric_func_name exact_match score 1.0 msg exact match, response: 32, target: 32
2026-08-10 00:48:22.159 | DEBUG    | eval.evaluation.evaluation:metric_call:77 - metric_func_name exact_match score 1.0 msg exact match, response: 24, target: 24
2026-08-10 00:48:22.160 | DEBUG    | eval.evaluation.evaluation:evaluate_single_query:321 - wide2deep_ws_en_091, col cores, metric_func_name exact_match, score [1.0, 1.0, 1.0, 1.0, 1.0, 1.0, 1.0, 1.0, 1.0, 1.0, 1.0, 1.0, 1.0, 1.0, 1.0, 1.0, 1.0, 1.0, 1.0, 1.0, 1.0, 1.0, 1.0, 1.0, 1.0, 1.0, 1.0, 1.0, 1.0, 1.0, 1.0, 1.0, 1.0, 1.0, 1.0, 1.0, 1.0, 1.0, 1.0, 1.0, 1.0, 1.0, 1.0, 1.0, 1.0, 1.0, 1.0, 1.0, 1.0, 1.0, 1.0, 1.0, 1.0, 1.0, 1.0, 1.0, 1.0, 1.0, 1.0, 1.0, 1.0, 1.0, 1.0, 1.0, 1.0, 1.0, 1.0, 1.0, 1.0, 1.0, 1.0, 1.0]
2026-08-10 00:48:22.161 | DEBUG    | eval.evaluation.evaluation:metric_call:77 - metric_func_name exact_match score 1.0 msg exact match, response: 16, target: 16
2026-08-10 00:48:22.161 | DEBUG    | eval.evaluation.evaluation:metric_call:77 - metric_func_name exact_match score 1.0 msg exact match, response: 16, target: 16
2026-08-10 00:48:22.161 | DEBUG    | eval.evaluation.evaluation:metric_call:77 - metric_func_name exact_match score 1.0 msg exact match, response: 16, target: 16
2026-08-10 00:48:22.161 | DEBUG    | eval.evaluation.evaluation:metric_call:77 - metric_func_name exact_match score 1.0 msg exact match, response: 12, target: 12
2026-08-10 00:48:22.161 | DEBUG    | eval.evaluation.evaluation:metric_call:77 - metric_func_name exact_match score 1.0 msg exact match, response: 12, target: 12
2026-08-10 00:48:22.161 | DEBUG    | eval.evaluation.evaluation:metric_call:77 - metric_func_name exact_match score 1.0 msg exact match, response: 8, target: 8
2026-08-10 00:48:22.161 | DEBUG    | eval.evaluation.evaluation:metric_call:77 - metric_func_name exact_match score 1.0 msg exact match, response: 8, target: 8
2026-08-10 00:48:22.161 | DEBUG    | eval.evaluation.evaluation:metric_call:77 - metric_func_name exact_match score 1.0 msg exact match, response: 4, target: 4
2026-08-10 00:48:22.161 | DEBUG    | eval.evaluation.evaluation:metric_call:77 - metric_func_name exact_match score 1.0 msg exact match, response: 4, target: 4
2026-08-10 00:48:22.161 | DEBUG    | eval.evaluation.evaluation:metric_call:77 - metric_func_name exact_match score 1.0 msg exact match, response: 32, target: 32
2026-08-10 00:48:22.161 | DEBUG    | eval.evaluation.evaluation:metric_call:77 - metric_func_name exact_match score 1.0 msg exact match, response: 24, target: 24
2026-08-10 00:48:22.161 | DEBUG    | eval.evaluation.evaluation:metric_call:77 - metric_func_name exact_match score 1.0 msg exact match, response: 16, target: 16
2026-08-10 00:48:22.161 | DEBUG    | eval.evaluation.evaluation:metric_call:77 - metric_func_name exact_match score 1.0 msg exact match, response: 8, target: 8
2026-08-10 00:48:22.161 | DEBUG    | eval.evaluation.evaluation:metric_call:77 - metric_func_name exact_match score 1.0 msg exact match, response: 4, target: 4
2026-08-10 00:48:22.161 | DEBUG    | eval.evaluation.evaluation:metric_call:77 - metric_func_name exact_match score 1.0 msg exact match, response: 16, target: 16
2026-08-10 00:48:22.161 | DEBUG    | eval.evaluation.evaluation:metric_call:77 - metric_func_name exact_match score 1.0 msg exact match, response: 16, target: 16
2026-08-10 00:48:22.161 | DEBUG    | eval.evaluation.evaluation:metric_call:77 - metric_func_name exact_match score 1.0 msg exact match, response: 12, target: 12
2026-08-10 00:48:22.161 | DEBUG    | eval.evaluation.evaluation:metric_call:77 - metric_func_name exact_match score 1.0 msg exact match, response: 12, target: 12
2026-08-10 00:48:22.161 | DEBUG    | eval.evaluation.evaluation:metric_call:77 - metric_func_name exact_match score 1.0 msg exact match, response: 64, target: 64
2026-08-10 00:48:22.161 | DEBUG    | eval.evaluation.evaluation:metric_call:77 - metric_func_name exact_match score 1.0 msg exact match, response: 32, target: 32
2026-08-10 00:48:22.161 | DEBUG    | eval.evaluation.evaluation:metric_call:77 - metric_func_name exact_match score 1.0 msg exact match, response: 48, target: 48
2026-08-10 00:48:22.161 | DEBUG    | eval.evaluation.evaluation:metric_call:77 - metric_func_name exact_match score 1.0 msg exact match, response: 24, target: 24
2026-08-10 00:48:22.161 | DEBUG    | eval.evaluation.evaluation:metric_call:77 - metric_func_name exact_match score 1.0 msg exact match, response: 24, target: 24
2026-08-10 00:48:22.161 | DEBUG    | eval.evaluation.evaluation:metric_call:77 - metric_func_name exact_match score 1.0 msg exact match, response: 16, target: 16
2026-08-10 00:48:22.161 | DEBUG    | eval.evaluation.evaluation:metric_call:77 - metric_func_name exact_match score 1.0 msg exact match, response: 16, target: 16
2026-08-10 00:48:22.161 | DEBUG    | eval.evaluation.evaluation:metric_call:77 - metric_func_name exact_match score 1.0 msg exact match, response: 12, target: 12
2026-08-10 00:48:22.161 | DEBUG    | eval.evaluation.evaluation:metric_call:77 - metric_func_name exact_match score 1.0 msg exact match, response: 12, target: 12
2026-08-10 00:48:22.162 | DEBUG    | eval.evaluation.evaluation:metric_call:77 - metric_func_name exact_match score 1.0 msg exact match, response: 8, target: 8
2026-08-10 00:48:22.162 | DEBUG    | eval.evaluation.evaluation:metric_call:77 - metric_func_name exact_match score 1.0 msg exact match, response: 4, target: 4
2026-08-10 00:48:22.162 | DEBUG    | eval.evaluation.evaluation:metric_call:77 - metric_func_name exact_match score 1.0 msg exact match, response: 64, target: 64
2026-08-10 00:48:22.162 | DEBUG    | eval.evaluation.evaluation:metric_call:77 - metric_func_name exact_match score 1.0 msg exact match, response: 48, target: 48
2026-08-10 00:48:22.162 | DEBUG    | eval.evaluation.evaluation:metric_call:77 - metric_func_name exact_match score 1.0 msg exact match, response: 32, target: 32
2026-08-10 00:48:22.162 | DEBUG    | eval.evaluation.evaluation:metric_call:77 - metric_func_name exact_match score 1.0 msg exact match, response: 128, target: 128
2026-08-10 00:48:22.162 | DEBUG    | eval.evaluation.evaluation:metric_call:77 - metric_func_name exact_match score 1.0 msg exact match, response: 8, target: 8
2026-08-10 00:48:22.162 | DEBUG    | eval.evaluation.evaluation:metric_call:77 - metric_func_name exact_match score 1.0 msg exact match, response: 8, target: 8
2026-08-10 00:48:22.162 | DEBUG    | eval.evaluation.evaluation:metric_call:77 - metric_func_name exact_match score 1.0 msg exact match, response: 24, target: 24
2026-08-10 00:48:22.162 | DEBUG    | eval.evaluation.evaluation:metric_call:77 - metric_func_name exact_match score 1.0 msg exact match, response: 16, target: 16
2026-08-10 00:48:22.162 | DEBUG    | eval.evaluation.evaluation:metric_call:77 - metric_func_name exact_match score 1.0 msg exact match, response: 12, target: 12
2026-08-10 00:48:22.162 | DEBUG    | eval.evaluation.evaluation:metric_call:77 - metric_func_name exact_match score 1.0 msg exact match, response: 128, target: 128
2026-08-10 00:48:22.162 | DEBUG    | eval.evaluation.evaluation:metric_call:77 - metric_func_name exact_match score 1.0 msg exact match, response: 64, target: 64
2026-08-10 00:48:22.162 | DEBUG    | eval.evaluation.evaluation:metric_call:77 - metric_func_name exact_match score 1.0 msg exact match, response: 32, target: 32
2026-08-10 00:48:22.162 | DEBUG    | eval.evaluation.evaluation:metric_call:77 - metric_func_name exact_match score 1.0 msg exact match, response: 32, target: 32
2026-08-10 00:48:22.162 | DEBUG    | eval.evaluation.evaluation:metric_call:77 - metric_func_name exact_match score 1.0 msg exact match, response: 24, target: 24
2026-08-10 00:48:22.162 | DEBUG    | eval.evaluation.evaluation:metric_call:77 - metric_func_name exact_match score 1.0 msg exact match, response: 16, target: 16
2026-08-10 00:48:22.162 | DEBUG    | eval.evaluation.evaluation:metric_call:77 - metric_func_name exact_match score 1.0 msg exact match, response: 12, target: 12
2026-08-10 00:48:22.162 | DEBUG    | eval.evaluation.evaluation:metric_call:77 - metric_func_name exact_match score 1.0 msg exact match, response: 16, target: 16
2026-08-10 00:48:22.162 | DEBUG    | eval.evaluation.evaluation:metric_call:77 - metric_func_name exact_match score 1.0 msg exact match, response: 12, target: 12
2026-08-10 00:48:22.162 | DEBUG    | eval.evaluation.evaluation:metric_call:77 - metric_func_name exact_match score 1.0 msg exact match, response: 128, target: 128
2026-08-10 00:48:22.162 | DEBUG    | eval.evaluation.evaluation:metric_call:77 - metric_func_name exact_match score 1.0 msg exact match, response: 64, target: 64
2026-08-10 00:48:22.162 | DEBUG    | eval.evaluation.evaluation:metric_call:77 - metric_func_name exact_match score 1.0 msg exact match, response: 48, target: 48
2026-08-10 00:48:22.162 | DEBUG    | eval.evaluation.evaluation:metric_call:77 - metric_func_name exact_match score 1.0 msg exact match, response: 16, target: 16
2026-08-10 00:48:22.162 | DEBUG    | eval.evaluation.evaluation:metric_call:77 - metric_func_name exact_match score 1.0 msg exact match, response: 12, target: 12
2026-08-10 00:48:22.162 | DEBUG    | eval.evaluation.evaluation:metric_call:77 - metric_func_name exact_match score 1.0 msg exact match, response: 12, target: 12
2026-08-10 00:48:22.162 | DEBUG    | eval.evaluation.evaluation:metric_call:77 - metric_func_name exact_match score 1.0 msg exact match, response: 16, target: 16
2026-08-10 00:48:22.162 | DEBUG    | eval.evaluation.evaluation:metric_call:77 - metric_func_name exact_match score 1.0 msg exact match, response: 32, target: 32
2026-08-10 00:48:22.162 | DEBUG    | eval.evaluation.evaluation:metric_call:77 - metric_func_name exact_match score 1.0 msg exact match, response: 24, target: 24
2026-08-10 00:48:22.162 | DEBUG    | eval.evaluation.evaluation:metric_call:77 - metric_func_name exact_match score 1.0 msg exact match, response: 16, target: 16
2026-08-10 00:48:22.162 | DEBUG    | eval.evaluation.evaluation:metric_call:77 - metric_func_name exact_match score 1.0 msg exact match, response: 12, target: 12
2026-08-10 00:48:22.163 | DEBUG    | eval.evaluation.evaluation:metric_call:77 - metric_func_name exact_match score 1.0 msg exact match, response: 24, target: 24
2026-08-10 00:48:22.163 | DEBUG    | eval.evaluation.evaluation:metric_call:77 - metric_func_name exact_match score 1.0 msg exact match, response: 16, target: 16
2026-08-10 00:48:22.163 | DEBUG    | eval.evaluation.evaluation:metric_call:77 - metric_func_name exact_match score 1.0 msg exact match, response: 12, target: 12
2026-08-10 00:48:22.163 | DEBUG    | eval.evaluation.evaluation:metric_call:77 - metric_func_name exact_match score 1.0 msg exact match, response: 32, target: 32
2026-08-10 00:48:22.163 | DEBUG    | eval.evaluation.evaluation:metric_call:77 - metric_func_name exact_match score 1.0 msg exact match, response: 24, target: 24
2026-08-10 00:48:22.163 | DEBUG    | eval.evaluation.evaluation:metric_call:77 - metric_func_name exact_match score 1.0 msg exact match, response: 16, target: 16
2026-08-10 00:48:22.163 | DEBUG    | eval.evaluation.evaluation:metric_call:77 - metric_func_name exact_match score 1.0 msg exact match, response: 12, target: 12
2026-08-10 00:48:22.163 | DEBUG    | eval.evaluation.evaluation:metric_call:77 - metric_func_name exact_match score 1.0 msg exact match, response: 192, target: 192
2026-08-10 00:48:22.163 | DEBUG    | eval.evaluation.evaluation:metric_call:77 - metric_func_name exact_match score 1.0 msg exact match, response: 128, target: 128
2026-08-10 00:48:22.163 | DEBUG    | eval.evaluation.evaluation:metric_call:77 - metric_func_name exact_match score 1.0 msg exact match, response: 64, target: 64
2026-08-10 00:48:22.163 | DEBUG    | eval.evaluation.evaluation:metric_call:77 - metric_func_name exact_match score 1.0 msg exact match, response: 48, target: 48
2026-08-10 00:48:22.163 | DEBUG    | eval.evaluation.evaluation:metric_call:77 - metric_func_name exact_match score 1.0 msg exact match, response: 128, target: 128
2026-08-10 00:48:22.163 | DEBUG    | eval.evaluation.evaluation:metric_call:77 - metric_func_name exact_match score 1.0 msg exact match, response: 64, target: 64
2026-08-10 00:48:22.163 | DEBUG    | eval.evaluation.evaluation:metric_call:77 - metric_func_name exact_match score 1.0 msg exact match, response: 48, target: 48
2026-08-10 00:48:22.164 | DEBUG    | eval.evaluation.evaluation:evaluate_single_query:321 - wide2deep_ws_en_091, col threads, metric_func_name exact_match, score [1.0, 1.0, 1.0, 1.0, 1.0, 1.0, 1.0, 1.0, 1.0, 1.0, 1.0, 1.0, 1.0, 1.0, 1.0, 1.0, 1.0, 1.0, 1.0, 1.0, 1.0, 1.0, 1.0, 1.0, 1.0, 1.0, 1.0, 1.0, 1.0, 1.0, 1.0, 1.0, 1.0, 1.0, 1.0, 1.0, 1.0, 1.0, 1.0, 1.0, 1.0, 1.0, 1.0, 1.0, 1.0, 1.0, 1.0, 1.0, 1.0, 1.0, 1.0, 1.0, 1.0, 1.0, 1.0, 1.0, 1.0, 1.0, 1.0, 1.0, 1.0, 1.0, 1.0, 1.0, 1.0, 1.0, 1.0, 1.0, 1.0, 1.0, 1.0, 1.0]
2026-08-10 00:48:22.164 | DEBUG    | eval.evaluation.evaluation:metric_call:77 - metric_func_name exact_match score 1.0 msg exact match, response: 3.6, target: 3.6
2026-08-10 00:48:22.164 | DEBUG    | eval.evaluation.evaluation:metric_call:77 - metric_func_name exact_match score 1.0 msg exact match, response: 3.4, target: 3.4
2026-08-10 00:48:22.164 | DEBUG    | eval.evaluation.evaluation:metric_call:77 - metric_func_name exact_match score 1.0 msg exact match, response: 3.0, target: 3.0
2026-08-10 00:48:22.164 | DEBUG    | eval.evaluation.evaluation:metric_call:77 - metric_func_name exact_match score 1.0 msg exact match, response: 3.6, target: 3.6
2026-08-10 00:48:22.164 | DEBUG    | eval.evaluation.evaluation:metric_call:77 - metric_func_name exact_match score 1.0 msg exact match, response: 3.2, target: 3.2
2026-08-10 00:48:22.164 | DEBUG    | eval.evaluation.evaluation:metric_call:77 - metric_func_name exact_match score 1.0 msg exact match, response: 3.5, target: 3.5
2026-08-10 00:48:22.164 | DEBUG    | eval.evaluation.evaluation:metric_call:77 - metric_func_name exact_match score 1.0 msg exact match, response: 3.2, target: 3.2
2026-08-10 00:48:22.164 | DEBUG    | eval.evaluation.evaluation:metric_call:77 - metric_func_name exact_match score 1.0 msg exact match, response: 3.5, target: 3.5
2026-08-10 00:48:22.164 | DEBUG    | eval.evaluation.evaluation:metric_call:77 - metric_func_name exact_match score 1.0 msg exact match, response: 3.1, target: 3.1
2026-08-10 00:48:22.164 | DEBUG    | eval.evaluation.evaluation:metric_call:77 - metric_func_name exact_match score 1.0 msg exact match, response: 3.4, target: 3.4
2026-08-10 00:48:22.164 | DEBUG    | eval.evaluation.evaluation:metric_call:77 - metric_func_name exact_match score 1.0 msg exact match, response: 3.5, target: 3.5
2026-08-10 00:48:22.164 | DEBUG    | eval.evaluation.evaluation:metric_call:77 - metric_func_name exact_match score 1.0 msg exact match, response: 3.8, target: 3.8
2026-08-10 00:48:22.164 | DEBUG    | eval.evaluation.evaluation:metric_call:77 - metric_func_name exact_match score 1.0 msg exact match, response: 3.6, target: 3.6
2026-08-10 00:48:22.164 | DEBUG    | eval.evaluation.evaluation:metric_call:77 - metric_func_name exact_match score 1.0 msg exact match, response: 3.5, target: 3.5
2026-08-10 00:48:22.164 | DEBUG    | eval.evaluation.evaluation:metric_call:77 - metric_func_name exact_match score 1.0 msg exact match, response: 3.7, target: 3.7
2026-08-10 00:48:22.164 | DEBUG    | eval.evaluation.evaluation:metric_call:77 - metric_func_name exact_match score 1.0 msg exact match, response: 3.2, target: 3.2
2026-08-10 00:48:22.164 | DEBUG    | eval.evaluation.evaluation:metric_call:77 - metric_func_name exact_match score 1.0 msg exact match, response: 3.6, target: 3.6
2026-08-10 00:48:22.164 | DEBUG    | eval.evaluation.evaluation:metric_call:77 - metric_func_name exact_match score 1.0 msg exact match, response: 3.4, target: 3.4
2026-08-10 00:48:22.164 | DEBUG    | eval.evaluation.evaluation:metric_call:77 - metric_func_name exact_match score 1.0 msg exact match, response: 3.0, target: 3.0
2026-08-10 00:48:22.164 | DEBUG    | eval.evaluation.evaluation:metric_call:77 - metric_func_name exact_match score 1.0 msg exact match, response: 3.5, target: 3.5
2026-08-10 00:48:22.165 | DEBUG    | eval.evaluation.evaluation:metric_call:77 - metric_func_name exact_match score 1.0 msg exact match, response: 3.0, target: 3.0
2026-08-10 00:48:22.165 | DEBUG    | eval.evaluation.evaluation:metric_call:77 - metric_func_name exact_match score 1.0 msg exact match, response: 3.5, target: 3.5
2026-08-10 00:48:22.165 | DEBUG    | eval.evaluation.evaluation:metric_call:77 - metric_func_name exact_match score 1.0 msg exact match, response: 3.8, target: 3.8
2026-08-10 00:48:22.165 | DEBUG    | eval.evaluation.evaluation:metric_call:77 - metric_func_name exact_match score 1.0 msg exact match, response: 3.9, target: 3.9
2026-08-10 00:48:22.165 | DEBUG    | eval.evaluation.evaluation:metric_call:77 - metric_func_name exact_match score 1.0 msg exact match, response: 3.6, target: 3.6
2026-08-10 00:48:22.165 | DEBUG    | eval.evaluation.evaluation:metric_call:77 - metric_func_name exact_match score 1.0 msg exact match, response: 3.8, target: 3.8
2026-08-10 00:48:22.165 | DEBUG    | eval.evaluation.evaluation:metric_call:77 - metric_func_name exact_match score 1.0 msg exact match, response: 3.6, target: 3.6
2026-08-10 00:48:22.165 | DEBUG    | eval.evaluation.evaluation:metric_call:77 - metric_func_name exact_match score 1.0 msg exact match, response: 3.7, target: 3.7
2026-08-10 00:48:22.165 | DEBUG    | eval.evaluation.evaluation:metric_call:77 - metric_func_name exact_match score 1.0 msg exact match, response: 3.6, target: 3.6
2026-08-10 00:48:22.165 | DEBUG    | eval.evaluation.evaluation:metric_call:77 - metric_func_name exact_match score 1.0 msg exact match, response: 3.7, target: 3.7
2026-08-10 00:48:22.165 | DEBUG    | eval.evaluation.evaluation:metric_call:77 - metric_func_name exact_match score 1.0 msg exact match, response: 3.8, target: 3.8
2026-08-10 00:48:22.165 | DEBUG    | eval.evaluation.evaluation:metric_call:77 - metric_func_name exact_match score 1.0 msg exact match, response: 3.5, target: 3.5
2026-08-10 00:48:22.165 | DEBUG    | eval.evaluation.evaluation:metric_call:77 - metric_func_name exact_match score 1.0 msg exact match, response: 2.9, target: 2.9
2026-08-10 00:48:22.165 | DEBUG    | eval.evaluation.evaluation:metric_call:77 - metric_func_name exact_match score 1.0 msg exact match, response: 3.8, target: 3.8
2026-08-10 00:48:22.165 | DEBUG    | eval.evaluation.evaluation:metric_call:77 - metric_func_name exact_match score 1.0 msg exact match, response: 3.6, target: 3.6
2026-08-10 00:48:22.165 | DEBUG    | eval.evaluation.evaluation:metric_call:77 - metric_func_name exact_match score 1.0 msg exact match, response: 3.8, target: 3.8
2026-08-10 00:48:22.165 | DEBUG    | eval.evaluation.evaluation:metric_call:77 - metric_func_name exact_match score 1.0 msg exact match, response: 3.9, target: 3.9
2026-08-10 00:48:22.165 | DEBUG    | eval.evaluation.evaluation:metric_call:77 - metric_func_name exact_match score 1.0 msg exact match, response: 3.8, target: 3.8
2026-08-10 00:48:22.165 | DEBUG    | eval.evaluation.evaluation:metric_call:77 - metric_func_name exact_match score 1.0 msg exact match, response: 2.7, target: 2.7
2026-08-10 00:48:22.165 | DEBUG    | eval.evaluation.evaluation:metric_call:77 - metric_func_name exact_match score 1.0 msg exact match, response: 3.5, target: 3.5
2026-08-10 00:48:22.165 | DEBUG    | eval.evaluation.evaluation:metric_call:77 - metric_func_name exact_match score 1.0 msg exact match, response: 3.9, target: 3.9
2026-08-10 00:48:22.165 | DEBUG    | eval.evaluation.evaluation:metric_call:77 - metric_func_name exact_match score 1.0 msg exact match, response: 3.4, target: 3.4
2026-08-10 00:48:22.165 | DEBUG    | eval.evaluation.evaluation:metric_call:77 - metric_func_name exact_match score 1.0 msg exact match, response: 3.7, target: 3.7
2026-08-10 00:48:22.165 | DEBUG    | eval.evaluation.evaluation:metric_call:77 - metric_func_name exact_match score 1.0 msg exact match, response: 3.8, target: 3.8
2026-08-10 00:48:22.165 | DEBUG    | eval.evaluation.evaluation:metric_call:77 - metric_func_name exact_match score 1.0 msg exact match, response: 3.7, target: 3.7
2026-08-10 00:48:22.165 | DEBUG    | eval.evaluation.evaluation:metric_call:77 - metric_func_name exact_match score 1.0 msg exact match, response: 3.8, target: 3.8
2026-08-10 00:48:22.165 | DEBUG    | eval.evaluation.evaluation:metric_call:77 - metric_func_name exact_match score 1.0 msg exact match, response: 3.9, target: 3.9
2026-08-10 00:48:22.165 | DEBUG    | eval.evaluation.evaluation:metric_call:77 - metric_func_name exact_match score 1.0 msg exact match, response: 2.7, target: 2.7
2026-08-10 00:48:22.165 | DEBUG    | eval.evaluation.evaluation:metric_call:77 - metric_func_name exact_match score 1.0 msg exact match, response: 3.6, target: 3.6
2026-08-10 00:48:22.165 | DEBUG    | eval.evaluation.evaluation:metric_call:77 - metric_func_name exact_match score 1.0 msg exact match, response: 3.8, target: 3.8
2026-08-10 00:48:22.166 | DEBUG    | eval.evaluation.evaluation:metric_call:77 - metric_func_name exact_match score 1.0 msg exact match, response: 3.4, target: 3.4
2026-08-10 00:48:22.166 | DEBUG    | eval.evaluation.evaluation:metric_call:77 - metric_func_name exact_match score 1.0 msg exact match, response: 3.5, target: 3.5
2026-08-10 00:48:22.166 | DEBUG    | eval.evaluation.evaluation:metric_call:77 - metric_func_name exact_match score 1.0 msg exact match, response: 3.6, target: 3.6
2026-08-10 00:48:22.166 | DEBUG    | eval.evaluation.evaluation:metric_call:77 - metric_func_name exact_match score 1.0 msg exact match, response: 3.4, target: 3.4
2026-08-10 00:48:22.166 | DEBUG    | eval.evaluation.evaluation:metric_call:77 - metric_func_name exact_match score 1.0 msg exact match, response: 4.5, target: 4.5
2026-08-10 00:48:22.166 | DEBUG    | eval.evaluation.evaluation:metric_call:77 - metric_func_name exact_match score 1.0 msg exact match, response: 4.7, target: 4.7
2026-08-10 00:48:22.166 | DEBUG    | eval.evaluation.evaluation:metric_call:77 - metric_func_name exact_match score 1.0 msg exact match, response: 4.5, target: 4.5
2026-08-10 00:48:22.166 | DEBUG    | eval.evaluation.evaluation:metric_call:77 - metric_func_name exact_match score 1.0 msg exact match, response: 4.7, target: 4.7
2026-08-10 00:48:22.166 | DEBUG    | eval.evaluation.evaluation:metric_call:77 - metric_func_name exact_match score 1.0 msg exact match, response: 3.7, target: 3.7
2026-08-10 00:48:22.166 | DEBUG    | eval.evaluation.evaluation:metric_call:77 - metric_func_name exact_match score 1.0 msg exact match, response: 3.8, target: 3.8
2026-08-10 00:48:22.166 | DEBUG    | eval.evaluation.evaluation:metric_call:77 - metric_func_name exact_match score 1.0 msg exact match, response: 3.8, target: 3.8
2026-08-10 00:48:22.166 | DEBUG    | eval.evaluation.evaluation:metric_call:77 - metric_func_name exact_match score 1.0 msg exact match, response: 4.2, target: 4.2
2026-08-10 00:48:22.166 | DEBUG    | eval.evaluation.evaluation:metric_call:77 - metric_func_name exact_match score 1.0 msg exact match, response: 4.4, target: 4.4
2026-08-10 00:48:22.166 | DEBUG    | eval.evaluation.evaluation:metric_call:77 - metric_func_name exact_match score 1.0 msg exact match, response: 4.2, target: 4.2
2026-08-10 00:48:22.166 | DEBUG    | eval.evaluation.evaluation:metric_call:77 - metric_func_name exact_match score 1.0 msg exact match, response: 3.3, target: 3.3
2026-08-10 00:48:22.166 | DEBUG    | eval.evaluation.evaluation:metric_call:77 - metric_func_name exact_match score 1.0 msg exact match, response: 2.5, target: 2.5
2026-08-10 00:48:22.166 | DEBUG    | eval.evaluation.evaluation:metric_call:77 - metric_func_name exact_match score 1.0 msg exact match, response: 3.2, target: 3.2
2026-08-10 00:48:22.166 | DEBUG    | eval.evaluation.evaluation:metric_call:77 - metric_func_name exact_match score 1.0 msg exact match, response: 4.0, target: 4.0
2026-08-10 00:48:22.166 | DEBUG    | eval.evaluation.evaluation:metric_call:77 - metric_func_name exact_match score 1.0 msg exact match, response: 4.2, target: 4.2
2026-08-10 00:48:22.166 | DEBUG    | eval.evaluation.evaluation:metric_call:77 - metric_func_name exact_match score 1.0 msg exact match, response: 3.2, target: 3.2
2026-08-10 00:48:22.166 | DEBUG    | eval.evaluation.evaluation:metric_call:77 - metric_func_name exact_match score 1.0 msg exact match, response: 4.0, target: 4.0
2026-08-10 00:48:22.166 | DEBUG    | eval.evaluation.evaluation:metric_call:77 - metric_func_name exact_match score 1.0 msg exact match, response: 4.2, target: 4.2
2026-08-10 00:48:22.167 | DEBUG    | eval.evaluation.evaluation:evaluate_single_query:321 - wide2deep_ws_en_091, col corefrequency(ghz), metric_func_name exact_match, score [1.0, 1.0, 1.0, 1.0, 1.0, 1.0, 1.0, 1.0, 1.0, 1.0, 1.0, 1.0, 1.0, 1.0, 1.0, 1.0, 1.0, 1.0, 1.0, 1.0, 1.0, 1.0, 1.0, 1.0, 1.0, 1.0, 1.0, 1.0, 1.0, 1.0, 1.0, 1.0, 1.0, 1.0, 1.0, 1.0, 1.0, 1.0, 1.0, 1.0, 1.0, 1.0, 1.0, 1.0, 1.0, 1.0, 1.0, 1.0, 1.0, 1.0, 1.0, 1.0, 1.0, 1.0, 1.0, 1.0, 1.0, 1.0, 1.0, 1.0, 1.0, 1.0, 1.0, 1.0, 1.0, 1.0, 1.0, 1.0, 1.0, 1.0, 1.0, 1.0]
2026-08-10 00:48:22.167 | DEBUG    | eval.evaluation.evaluation:metric_call:77 - metric_func_name exact_match score 1.0 msg exact match, response: 4, target: 4
2026-08-10 00:48:22.167 | DEBUG    | eval.evaluation.evaluation:metric_call:77 - metric_func_name exact_match score 1.0 msg exact match, response: 4, target: 4
2026-08-10 00:48:22.167 | DEBUG    | eval.evaluation.evaluation:metric_call:77 - metric_func_name exact_match score 1.0 msg exact match, response: 4, target: 4
2026-08-10 00:48:22.167 | DEBUG    | eval.evaluation.evaluation:metric_call:77 - metric_func_name exact_match score 1.0 msg exact match, response: 3, target: 3
2026-08-10 00:48:22.167 | DEBUG    | eval.evaluation.evaluation:metric_call:77 - metric_func_name exact_match score 1.0 msg exact match, response: 3, target: 3
2026-08-10 00:48:22.167 | DEBUG    | eval.evaluation.evaluation:metric_call:77 - metric_func_name exact_match score 1.0 msg exact match, response: 2, target: 2
2026-08-10 00:48:22.167 | DEBUG    | eval.evaluation.evaluation:metric_call:77 - metric_func_name exact_match score 1.0 msg exact match, response: 2, target: 2
2026-08-10 00:48:22.167 | DEBUG    | eval.evaluation.evaluation:metric_call:77 - metric_func_name exact_match score 1.0 msg exact match, response: 2, target: 2
2026-08-10 00:48:22.167 | DEBUG    | eval.evaluation.evaluation:metric_call:77 - metric_func_name exact_match score 1.0 msg exact match, response: 2, target: 2
2026-08-10 00:48:22.167 | DEBUG    | eval.evaluation.evaluation:metric_call:77 - metric_func_name exact_match score 1.0 msg exact match, response: 8, target: 8
2026-08-10 00:48:22.167 | DEBUG    | eval.evaluation.evaluation:metric_call:77 - metric_func_name exact_match score 1.0 msg exact match, response: 6, target: 6
2026-08-10 00:48:22.167 | DEBUG    | eval.evaluation.evaluation:metric_call:77 - metric_func_name exact_match score 1.0 msg exact match, response: 4, target: 4
2026-08-10 00:48:22.167 | DEBUG    | eval.evaluation.evaluation:metric_call:77 - metric_func_name exact_match score 1.0 msg exact match, response: 2, target: 2
2026-08-10 00:48:22.168 | DEBUG    | eval.evaluation.evaluation:metric_call:77 - metric_func_name exact_match score 1.0 msg exact match, response: 2, target: 2
2026-08-10 00:48:22.168 | DEBUG    | eval.evaluation.evaluation:metric_call:77 - metric_func_name exact_match score 1.0 msg exact match, response: 4, target: 4
2026-08-10 00:48:22.168 | DEBUG    | eval.evaluation.evaluation:metric_call:77 - metric_func_name exact_match score 1.0 msg exact match, response: 4, target: 4
2026-08-10 00:48:22.168 | DEBUG    | eval.evaluation.evaluation:metric_call:77 - metric_func_name exact_match score 1.0 msg exact match, response: 3, target: 3
2026-08-10 00:48:22.168 | DEBUG    | eval.evaluation.evaluation:metric_call:77 - metric_func_name exact_match score 1.0 msg exact match, response: 3, target: 3
2026-08-10 00:48:22.168 | DEBUG    | eval.evaluation.evaluation:metric_call:77 - metric_func_name exact_match score 1.0 msg exact match, response: 16, target: 16
2026-08-10 00:48:22.168 | DEBUG    | eval.evaluation.evaluation:metric_call:77 - metric_func_name exact_match score 1.0 msg exact match, response: 8, target: 8
2026-08-10 00:48:22.168 | DEBUG    | eval.evaluation.evaluation:metric_call:77 - metric_func_name exact_match score 1.0 msg exact match, response: 12, target: 12
2026-08-10 00:48:22.168 | DEBUG    | eval.evaluation.evaluation:metric_call:77 - metric_func_name exact_match score 1.0 msg exact match, response: 6, target: 6
2026-08-10 00:48:22.168 | DEBUG    | eval.evaluation.evaluation:metric_call:77 - metric_func_name exact_match score 1.0 msg exact match, response: 6, target: 6
2026-08-10 00:48:22.168 | DEBUG    | eval.evaluation.evaluation:metric_call:77 - metric_func_name exact_match score 1.0 msg exact match, response: 4, target: 4
2026-08-10 00:48:22.168 | DEBUG    | eval.evaluation.evaluation:metric_call:77 - metric_func_name exact_match score 1.0 msg exact match, response: 4, target: 4
2026-08-10 00:48:22.168 | DEBUG    | eval.evaluation.evaluation:metric_call:77 - metric_func_name exact_match score 1.0 msg exact match, response: 3, target: 3
2026-08-10 00:48:22.168 | DEBUG    | eval.evaluation.evaluation:metric_call:77 - metric_func_name exact_match score 1.0 msg exact match, response: 3, target: 3
2026-08-10 00:48:22.168 | DEBUG    | eval.evaluation.evaluation:metric_call:77 - metric_func_name exact_match score 1.0 msg exact match, response: 2, target: 2
2026-08-10 00:48:22.168 | DEBUG    | eval.evaluation.evaluation:metric_call:77 - metric_func_name exact_match score 1.0 msg exact match, response: 2, target: 2
2026-08-10 00:48:22.168 | DEBUG    | eval.evaluation.evaluation:metric_call:77 - metric_func_name exact_match score 1.0 msg exact match, response: 16, target: 16
2026-08-10 00:48:22.168 | DEBUG    | eval.evaluation.evaluation:metric_call:77 - metric_func_name exact_match score 1.0 msg exact match, response: 12, target: 12
2026-08-10 00:48:22.168 | DEBUG    | eval.evaluation.evaluation:metric_call:77 - metric_func_name exact_match score 1.0 msg exact match, response: 8, target: 8
2026-08-10 00:48:22.168 | DEBUG    | eval.evaluation.evaluation:metric_call:77 - metric_func_name exact_match score 1.0 msg exact match, response: 32, target: 32
2026-08-10 00:48:22.168 | DEBUG    | eval.evaluation.evaluation:metric_call:77 - metric_func_name exact_match score 1.0 msg exact match, response: 2, target: 2
2026-08-10 00:48:22.168 | DEBUG    | eval.evaluation.evaluation:metric_call:77 - metric_func_name exact_match score 1.0 msg exact match, response: 2, target: 2
2026-08-10 00:48:22.168 | DEBUG    | eval.evaluation.evaluation:metric_call:77 - metric_func_name exact_match score 1.0 msg exact match, response: 6, target: 6
2026-08-10 00:48:22.168 | DEBUG    | eval.evaluation.evaluation:metric_call:77 - metric_func_name exact_match score 1.0 msg exact match, response: 4, target: 4
2026-08-10 00:48:22.168 | DEBUG    | eval.evaluation.evaluation:metric_call:77 - metric_func_name exact_match score 1.0 msg exact match, response: 3, target: 3
2026-08-10 00:48:22.168 | DEBUG    | eval.evaluation.evaluation:metric_call:77 - metric_func_name exact_match score 1.0 msg exact match, response: 32, target: 32
2026-08-10 00:48:22.168 | DEBUG    | eval.evaluation.evaluation:metric_call:77 - metric_func_name exact_match score 1.0 msg exact match, response: 16, target: 16
2026-08-10 00:48:22.168 | DEBUG    | eval.evaluation.evaluation:metric_call:77 - metric_func_name exact_match score 1.0 msg exact match, response: 8, target: 8
2026-08-10 00:48:22.168 | DEBUG    | eval.evaluation.evaluation:metric_call:77 - metric_func_name exact_match score 1.0 msg exact match, response: 8, target: 8
2026-08-10 00:48:22.169 | DEBUG    | eval.evaluation.evaluation:metric_call:77 - metric_func_name exact_match score 1.0 msg exact match, response: 6, target: 6
2026-08-10 00:48:22.169 | DEBUG    | eval.evaluation.evaluation:metric_call:77 - metric_func_name exact_match score 1.0 msg exact match, response: 4, target: 4
2026-08-10 00:48:22.169 | DEBUG    | eval.evaluation.evaluation:metric_call:77 - metric_func_name exact_match score 1.0 msg exact match, response: 3, target: 3
2026-08-10 00:48:22.169 | DEBUG    | eval.evaluation.evaluation:metric_call:77 - metric_func_name exact_match score 1.0 msg exact match, response: 4, target: 4
2026-08-10 00:48:22.169 | DEBUG    | eval.evaluation.evaluation:metric_call:77 - metric_func_name exact_match score 1.0 msg exact match, response: 3, target: 3
2026-08-10 00:48:22.169 | DEBUG    | eval.evaluation.evaluation:metric_call:77 - metric_func_name exact_match score 1.0 msg exact match, response: 32, target: 32
2026-08-10 00:48:22.169 | DEBUG    | eval.evaluation.evaluation:metric_call:77 - metric_func_name exact_match score 1.0 msg exact match, response: 16, target: 16
2026-08-10 00:48:22.169 | DEBUG    | eval.evaluation.evaluation:metric_call:77 - metric_func_name exact_match score 1.0 msg exact match, response: 12, target: 12
2026-08-10 00:48:22.169 | DEBUG    | eval.evaluation.evaluation:metric_call:77 - metric_func_name exact_match score 1.0 msg exact match, response: 4, target: 4
2026-08-10 00:48:22.169 | DEBUG    | eval.evaluation.evaluation:metric_call:77 - metric_func_name exact_match score 1.0 msg exact match, response: 3, target: 3
2026-08-10 00:48:22.169 | DEBUG    | eval.evaluation.evaluation:metric_call:77 - metric_func_name exact_match score 1.0 msg exact match, response: 3, target: 3
2026-08-10 00:48:22.169 | DEBUG    | eval.evaluation.evaluation:metric_call:77 - metric_func_name exact_match score 1.0 msg exact match, response: 4, target: 4
2026-08-10 00:48:22.169 | DEBUG    | eval.evaluation.evaluation:metric_call:77 - metric_func_name exact_match score 1.0 msg exact match, response: 16, target: 16
2026-08-10 00:48:22.169 | DEBUG    | eval.evaluation.evaluation:metric_call:77 - metric_func_name exact_match score 1.0 msg exact match, response: 12, target: 12
2026-08-10 00:48:22.169 | DEBUG    | eval.evaluation.evaluation:metric_call:77 - metric_func_name exact_match score 1.0 msg exact match, response: 8, target: 8
2026-08-10 00:48:22.169 | DEBUG    | eval.evaluation.evaluation:metric_call:77 - metric_func_name exact_match score 1.0 msg exact match, response: 6, target: 6
2026-08-10 00:48:22.169 | DEBUG    | eval.evaluation.evaluation:metric_call:77 - metric_func_name exact_match score 1.0 msg exact match, response: 12, target: 12
2026-08-10 00:48:22.169 | DEBUG    | eval.evaluation.evaluation:metric_call:77 - metric_func_name exact_match score 1.0 msg exact match, response: 8, target: 8
2026-08-10 00:48:22.169 | DEBUG    | eval.evaluation.evaluation:metric_call:77 - metric_func_name exact_match score 1.0 msg exact match, response: 6, target: 6
2026-08-10 00:48:22.169 | DEBUG    | eval.evaluation.evaluation:metric_call:77 - metric_func_name exact_match score 1.0 msg exact match, response: 16, target: 16
2026-08-10 00:48:22.169 | DEBUG    | eval.evaluation.evaluation:metric_call:77 - metric_func_name exact_match score 1.0 msg exact match, response: 12, target: 12
2026-08-10 00:48:22.169 | DEBUG    | eval.evaluation.evaluation:metric_call:77 - metric_func_name exact_match score 1.0 msg exact match, response: 8, target: 8
2026-08-10 00:48:22.169 | DEBUG    | eval.evaluation.evaluation:metric_call:77 - metric_func_name exact_match score 1.0 msg exact match, response: 3, target: 3
2026-08-10 00:48:22.169 | DEBUG    | eval.evaluation.evaluation:metric_call:77 - metric_func_name exact_match score 1.0 msg exact match, response: 96, target: 96
2026-08-10 00:48:22.169 | DEBUG    | eval.evaluation.evaluation:metric_call:77 - metric_func_name exact_match score 1.0 msg exact match, response: 64, target: 64
2026-08-10 00:48:22.169 | DEBUG    | eval.evaluation.evaluation:metric_call:77 - metric_func_name exact_match score 1.0 msg exact match, response: 32, target: 32
2026-08-10 00:48:22.169 | DEBUG    | eval.evaluation.evaluation:metric_call:77 - metric_func_name exact_match score 1.0 msg exact match, response: 24, target: 24
2026-08-10 00:48:22.169 | DEBUG    | eval.evaluation.evaluation:metric_call:77 - metric_func_name exact_match score 1.0 msg exact match, response: 64, target: 64
2026-08-10 00:48:22.169 | DEBUG    | eval.evaluation.evaluation:metric_call:77 - metric_func_name exact_match score 1.0 msg exact match, response: 32, target: 32
2026-08-10 00:48:22.169 | DEBUG    | eval.evaluation.evaluation:metric_call:77 - metric_func_name exact_match score 1.0 msg exact match, response: 24, target: 24
2026-08-10 00:48:22.170 | DEBUG    | eval.evaluation.evaluation:evaluate_single_query:321 - wide2deep_ws_en_091, col l2cache(mb), metric_func_name exact_match, score [1.0, 1.0, 1.0, 1.0, 1.0, 1.0, 1.0, 1.0, 1.0, 1.0, 1.0, 1.0, 1.0, 1.0, 1.0, 1.0, 1.0, 1.0, 1.0, 1.0, 1.0, 1.0, 1.0, 1.0, 1.0, 1.0, 1.0, 1.0, 1.0, 1.0, 1.0, 1.0, 1.0, 1.0, 1.0, 1.0, 1.0, 1.0, 1.0, 1.0, 1.0, 1.0, 1.0, 1.0, 1.0, 1.0, 1.0, 1.0, 1.0, 1.0, 1.0, 1.0, 1.0, 1.0, 1.0, 1.0, 1.0, 1.0, 1.0, 1.0, 1.0, 1.0, 1.0, 1.0, 1.0, 1.0, 1.0, 1.0, 1.0, 1.0, 1.0, 1.0]
2026-08-10 00:48:22.170 | DEBUG    | eval.evaluation.evaluation:metric_call:77 - metric_func_name exact_match score 0.0 msg exact not match, response: 16, target: 16.0
2026-08-10 00:48:22.170 | DEBUG    | eval.evaluation.evaluation:metric_call:77 - metric_func_name exact_match score 0.0 msg exact not match, response: 16, target: 16.0
2026-08-10 00:48:22.170 | DEBUG    | eval.evaluation.evaluation:metric_call:77 - metric_func_name exact_match score 0.0 msg exact not match, response: 16, target: 16.0
2026-08-10 00:48:22.170 | DEBUG    | eval.evaluation.evaluation:metric_call:77 - metric_func_name exact_match score 0.0 msg exact not match, response: 16, target: 16.0
2026-08-10 00:48:22.170 | DEBUG    | eval.evaluation.evaluation:metric_call:77 - metric_func_name exact_match score 0.0 msg exact not match, response: 16, target: 16.0
2026-08-10 00:48:22.170 | DEBUG    | eval.evaluation.evaluation:metric_call:77 - metric_func_name exact_match score 0.0 msg exact not match, response: 16, target: 16.0
2026-08-10 00:48:22.171 | DEBUG    | eval.evaluation.evaluation:metric_call:77 - metric_func_name exact_match score 0.0 msg exact not match, response: 8, target: 8.0
2026-08-10 00:48:22.171 | DEBUG    | eval.evaluation.evaluation:metric_call:77 - metric_func_name exact_match score 0.0 msg exact not match, response: 8, target: 8.0
2026-08-10 00:48:22.171 | DEBUG    | eval.evaluation.evaluation:metric_call:77 - metric_func_name exact_match score 0.0 msg exact not match, response: 8, target: 8.0
2026-08-10 00:48:22.171 | DEBUG    | eval.evaluation.evaluation:metric_call:77 - metric_func_name exact_match score 0.0 msg exact not match, response: 32, target: 32.0
2026-08-10 00:48:22.171 | DEBUG    | eval.evaluation.evaluation:metric_call:77 - metric_func_name exact_match score 0.0 msg exact not match, response: 32, target: 32.0
2026-08-10 00:48:22.171 | DEBUG    | eval.evaluation.evaluation:metric_call:77 - metric_func_name exact_match score 0.0 msg exact not match, response: 16, target: 16.0
2026-08-10 00:48:22.171 | DEBUG    | eval.evaluation.evaluation:metric_call:77 - metric_func_name exact_match score 0.0 msg exact not match, response: 4, target: 4.0
2026-08-10 00:48:22.171 | DEBUG    | eval.evaluation.evaluation:metric_call:77 - metric_func_name exact_match score 0.0 msg exact not match, response: 4, target: 4.0
2026-08-10 00:48:22.171 | DEBUG    | eval.evaluation.evaluation:metric_call:77 - metric_func_name exact_match score 0.0 msg exact not match, response: 16, target: 16.0
2026-08-10 00:48:22.171 | DEBUG    | eval.evaluation.evaluation:metric_call:77 - metric_func_name exact_match score 0.0 msg exact not match, response: 16, target: 16.0
2026-08-10 00:48:22.171 | DEBUG    | eval.evaluation.evaluation:metric_call:77 - metric_func_name exact_match score 0.0 msg exact not match, response: 16, target: 16.0
2026-08-10 00:48:22.171 | DEBUG    | eval.evaluation.evaluation:metric_call:77 - metric_func_name exact_match score 0.0 msg exact not match, response: 16, target: 16.0
2026-08-10 00:48:22.171 | DEBUG    | eval.evaluation.evaluation:metric_call:77 - metric_func_name exact_match score 0.0 msg exact not match, response: 64, target: 64.0
2026-08-10 00:48:22.171 | DEBUG    | eval.evaluation.evaluation:metric_call:77 - metric_func_name exact_match score 0.0 msg exact not match, response: 32, target: 32.0
2026-08-10 00:48:22.171 | DEBUG    | eval.evaluation.evaluation:metric_call:77 - metric_func_name exact_match score 0.0 msg exact not match, response: 64, target: 64.0
2026-08-10 00:48:22.171 | DEBUG    | eval.evaluation.evaluation:metric_call:77 - metric_func_name exact_match score 0.0 msg exact not match, response: 32, target: 32.0
2026-08-10 00:48:22.171 | DEBUG    | eval.evaluation.evaluation:metric_call:77 - metric_func_name exact_match score 0.0 msg exact not match, response: 64, target: 64.0
2026-08-10 00:48:22.171 | DEBUG    | eval.evaluation.evaluation:metric_call:77 - metric_func_name exact_match score 0.0 msg exact not match, response: 32, target: 32.0
2026-08-10 00:48:22.171 | DEBUG    | eval.evaluation.evaluation:metric_call:77 - metric_func_name exact_match score 0.0 msg exact not match, response: 32, target: 32.0
2026-08-10 00:48:22.171 | DEBUG    | eval.evaluation.evaluation:metric_call:77 - metric_func_name exact_match score 0.0 msg exact not match, response: 32, target: 32.0
2026-08-10 00:48:22.171 | DEBUG    | eval.evaluation.evaluation:metric_call:77 - metric_func_name exact_match score 0.0 msg exact not match, response: 32, target: 32.0
2026-08-10 00:48:22.171 | DEBUG    | eval.evaluation.evaluation:metric_call:77 - metric_func_name exact_match score 0.0 msg exact not match, response: 4, target: 4.0
2026-08-10 00:48:22.171 | DEBUG    | eval.evaluation.evaluation:metric_call:77 - metric_func_name exact_match score 0.0 msg exact not match, response: 4, target: 4.0
2026-08-10 00:48:22.171 | DEBUG    | eval.evaluation.evaluation:metric_call:77 - metric_func_name exact_match score 0.0 msg exact not match, response: 128, target: 128.0
2026-08-10 00:48:22.171 | DEBUG    | eval.evaluation.evaluation:metric_call:77 - metric_func_name exact_match score 0.0 msg exact not match, response: 128, target: 128.0
2026-08-10 00:48:22.171 | DEBUG    | eval.evaluation.evaluation:metric_call:77 - metric_func_name exact_match score 0.0 msg exact not match, response: 64, target: 64.0
2026-08-10 00:48:22.171 | DEBUG    | eval.evaluation.evaluation:metric_call:77 - metric_func_name exact_match score 0.0 msg exact not match, response: 256, target: 256.0
2026-08-10 00:48:22.171 | DEBUG    | eval.evaluation.evaluation:metric_call:77 - metric_func_name exact_match score 0.0 msg exact not match, response: 16, target: 16.0
2026-08-10 00:48:22.171 | DEBUG    | eval.evaluation.evaluation:metric_call:77 - metric_func_name exact_match score 0.0 msg exact not match, response: 16, target: 16.0
2026-08-10 00:48:22.172 | DEBUG    | eval.evaluation.evaluation:metric_call:77 - metric_func_name exact_match score 0.0 msg exact not match, response: 64, target: 64.0
2026-08-10 00:48:22.172 | DEBUG    | eval.evaluation.evaluation:metric_call:77 - metric_func_name exact_match score 0.0 msg exact not match, response: 32, target: 32.0
2026-08-10 00:48:22.172 | DEBUG    | eval.evaluation.evaluation:metric_call:77 - metric_func_name exact_match score 0.0 msg exact not match, response: 32, target: 32.0
2026-08-10 00:48:22.172 | DEBUG    | eval.evaluation.evaluation:metric_call:77 - metric_func_name exact_match score 0.0 msg exact not match, response: 256, target: 256.0
2026-08-10 00:48:22.172 | DEBUG    | eval.evaluation.evaluation:metric_call:77 - metric_func_name exact_match score 0.0 msg exact not match, response: 128, target: 128.0
2026-08-10 00:48:22.172 | DEBUG    | eval.evaluation.evaluation:metric_call:77 - metric_func_name exact_match score 0.0 msg exact not match, response: 64, target: 64.0
2026-08-10 00:48:22.172 | DEBUG    | eval.evaluation.evaluation:metric_call:77 - metric_func_name exact_match score 0.0 msg exact not match, response: 64, target: 64.0
2026-08-10 00:48:22.172 | DEBUG    | eval.evaluation.evaluation:metric_call:77 - metric_func_name exact_match score 0.0 msg exact not match, response: 64, target: 64.0
2026-08-10 00:48:22.172 | DEBUG    | eval.evaluation.evaluation:metric_call:77 - metric_func_name exact_match score 0.0 msg exact not match, response: 32, target: 32.0
2026-08-10 00:48:22.172 | DEBUG    | eval.evaluation.evaluation:metric_call:77 - metric_func_name exact_match score 0.0 msg exact not match, response: 32, target: 32.0
2026-08-10 00:48:22.172 | DEBUG    | eval.evaluation.evaluation:metric_call:77 - metric_func_name exact_match score 0.0 msg exact not match, response: 16, target: 16.0
2026-08-10 00:48:22.172 | DEBUG    | eval.evaluation.evaluation:metric_call:77 - metric_func_name exact_match score 0.0 msg exact not match, response: 16, target: 16.0
2026-08-10 00:48:22.172 | DEBUG    | eval.evaluation.evaluation:metric_call:77 - metric_func_name exact_match score 0.0 msg exact not match, response: 256, target: 256.0
2026-08-10 00:48:22.172 | DEBUG    | eval.evaluation.evaluation:metric_call:77 - metric_func_name exact_match score 0.0 msg exact not match, response: 128, target: 128.0
2026-08-10 00:48:22.172 | DEBUG    | eval.evaluation.evaluation:metric_call:77 - metric_func_name exact_match score 0.0 msg exact not match, response: 128, target: 128.0
2026-08-10 00:48:22.172 | DEBUG    | eval.evaluation.evaluation:metric_call:77 - metric_func_name exact_match score 0.0 msg exact not match, response: 32, target: 32.0
2026-08-10 00:48:22.172 | DEBUG    | eval.evaluation.evaluation:metric_call:77 - metric_func_name exact_match score 0.0 msg exact not match, response: 32, target: 32.0
2026-08-10 00:48:22.172 | DEBUG    | eval.evaluation.evaluation:metric_call:77 - metric_func_name exact_match score 0.0 msg exact not match, response: 16, target: 16.0
2026-08-10 00:48:22.172 | DEBUG    | eval.evaluation.evaluation:metric_call:77 - metric_func_name exact_match score 0.0 msg exact not match, response: 96, target: 96.0
2026-08-10 00:48:22.172 | DEBUG    | eval.evaluation.evaluation:metric_call:77 - metric_func_name exact_match score 0.0 msg exact not match, response: 64, target: 64.0
2026-08-10 00:48:22.172 | DEBUG    | eval.evaluation.evaluation:metric_call:77 - metric_func_name exact_match score 0.0 msg exact not match, response: 64, target: 64.0
2026-08-10 00:48:22.172 | DEBUG    | eval.evaluation.evaluation:metric_call:77 - metric_func_name exact_match score 0.0 msg exact not match, response: 32, target: 32.0
2026-08-10 00:48:22.172 | DEBUG    | eval.evaluation.evaluation:metric_call:77 - metric_func_name exact_match score 0.0 msg exact not match, response: 32, target: 32.0
2026-08-10 00:48:22.172 | DEBUG    | eval.evaluation.evaluation:metric_call:77 - metric_func_name exact_match score 0.0 msg exact not match, response: 64, target: 64.0
2026-08-10 00:48:22.172 | DEBUG    | eval.evaluation.evaluation:metric_call:77 - metric_func_name exact_match score 0.0 msg exact not match, response: 32, target: 32.0
2026-08-10 00:48:22.172 | DEBUG    | eval.evaluation.evaluation:metric_call:77 - metric_func_name exact_match score 0.0 msg exact not match, response: 32, target: 32.0
2026-08-10 00:48:22.172 | DEBUG    | eval.evaluation.evaluation:metric_call:77 - metric_func_name exact_match score 0.0 msg exact not match, response: 128, target: 128.0
2026-08-10 00:48:22.172 | DEBUG    | eval.evaluation.evaluation:metric_call:77 - metric_func_name exact_match score 0.0 msg exact not match, response: 128, target: 128.0
2026-08-10 00:48:22.172 | DEBUG    | eval.evaluation.evaluation:metric_call:77 - metric_func_name exact_match score 0.0 msg exact not match, response: 96, target: 96.0
2026-08-10 00:48:22.172 | DEBUG    | eval.evaluation.evaluation:metric_call:77 - metric_func_name exact_match score 0.0 msg exact not match, response: 96, target: 96.0
2026-08-10 00:48:22.172 | DEBUG    | eval.evaluation.evaluation:metric_call:77 - metric_func_name exact_match score 0.0 msg exact not match, response: 384, target: 384.0
2026-08-10 00:48:22.173 | DEBUG    | eval.evaluation.evaluation:metric_call:77 - metric_func_name exact_match score 0.0 msg exact not match, response: 256, target: 256.0
2026-08-10 00:48:22.173 | DEBUG    | eval.evaluation.evaluation:metric_call:77 - metric_func_name exact_match score 0.0 msg exact not match, response: 128, target: 128.0
2026-08-10 00:48:22.173 | DEBUG    | eval.evaluation.evaluation:metric_call:77 - metric_func_name exact_match score 0.0 msg exact not match, response: 128, target: 128.0
2026-08-10 00:48:22.173 | DEBUG    | eval.evaluation.evaluation:metric_call:77 - metric_func_name exact_match score 0.0 msg exact not match, response: 256, target: 256.0
2026-08-10 00:48:22.173 | DEBUG    | eval.evaluation.evaluation:metric_call:77 - metric_func_name exact_match score 0.0 msg exact not match, response: 128, target: 128.0
2026-08-10 00:48:22.173 | DEBUG    | eval.evaluation.evaluation:metric_call:77 - metric_func_name exact_match score 0.0 msg exact not match, response: 128, target: 128.0
2026-08-10 00:48:22.173 | DEBUG    | eval.evaluation.evaluation:evaluate_single_query:321 - wide2deep_ws_en_091, col l3cache(mb), metric_func_name exact_match, score [0.0, 0.0, 0.0, 0.0, 0.0, 0.0, 0.0, 0.0, 0.0, 0.0, 0.0, 0.0, 0.0, 0.0, 0.0, 0.0, 0.0, 0.0, 0.0, 0.0, 0.0, 0.0, 0.0, 0.0, 0.0, 0.0, 0.0, 0.0, 0.0, 0.0, 0.0, 0.0, 0.0, 0.0, 0.0, 0.0, 0.0, 0.0, 0.0, 0.0, 0.0, 0.0, 0.0, 0.0, 0.0, 0.0, 0.0, 0.0, 0.0, 0.0, 0.0, 0.0, 0.0, 0.0, 0.0, 0.0, 0.0, 0.0, 0.0, 0.0, 0.0, 0.0, 0.0, 0.0, 0.0, 0.0, 0.0, 0.0, 0.0, 0.0, 0.0, 0.0]
2026-08-10 00:48:29.417 | DEBUG    | eval.evaluation.evaluation:evaluate_single_query:321 - wide2deep_ws_en_091, col graphicsmodel, metric_func_name llm_judge, score [0, 0, 0, 0, 0, 0, 0, 0, 0, 0, 0, 0, 1, 1, 0, 0, 0, 0, 0, 0, 0, 0, 0, 0, 0, 0, 0, 1, 1, 0, 0, 0, 0, 0, 0, 0, 0, 0, 0, 0, 0, 0, 0, 0, 0, 1, 1, 0, 0, 0, 0, 0, 0, 0, 1, 1, 1, 1, 1, 1, 1, 1, 1, 1, 0, 0, 0, 0, 0, 0, 0, 0]
2026-08-10 00:48:29.417 | DEBUG    | eval.evaluation.evaluation:metric_call:77 - metric_func_name exact_match score 1.0 msg exact match, response: nan, target: nan
2026-08-10 00:48:29.417 | DEBUG    | eval.evaluation.evaluation:metric_call:77 - metric_func_name exact_match score 1.0 msg exact match, response: nan, target: nan
2026-08-10 00:48:29.417 | DEBUG    | eval.evaluation.evaluation:metric_call:77 - metric_func_name exact_match score 1.0 msg exact match, response: nan, target: nan
2026-08-10 00:48:29.418 | DEBUG    | eval.evaluation.evaluation:metric_call:77 - metric_func_name exact_match score 1.0 msg exact match, response: nan, target: nan
2026-08-10 00:48:29.418 | DEBUG    | eval.evaluation.evaluation:metric_call:77 - metric_func_name exact_match score 1.0 msg exact match, response: nan, target: nan
2026-08-10 00:48:29.418 | DEBUG    | eval.evaluation.evaluation:metric_call:77 - metric_func_name exact_match score 1.0 msg exact match, response: nan, target: nan
2026-08-10 00:48:29.418 | DEBUG    | eval.evaluation.evaluation:metric_call:77 - metric_func_name exact_match score 1.0 msg exact match, response: nan, target: nan
2026-08-10 00:48:29.418 | DEBUG    | eval.evaluation.evaluation:metric_call:77 - metric_func_name exact_match score 1.0 msg exact match, response: nan, target: nan
2026-08-10 00:48:29.418 | DEBUG    | eval.evaluation.evaluation:metric_call:77 - metric_func_name exact_match score 1.0 msg exact match, response: nan, target: nan
2026-08-10 00:48:29.418 | DEBUG    | eval.evaluation.evaluation:metric_call:77 - metric_func_name exact_match score 1.0 msg exact match, response: nan, target: nan
2026-08-10 00:48:29.418 | DEBUG    | eval.evaluation.evaluation:metric_call:77 - metric_func_name exact_match score 1.0 msg exact match, response: nan, target: nan
2026-08-10 00:48:29.418 | DEBUG    | eval.evaluation.evaluation:metric_call:77 - metric_func_name exact_match score 1.0 msg exact match, response: nan, target: nan
2026-08-10 00:48:29.418 | DEBUG    | eval.evaluation.evaluation:metric_call:77 - metric_func_name exact_match score 1.0 msg exact match, response: 11.0, target: 11.0
2026-08-10 00:48:29.418 | DEBUG    | eval.evaluation.evaluation:metric_call:77 - metric_func_name exact_match score 1.0 msg exact match, response: 8.0, target: 8.0
2026-08-10 00:48:29.418 | DEBUG    | eval.evaluation.evaluation:metric_call:77 - metric_func_name exact_match score 1.0 msg exact match, response: nan, target: nan
2026-08-10 00:48:29.418 | DEBUG    | eval.evaluation.evaluation:metric_call:77 - metric_func_name exact_match score 1.0 msg exact match, response: nan, target: nan
2026-08-10 00:48:29.418 | DEBUG    | eval.evaluation.evaluation:metric_call:77 - metric_func_name exact_match score 1.0 msg exact match, response: nan, target: nan
2026-08-10 00:48:29.418 | DEBUG    | eval.evaluation.evaluation:metric_call:77 - metric_func_name exact_match score 1.0 msg exact match, response: nan, target: nan
2026-08-10 00:48:29.418 | DEBUG    | eval.evaluation.evaluation:metric_call:77 - metric_func_name exact_match score 1.0 msg exact match, response: nan, target: nan
2026-08-10 00:48:29.418 | DEBUG    | eval.evaluation.evaluation:metric_call:77 - metric_func_name exact_match score 1.0 msg exact match, response: nan, target: nan
2026-08-10 00:48:29.418 | DEBUG    | eval.evaluation.evaluation:metric_call:77 - metric_func_name exact_match score 1.0 msg exact match, response: nan, target: nan
2026-08-10 00:48:29.418 | DEBUG    | eval.evaluation.evaluation:metric_call:77 - metric_func_name exact_match score 1.0 msg exact match, response: nan, target: nan
2026-08-10 00:48:29.418 | DEBUG    | eval.evaluation.evaluation:metric_call:77 - metric_func_name exact_match score 1.0 msg exact match, response: nan, target: nan
2026-08-10 00:48:29.418 | DEBUG    | eval.evaluation.evaluation:metric_call:77 - metric_func_name exact_match score 1.0 msg exact match, response: nan, target: nan
2026-08-10 00:48:29.418 | DEBUG    | eval.evaluation.evaluation:metric_call:77 - metric_func_name exact_match score 1.0 msg exact match, response: nan, target: nan
2026-08-10 00:48:29.418 | DEBUG    | eval.evaluation.evaluation:metric_call:77 - metric_func_name exact_match score 1.0 msg exact match, response: nan, target: nan
2026-08-10 00:48:29.418 | DEBUG    | eval.evaluation.evaluation:metric_call:77 - metric_func_name exact_match score 1.0 msg exact match, response: nan, target: nan
2026-08-10 00:48:29.418 | DEBUG    | eval.evaluation.evaluation:metric_call:77 - metric_func_name exact_match score 1.0 msg exact match, response: 11.0, target: 11.0
2026-08-10 00:48:29.418 | DEBUG    | eval.evaluation.evaluation:metric_call:77 - metric_func_name exact_match score 1.0 msg exact match, response: 8.0, target: 8.0
2026-08-10 00:48:29.418 | DEBUG    | eval.evaluation.evaluation:metric_call:77 - metric_func_name exact_match score 1.0 msg exact match, response: nan, target: nan
2026-08-10 00:48:29.419 | DEBUG    | eval.evaluation.evaluation:metric_call:77 - metric_func_name exact_match score 1.0 msg exact match, response: nan, target: nan
2026-08-10 00:48:29.419 | DEBUG    | eval.evaluation.evaluation:metric_call:77 - metric_func_name exact_match score 1.0 msg exact match, response: nan, target: nan
2026-08-10 00:48:29.419 | DEBUG    | eval.evaluation.evaluation:metric_call:77 - metric_func_name exact_match score 1.0 msg exact match, response: nan, target: nan
2026-08-10 00:48:29.419 | DEBUG    | eval.evaluation.evaluation:metric_call:77 - metric_func_name exact_match score 1.0 msg exact match, response: nan, target: nan
2026-08-10 00:48:29.419 | DEBUG    | eval.evaluation.evaluation:metric_call:77 - metric_func_name exact_match score 1.0 msg exact match, response: nan, target: nan
2026-08-10 00:48:29.419 | DEBUG    | eval.evaluation.evaluation:metric_call:77 - metric_func_name exact_match score 1.0 msg exact match, response: nan, target: nan
2026-08-10 00:48:29.419 | DEBUG    | eval.evaluation.evaluation:metric_call:77 - metric_func_name exact_match score 1.0 msg exact match, response: nan, target: nan
2026-08-10 00:48:29.419 | DEBUG    | eval.evaluation.evaluation:metric_call:77 - metric_func_name exact_match score 1.0 msg exact match, response: nan, target: nan
2026-08-10 00:48:29.419 | DEBUG    | eval.evaluation.evaluation:metric_call:77 - metric_func_name exact_match score 1.0 msg exact match, response: nan, target: nan
2026-08-10 00:48:29.419 | DEBUG    | eval.evaluation.evaluation:metric_call:77 - metric_func_name exact_match score 1.0 msg exact match, response: nan, target: nan
2026-08-10 00:48:29.419 | DEBUG    | eval.evaluation.evaluation:metric_call:77 - metric_func_name exact_match score 1.0 msg exact match, response: nan, target: nan
2026-08-10 00:48:29.419 | DEBUG    | eval.evaluation.evaluation:metric_call:77 - metric_func_name exact_match score 1.0 msg exact match, response: nan, target: nan
2026-08-10 00:48:29.419 | DEBUG    | eval.evaluation.evaluation:metric_call:77 - metric_func_name exact_match score 1.0 msg exact match, response: nan, target: nan
2026-08-10 00:48:29.419 | DEBUG    | eval.evaluation.evaluation:metric_call:77 - metric_func_name exact_match score 1.0 msg exact match, response: nan, target: nan
2026-08-10 00:48:29.419 | DEBUG    | eval.evaluation.evaluation:metric_call:77 - metric_func_name exact_match score 1.0 msg exact match, response: nan, target: nan
2026-08-10 00:48:29.419 | DEBUG    | eval.evaluation.evaluation:metric_call:77 - metric_func_name exact_match score 1.0 msg exact match, response: 8.0, target: 8.0
2026-08-10 00:48:29.419 | DEBUG    | eval.evaluation.evaluation:metric_call:77 - metric_func_name exact_match score 1.0 msg exact match, response: 7.0, target: 7.0
2026-08-10 00:48:29.419 | DEBUG    | eval.evaluation.evaluation:metric_call:77 - metric_func_name exact_match score 1.0 msg exact match, response: nan, target: nan
2026-08-10 00:48:29.419 | DEBUG    | eval.evaluation.evaluation:metric_call:77 - metric_func_name exact_match score 1.0 msg exact match, response: nan, target: nan
2026-08-10 00:48:29.419 | DEBUG    | eval.evaluation.evaluation:metric_call:77 - metric_func_name exact_match score 1.0 msg exact match, response: nan, target: nan
2026-08-10 00:48:29.419 | DEBUG    | eval.evaluation.evaluation:metric_call:77 - metric_func_name exact_match score 1.0 msg exact match, response: nan, target: nan
2026-08-10 00:48:29.419 | DEBUG    | eval.evaluation.evaluation:metric_call:77 - metric_func_name exact_match score 1.0 msg exact match, response: nan, target: nan
2026-08-10 00:48:29.419 | DEBUG    | eval.evaluation.evaluation:metric_call:77 - metric_func_name exact_match score 1.0 msg exact match, response: nan, target: nan
2026-08-10 00:48:29.419 | DEBUG    | eval.evaluation.evaluation:metric_call:77 - metric_func_name exact_match score 1.0 msg exact match, response: nan, target: nan
2026-08-10 00:48:29.419 | DEBUG    | eval.evaluation.evaluation:metric_call:77 - metric_func_name exact_match score 1.0 msg exact match, response: 2.0, target: 2.0
2026-08-10 00:48:29.419 | DEBUG    | eval.evaluation.evaluation:metric_call:77 - metric_func_name exact_match score 1.0 msg exact match, response: 2.0, target: 2.0
2026-08-10 00:48:29.419 | DEBUG    | eval.evaluation.evaluation:metric_call:77 - metric_func_name exact_match score 1.0 msg exact match, response: 2.0, target: 2.0
2026-08-10 00:48:29.419 | DEBUG    | eval.evaluation.evaluation:metric_call:77 - metric_func_name exact_match score 1.0 msg exact match, response: 2.0, target: 2.0
2026-08-10 00:48:29.419 | DEBUG    | eval.evaluation.evaluation:metric_call:77 - metric_func_name exact_match score 1.0 msg exact match, response: 2.0, target: 2.0
2026-08-10 00:48:29.420 | DEBUG    | eval.evaluation.evaluation:metric_call:77 - metric_func_name exact_match score 1.0 msg exact match, response: 2.0, target: 2.0
2026-08-10 00:48:29.420 | DEBUG    | eval.evaluation.evaluation:metric_call:77 - metric_func_name exact_match score 1.0 msg exact match, response: 2.0, target: 2.0
2026-08-10 00:48:29.420 | DEBUG    | eval.evaluation.evaluation:metric_call:77 - metric_func_name exact_match score 1.0 msg exact match, response: 2.0, target: 2.0
2026-08-10 00:48:29.420 | DEBUG    | eval.evaluation.evaluation:metric_call:77 - metric_func_name exact_match score 1.0 msg exact match, response: 2.0, target: 2.0
2026-08-10 00:48:29.420 | DEBUG    | eval.evaluation.evaluation:metric_call:77 - metric_func_name exact_match score 1.0 msg exact match, response: 2.0, target: 2.0
2026-08-10 00:48:29.420 | DEBUG    | eval.evaluation.evaluation:metric_call:77 - metric_func_name exact_match score 1.0 msg exact match, response: nan, target: nan
2026-08-10 00:48:29.420 | DEBUG    | eval.evaluation.evaluation:metric_call:77 - metric_func_name exact_match score 1.0 msg exact match, response: nan, target: nan
2026-08-10 00:48:29.420 | DEBUG    | eval.evaluation.evaluation:metric_call:77 - metric_func_name exact_match score 1.0 msg exact match, response: nan, target: nan
2026-08-10 00:48:29.420 | DEBUG    | eval.evaluation.evaluation:metric_call:77 - metric_func_name exact_match score 1.0 msg exact match, response: nan, target: nan
2026-08-10 00:48:29.420 | DEBUG    | eval.evaluation.evaluation:metric_call:77 - metric_func_name exact_match score 1.0 msg exact match, response: nan, target: nan
2026-08-10 00:48:29.420 | DEBUG    | eval.evaluation.evaluation:metric_call:77 - metric_func_name exact_match score 1.0 msg exact match, response: nan, target: nan
2026-08-10 00:48:29.420 | DEBUG    | eval.evaluation.evaluation:metric_call:77 - metric_func_name exact_match score 1.0 msg exact match, response: nan, target: nan
2026-08-10 00:48:29.420 | DEBUG    | eval.evaluation.evaluation:metric_call:77 - metric_func_name exact_match score 1.0 msg exact match, response: nan, target: nan
2026-08-10 00:48:29.421 | DEBUG    | eval.evaluation.evaluation:evaluate_single_query:321 - wide2deep_ws_en_091, col numberofgraphicscores, metric_func_name exact_match, score [1.0, 1.0, 1.0, 1.0, 1.0, 1.0, 1.0, 1.0, 1.0, 1.0, 1.0, 1.0, 1.0, 1.0, 1.0, 1.0, 1.0, 1.0, 1.0, 1.0, 1.0, 1.0, 1.0, 1.0, 1.0, 1.0, 1.0, 1.0, 1.0, 1.0, 1.0, 1.0, 1.0, 1.0, 1.0, 1.0, 1.0, 1.0, 1.0, 1.0, 1.0, 1.0, 1.0, 1.0, 1.0, 1.0, 1.0, 1.0, 1.0, 1.0, 1.0, 1.0, 1.0, 1.0, 1.0, 1.0, 1.0, 1.0, 1.0, 1.0, 1.0, 1.0, 1.0, 1.0, 1.0, 1.0, 1.0, 1.0, 1.0, 1.0, 1.0, 1.0]
2026-08-10 00:48:29.439 | INFO     | eval.evaluation.evaluation:evaluate_single_query:380 - wide2deep_ws_en_091, P/R/F1 by unique_columns: 0.8182/0.2175/0.3437
2026-08-10 00:48:29.439 | INFO     | eval.evaluation.evaluation:evaluate_single_query:383 - wide2deep_ws_en_091, P/R/F1 by row: 0.0000/0.0000/0.0000
2026-08-10 00:48:29.439 | INFO     | eval.evaluation.evaluation:evaluate_single_query:386 - wide2deep_ws_en_091, P/R/F1 by item: 0.5909/0.1571/0.2482
2026-08-10 00:48:29.452 | INFO     | eval.evaluation.evaluation:evaluate_single_query:398 - wide2deep_ws_en_091, final table score: 0.0
{"event": "eval_done", "idx": 1, "instance_id": "wide2deep_ws_en_091", "score": 0.0, "entity_acc": 1.0, "f1_by_row": 0.0, "f1_by_item": 0.24821002386634844, "column_f1": 0.3436754176610978, "error": null, "elapsed_seconds": 45.573, "running_n": 1}
2026-08-10 00:48:31.475 | DEBUG    | eval.evaluation.data_loader:extract_dataframe:167 - find markdown_str 
| Event | Primary State Affected | Death Toll | Acres Burned |  ...
2026-08-10 00:48:34.245 | INFO     | eval.evaluation.metric_utils:primary_key_preprocess:246 - primary_key_preprocess result: ```json
{
  "2003-10": "2003-10",
  "2013-06": "2013-06",
  "2017-10": "2017-10",
  "2018-11": "2018-11",
  "2020-08": "2020-08",
  "2023-08": "2023-08"
}
```
2026-08-10 00:48:34.246 | INFO     | eval.evaluation.evaluation:evaluate_single_query:223 - col: startmonth, primary_key_map {'2003-10': '2003-10', '2013-06': '2013-06', '2017-10': '2017-10', '2018-11': '2018-11', '2020-08': '2020-08', '2023-08': '2023-08'}
2026-08-10 00:48:34.253 | INFO     | eval.evaluation.evaluation:evaluate_single_query:275 - wide2deep_ws_en_099, df_inner shape: (6, 14), answer_df shape: (11, 7), response_df shape: (6, 8)
2026-08-10 00:48:37.504 | DEBUG    | eval.evaluation.evaluation:evaluate_single_query:321 - wide2deep_ws_en_099, col event, metric_func_name llm_judge, score [1, 1, 0, 1, 1, 1]
2026-08-10 00:48:39.948 | DEBUG    | eval.evaluation.evaluation:evaluate_single_query:321 - wide2deep_ws_en_099, col primarystateaffected, metric_func_name llm_judge, score [1, 1, 1, 1, 1, 1]
2026-08-10 00:48:39.948 | DEBUG    | eval.evaluation.evaluation:metric_call:77 - metric_func_name number_near score 1.0 msg number near in range 10.0%, response: 15.0, target: 15.0
2026-08-10 00:48:39.948 | DEBUG    | eval.evaluation.evaluation:metric_call:77 - metric_func_name number_near score 1.0 msg number near in range 10.0%, response: 19.0, target: 19.0
2026-08-10 00:48:39.948 | DEBUG    | eval.evaluation.evaluation:metric_call:77 - metric_func_name number_near score 0.0 msg number not near, response: 22.0, target: 44.0
2026-08-10 00:48:39.948 | DEBUG    | eval.evaluation.evaluation:metric_call:77 - metric_func_name number_near score 1.0 msg number near in range 10.0%, response: 85.0, target: 85.0
2026-08-10 00:48:39.948 | DEBUG    | eval.evaluation.evaluation:metric_call:77 - metric_func_name number_near score 1.0 msg number near in range 10.0%, response: 102.0, target: 102.0
2026-08-10 00:48:39.949 | DEBUG    | eval.evaluation.evaluation:metric_call:77 - metric_func_name number_near score 1.0 msg number near in range 10.0%, response: 16.0, target: 16.0
2026-08-10 00:48:39.949 | DEBUG    | eval.evaluation.evaluation:evaluate_single_query:321 - wide2deep_ws_en_099, col deathtoll, metric_func_name number_near, score [1.0, 1.0, 0.0, 1.0, 1.0, 1.0]
2026-08-10 00:48:39.949 | DEBUG    | eval.evaluation.evaluation:metric_call:77 - metric_func_name number_near score 1.0 msg number near in range 10.0%, response: 273246.0, target: 273246.0
2026-08-10 00:48:39.949 | DEBUG    | eval.evaluation.evaluation:metric_call:77 - metric_func_name number_near score 1.0 msg number near in range 10.0%, response: 8400.0, target: 8400.0
2026-08-10 00:48:39.949 | DEBUG    | eval.evaluation.evaluation:metric_call:77 - metric_func_name number_near score 0.0 msg number not near, response: 36807.0, target: 245000.0
2026-08-10 00:48:39.949 | DEBUG    | eval.evaluation.evaluation:metric_call:77 - metric_func_name number_near score 1.0 msg number near in range 10.0%, response: 153336.0, target: 153336.0
2026-08-10 00:48:39.950 | DEBUG    | eval.evaluation.evaluation:metric_call:77 - metric_func_name number_near score 0.0 msg number not near, response: 2170.0, target: 17000.0
2026-08-10 00:48:39.950 | DEBUG    | eval.evaluation.evaluation:metric_call:77 - metric_func_name number_near score 1.0 msg number near in range 10.0%, response: 318935.0, target: 318935.0
2026-08-10 00:48:39.950 | DEBUG    | eval.evaluation.evaluation:evaluate_single_query:321 - wide2deep_ws_en_099, col acresburned, metric_func_name number_near, score [1.0, 1.0, 0.0, 1.0, 0.0, 1.0]
2026-08-10 00:48:39.950 | DEBUG    | eval.evaluation.evaluation:metric_call:77 - metric_func_name number_near score 1.0 msg number near in range 10.0%, response: 2820.0, target: 2826.0
2026-08-10 00:48:39.950 | DEBUG    | eval.evaluation.evaluation:metric_call:77 - metric_func_name number_near score 1.0 msg number near in range 10.0%, response: 127.0, target: 129.0
2026-08-10 00:48:39.950 | DEBUG    | eval.evaluation.evaluation:metric_call:77 - metric_func_name number_near score 0.0 msg number not near, response: 5636.0, target: 8900.0
2026-08-10 00:48:39.951 | DEBUG    | eval.evaluation.evaluation:metric_call:77 - metric_func_name number_near score 0.0 msg number not near, response: 18804.0, target: 188804.0
2026-08-10 00:48:39.951 | DEBUG    | eval.evaluation.evaluation:metric_call:77 - metric_func_name number_near score 1.0 msg number near in range 10.0%, response: 2200.0, target: 2207.0
2026-08-10 00:48:39.951 | DEBUG    | eval.evaluation.evaluation:metric_call:77 - metric_func_name number_near score 1.0 msg number near in range 10.0%, response: 2455.0, target: 2352.0
2026-08-10 00:48:39.951 | DEBUG    | eval.evaluation.evaluation:evaluate_single_query:321 - wide2deep_ws_en_099, col structuredestroyed, metric_func_name number_near, score [1.0, 1.0, 0.0, 0.0, 1.0, 1.0]
2026-08-10 00:48:39.951 | DEBUG    | eval.evaluation.evaluation:metric_call:77 - metric_func_name number_near score 1.0 msg number near in range 10.0%, response: 1.3, target: 1.3
2026-08-10 00:48:39.952 | DEBUG    | eval.evaluation.evaluation:metric_call:77 - metric_func_name number_near score 0.0 msg number not near, response: 0.07, target: 0.9
2026-08-10 00:48:39.952 | DEBUG    | eval.evaluation.evaluation:metric_call:77 - metric_func_name number_near score 0.0 msg number not near, response: 8.7, target: 14.5
2026-08-10 00:48:39.952 | DEBUG    | eval.evaluation.evaluation:metric_call:77 - metric_func_name number_near score 1.0 msg number near in range 10.0%, response: 16.65, target: 16.6
2026-08-10 00:48:39.952 | DEBUG    | eval.evaluation.evaluation:metric_call:77 - metric_func_name number_near score 1.0 msg number near in range 10.0%, response: 5.5, target: 5.5
2026-08-10 00:48:39.952 | DEBUG    | eval.evaluation.evaluation:metric_call:77 - metric_func_name number_near score 1.0 msg number near in range 10.0%, response: 1.3, target: 1.2
2026-08-10 00:48:39.952 | DEBUG    | eval.evaluation.evaluation:evaluate_single_query:321 - wide2deep_ws_en_099, col damage(billion), metric_func_name number_near, score [1.0, 0.0, 0.0, 1.0, 1.0, 1.0]
2026-08-10 00:48:39.957 | INFO     | eval.evaluation.evaluation:evaluate_single_query:380 - wide2deep_ws_en_099, P/R/F1 by unique_columns: 1.0000/0.5455/0.7059
2026-08-10 00:48:39.957 | INFO     | eval.evaluation.evaluation:evaluate_single_query:383 - wide2deep_ws_en_099, P/R/F1 by row: 0.3333/0.1818/0.2353
2026-08-10 00:48:39.957 | INFO     | eval.evaluation.evaluation:evaluate_single_query:386 - wide2deep_ws_en_099, P/R/F1 by item: 0.8095/0.4416/0.5714
2026-08-10 00:48:39.959 | INFO     | eval.evaluation.evaluation:evaluate_single_query:398 - wide2deep_ws_en_099, final table score: 0.0
{"event": "eval_done", "idx": 2, "instance_id": "wide2deep_ws_en_099", "score": 0.0, "entity_acc": 1.0, "f1_by_row": 0.23529411764705885, "f1_by_item": 0.5714285714285715, "column_f1": 0.7058823529411764, "error": null, "elapsed_seconds": 10.49, "running_n": 2}
2026-08-10 00:48:41.448 | DEBUG    | eval.evaluation.data_loader:extract_dataframe:167 - find markdown_str 
| 年份 | 院校 | 专业组 | 投档线总分 | 本段人数 | 累计人数 |
| --- | --- | --- | --- ...
2026-08-10 00:48:45.047 | INFO     | eval.evaluation.metric_utils:primary_key_preprocess:246 - primary_key_preprocess result: ```json
{
  "2024": "2024",
  "2023": "2023",
  "2022": "2022",
  "2021": "2021",
  "2020": "2020"
}
```
2026-08-10 00:48:45.047 | INFO     | eval.evaluation.evaluation:evaluate_single_query:223 - col: 年份, primary_key_map {'2024': '2024', '2023': '2023', '2022': '2022', '2021': '2021', '2020': '2020'}
2026-08-10 00:48:49.106 | INFO     | eval.evaluation.metric_utils:primary_key_preprocess:246 - primary_key_preprocess result: ```json
{}
```
2026-08-10 00:48:49.106 | INFO     | eval.evaluation.evaluation:evaluate_single_query:223 - col: 院校, primary_key_map {}
2026-08-10 00:48:53.288 | INFO     | eval.evaluation.metric_utils:primary_key_preprocess:246 - primary_key_preprocess result: ```json
{
  "未知": "未知"
}
```
2026-08-10 00:48:53.288 | INFO     | eval.evaluation.evaluation:evaluate_single_query:223 - col: 专业组, primary_key_map {'未知': '未知'}
2026-08-10 00:48:54.832 | INFO     | eval.evaluation.metric_utils:primary_key_preprocess:246 - primary_key_preprocess result: ```json
{}
```
2026-08-10 00:48:54.832 | INFO     | eval.evaluation.evaluation:evaluate_single_query:223 - col: 投档线总分, primary_key_map {}
2026-08-10 00:48:54.848 | INFO     | eval.evaluation.evaluation:evaluate_single_query:275 - wide2deep_ws_zh_008, df_inner shape: (0, 12), answer_df shape: (1452, 6), response_df shape: (5, 10)
2026-08-10 00:48:54.853 | ERROR    | eval.evaluation.evaluation:evaluate_single_query:401 - evaluator error: 
Traceback (most recent call last):
  File "/home/azureuser/workspace-gzy/zyf/deep/external/Marco-Search-Agent/Marco-DeepResearch-Family/DeepWideSearch/eval/evaluation/evaluation.py", line 315, in evaluate_single_query
    df_inner_score[f"{col}_{metric_func_name}"] = (
    ~~~~~~~~~~~~~~^^^^^^^^^^^^^^^^^^^^^^^^^^^^^
  File "/home/azureuser/workspace-gzy/zyf/deep/.venv-eval/lib/python3.12/site-packages/pandas/core/frame.py", line 4312, in __setitem__
    self._set_item_frame_value(key, value)
  File "/home/azureuser/workspace-gzy/zyf/deep/.venv-eval/lib/python3.12/site-packages/pandas/core/frame.py", line 4470, in _set_item_frame_value
    raise ValueError(
ValueError: Cannot set a DataFrame with multiple columns to the single column 本段人数_number_near

{"event": "eval_done", "idx": 3, "instance_id": "wide2deep_ws_zh_008", "score": null, "entity_acc": null, "f1_by_row": null, "f1_by_item": null, "column_f1": null, "error": "RuntimeError: official evaluator reported an internal error", "elapsed_seconds": 14.876, "running_n": 3}
2026-08-10 00:48:56.686 | DEBUG    | eval.evaluation.data_loader:extract_dataframe:167 - find markdown_str 
| 届数 | 奖项名称 | 获奖歌曲/专辑 | 演唱者 |
| --- | --- | --- | --- |
| 第67届  ...
2026-08-10 00:48:59.344 | INFO     | eval.evaluation.metric_utils:primary_key_preprocess:246 - primary_key_preprocess result: ```json
{
  "第67届": "67"
}
```
2026-08-10 00:48:59.344 | INFO     | eval.evaluation.evaluation:evaluate_single_query:223 - col: 届数, primary_key_map {'第67届': '67'}
2026-08-10 00:49:02.561 | INFO     | eval.evaluation.metric_utils:primary_key_preprocess:246 - primary_key_preprocess result: ```json
{
  "Best Rap Performance": "Best Rap Performance",
  "Best Melodic Rap Performance": "Best Melodic Rap Performance",
  "Best Rap Song": "Best Rap Song",
  "Best Rap Album": "Best Rap Album"
}
```
2026-08-10 00:49:02.561 | INFO     | eval.evaluation.evaluation:evaluate_single_query:223 - col: 奖项名称, primary_key_map {'Best Rap Performance': 'Best Rap Performance', 'Best Melodic Rap Performance': 'Best Melodic Rap Performance', 'Best Rap Song': 'Best Rap Song', 'Best Rap Album': 'Best Rap Album'}
2026-08-10 00:49:02.567 | INFO     | eval.evaluation.evaluation:evaluate_single_query:275 - wide2deep_ws_zh_013, df_inner shape: (4, 8), answer_df shape: (124, 4), response_df shape: (4, 6)
2026-08-10 00:49:06.985 | DEBUG    | eval.evaluation.evaluation:evaluate_single_query:321 - wide2deep_ws_zh_013, col 获奖歌曲/专辑, metric_func_name llm_judge, score [1, 1, 1, 1]
2026-08-10 00:49:09.713 | DEBUG    | eval.evaluation.evaluation:evaluate_single_query:321 - wide2deep_ws_zh_013, col 演唱者, metric_func_name llm_judge, score [1, 1, 1, 1]
2026-08-10 00:49:09.718 | INFO     | eval.evaluation.evaluation:evaluate_single_query:380 - wide2deep_ws_zh_013, P/R/F1 by unique_columns: 1.0000/0.0323/0.0625
2026-08-10 00:49:09.718 | INFO     | eval.evaluation.evaluation:evaluate_single_query:383 - wide2deep_ws_zh_013, P/R/F1 by row: 1.0000/0.0323/0.0625
2026-08-10 00:49:09.718 | INFO     | eval.evaluation.evaluation:evaluate_single_query:386 - wide2deep_ws_zh_013, P/R/F1 by item: 1.0000/0.0323/0.0625
2026-08-10 00:49:09.719 | INFO     | eval.evaluation.evaluation:evaluate_single_query:398 - wide2deep_ws_zh_013, final table score: 0.0
{"event": "eval_done", "idx": 4, "instance_id": "wide2deep_ws_zh_013", "score": 0.0, "entity_acc": 1.0, "f1_by_row": 0.0625, "f1_by_item": 0.0625, "column_f1": 0.0625, "error": null, "elapsed_seconds": 14.843, "running_n": 4}
2026-08-10 00:49:12.929 | DEBUG    | eval.evaluation.data_loader:extract_dataframe:167 - find markdown_str 
| 具体日期 | 演唱会中文名 | 演唱会英文名 | 举办国家 | 举办城市 | 举办场馆 |
| --- | --- | - ...
2026-08-10 00:49:38.053 | INFO     | eval.evaluation.metric_utils:primary_key_preprocess:246 - primary_key_preprocess result: ```json
{
  "2011年05月14日": "2011年5月14日",
  "2011年05月15日": "2011年5月15日",
  "2011年05月16日": "2011年5月16日",
  "2012年05月26日": "2012年5月26日",
  "2013年04月12日": "2013年4月12日",
  "2013年04月13日": "2013年4月13日",
  "2013年04月14日": "2013年4月14日",
  "2013年04月15日": "2013年4月15日",
  "2013年04月16日": "2013年4月16日",
  "2013年09月21日": "2013年9月21日",
  "2014年02月13日": "2014年2月13日",
  "2014年05月01日": "2014年5月1日",
  "2014年05月02日": "2014年5月2日",
  "2014年05月03日": "2014年5月3日",
  "2014年05月10日": "2014年5月10日",
  "2014年05月16日": "2014年5月16日",
  "2014年05月17日": "2014年5月17日",
  "2014年05月24日": "2014年5月24日",
  "2014年05月31日": "2014年5月31日",
  "2014年06月28日": "2014年6月28日",
  "2014年07月04日": "2014年7月4日",
  "2014年07月05日": "2014年7月5日",
  "2014年07月06日": "2014年7月6日",
  "2014年07月11日": "2014年7月11日",
  "2014年07月12日": "2014年7月12日",
  "2014年07月17日": "2014年7月17日",
  "2014年07月19日": "2014年7月19日",
  "2014年07月23日": "2014年7月23日",
  "2014年07月26日": "2014年7月26日",
  "2014年07月31日": "2014年7月31日",
  "2014年08月02日": "2014年8月2日",
  "2014年08月05日": "2014年8月5日",
  "2014年08月07日": "2014年8月7日",
  "2014年08月09日": "2014年8月9日",
  "2014年08月11日": "2014年8月11日",
  "2014年10月10日": "2014年10月10日",
  "2014年10月17日": "2014年10月17日",
  "2014年10月18日": "2014年10月18日",
  "2014年10月19日": "2014年10月19日",
  "2014年10月25日": "2014年10月25日",
  "2014年11月01日": "2014年11月1日",
  "2014年11月08日": "2014年11月8日",
  "2014年11月22日": "2014年11月22日",
  "2014年11月29日": "2014年11月29日",
  "2014年12月06日": "2014年12月6日",
  "2015年01月14日": "2015年1月14日",
  "2015年01月15日": "2015年1月15日",
  "2015年01月16日": "2015年1月16日",
  "2015年01月17日": "2015年1月17日",
  "2015年01月18日": "2015年1月18日",
  "2015年01月23日": "2015年1月23日",
  "2015年01月24日": "2015年1月24日",
  "2015年01月30日": "2015年1月30日",
  "2015年01月31日": "2015年1月31日",
  "2015年02月01日": "2015年2月1日",
  "2015年02月21日": "2015年2月21日",
  "2015年03月01日": "2015年3月1日",
  "2015年03月12日": "2015年3月12日",
  "2015年05月02日": "2015年5月2日",
  "2015年05月09日": "2015年5月9日",
  "2015年05月16日": "2015年5月16日",
  "2015年05月23日": "2015年5月23日",
  "2015年05月30日": "2015年5月30日",
  "2015年07月10日": "2015年7月10日",
  "2015年07月18日": "2015年7月18日",
  "2015年07月25日": "2015年7月25日",
  "2015年08月01日": "2015年8月1日",
  "2015年10月23日": "2015年10月23日",
  "2015年10月24日": "2015年10月24日",
  "2015年11月03日": "2015年11月3日",
  "2015年11月06日": "2015年11月6日",
  "2015年11月07日": "2015年11月7日",
  "2015年11月11日": "2015年11月11日",
  "2015年11月15日": "2015年11月15日",
  "2015年11月18日": "2015年11月18日",
  "2015年11月22日": "2015年11月22日",
  "2017年04月01日": "2017年4月1日",
  "2017年04月02日": "2017年4月2日",
  "2017年04月08日": "2017年4月8日",
  "2017年04月15日": "2017年4月15日",
  "2017年04月29日": "2017年4月29日",
  "2017年05月13日": "2017年5月13日",
  "2017年05月20日": "2017年5月20日",
  "2017年05月28日": "2017年5月28日",
  "2017年08月05日": "2017年8月5日",
  "2017年08月12日": "2017年8月12日",
  "2017年08月13日": "2017年8月13日",
  "2017年08月26日": "2017年8月26日",
  "2017年09月02日": "2017年9月2日",
  "2017年09月15日": "2017年9月15日",
  "2017年09月16日": "2017年9月16日",
  "2017年09月17日": "2017年9月17日",
  "2017年09月30日": "2017年9月30日",
  "2017年10月02日": "2017年10月2日",
  "2017年10月05日": "2017年10月5日",
  "2017年11月18日": "2017年11月18日",
  "2017年11月25日": "2017年11月25日",
  "2017年12月02日": "2017年12月2日",
  "2017年12月09日": "2017年12月9日",
  "2018年01月13日": "2018年1月13日",
  "2018年02月24日": "2018年2月24日",
  "2018年03月23日": "2018年3月23日",
  "2018年03月24日": "2018年3月24日",
  "2018年03月25日": "2018年3月25日",
  "2018年04月01日": "2018年4月1日",
  "2018年05月26日": "2018年5月26日",
  "2018年06月02日": "2018年6月2日",
  "2018年06月30日": "2018年6月30日",
  "2018年07月01日": "2018年7月1日",
  "2018年07月07日": "2018年7月7日",
  "2018年07月28日": "2018年7月28日",
  "2018年08月04日": "2018年8月4日",
  "2018年08月05日": "2018年8月5日",
  "2018年08月11日": "2018年8月11日",
  "2018年08月18日": "2018年8月18日",
  "2019年03月09日": "2019年3月9日",
  "2019年03月15日": "2019年3月15日",
  "2019年03月20日": "2019年3月20日",
  "2019年03月22日": "2019年3月22日",
  "2019年04月05日": "2019年4月5日",
  "2019年04月06日": "2019年4月6日",
  "2019年04月27日": "2019年4月27日",
  "2019年04月28日": "2019年4月28日",
  "2023年12月07日": "2023年12月7日",
  "2023年12月08日": "2023年12月8日",
  "2023年12月09日": "2023年12月9日",
  "2023年12月23日": "2023年12月23日",
  "2023年12月24日": "2023年12月24日",
  "2024年01月06日": "2024年1月6日",
  "2024年01月07日": "2024年1月7日",
  "2024年01月08日": "2024年1月8日",
  "2024年01月20日": "2024年1月20日",
  "2024年01月21日": "2024年1月21日",
  "2024年03月30日": "2024年3月30日",
  "2024年03月31日": "2024年3月31日",
  "2024年04月12日": "2024年4月12日",
  "2024年04月13日": "2024年4月13日",
  "2024年04月14日": "2024年4月14日",
  "2024年04月18日": "2024年4月18日",
  "2024年04月19日": "2024年4月19日",
  "2024年04月20日": "2024年4月20日",
  "2024年04月21日": "2024年4月21日",
  "2024年05月02日": "2024年5月2日",
  "2024年05月03日": "2024年5月3日",
  "2024年05月10日": "2024年5月10日",
  "2024年05月11日": "2024年5月11日",
  "2024年05月18日": "2024年5月18日",
  "2024年05月19日": "2024年5月19日",
  "2024年05月24日": "2024年5月24日",
  "2024年05月25日": "2024年5月25日",
  "2024年05月26日": "2024年5月26日",
  "2024年05月27日": "2024年5月27日",
  "2024年05月28日": "2024年5月28日",
  "2024年06月01日": "2024年6月1日",
  "2024年06月02日": "2024年6月2日",
  "2024年06月03日": "2024年6月3日",
  "2024年06月15日": "2024年6月15日",
  "2024年06月16日": "2024年6月16日",
  "2024年06月22日": "2024年6月22日",
  "2024年06月23日": "2024年6月23日",
  "2024年06月29日": "2024年6月29日",
  "2024年07月06日": "2024年7月6日",
  "2024年07月07日": "2024年7月7日",
  "2024年07月13日": "2024年7月13日",
  "2024年07月20日": "2024年7月20日",
  "2024年07月21日": "2024年7月21日",
  "2024年07月27日": "2024年7月27日",
  "2024年08月02日": "2024年8月2日",
  "2024年08月03日": "2024年8月3日",
  "2024年08月04日": "2024年8月4日",
  "2024年08月09日": "2024年8月9日",
  "2024年08月10日": "2024年8月10日",
  "2024年08月11日": "2024年8月11日",
  "2024年08月22日": "2024年8月22日",
  "2024年08月23日": "2024年8月23日",
  "2024年08月24日": "2024年8月24日",
  "2024年08月25日": "2024年8月25日",
  "2024年09月07日": "2024年9月7日",
  "2024年09月21日": "2024年9月21日",
  "2024年09月22日": "2024年9月22日",
  "2024年09月27日": "2024年9月27日",
  "2024年09月28日": "2024年9月28日",
  "2024年10月06日": "2024年10月6日",
  "2024年10月07日": "2024年10月7日",
  "2024年10月13日": "2024年10月13日",
  "2024年10月19日": "2024年10月19日",
  "2024年10月20日": "2024年10月20日",
  "2024年10月26日": "2024年10月26日",
  "2024年10月27日": "2024年10月27日",
  "2024年11月09日": "2024年11月9日",
  "2024年11月10日": "2024年11月10日",
  "2024年11月15日": "2024年11月15日",
  "2024年11月16日": "2024年11月16日",
  "2024年11月17日": "2024年11月17日",
  "2024年11月30日": "2024年11月30日",
  "2024年12月01日": "2024年12月1日",
  "2024年12月21日": "2024年12月21日",
  "2024年12月22日": "2024年12月22日",
  "2024年12月28日": "2024年12月28日",
  "2024年12月29日": "2024年12月29日",
  "2024年12月31日": "2024年12月31日",
  "2025年01月11日": "2025年1月11日",
  "2025年01月12日": "2025年1月12日",
  "2025年01月21日": "2025年1月21日",
  "2025年01月24日": "2025年1月24日",
  "2025年02月15日": "2025年2月15日",
  "2025年03月01日": "2025年3月1日",
  "2025年03月15日": "2025年3月15日",
  "2025年03月22日": "2025年3月22日",
  "2025年03月29日": "2025年3月29日",
  "2025年04月07日": "2025年4月7日"
}
```
2026-08-10 00:49:38.054 | INFO     | eval.evaluation.evaluation:evaluate_single_query:223 - col: 具体日期, primary_key_map {'2011年05月14日': '2011年5月14日', '2011年05月15日': '2011年5月15日', '2011年05月16日': '2011年5月16日', '2012年05月26日': '2012年5月26日', '2013年04月12日': '2013年4月12日', '2013年04月13日': '2013年4月13日', '2013年04月14日': '2013年4月14日', '2013年04月15日': '2013年4月15日', '2013年04月16日': '2013年4月16日', '2013年09月21日': '2013年9月21日', '2014年02月13日': '2014年2月13日', '2014年05月01日': '2014年5月1日', '2014年05月02日': '2014年5月2日', '2014年05月03日': '2014年5月3日', '2014年05月10日': '2014年5月10日', '2014年05月16日': '2014年5月16日', '2014年05月17日': '2014年5月17日', '2014年05月24日': '2014年5月24日', '2014年05月31日': '2014年5月31日', '2014年06月28日': '2014年6月28日', '2014年07月04日': '2014年7月4日', '2014年07月05日': '2014年7月5日', '2014年07月06日': '2014年7月6日', '2014年07月11日': '2014年7月11日', '2014年07月12日': '2014年7月12日', '2014年07月17日': '2014年7月17日', '2014年07月19日': '2014年7月19日', '2014年07月23日': '2014年7月23日', '2014年07月26日': '2014年7月26日', '2014年07月31日': '2014年7月31日', '2014年08月02日': '2014年8月2日', '2014年08月05日': '2014年8月5日', '2014年08月07日': '2014年8月7日', '2014年08月09日': '2014年8月9日', '2014年08月11日': '2014年8月11日', '2014年10月10日': '2014年10月10日', '2014年10月17日': '2014年10月17日', '2014年10月18日': '2014年10月18日', '2014年10月19日': '2014年10月19日', '2014年10月25日': '2014年10月25日', '2014年11月01日': '2014年11月1日', '2014年11月08日': '2014年11月8日', '2014年11月22日': '2014年11月22日', '2014年11月29日': '2014年11月29日', '2014年12月06日': '2014年12月6日', '2015年01月14日': '2015年1月14日', '2015年01月15日': '2015年1月15日', '2015年01月16日': '2015年1月16日', '2015年01月17日': '2015年1月17日', '2015年01月18日': '2015年1月18日', '2015年01月23日': '2015年1月23日', '2015年01月24日': '2015年1月24日', '2015年01月30日': '2015年1月30日', '2015年01月31日': '2015年1月31日', '2015年02月01日': '2015年2月1日', '2015年02月21日': '2015年2月21日', '2015年03月01日': '2015年3月1日', '2015年03月12日': '2015年3月12日', '2015年05月02日': '2015年5月2日', '2015年05月09日': '2015年5月9日', '2015年05月16日': '2015年5月16日', '2015年05月23日': '2015年5月23日', '2015年05月30日': '2015年5月30日', '2015年07月10日': '2015年7月10日', '2015年07月18日': '2015年7月18日', '2015年07月25日': '2015年7月25日', '2015年08月01日': '2015年8月1日', '2015年10月23日': '2015年10月23日', '2015年10月24日': '2015年10月24日', '2015年11月03日': '2015年11月3日', '2015年11月06日': '2015年11月6日', '2015年11月07日': '2015年11月7日', '2015年11月11日': '2015年11月11日', '2015年11月15日': '2015年11月15日', '2015年11月18日': '2015年11月18日', '2015年11月22日': '2015年11月22日', '2017年04月01日': '2017年4月1日', '2017年04月02日': '2017年4月2日', '2017年04月08日': '2017年4月8日', '2017年04月15日': '2017年4月15日', '2017年04月29日': '2017年4月29日', '2017年05月13日': '2017年5月13日', '2017年05月20日': '2017年5月20日', '2017年05月28日': '2017年5月28日', '2017年08月05日': '2017年8月5日', '2017年08月12日': '2017年8月12日', '2017年08月13日': '2017年8月13日', '2017年08月26日': '2017年8月26日', '2017年09月02日': '2017年9月2日', '2017年09月15日': '2017年9月15日', '2017年09月16日': '2017年9月16日', '2017年09月17日': '2017年9月17日', '2017年09月30日': '2017年9月30日', '2017年10月02日': '2017年10月2日', '2017年10月05日': '2017年10月5日', '2017年11月18日': '2017年11月18日', '2017年11月25日': '2017年11月25日', '2017年12月02日': '2017年12月2日', '2017年12月09日': '2017年12月9日', '2018年01月13日': '2018年1月13日', '2018年02月24日': '2018年2月24日', '2018年03月23日': '2018年3月23日', '2018年03月24日': '2018年3月24日', '2018年03月25日': '2018年3月25日', '2018年04月01日': '2018年4月1日', '2018年05月26日': '2018年5月26日', '2018年06月02日': '2018年6月2日', '2018年06月30日': '2018年6月30日', '2018年07月01日': '2018年7月1日', '2018年07月07日': '2018年7月7日', '2018年07月28日': '2018年7月28日', '2018年08月04日': '2018年8月4日', '2018年08月05日': '2018年8月5日', '2018年08月11日': '2018年8月11日', '2018年08月18日': '2018年8月18日', '2019年03月09日': '2019年3月9日', '2019年03月15日': '2019年3月15日', '2019年03月20日': '2019年3月20日', '2019年03月22日': '2019年3月22日', '2019年04月05日': '2019年4月5日', '2019年04月06日': '2019年4月6日', '2019年04月27日': '2019年4月27日', '2019年04月28日': '2019年4月28日', '2023年12月07日': '2023年12月7日', '2023年12月08日': '2023年12月8日', '2023年12月09日': '2023年12月9日', '2023年12月23日': '2023年12月23日', '2023年12月24日': '2023年12月24日', '2024年01月06日': '2024年1月6日', '2024年01月07日': '2024年1月7日', '2024年01月08日': '2024年1月8日', '2024年01月20日': '2024年1月20日', '2024年01月21日': '2024年1月21日', '2024年03月30日': '2024年3月30日', '2024年03月31日': '2024年3月31日', '2024年04月12日': '2024年4月12日', '2024年04月13日': '2024年4月13日', '2024年04月14日': '2024年4月14日', '2024年04月18日': '2024年4月18日', '2024年04月19日': '2024年4月19日', '2024年04月20日': '2024年4月20日', '2024年04月21日': '2024年4月21日', '2024年05月02日': '2024年5月2日', '2024年05月03日': '2024年5月3日', '2024年05月10日': '2024年5月10日', '2024年05月11日': '2024年5月11日', '2024年05月18日': '2024年5月18日', '2024年05月19日': '2024年5月19日', '2024年05月24日': '2024年5月24日', '2024年05月25日': '2024年5月25日', '2024年05月26日': '2024年5月26日', '2024年05月27日': '2024年5月27日', '2024年05月28日': '2024年5月28日', '2024年06月01日': '2024年6月1日', '2024年06月02日': '2024年6月2日', '2024年06月03日': '2024年6月3日', '2024年06月15日': '2024年6月15日', '2024年06月16日': '2024年6月16日', '2024年06月22日': '2024年6月22日', '2024年06月23日': '2024年6月23日', '2024年06月29日': '2024年6月29日', '2024年07月06日': '2024年7月6日', '2024年07月07日': '2024年7月7日', '2024年07月13日': '2024年7月13日', '2024年07月20日': '2024年7月20日', '2024年07月21日': '2024年7月21日', '2024年07月27日': '2024年7月27日', '2024年08月02日': '2024年8月2日', '2024年08月03日': '2024年8月3日', '2024年08月04日': '2024年8月4日', '2024年08月09日': '2024年8月9日', '2024年08月10日': '2024年8月10日', '2024年08月11日': '2024年8月11日', '2024年08月22日': '2024年8月22日', '2024年08月23日': '2024年8月23日', '2024年08月24日': '2024年8月24日', '2024年08月25日': '2024年8月25日', '2024年09月07日': '2024年9月7日', '2024年09月21日': '2024年9月21日', '2024年09月22日': '2024年9月22日', '2024年09月27日': '2024年9月27日', '2024年09月28日': '2024年9月28日', '2024年10月06日': '2024年10月6日', '2024年10月07日': '2024年10月7日', '2024年10月13日': '2024年10月13日', '2024年10月19日': '2024年10月19日', '2024年10月20日': '2024年10月20日', '2024年10月26日': '2024年10月26日', '2024年10月27日': '2024年10月27日', '2024年11月09日': '2024年11月9日', '2024年11月10日': '2024年11月10日', '2024年11月15日': '2024年11月15日', '2024年11月16日': '2024年11月16日', '2024年11月17日': '2024年11月17日', '2024年11月30日': '2024年11月30日', '2024年12月01日': '2024年12月1日', '2024年12月21日': '2024年12月21日', '2024年12月22日': '2024年12月22日', '2024年12月28日': '2024年12月28日', '2024年12月29日': '2024年12月29日', '2024年12月31日': '2024年12月31日', '2025年01月11日': '2025年1月11日', '2025年01月12日': '2025年1月12日', '2025年01月21日': '2025年1月21日', '2025年01月24日': '2025年1月24日', '2025年02月15日': '2025年2月15日', '2025年03月01日': '2025年3月1日', '2025年03月15日': '2025年3月15日', '2025年03月22日': '2025年3月22日', '2025年03月29日': '2025年3月29日', '2025年04月07日': '2025年4月7日'}
2026-08-10 00:49:38.062 | INFO     | eval.evaluation.evaluation:evaluate_single_query:275 - wide2deep_ws_zh_014, df_inner shape: (211, 12), answer_df shape: (224, 6), response_df shape: (212, 7)
2026-08-10 00:49:50.598 | DEBUG    | eval.evaluation.evaluation:evaluate_single_query:321 - wide2deep_ws_zh_014, col 演唱会中文名, metric_func_name llm_judge, score [1, 1, 1, 1, 1, 1, 1, 1, 1, 1, 1, 1, 1, 1, 1, 1, 1, 1, 1, 1, 1, 1, 1, 1, 1, 1, 1, 1, 1, 1, 1, 1, 1, 1, 1, 1, 1, 1, 1, 1, 1, 1, 1, 1, 1, 1, 1, 1, 1, 1, 1, 1, 1, 1, 1, 1, 1, 1, 1, 1, 1, 1, 1, 1, 1, 1, 1, 1, 1, 1, 1, 1, 1, 1, 1, 1, 1, 1, 1, 1, 1, 1, 1, 1, 1, 1, 1, 1, 1, 1, 1, 1, 1, 1, 1, 1, 1, 1, 1, 1, 1, 1, 1, 1, 1, 1, 1, 1, 1, 1, 1, 1, 1, 1, 1, 1, 1, 1, 1, 1, 1, 1, 1, 1, 1, 1, 1, 1, 1, 1, 1, 1, 1, 1, 1, 1, 1, 1, 1, 1, 1, 1, 1, 1, 1, 1, 1, 1, 1, 1, 1, 1, 1, 1, 1, 1, 1, 1, 1, 1, 1, 1, 1, 1, 1, 1, 1, 1, 1, 1, 1, 1, 1, 1, 1, 1, 1, 1, 1, 1, 1, 1, 1, 1, 1, 1, 1, 1, 1, 1, 1, 1, 1, 1, 1, 1, 1, 1, 1, 1, 1, 1, 1, 1, 1, 1, 1, 1, 1, 1, 1]
2026-08-10 00:50:06.982 | DEBUG    | eval.evaluation.evaluation:evaluate_single_query:321 - wide2deep_ws_zh_014, col 演唱会英文名, metric_func_name llm_judge, score [1, 1, 1, 1, 1, 1, 1, 1, 1, 1, 1, 1, 1, 1, 1, 1, 1, 1, 1, 1, 1, 1, 1, 1, 1, 1, 1, 1, 1, 1, 1, 1, 1, 1, 1, 1, 1, 1, 1, 1, 1, 1, 1, 1, 1, 1, 1, 1, 1, 1, 1, 1, 1, 1, 1, 1, 1, 1, 1, 1, 1, 1, 1, 1, 1, 1, 1, 1, 1, 1, 1, 1, 1, 1, 1, 1, 1, 1, 1, 1, 1, 1, 1, 1, 1, 1, 1, 1, 1, 1, 1, 1, 1, 1, 1, 1, 1, 1, 1, 1, 1, 1, 1, 1, 1, 1, 1, 1, 1, 1, 1, 1, 1, 1, 1, 1, 1, 1, 1, 1, 1, 1, 1, 1, 1, 1, 1, 1, 1, 1, 1, 1, 1, 1, 1, 1, 1, 1, 1, 1, 1, 1, 1, 1, 1, 1, 1, 1, 1, 1, 1, 1, 1, 1, 1, 1, 1, 1, 1, 1, 1, 1, 1, 1, 1, 1, 1, 1, 1, 1, 1, 1, 1, 1, 1, 1, 1, 1, 1, 1, 1, 1, 1, 1, 1, 1, 1, 1, 1, 1, 1, 1, 1, 1, 1, 1, 1, 1, 1, 1, 1, 1, 1, 1, 1, 1, 1, 1, 1, 1, 1]
2026-08-10 00:50:06.982 | DEBUG    | eval.evaluation.evaluation:metric_call:77 - metric_func_name exact_match score 1.0 msg exact match, response: 中国, target: 中国
2026-08-10 00:50:06.983 | DEBUG    | eval.evaluation.evaluation:metric_call:77 - metric_func_name exact_match score 1.0 msg exact match, response: 中国, target: 中国
2026-08-10 00:50:06.983 | DEBUG    | eval.evaluation.evaluation:metric_call:77 - metric_func_name exact_match score 1.0 msg exact match, response: 中国, target: 中国
2026-08-10 00:50:06.983 | DEBUG    | eval.evaluation.evaluation:metric_call:77 - metric_func_name exact_match score 1.0 msg exact match, response: 美国, target: 美国
2026-08-10 00:50:06.983 | DEBUG    | eval.evaluation.evaluation:metric_call:77 - metric_func_name exact_match score 1.0 msg exact match, response: 中国, target: 中国
2026-08-10 00:50:06.983 | DEBUG    | eval.evaluation.evaluation:metric_call:77 - metric_func_name exact_match score 1.0 msg exact match, response: 中国, target: 中国
2026-08-10 00:50:06.983 | DEBUG    | eval.evaluation.evaluation:metric_call:77 - metric_func_name exact_match score 1.0 msg exact match, response: 中国, target: 中国
2026-08-10 00:50:06.983 | DEBUG    | eval.evaluation.evaluation:metric_call:77 - metric_func_name exact_match score 1.0 msg exact match, response: 中国, target: 中国
2026-08-10 00:50:06.983 | DEBUG    | eval.evaluation.evaluation:metric_call:77 - metric_func_name exact_match score 1.0 msg exact match, response: 中国, target: 中国
2026-08-10 00:50:06.983 | DEBUG    | eval.evaluation.evaluation:metric_call:77 - metric_func_name exact_match score 1.0 msg exact match, response: 中国, target: 中国
2026-08-10 00:50:06.983 | DEBUG    | eval.evaluation.evaluation:metric_call:77 - metric_func_name exact_match score 1.0 msg exact match, response: 中国, target: 中国
2026-08-10 00:50:06.983 | DEBUG    | eval.evaluation.evaluation:metric_call:77 - metric_func_name exact_match score 1.0 msg exact match, response: 中国, target: 中国
2026-08-10 00:50:06.983 | DEBUG    | eval.evaluation.evaluation:metric_call:77 - metric_func_name exact_match score 1.0 msg exact match, response: 中国, target: 中国
2026-08-10 00:50:06.983 | DEBUG    | eval.evaluation.evaluation:metric_call:77 - metric_func_name exact_match score 1.0 msg exact match, response: 中国, target: 中国
2026-08-10 00:50:06.983 | DEBUG    | eval.evaluation.evaluation:metric_call:77 - metric_func_name exact_match score 1.0 msg exact match, response: 中国, target: 中国
2026-08-10 00:50:06.983 | DEBUG    | eval.evaluation.evaluation:metric_call:77 - metric_func_name exact_match score 1.0 msg exact match, response: 中国, target: 中国
2026-08-10 00:50:06.983 | DEBUG    | eval.evaluation.evaluation:metric_call:77 - metric_func_name exact_match score 1.0 msg exact match, response: 中国, target: 中国
2026-08-10 00:50:06.983 | DEBUG    | eval.evaluation.evaluation:metric_call:77 - metric_func_name exact_match score 1.0 msg exact match, response: 中国, target: 中国
2026-08-10 00:50:06.983 | DEBUG    | eval.evaluation.evaluation:metric_call:77 - metric_func_name exact_match score 1.0 msg exact match, response: 中国, target: 中国
2026-08-10 00:50:06.983 | DEBUG    | eval.evaluation.evaluation:metric_call:77 - metric_func_name exact_match score 1.0 msg exact match, response: 中国, target: 中国
2026-08-10 00:50:06.983 | DEBUG    | eval.evaluation.evaluation:metric_call:77 - metric_func_name exact_match score 1.0 msg exact match, response: 中国, target: 中国
2026-08-10 00:50:06.983 | DEBUG    | eval.evaluation.evaluation:metric_call:77 - metric_func_name exact_match score 1.0 msg exact match, response: 中国, target: 中国
2026-08-10 00:50:06.983 | DEBUG    | eval.evaluation.evaluation:metric_call:77 - metric_func_name exact_match score 1.0 msg exact match, response: 中国, target: 中国
2026-08-10 00:50:06.983 | DEBUG    | eval.evaluation.evaluation:metric_call:77 - metric_func_name exact_match score 1.0 msg exact match, response: 中国, target: 中国
2026-08-10 00:50:06.983 | DEBUG    | eval.evaluation.evaluation:metric_call:77 - metric_func_name exact_match score 1.0 msg exact match, response: 中国, target: 中国
2026-08-10 00:50:06.983 | DEBUG    | eval.evaluation.evaluation:metric_call:77 - metric_func_name exact_match score 1.0 msg exact match, response: 中国, target: 中国
2026-08-10 00:50:06.983 | DEBUG    | eval.evaluation.evaluation:metric_call:77 - metric_func_name exact_match score 1.0 msg exact match, response: 中国, target: 中国
2026-08-10 00:50:06.983 | DEBUG    | eval.evaluation.evaluation:metric_call:77 - metric_func_name exact_match score 1.0 msg exact match, response: 中国, target: 中国
2026-08-10 00:50:06.983 | DEBUG    | eval.evaluation.evaluation:metric_call:77 - metric_func_name exact_match score 1.0 msg exact match, response: 中国, target: 中国
2026-08-10 00:50:06.983 | DEBUG    | eval.evaluation.evaluation:metric_call:77 - metric_func_name exact_match score 1.0 msg exact match, response: 中国, target: 中国
2026-08-10 00:50:06.983 | DEBUG    | eval.evaluation.evaluation:metric_call:77 - metric_func_name exact_match score 1.0 msg exact match, response: 中国, target: 中国
2026-08-10 00:50:06.983 | DEBUG    | eval.evaluation.evaluation:metric_call:77 - metric_func_name exact_match score 1.0 msg exact match, response: 澳大利亚, target: 澳大利亚
2026-08-10 00:50:06.983 | DEBUG    | eval.evaluation.evaluation:metric_call:77 - metric_func_name exact_match score 1.0 msg exact match, response: 澳大利亚, target: 澳大利亚
2026-08-10 00:50:06.983 | DEBUG    | eval.evaluation.evaluation:metric_call:77 - metric_func_name exact_match score 1.0 msg exact match, response: 澳大利亚, target: 澳大利亚
2026-08-10 00:50:06.984 | DEBUG    | eval.evaluation.evaluation:metric_call:77 - metric_func_name exact_match score 1.0 msg exact match, response: 新西兰, target: 新西兰
2026-08-10 00:50:06.984 | DEBUG    | eval.evaluation.evaluation:metric_call:77 - metric_func_name exact_match score 1.0 msg exact match, response: 中国, target: 中国
2026-08-10 00:50:06.984 | DEBUG    | eval.evaluation.evaluation:metric_call:77 - metric_func_name exact_match score 1.0 msg exact match, response: 中国, target: 中国
2026-08-10 00:50:06.984 | DEBUG    | eval.evaluation.evaluation:metric_call:77 - metric_func_name exact_match score 1.0 msg exact match, response: 中国, target: 中国
2026-08-10 00:50:06.984 | DEBUG    | eval.evaluation.evaluation:metric_call:77 - metric_func_name exact_match score 1.0 msg exact match, response: 中国, target: 中国
2026-08-10 00:50:06.984 | DEBUG    | eval.evaluation.evaluation:metric_call:77 - metric_func_name exact_match score 1.0 msg exact match, response: 中国, target: 中国
2026-08-10 00:50:06.984 | DEBUG    | eval.evaluation.evaluation:metric_call:77 - metric_func_name exact_match score 1.0 msg exact match, response: 中国, target: 中国
2026-08-10 00:50:06.984 | DEBUG    | eval.evaluation.evaluation:metric_call:77 - metric_func_name exact_match score 1.0 msg exact match, response: 中国, target: 中国
2026-08-10 00:50:06.984 | DEBUG    | eval.evaluation.evaluation:metric_call:77 - metric_func_name exact_match score 1.0 msg exact match, response: 中国, target: 中国
2026-08-10 00:50:06.984 | DEBUG    | eval.evaluation.evaluation:metric_call:77 - metric_func_name exact_match score 1.0 msg exact match, response: 中国, target: 中国
2026-08-10 00:50:06.984 | DEBUG    | eval.evaluation.evaluation:metric_call:77 - metric_func_name exact_match score 1.0 msg exact match, response: 中国, target: 中国
2026-08-10 00:50:06.984 | DEBUG    | eval.evaluation.evaluation:metric_call:77 - metric_func_name exact_match score 1.0 msg exact match, response: 中国, target: 中国
2026-08-10 00:50:06.984 | DEBUG    | eval.evaluation.evaluation:metric_call:77 - metric_func_name exact_match score 1.0 msg exact match, response: 中国, target: 中国
2026-08-10 00:50:06.984 | DEBUG    | eval.evaluation.evaluation:metric_call:77 - metric_func_name exact_match score 1.0 msg exact match, response: 中国, target: 中国
2026-08-10 00:50:06.984 | DEBUG    | eval.evaluation.evaluation:metric_call:77 - metric_func_name exact_match score 1.0 msg exact match, response: 中国, target: 中国
2026-08-10 00:50:06.984 | DEBUG    | eval.evaluation.evaluation:metric_call:77 - metric_func_name exact_match score 1.0 msg exact match, response: 中国, target: 中国
2026-08-10 00:50:06.984 | DEBUG    | eval.evaluation.evaluation:metric_call:77 - metric_func_name exact_match score 1.0 msg exact match, response: 马来西亚, target: 马来西亚
2026-08-10 00:50:06.984 | DEBUG    | eval.evaluation.evaluation:metric_call:77 - metric_func_name exact_match score 1.0 msg exact match, response: 马来西亚, target: 马来西亚
2026-08-10 00:50:06.984 | DEBUG    | eval.evaluation.evaluation:metric_call:77 - metric_func_name exact_match score 1.0 msg exact match, response: 新加坡, target: 新加坡
2026-08-10 00:50:06.984 | DEBUG    | eval.evaluation.evaluation:metric_call:77 - metric_func_name exact_match score 1.0 msg exact match, response: 新加坡, target: 新加坡
2026-08-10 00:50:06.984 | DEBUG    | eval.evaluation.evaluation:metric_call:77 - metric_func_name exact_match score 1.0 msg exact match, response: 新加坡, target: 新加坡
2026-08-10 00:50:06.984 | DEBUG    | eval.evaluation.evaluation:metric_call:77 - metric_func_name exact_match score 1.0 msg exact match, response: 美国, target: 美国
2026-08-10 00:50:06.984 | DEBUG    | eval.evaluation.evaluation:metric_call:77 - metric_func_name exact_match score 1.0 msg exact match, response: 美国, target: 美国
2026-08-10 00:50:06.984 | DEBUG    | eval.evaluation.evaluation:metric_call:77 - metric_func_name exact_match score 1.0 msg exact match, response: 中国, target: 中国
2026-08-10 00:50:06.984 | DEBUG    | eval.evaluation.evaluation:metric_call:77 - metric_func_name exact_match score 1.0 msg exact match, response: 中国, target: 中国
2026-08-10 00:50:06.984 | DEBUG    | eval.evaluation.evaluation:metric_call:77 - metric_func_name exact_match score 1.0 msg exact match, response: 中国, target: 中国
2026-08-10 00:50:06.984 | DEBUG    | eval.evaluation.evaluation:metric_call:77 - metric_func_name exact_match score 1.0 msg exact match, response: 中国, target: 中国
2026-08-10 00:50:06.984 | DEBUG    | eval.evaluation.evaluation:metric_call:77 - metric_func_name exact_match score 1.0 msg exact match, response: 中国, target: 中国
2026-08-10 00:50:06.984 | DEBUG    | eval.evaluation.evaluation:metric_call:77 - metric_func_name exact_match score 1.0 msg exact match, response: 中国, target: 中国
2026-08-10 00:50:06.984 | DEBUG    | eval.evaluation.evaluation:metric_call:77 - metric_func_name exact_match score 1.0 msg exact match, response: 中国, target: 中国
2026-08-10 00:50:06.985 | DEBUG    | eval.evaluation.evaluation:metric_call:77 - metric_func_name exact_match score 1.0 msg exact match, response: 中国, target: 中国
2026-08-10 00:50:06.985 | DEBUG    | eval.evaluation.evaluation:metric_call:77 - metric_func_name exact_match score 1.0 msg exact match, response: 中国, target: 中国
2026-08-10 00:50:06.985 | DEBUG    | eval.evaluation.evaluation:metric_call:77 - metric_func_name exact_match score 1.0 msg exact match, response: 中国, target: 中国
2026-08-10 00:50:06.985 | DEBUG    | eval.evaluation.evaluation:metric_call:77 - metric_func_name exact_match score 1.0 msg exact match, response: 马来西亚, target: 马来西亚
2026-08-10 00:50:06.985 | DEBUG    | eval.evaluation.evaluation:metric_call:77 - metric_func_name exact_match score 1.0 msg exact match, response: 马来西亚, target: 马来西亚
2026-08-10 00:50:06.985 | DEBUG    | eval.evaluation.evaluation:metric_call:77 - metric_func_name exact_match score 1.0 msg exact match, response: 加拿大, target: 加拿大
2026-08-10 00:50:06.985 | DEBUG    | eval.evaluation.evaluation:metric_call:77 - metric_func_name exact_match score 1.0 msg exact match, response: 美国, target: 美国
2026-08-10 00:50:06.985 | DEBUG    | eval.evaluation.evaluation:metric_call:77 - metric_func_name exact_match score 1.0 msg exact match, response: 美国, target: 美国
2026-08-10 00:50:06.985 | DEBUG    | eval.evaluation.evaluation:metric_call:77 - metric_func_name exact_match score 1.0 msg exact match, response: 加拿大, target: 加拿大
2026-08-10 00:50:06.985 | DEBUG    | eval.evaluation.evaluation:metric_call:77 - metric_func_name exact_match score 1.0 msg exact match, response: 美国, target: 美国
2026-08-10 00:50:06.985 | DEBUG    | eval.evaluation.evaluation:metric_call:77 - metric_func_name exact_match score 1.0 msg exact match, response: 美国, target: 美国
2026-08-10 00:50:06.985 | DEBUG    | eval.evaluation.evaluation:metric_call:77 - metric_func_name exact_match score 1.0 msg exact match, response: 英国, target: 英国
2026-08-10 00:50:06.985 | DEBUG    | eval.evaluation.evaluation:metric_call:77 - metric_func_name exact_match score 1.0 msg exact match, response: 中国, target: 中国
2026-08-10 00:50:06.985 | DEBUG    | eval.evaluation.evaluation:metric_call:77 - metric_func_name exact_match score 1.0 msg exact match, response: 中国, target: 中国
2026-08-10 00:50:06.985 | DEBUG    | eval.evaluation.evaluation:metric_call:77 - metric_func_name exact_match score 1.0 msg exact match, response: 中国, target: 中国
2026-08-10 00:50:06.985 | DEBUG    | eval.evaluation.evaluation:metric_call:77 - metric_func_name exact_match score 1.0 msg exact match, response: 中国, target: 中国
2026-08-10 00:50:06.985 | DEBUG    | eval.evaluation.evaluation:metric_call:77 - metric_func_name exact_match score 1.0 msg exact match, response: 中国, target: 中国
2026-08-10 00:50:06.985 | DEBUG    | eval.evaluation.evaluation:metric_call:77 - metric_func_name exact_match score 1.0 msg exact match, response: 中国, target: 中国
2026-08-10 00:50:06.985 | DEBUG    | eval.evaluation.evaluation:metric_call:77 - metric_func_name exact_match score 1.0 msg exact match, response: 中国, target: 中国
2026-08-10 00:50:06.985 | DEBUG    | eval.evaluation.evaluation:metric_call:77 - metric_func_name exact_match score 1.0 msg exact match, response: 中国, target: 中国
2026-08-10 00:50:06.985 | DEBUG    | eval.evaluation.evaluation:metric_call:77 - metric_func_name exact_match score 1.0 msg exact match, response: 中国, target: 中国
2026-08-10 00:50:06.985 | DEBUG    | eval.evaluation.evaluation:metric_call:77 - metric_func_name exact_match score 1.0 msg exact match, response: 新加坡, target: 新加坡
2026-08-10 00:50:06.985 | DEBUG    | eval.evaluation.evaluation:metric_call:77 - metric_func_name exact_match score 1.0 msg exact match, response: 新加坡, target: 新加坡
2026-08-10 00:50:06.985 | DEBUG    | eval.evaluation.evaluation:metric_call:77 - metric_func_name exact_match score 1.0 msg exact match, response: 中国, target: 中国
2026-08-10 00:50:06.985 | DEBUG    | eval.evaluation.evaluation:metric_call:77 - metric_func_name exact_match score 1.0 msg exact match, response: 中国, target: 中国
2026-08-10 00:50:06.985 | DEBUG    | eval.evaluation.evaluation:metric_call:77 - metric_func_name exact_match score 1.0 msg exact match, response: 中国, target: 中国
2026-08-10 00:50:06.985 | DEBUG    | eval.evaluation.evaluation:metric_call:77 - metric_func_name exact_match score 1.0 msg exact match, response: 中国, target: 中国
2026-08-10 00:50:06.985 | DEBUG    | eval.evaluation.evaluation:metric_call:77 - metric_func_name exact_match score 1.0 msg exact match, response: 中国, target: 中国
2026-08-10 00:50:06.985 | DEBUG    | eval.evaluation.evaluation:metric_call:77 - metric_func_name exact_match score 1.0 msg exact match, response: 澳大利亚, target: 澳大利亚
2026-08-10 00:50:06.986 | DEBUG    | eval.evaluation.evaluation:metric_call:77 - metric_func_name exact_match score 1.0 msg exact match, response: 澳大利亚, target: 澳大利亚
2026-08-10 00:50:06.986 | DEBUG    | eval.evaluation.evaluation:metric_call:77 - metric_func_name exact_match score 1.0 msg exact match, response: 澳大利亚, target: 澳大利亚
2026-08-10 00:50:06.986 | DEBUG    | eval.evaluation.evaluation:metric_call:77 - metric_func_name exact_match score 1.0 msg exact match, response: 马来西亚, target: 马来西亚
2026-08-10 00:50:06.986 | DEBUG    | eval.evaluation.evaluation:metric_call:77 - metric_func_name exact_match score 1.0 msg exact match, response: 中国, target: 中国
2026-08-10 00:50:06.986 | DEBUG    | eval.evaluation.evaluation:metric_call:77 - metric_func_name exact_match score 1.0 msg exact match, response: 中国, target: 中国
2026-08-10 00:50:06.986 | DEBUG    | eval.evaluation.evaluation:metric_call:77 - metric_func_name exact_match score 1.0 msg exact match, response: 中国, target: 中国
2026-08-10 00:50:06.986 | DEBUG    | eval.evaluation.evaluation:metric_call:77 - metric_func_name exact_match score 1.0 msg exact match, response: 中国, target: 中国
2026-08-10 00:50:06.986 | DEBUG    | eval.evaluation.evaluation:metric_call:77 - metric_func_name exact_match score 1.0 msg exact match, response: 中国, target: 中国
2026-08-10 00:50:06.986 | DEBUG    | eval.evaluation.evaluation:metric_call:77 - metric_func_name exact_match score 1.0 msg exact match, response: 中国, target: 中国
2026-08-10 00:50:06.986 | DEBUG    | eval.evaluation.evaluation:metric_call:77 - metric_func_name exact_match score 1.0 msg exact match, response: 中国, target: 中国
2026-08-10 00:50:06.986 | DEBUG    | eval.evaluation.evaluation:metric_call:77 - metric_func_name exact_match score 1.0 msg exact match, response: 中国, target: 中国
2026-08-10 00:50:06.986 | DEBUG    | eval.evaluation.evaluation:metric_call:77 - metric_func_name exact_match score 1.0 msg exact match, response: 美国, target: 美国
2026-08-10 00:50:06.986 | DEBUG    | eval.evaluation.evaluation:metric_call:77 - metric_func_name exact_match score 1.0 msg exact match, response: 中国, target: 中国
2026-08-10 00:50:06.986 | DEBUG    | eval.evaluation.evaluation:metric_call:77 - metric_func_name exact_match score 1.0 msg exact match, response: 中国, target: 中国
2026-08-10 00:50:06.986 | DEBUG    | eval.evaluation.evaluation:metric_call:77 - metric_func_name exact_match score 1.0 msg exact match, response: 马来西亚, target: 马来西亚
2026-08-10 00:50:06.986 | DEBUG    | eval.evaluation.evaluation:metric_call:77 - metric_func_name exact_match score 1.0 msg exact match, response: 马来西亚, target: 马来西亚
2026-08-10 00:50:06.986 | DEBUG    | eval.evaluation.evaluation:metric_call:77 - metric_func_name exact_match score 1.0 msg exact match, response: 中国, target: 中国
2026-08-10 00:50:06.986 | DEBUG    | eval.evaluation.evaluation:metric_call:77 - metric_func_name exact_match score 1.0 msg exact match, response: 中国, target: 中国
2026-08-10 00:50:06.986 | DEBUG    | eval.evaluation.evaluation:metric_call:77 - metric_func_name exact_match score 1.0 msg exact match, response: 中国, target: 中国
2026-08-10 00:50:06.986 | DEBUG    | eval.evaluation.evaluation:metric_call:77 - metric_func_name exact_match score 1.0 msg exact match, response: 中国, target: 中国
2026-08-10 00:50:06.986 | DEBUG    | eval.evaluation.evaluation:metric_call:77 - metric_func_name exact_match score 1.0 msg exact match, response: 中国, target: 中国
2026-08-10 00:50:06.986 | DEBUG    | eval.evaluation.evaluation:metric_call:77 - metric_func_name exact_match score 1.0 msg exact match, response: 中国, target: 中国
2026-08-10 00:50:06.986 | DEBUG    | eval.evaluation.evaluation:metric_call:77 - metric_func_name exact_match score 1.0 msg exact match, response: 中国, target: 中国
2026-08-10 00:50:06.986 | DEBUG    | eval.evaluation.evaluation:metric_call:77 - metric_func_name exact_match score 1.0 msg exact match, response: 加拿大, target: 加拿大
2026-08-10 00:50:06.986 | DEBUG    | eval.evaluation.evaluation:metric_call:77 - metric_func_name exact_match score 1.0 msg exact match, response: 加拿大, target: 加拿大
2026-08-10 00:50:06.986 | DEBUG    | eval.evaluation.evaluation:metric_call:77 - metric_func_name exact_match score 1.0 msg exact match, response: 美国, target: 美国
2026-08-10 00:50:06.986 | DEBUG    | eval.evaluation.evaluation:metric_call:77 - metric_func_name exact_match score 1.0 msg exact match, response: 马来西亚, target: 马来西亚
2026-08-10 00:50:06.986 | DEBUG    | eval.evaluation.evaluation:metric_call:77 - metric_func_name exact_match score 1.0 msg exact match, response: 马来西亚, target: 马来西亚
2026-08-10 00:50:06.986 | DEBUG    | eval.evaluation.evaluation:metric_call:77 - metric_func_name exact_match score 1.0 msg exact match, response: 中国, target: 中国
2026-08-10 00:50:06.987 | DEBUG    | eval.evaluation.evaluation:metric_call:77 - metric_func_name exact_match score 1.0 msg exact match, response: 中国, target: 中国
2026-08-10 00:50:06.987 | DEBUG    | eval.evaluation.evaluation:metric_call:77 - metric_func_name exact_match score 1.0 msg exact match, response: 中国, target: 中国
2026-08-10 00:50:06.987 | DEBUG    | eval.evaluation.evaluation:metric_call:77 - metric_func_name exact_match score 1.0 msg exact match, response: 中国, target: 中国
2026-08-10 00:50:06.987 | DEBUG    | eval.evaluation.evaluation:metric_call:77 - metric_func_name exact_match score 1.0 msg exact match, response: 中国, target: 中国
2026-08-10 00:50:06.987 | DEBUG    | eval.evaluation.evaluation:metric_call:77 - metric_func_name exact_match score 1.0 msg exact match, response: 中国, target: 中国
2026-08-10 00:50:06.987 | DEBUG    | eval.evaluation.evaluation:metric_call:77 - metric_func_name exact_match score 1.0 msg exact match, response: 中国, target: 中国
2026-08-10 00:50:06.987 | DEBUG    | eval.evaluation.evaluation:metric_call:77 - metric_func_name exact_match score 1.0 msg exact match, response: 中国, target: 中国
2026-08-10 00:50:06.987 | DEBUG    | eval.evaluation.evaluation:metric_call:77 - metric_func_name exact_match score 1.0 msg exact match, response: 中国, target: 中国
2026-08-10 00:50:06.987 | DEBUG    | eval.evaluation.evaluation:metric_call:77 - metric_func_name exact_match score 1.0 msg exact match, response: 中国, target: 中国
2026-08-10 00:50:06.987 | DEBUG    | eval.evaluation.evaluation:metric_call:77 - metric_func_name exact_match score 1.0 msg exact match, response: 中国, target: 中国
2026-08-10 00:50:06.987 | DEBUG    | eval.evaluation.evaluation:metric_call:77 - metric_func_name exact_match score 1.0 msg exact match, response: 中国, target: 中国
2026-08-10 00:50:06.987 | DEBUG    | eval.evaluation.evaluation:metric_call:77 - metric_func_name exact_match score 1.0 msg exact match, response: 中国, target: 中国
2026-08-10 00:50:06.987 | DEBUG    | eval.evaluation.evaluation:metric_call:77 - metric_func_name exact_match score 1.0 msg exact match, response: 中国, target: 中国
2026-08-10 00:50:06.987 | DEBUG    | eval.evaluation.evaluation:metric_call:77 - metric_func_name exact_match score 1.0 msg exact match, response: 中国, target: 中国
2026-08-10 00:50:06.987 | DEBUG    | eval.evaluation.evaluation:metric_call:77 - metric_func_name exact_match score 1.0 msg exact match, response: 中国, target: 中国
2026-08-10 00:50:06.987 | DEBUG    | eval.evaluation.evaluation:metric_call:77 - metric_func_name exact_match score 1.0 msg exact match, response: 中国, target: 中国
2026-08-10 00:50:06.987 | DEBUG    | eval.evaluation.evaluation:metric_call:77 - metric_func_name exact_match score 1.0 msg exact match, response: 中国, target: 中国
2026-08-10 00:50:06.987 | DEBUG    | eval.evaluation.evaluation:metric_call:77 - metric_func_name exact_match score 1.0 msg exact match, response: 中国, target: 中国
2026-08-10 00:50:06.987 | DEBUG    | eval.evaluation.evaluation:metric_call:77 - metric_func_name exact_match score 1.0 msg exact match, response: 中国, target: 中国
2026-08-10 00:50:06.987 | DEBUG    | eval.evaluation.evaluation:metric_call:77 - metric_func_name exact_match score 1.0 msg exact match, response: 中国, target: 中国
2026-08-10 00:50:06.987 | DEBUG    | eval.evaluation.evaluation:metric_call:77 - metric_func_name exact_match score 1.0 msg exact match, response: 中国, target: 中国
2026-08-10 00:50:06.987 | DEBUG    | eval.evaluation.evaluation:metric_call:77 - metric_func_name exact_match score 1.0 msg exact match, response: 中国, target: 中国
2026-08-10 00:50:06.987 | DEBUG    | eval.evaluation.evaluation:metric_call:77 - metric_func_name exact_match score 1.0 msg exact match, response: 中国, target: 中国
2026-08-10 00:50:06.987 | DEBUG    | eval.evaluation.evaluation:metric_call:77 - metric_func_name exact_match score 1.0 msg exact match, response: 中国, target: 中国
2026-08-10 00:50:06.987 | DEBUG    | eval.evaluation.evaluation:metric_call:77 - metric_func_name exact_match score 1.0 msg exact match, response: 中国, target: 中国
2026-08-10 00:50:06.987 | DEBUG    | eval.evaluation.evaluation:metric_call:77 - metric_func_name exact_match score 1.0 msg exact match, response: 中国, target: 中国
2026-08-10 00:50:06.987 | DEBUG    | eval.evaluation.evaluation:metric_call:77 - metric_func_name exact_match score 1.0 msg exact match, response: 中国, target: 中国
2026-08-10 00:50:06.987 | DEBUG    | eval.evaluation.evaluation:metric_call:77 - metric_func_name exact_match score 1.0 msg exact match, response: 中国, target: 中国
2026-08-10 00:50:06.987 | DEBUG    | eval.evaluation.evaluation:metric_call:77 - metric_func_name exact_match score 1.0 msg exact match, response: 中国, target: 中国
2026-08-10 00:50:06.988 | DEBUG    | eval.evaluation.evaluation:metric_call:77 - metric_func_name exact_match score 1.0 msg exact match, response: 中国, target: 中国
2026-08-10 00:50:06.988 | DEBUG    | eval.evaluation.evaluation:metric_call:77 - metric_func_name exact_match score 1.0 msg exact match, response: 中国, target: 中国
2026-08-10 00:50:06.988 | DEBUG    | eval.evaluation.evaluation:metric_call:77 - metric_func_name exact_match score 1.0 msg exact match, response: 中国, target: 中国
2026-08-10 00:50:06.988 | DEBUG    | eval.evaluation.evaluation:metric_call:77 - metric_func_name exact_match score 1.0 msg exact match, response: 中国, target: 中国
2026-08-10 00:50:06.988 | DEBUG    | eval.evaluation.evaluation:metric_call:77 - metric_func_name exact_match score 1.0 msg exact match, response: 中国, target: 中国
2026-08-10 00:50:06.988 | DEBUG    | eval.evaluation.evaluation:metric_call:77 - metric_func_name exact_match score 1.0 msg exact match, response: 中国, target: 中国
2026-08-10 00:50:06.988 | DEBUG    | eval.evaluation.evaluation:metric_call:77 - metric_func_name exact_match score 1.0 msg exact match, response: 中国, target: 中国
2026-08-10 00:50:06.988 | DEBUG    | eval.evaluation.evaluation:metric_call:77 - metric_func_name exact_match score 1.0 msg exact match, response: 中国, target: 中国
2026-08-10 00:50:06.988 | DEBUG    | eval.evaluation.evaluation:metric_call:77 - metric_func_name exact_match score 1.0 msg exact match, response: 中国, target: 中国
2026-08-10 00:50:06.988 | DEBUG    | eval.evaluation.evaluation:metric_call:77 - metric_func_name exact_match score 1.0 msg exact match, response: 中国, target: 中国
2026-08-10 00:50:06.988 | DEBUG    | eval.evaluation.evaluation:metric_call:77 - metric_func_name exact_match score 1.0 msg exact match, response: 中国, target: 中国
2026-08-10 00:50:06.988 | DEBUG    | eval.evaluation.evaluation:metric_call:77 - metric_func_name exact_match score 1.0 msg exact match, response: 中国, target: 中国
2026-08-10 00:50:06.988 | DEBUG    | eval.evaluation.evaluation:metric_call:77 - metric_func_name exact_match score 1.0 msg exact match, response: 中国, target: 中国
2026-08-10 00:50:06.988 | DEBUG    | eval.evaluation.evaluation:metric_call:77 - metric_func_name exact_match score 1.0 msg exact match, response: 中国, target: 中国
2026-08-10 00:50:06.988 | DEBUG    | eval.evaluation.evaluation:metric_call:77 - metric_func_name exact_match score 1.0 msg exact match, response: 中国, target: 中国
2026-08-10 00:50:06.988 | DEBUG    | eval.evaluation.evaluation:metric_call:77 - metric_func_name exact_match score 1.0 msg exact match, response: 中国, target: 中国
2026-08-10 00:50:06.988 | DEBUG    | eval.evaluation.evaluation:metric_call:77 - metric_func_name exact_match score 1.0 msg exact match, response: 中国, target: 中国
2026-08-10 00:50:06.988 | DEBUG    | eval.evaluation.evaluation:metric_call:77 - metric_func_name exact_match score 1.0 msg exact match, response: 中国, target: 中国
2026-08-10 00:50:06.988 | DEBUG    | eval.evaluation.evaluation:metric_call:77 - metric_func_name exact_match score 1.0 msg exact match, response: 中国, target: 中国
2026-08-10 00:50:06.988 | DEBUG    | eval.evaluation.evaluation:metric_call:77 - metric_func_name exact_match score 1.0 msg exact match, response: 中国, target: 中国
2026-08-10 00:50:06.988 | DEBUG    | eval.evaluation.evaluation:metric_call:77 - metric_func_name exact_match score 1.0 msg exact match, response: 中国, target: 中国
2026-08-10 00:50:06.988 | DEBUG    | eval.evaluation.evaluation:metric_call:77 - metric_func_name exact_match score 1.0 msg exact match, response: 中国, target: 中国
2026-08-10 00:50:06.988 | DEBUG    | eval.evaluation.evaluation:metric_call:77 - metric_func_name exact_match score 1.0 msg exact match, response: 中国, target: 中国
2026-08-10 00:50:06.988 | DEBUG    | eval.evaluation.evaluation:metric_call:77 - metric_func_name exact_match score 1.0 msg exact match, response: 中国, target: 中国
2026-08-10 00:50:06.988 | DEBUG    | eval.evaluation.evaluation:metric_call:77 - metric_func_name exact_match score 1.0 msg exact match, response: 中国, target: 中国
2026-08-10 00:50:06.988 | DEBUG    | eval.evaluation.evaluation:metric_call:77 - metric_func_name exact_match score 1.0 msg exact match, response: 中国, target: 中国
2026-08-10 00:50:06.988 | DEBUG    | eval.evaluation.evaluation:metric_call:77 - metric_func_name exact_match score 1.0 msg exact match, response: 中国, target: 中国
2026-08-10 00:50:06.988 | DEBUG    | eval.evaluation.evaluation:metric_call:77 - metric_func_name exact_match score 1.0 msg exact match, response: 中国, target: 中国
2026-08-10 00:50:06.989 | DEBUG    | eval.evaluation.evaluation:metric_call:77 - metric_func_name exact_match score 1.0 msg exact match, response: 中国, target: 中国
2026-08-10 00:50:06.989 | DEBUG    | eval.evaluation.evaluation:metric_call:77 - metric_func_name exact_match score 1.0 msg exact match, response: 中国, target: 中国
2026-08-10 00:50:06.989 | DEBUG    | eval.evaluation.evaluation:metric_call:77 - metric_func_name exact_match score 1.0 msg exact match, response: 中国, target: 中国
2026-08-10 00:50:06.989 | DEBUG    | eval.evaluation.evaluation:metric_call:77 - metric_func_name exact_match score 1.0 msg exact match, response: 中国, target: 中国
2026-08-10 00:50:06.989 | DEBUG    | eval.evaluation.evaluation:metric_call:77 - metric_func_name exact_match score 1.0 msg exact match, response: 中国, target: 中国
2026-08-10 00:50:06.989 | DEBUG    | eval.evaluation.evaluation:metric_call:77 - metric_func_name exact_match score 1.0 msg exact match, response: 中国, target: 中国
2026-08-10 00:50:06.989 | DEBUG    | eval.evaluation.evaluation:metric_call:77 - metric_func_name exact_match score 1.0 msg exact match, response: 中国, target: 中国
2026-08-10 00:50:06.989 | DEBUG    | eval.evaluation.evaluation:metric_call:77 - metric_func_name exact_match score 1.0 msg exact match, response: 中国, target: 中国
2026-08-10 00:50:06.989 | DEBUG    | eval.evaluation.evaluation:metric_call:77 - metric_func_name exact_match score 1.0 msg exact match, response: 中国, target: 中国
2026-08-10 00:50:06.989 | DEBUG    | eval.evaluation.evaluation:metric_call:77 - metric_func_name exact_match score 1.0 msg exact match, response: 中国, target: 中国
2026-08-10 00:50:06.989 | DEBUG    | eval.evaluation.evaluation:metric_call:77 - metric_func_name exact_match score 1.0 msg exact match, response: 中国, target: 中国
2026-08-10 00:50:06.989 | DEBUG    | eval.evaluation.evaluation:metric_call:77 - metric_func_name exact_match score 1.0 msg exact match, response: 中国, target: 中国
2026-08-10 00:50:06.989 | DEBUG    | eval.evaluation.evaluation:metric_call:77 - metric_func_name exact_match score 1.0 msg exact match, response: 中国, target: 中国
2026-08-10 00:50:06.989 | DEBUG    | eval.evaluation.evaluation:metric_call:77 - metric_func_name exact_match score 1.0 msg exact match, response: 中国, target: 中国
2026-08-10 00:50:06.989 | DEBUG    | eval.evaluation.evaluation:metric_call:77 - metric_func_name exact_match score 1.0 msg exact match, response: 中国, target: 中国
2026-08-10 00:50:06.989 | DEBUG    | eval.evaluation.evaluation:metric_call:77 - metric_func_name exact_match score 1.0 msg exact match, response: 中国, target: 中国
2026-08-10 00:50:06.989 | DEBUG    | eval.evaluation.evaluation:metric_call:77 - metric_func_name exact_match score 1.0 msg exact match, response: 中国, target: 中国
2026-08-10 00:50:06.989 | DEBUG    | eval.evaluation.evaluation:metric_call:77 - metric_func_name exact_match score 1.0 msg exact match, response: 中国, target: 中国
2026-08-10 00:50:06.989 | DEBUG    | eval.evaluation.evaluation:metric_call:77 - metric_func_name exact_match score 1.0 msg exact match, response: 中国, target: 中国
2026-08-10 00:50:06.989 | DEBUG    | eval.evaluation.evaluation:metric_call:77 - metric_func_name exact_match score 1.0 msg exact match, response: 中国, target: 中国
2026-08-10 00:50:06.989 | DEBUG    | eval.evaluation.evaluation:metric_call:77 - metric_func_name exact_match score 1.0 msg exact match, response: 中国, target: 中国
2026-08-10 00:50:06.989 | DEBUG    | eval.evaluation.evaluation:metric_call:77 - metric_func_name exact_match score 1.0 msg exact match, response: 中国, target: 中国
2026-08-10 00:50:06.989 | DEBUG    | eval.evaluation.evaluation:metric_call:77 - metric_func_name exact_match score 1.0 msg exact match, response: 中国, target: 中国
2026-08-10 00:50:06.989 | DEBUG    | eval.evaluation.evaluation:metric_call:77 - metric_func_name exact_match score 1.0 msg exact match, response: 中国, target: 中国
2026-08-10 00:50:06.989 | DEBUG    | eval.evaluation.evaluation:metric_call:77 - metric_func_name exact_match score 1.0 msg exact match, response: 法国, target: 法国
2026-08-10 00:50:06.989 | DEBUG    | eval.evaluation.evaluation:metric_call:77 - metric_func_name exact_match score 1.0 msg exact match, response: 英国, target: 英国
2026-08-10 00:50:06.989 | DEBUG    | eval.evaluation.evaluation:metric_call:77 - metric_func_name exact_match score 1.0 msg exact match, response: 马来西亚, target: 马来西亚
2026-08-10 00:50:06.989 | DEBUG    | eval.evaluation.evaluation:metric_call:77 - metric_func_name exact_match score 1.0 msg exact match, response: 新加坡, target: 新加坡
2026-08-10 00:50:06.990 | DEBUG    | eval.evaluation.evaluation:metric_call:77 - metric_func_name exact_match score 1.0 msg exact match, response: 美国, target: 美国
2026-08-10 00:50:06.990 | DEBUG    | eval.evaluation.evaluation:metric_call:77 - metric_func_name exact_match score 1.0 msg exact match, response: 美国, target: 美国
2026-08-10 00:50:06.990 | DEBUG    | eval.evaluation.evaluation:metric_call:77 - metric_func_name exact_match score 1.0 msg exact match, response: 美国, target: 美国
2026-08-10 00:50:06.990 | DEBUG    | eval.evaluation.evaluation:metric_call:77 - metric_func_name exact_match score 1.0 msg exact match, response: 加拿大, target: 加拿大
2026-08-10 00:50:06.990 | DEBUG    | eval.evaluation.evaluation:evaluate_single_query:321 - wide2deep_ws_zh_014, col 举办国家, metric_func_name exact_match, score [1.0, 1.0, 1.0, 1.0, 1.0, 1.0, 1.0, 1.0, 1.0, 1.0, 1.0, 1.0, 1.0, 1.0, 1.0, 1.0, 1.0, 1.0, 1.0, 1.0, 1.0, 1.0, 1.0, 1.0, 1.0, 1.0, 1.0, 1.0, 1.0, 1.0, 1.0, 1.0, 1.0, 1.0, 1.0, 1.0, 1.0, 1.0, 1.0, 1.0, 1.0, 1.0, 1.0, 1.0, 1.0, 1.0, 1.0, 1.0, 1.0, 1.0, 1.0, 1.0, 1.0, 1.0, 1.0, 1.0, 1.0, 1.0, 1.0, 1.0, 1.0, 1.0, 1.0, 1.0, 1.0, 1.0, 1.0, 1.0, 1.0, 1.0, 1.0, 1.0, 1.0, 1.0, 1.0, 1.0, 1.0, 1.0, 1.0, 1.0, 1.0, 1.0, 1.0, 1.0, 1.0, 1.0, 1.0, 1.0, 1.0, 1.0, 1.0, 1.0, 1.0, 1.0, 1.0, 1.0, 1.0, 1.0, 1.0, 1.0, 1.0, 1.0, 1.0, 1.0, 1.0, 1.0, 1.0, 1.0, 1.0, 1.0, 1.0, 1.0, 1.0, 1.0, 1.0, 1.0, 1.0, 1.0, 1.0, 1.0, 1.0, 1.0, 1.0, 1.0, 1.0, 1.0, 1.0, 1.0, 1.0, 1.0, 1.0, 1.0, 1.0, 1.0, 1.0, 1.0, 1.0, 1.0, 1.0, 1.0, 1.0, 1.0, 1.0, 1.0, 1.0, 1.0, 1.0, 1.0, 1.0, 1.0, 1.0, 1.0, 1.0, 1.0, 1.0, 1.0, 1.0, 1.0, 1.0, 1.0, 1.0, 1.0, 1.0, 1.0, 1.0, 1.0, 1.0, 1.0, 1.0, 1.0, 1.0, 1.0, 1.0, 1.0, 1.0, 1.0, 1.0, 1.0, 1.0, 1.0, 1.0, 1.0, 1.0, 1.0, 1.0, 1.0, 1.0, 1.0, 1.0, 1.0, 1.0, 1.0, 1.0, 1.0, 1.0, 1.0, 1.0, 1.0, 1.0, 1.0, 1.0, 1.0, 1.0, 1.0, 1.0, 1.0, 1.0, 1.0, 1.0, 1.0, 1.0]
2026-08-10 00:50:27.990 | DEBUG    | eval.evaluation.evaluation:evaluate_single_query:321 - wide2deep_ws_zh_014, col 举办城市, metric_func_name llm_judge, score [1, 1, 1, 0, 1, 1, 1, 1, 1, 1, 1, 1, 1, 1, 1, 1, 1, 1, 1, 1, 1, 1, 1, 1, 1, 1, 1, 1, 1, 1, 1, 1, 1, 1, 1, 1, 1, 1, 1, 1, 1, 1, 1, 1, 1, 1, 1, 1, 1, 1, 1, 1, 1, 1, 1, 1, 0, 1, 1, 1, 1, 1, 1, 1, 1, 1, 1, 1, 1, 1, 1, 0, 1, 0, 1, 1, 1, 1, 1, 1, 1, 1, 1, 1, 1, 1, 1, 1, 1, 1, 1, 1, 1, 1, 1, 1, 1, 1, 1, 1, 1, 0, 0, 0, 0, 1, 1, 1, 1, 1, 1, 1, 1, 1, 1, 1, 1, 1, 1, 1, 1, 1, 1, 1, 1, 1, 1, 1, 1, 1, 1, 1, 1, 1, 1, 1, 1, 1, 1, 1, 1, 1, 1, 1, 1, 1, 1, 1, 1, 1, 1, 1, 1, 1, 1, 1, 1, 1, 1, 1, 1, 1, 1, 1, 1, 1, 1, 1, 1, 1, 1, 1, 1, 1, 1, 1, 1, 1, 1, 1, 1, 1, 1, 1, 1, 1, 1, 1, 1, 1, 1, 1, 1, 1, 1, 1, 1, 1, 1, 1, 1, 1, 1, 1, 1, 1, 1, 1, 1, 1, 1]
2026-08-10 00:50:47.985 | DEBUG    | eval.evaluation.evaluation:evaluate_single_query:321 - wide2deep_ws_zh_014, col 举办场馆, metric_func_name llm_judge, score [1, 1, 1, 1, 1, 1, 1, 1, 1, 1, 1, 1, 1, 1, 0, 1, 1, 1, 1, 1, 1, 1, 1, 1, 1, 1, 1, 1, 1, 1, 1, 1, 1, 1, 1, 1, 1, 1, 1, 0, 1, 1, 1, 1, 1, 1, 1, 1, 1, 1, 1, 1, 1, 1, 1, 1, 1, 1, 1, 1, 1, 1, 0, 1, 1, 1, 1, 1, 1, 1, 1, 1, 1, 1, 1, 1, 1, 1, 0, 1, 1, 0, 0, 1, 1, 1, 1, 0, 1, 1, 1, 1, 1, 0, 1, 1, 1, 1, 1, 1, 1, 1, 1, 1, 1, 1, 1, 0, 0, 1, 1, 1, 1, 1, 0, 1, 1, 1, 1, 1, 1, 1, 1, 1, 1, 1, 1, 1, 1, 1, 1, 1, 1, 1, 1, 1, 1, 1, 0, 0, 0, 0, 1, 1, 1, 1, 1, 1, 1, 1, 1, 1, 1, 1, 1, 1, 1, 1, 1, 1, 1, 1, 1, 1, 1, 1, 1, 1, 1, 1, 1, 1, 1, 1, 1, 1, 1, 1, 1, 1, 1, 1, 1, 1, 1, 1, 1, 1, 1, 1, 1, 1, 1, 1, 1, 1, 1, 1, 1, 1, 1, 1, 1, 1, 1, 1, 1, 1, 1, 1, 1]
2026-08-10 00:50:48.033 | INFO     | eval.evaluation.evaluation:evaluate_single_query:380 - wide2deep_ws_zh_014, P/R/F1 by unique_columns: 0.9953/0.9420/0.9679
2026-08-10 00:50:48.034 | INFO     | eval.evaluation.evaluation:evaluate_single_query:383 - wide2deep_ws_zh_014, P/R/F1 by row: 0.8868/0.8393/0.8624
2026-08-10 00:50:48.034 | INFO     | eval.evaluation.evaluation:evaluate_single_query:386 - wide2deep_ws_zh_014, P/R/F1 by item: 0.9772/0.9249/0.9503
2026-08-10 00:50:48.043 | INFO     | eval.evaluation.evaluation:evaluate_single_query:398 - wide2deep_ws_zh_014, final table score: 0.0
{"event": "eval_done", "idx": 5, "instance_id": "wide2deep_ws_zh_014", "score": 0.0, "entity_acc": 1.0, "f1_by_row": 0.8623853211009174, "f1_by_item": 0.9503058103975535, "column_f1": 0.9678899082568807, "error": null, "elapsed_seconds": 98.306, "running_n": 5}
2026-08-10 00:50:49.490 | DEBUG    | eval.evaluation.data_loader:extract_dataframe:167 - find markdown_str 
| 年份 | 博彩企业 | 博彩净收益（百万） | 其他非博彩收益（百万） | 豪华五星级酒店 | 房间数（个） | 入住率  ...
2026-08-10 00:50:53.146 | INFO     | eval.evaluation.metric_utils:primary_key_preprocess:246 - primary_key_preprocess result: ```json
{
  "美高梅中国控股有限公司（美高梅金殿超濠股份有限公司）": "美高梅金殿超濠股份有限公司",
  "银河娱乐集团有限公司（银河娱乐场股份有限公司）": "银河娱乐场股份有限公司",
  "金沙中国有限公司（威尼斯人澳门股份有限公司）": "威尼斯人澳门股份有限公司",
  "新濠博亚娱乐有限公司（新濠博亚〔澳门〕股份有限公司）": "新濠博亚(澳门)股份有限公司",
  "永利澳门有限公司（永利渡假村〔澳门〕股份有限公司）": "永利度假村(澳门)股份有限公司",
  "澳博控股有限公司（澳娱综合度假股份有限公司）": "澳娱综合度假股份有限公司"
}
```
2026-08-10 00:50:53.147 | INFO     | eval.evaluation.evaluation:evaluate_single_query:223 - col: 博彩企业, primary_key_map {'美高梅中国控股有限公司（美高梅金殿超濠股份有限公司）': '美高梅金殿超濠股份有限公司', '银河娱乐集团有限公司（银河娱乐场股份有限公司）': '银河娱乐场股份有限公司', '金沙中国有限公司（威尼斯人澳门股份有限公司）': '威尼斯人澳门股份有限公司', '新濠博亚娱乐有限公司（新濠博亚〔澳门〕股份有限公司）': '新濠博亚(澳门)股份有限公司', '永利澳门有限公司（永利渡假村〔澳门〕股份有限公司）': '永利度假村(澳门)股份有限公司', '澳博控股有限公司（澳娱综合度假股份有限公司）': '澳娱综合度假股份有限公司'}
2026-08-10 00:51:07.862 | INFO     | eval.evaluation.metric_utils:primary_key_preprocess:246 - primary_key_preprocess result: ```json
{
  "澳门美高梅、美狮美高梅": "澳門美高梅",
  "澳门威尼斯人、澳门伦敦人酒店、澳门伦敦人御园、澳门康莱德酒店、澳门瑞吉酒店、澳门四季酒店、澳门巴黎人": "金沙",
  "澳门颐居、澳门君悦酒店、摩珀斯、新濠影汇酒店、澳门新濠锋酒店、澳门新濠影汇W酒店": "新濠天地颐居",
  "永利澳门、永利皇宫": "永利",
  "上葡京综合度假村（澳门上葡京、THE KARL LAGERFELD、澳门范思哲豪华酒店）": "上葡京",
  "澳门新葡京酒店": "新葡京"
}
```
2026-08-10 00:51:07.863 | INFO     | eval.evaluation.evaluation:evaluate_single_query:223 - col: 豪华五星级酒店, primary_key_map {'澳门美高梅、美狮美高梅': '澳門美高梅', '澳门威尼斯人、澳门伦敦人酒店、澳门伦敦人御园、澳门康莱德酒店、澳门瑞吉酒店、澳门四季酒店、澳门巴黎人': '金沙', '澳门颐居、澳门君悦酒店、摩珀斯、新濠影汇酒店、澳门新濠锋酒店、澳门新濠影汇W酒店': '新濠天地颐居', '永利澳门、永利皇宫': '永利', '上葡京综合度假村（澳门上葡京、THE KARL LAGERFELD、澳门范思哲豪华酒店）': '上葡京', '澳门新葡京酒店': '新葡京'}
2026-08-10 00:51:07.871 | INFO     | eval.evaluation.evaluation:evaluate_single_query:275 - wide2deep_ws_zh_024, df_inner shape: (6, 18), answer_df shape: (10, 9), response_df shape: (7, 11)
2026-08-10 00:51:11.228 | DEBUG    | eval.evaluation.evaluation:evaluate_single_query:321 - wide2deep_ws_zh_024, col 年份, metric_func_name llm_judge, score [1, 1, 1, 1, 1, 1]
2026-08-10 00:51:11.228 | DEBUG    | eval.evaluation.evaluation:metric_call:77 - metric_func_name number_near score 1.0 msg number near in range 5.0%, response: 26846.0, target: 26846.0
2026-08-10 00:51:11.228 | DEBUG    | eval.evaluation.evaluation:metric_call:77 - metric_func_name number_near score 1.0 msg number near in range 5.0%, response: 26846.0, target: 26846.0
2026-08-10 00:51:11.228 | DEBUG    | eval.evaluation.evaluation:metric_call:77 - metric_func_name number_near score 1.0 msg number near in range 5.0%, response: 39591.24, target: 41550.24
2026-08-10 00:51:11.228 | DEBUG    | eval.evaluation.evaluation:metric_call:77 - metric_func_name number_near score 1.0 msg number near in range 5.0%, response: 24100.0, target: 23617.91
2026-08-10 00:51:11.228 | DEBUG    | eval.evaluation.evaluation:metric_call:77 - metric_func_name number_near score 1.0 msg number near in range 5.0%, response: 28550.0, target: 29432.3
2026-08-10 00:51:11.229 | DEBUG    | eval.evaluation.evaluation:metric_call:77 - metric_func_name number_near score 1.0 msg number near in range 5.0%, response: 27236.1, target: 27282.91
2026-08-10 00:51:11.229 | DEBUG    | eval.evaluation.evaluation:evaluate_single_query:321 - wide2deep_ws_zh_024, col 博彩净收益（百万）, metric_func_name number_near, score [1.0, 1.0, 1.0, 1.0, 1.0, 1.0]
2026-08-10 00:51:11.229 | DEBUG    | eval.evaluation.evaluation:metric_call:77 - metric_func_name number_near score 1.0 msg number near in range 5.0%, response: 2186.0, target: 2186.0
2026-08-10 00:51:11.229 | DEBUG    | eval.evaluation.evaluation:metric_call:77 - metric_func_name number_near score 1.0 msg number near in range 5.0%, response: 2186.0, target: 2186.0
2026-08-10 00:51:11.229 | DEBUG    | eval.evaluation.evaluation:metric_call:77 - metric_func_name number_near score 0.0 msg number not near, response: 15591.42, target: 13466.94
2026-08-10 00:51:11.229 | DEBUG    | eval.evaluation.evaluation:metric_call:77 - metric_func_name number_near score 0.0 msg number not near, response: 5770.0, target: 5122.51
2026-08-10 00:51:11.230 | DEBUG    | eval.evaluation.evaluation:metric_call:77 - metric_func_name number_near score 0.0 msg number not near, response: 6350.0, target: 6740.6
2026-08-10 00:51:11.230 | DEBUG    | eval.evaluation.evaluation:metric_call:77 - metric_func_name number_near score 1.0 msg number near in range 5.0%, response: 4154.4, target: 4104.24
2026-08-10 00:51:11.230 | DEBUG    | eval.evaluation.evaluation:evaluate_single_query:321 - wide2deep_ws_zh_024, col 其他非博彩收益（百万）, metric_func_name number_near, score [1.0, 1.0, 0.0, 0.0, 0.0, 1.0]
2026-08-10 00:51:11.231 | DEBUG    | eval.evaluation.evaluation:metric_call:77 - metric_func_name number_near score 1.0 msg number near in range 5.0%, response: 1892.0, target: 1892.0
2026-08-10 00:51:11.231 | DEBUG    | eval.evaluation.evaluation:metric_call:77 - metric_func_name number_near score 1.0 msg number near in range 5.0%, response: 430.0, target: 431.0
2026-08-10 00:51:11.231 | DEBUG    | eval.evaluation.evaluation:metric_call:77 - metric_func_name number_near score 0.0 msg number not near, response: 9299.0, target: 289.0
2026-08-10 00:51:11.231 | DEBUG    | eval.evaluation.evaluation:metric_call:77 - metric_func_name number_near score 0.0 msg number not near, response: 2716.0, target: 1014.0
2026-08-10 00:51:11.231 | DEBUG    | eval.evaluation.evaluation:metric_call:77 - metric_func_name number_near score 0.0 msg number not near, response: 4539.0, target: 286.0
2026-08-10 00:51:11.231 | DEBUG    | eval.evaluation.evaluation:metric_call:77 - metric_func_name number_near score 0.0 msg number not near, response: 1972.0, target: 585.0
2026-08-10 00:51:11.232 | DEBUG    | eval.evaluation.evaluation:evaluate_single_query:321 - wide2deep_ws_zh_024, col 房间数（个）, metric_func_name number_near, score [1.0, 1.0, 0.0, 0.0, 0.0, 0.0]
2026-08-10 00:51:11.232 | DEBUG    | eval.evaluation.evaluation:metric_call:77 - metric_func_name number_near score 1.0 msg number near in range 5.0%, response: 0.97, target: 0.97
2026-08-10 00:51:11.232 | DEBUG    | eval.evaluation.evaluation:metric_call:77 - metric_func_name number_near score 1.0 msg number near in range 5.0%, response: 0.987, target: 0.987
2026-08-10 00:51:11.232 | DEBUG    | eval.evaluation.evaluation:metric_call:77 - metric_func_name number_near score 1.0 msg number near in range 5.0%, response: 0.9570000000000001, target: 0.99
2026-08-10 00:51:11.232 | DEBUG    | eval.evaluation.evaluation:metric_call:77 - metric_func_name number_near score 1.0 msg number near in range 5.0%, response: 0.982, target: 0.993
2026-08-10 00:51:11.232 | DEBUG    | eval.evaluation.evaluation:metric_call:77 - metric_func_name number_near score 1.0 msg number equal, response: NULL, target: NULL
2026-08-10 00:51:11.232 | DEBUG    | eval.evaluation.evaluation:metric_call:77 - metric_func_name number_near score 0.0 msg number not convertable, response: None, target: 0.94
2026-08-10 00:51:11.233 | DEBUG    | eval.evaluation.evaluation:evaluate_single_query:321 - wide2deep_ws_zh_024, col 入住率, metric_func_name number_near, score [1.0, 1.0, 1.0, 1.0, 1.0, 0.0]
2026-08-10 00:51:11.233 | DEBUG    | eval.evaluation.evaluation:metric_call:77 - metric_func_name number_near score 1.0 msg number near in range 5.0%, response: 1191.0, target: 1191.0
2026-08-10 00:51:11.233 | DEBUG    | eval.evaluation.evaluation:metric_call:77 - metric_func_name number_near score 1.0 msg number near in range 5.0%, response: 1226.0, target: 1226.0
2026-08-10 00:51:11.233 | DEBUG    | eval.evaluation.evaluation:metric_call:77 - metric_func_name number_near score 0.0 msg number not near, response: 1615.38, target: 0.99
2026-08-10 00:51:11.233 | DEBUG    | eval.evaluation.evaluation:metric_call:77 - metric_func_name number_near score 0.0 msg number not near, response: 2597.4, target: 1935.0
2026-08-10 00:51:11.233 | DEBUG    | eval.evaluation.evaluation:metric_call:77 - metric_func_name number_near score 1.0 msg number equal, response: NULL, target: NULL
2026-08-10 00:51:11.233 | DEBUG    | eval.evaluation.evaluation:metric_call:77 - metric_func_name number_near score 1.0 msg number equal, response: NULL, target: NULL
2026-08-10 00:51:11.234 | DEBUG    | eval.evaluation.evaluation:evaluate_single_query:321 - wide2deep_ws_zh_024, col 平均房租, metric_func_name number_near, score [1.0, 1.0, 0.0, 0.0, 1.0, 1.0]
2026-08-10 00:51:11.234 | DEBUG    | eval.evaluation.evaluation:metric_call:77 - metric_func_name number_near score 1.0 msg number near in range 5.0%, response: 1155.27, target: 1151.0
2026-08-10 00:51:11.234 | DEBUG    | eval.evaluation.evaluation:metric_call:77 - metric_func_name number_near score 1.0 msg number near in range 5.0%, response: 1210.06, target: 1210.0
2026-08-10 00:51:11.234 | DEBUG    | eval.evaluation.evaluation:metric_call:77 - metric_func_name number_near score 0.0 msg number not near, response: 1545.92, target: 1336.0
2026-08-10 00:51:11.234 | DEBUG    | eval.evaluation.evaluation:metric_call:77 - metric_func_name number_near score 0.0 msg number not near, response: 2550.65, target: 1921.0
2026-08-10 00:51:11.234 | DEBUG    | eval.evaluation.evaluation:metric_call:77 - metric_func_name number_near score 1.0 msg number equal, response: NULL, target: NULL
2026-08-10 00:51:11.234 | DEBUG    | eval.evaluation.evaluation:metric_call:77 - metric_func_name number_near score 0.0 msg number not convertable, response: None, target: 2632.0
2026-08-10 00:51:11.235 | DEBUG    | eval.evaluation.evaluation:evaluate_single_query:321 - wide2deep_ws_zh_024, col 可入住客房收益, metric_func_name number_near, score [1.0, 1.0, 0.0, 0.0, 1.0, 0.0]
2026-08-10 00:51:11.239 | INFO     | eval.evaluation.evaluation:evaluate_single_query:380 - wide2deep_ws_zh_024, P/R/F1 by unique_columns: 0.8571/0.6000/0.7059
2026-08-10 00:51:11.239 | INFO     | eval.evaluation.evaluation:evaluate_single_query:383 - wide2deep_ws_zh_024, P/R/F1 by row: 0.2857/0.2000/0.2353
2026-08-10 00:51:11.239 | INFO     | eval.evaluation.evaluation:evaluate_single_query:386 - wide2deep_ws_zh_024, P/R/F1 by item: 0.6508/0.4556/0.5359
2026-08-10 00:51:11.242 | INFO     | eval.evaluation.evaluation:evaluate_single_query:398 - wide2deep_ws_zh_024, final table score: 0.0
{"event": "eval_done", "idx": 6, "instance_id": "wide2deep_ws_zh_024", "score": 0.0, "entity_acc": 1.0, "f1_by_row": 0.23529411764705882, "f1_by_item": 0.5359477124183006, "column_f1": 0.7058823529411764, "error": null, "elapsed_seconds": 23.174, "running_n": 6}
{"event": "eval_done", "idx": 7, "instance_id": "wide2deep_ws_zh_036", "score": 0.0, "entity_acc": 0.0, "f1_by_row": 0.0, "f1_by_item": 0.0, "column_f1": 0.0, "error": null, "elapsed_seconds": 2.415, "running_n": 7}
SUMMARY {"n": 7, "valid_n": 6, "errors": 1, "complete": false, "judge_calls_current_process": 31, "score": 0.0, "entity_acc": 0.8333333333333334, "precision_by_row": 0.41764001197963463, "recall_by_row": 0.20889366010333754, "f1_by_row": 0.2325789260658392, "precision_by_item": 0.671404634848031, "recall_by_item": 0.33522049166525214, "f1_by_item": 0.394732019685129, "column_precision": 0.7784346156987666, "column_recall": 0.3895332590492053, "column_f1": 0.46430500530005525}
