INFO: Pandarallel will run on 8 workers.
INFO: Pandarallel will use Memory file system to transfer data between the main process and workers.
{"event": "eval_start", "selected": 7, "resume_committed": 0, "committed_errors": 0, "crash_only_resume": false}
2026-08-10 00:47:47.113 | DEBUG    | eval.evaluation.data_loader:extract_dataframe:167 - find markdown_str 
| Category | Rank | Title | Singer | Language | Songwriter(s) | ...
2026-08-10 00:47:50.563 | INFO     | eval.evaluation.metric_utils:primary_key_preprocess:246 - primary_key_preprocess result: ```json
{
  "Global Most-Streamed Songs": "Top 10 Spotify's Most-Streamed Songs Globally",
  "U.S. Most-Streamed Songs": "Top 10 U.S. Most-Streamed Songs"
}
```
2026-08-10 00:47:50.564 | INFO     | eval.evaluation.evaluation:evaluate_single_query:223 - col: category, primary_key_map {'Global Most-Streamed Songs': "Top 10 Spotify's Most-Streamed Songs Globally", 'U.S. Most-Streamed Songs': 'Top 10 U.S. Most-Streamed Songs'}
2026-08-10 00:47:55.975 | INFO     | eval.evaluation.metric_utils:primary_key_preprocess:246 - primary_key_preprocess result: ```json
{
  "10": "10",
  "9": "9",
  "8": "8",
  "7": "7",
  "6": "6",
  "5": "5",
  "4": "4",
  "3": "3",
  "2": "2",
  "1": "1"
}
```
2026-08-10 00:47:55.975 | INFO     | eval.evaluation.evaluation:evaluate_single_query:223 - col: rank, primary_key_map {'10': '10', '9': '9', '8': '8', '7': '7', '6': '6', '5': '5', '4': '4', '3': '3', '2': '2', '1': '1'}
2026-08-10 00:47:56.053 | INFO     | eval.evaluation.evaluation:evaluate_single_query:275 - wide2deep_ws_en_022, df_inner shape: (20, 16), answer_df shape: (20, 8), response_df shape: (20, 10)
2026-08-10 00:48:00.820 | DEBUG    | eval.evaluation.evaluation:evaluate_single_query:321 - wide2deep_ws_en_022, col title, metric_func_name llm_judge, score [1, 1, 1, 1, 1, 1, 1, 1, 1, 1, 1, 1, 1, 1, 1, 1, 1, 1, 1, 1]
2026-08-10 00:48:05.782 | DEBUG    | eval.evaluation.evaluation:evaluate_single_query:321 - wide2deep_ws_en_022, col singer, metric_func_name llm_judge, score [1, 1, 1, 1, 1, 1, 1, 1, 1, 1, 1, 1, 1, 1, 1, 1, 1, 1, 1, 0]
2026-08-10 00:48:05.783 | DEBUG    | eval.evaluation.evaluation:metric_call:77 - metric_func_name exact_match score 1.0 msg exact match, response: english, target: english
2026-08-10 00:48:05.783 | DEBUG    | eval.evaluation.evaluation:metric_call:77 - metric_func_name exact_match score 1.0 msg exact match, response: english, target: english
2026-08-10 00:48:05.783 | DEBUG    | eval.evaluation.evaluation:metric_call:77 - metric_func_name exact_match score 1.0 msg exact match, response: english, target: english
2026-08-10 00:48:05.783 | DEBUG    | eval.evaluation.evaluation:metric_call:77 - metric_func_name exact_match score 1.0 msg exact match, response: spanish, target: spanish
2026-08-10 00:48:05.783 | DEBUG    | eval.evaluation.evaluation:metric_call:77 - metric_func_name exact_match score 1.0 msg exact match, response: english, target: english
2026-08-10 00:48:05.783 | DEBUG    | eval.evaluation.evaluation:metric_call:77 - metric_func_name exact_match score 1.0 msg exact match, response: english, target: english
2026-08-10 00:48:05.783 | DEBUG    | eval.evaluation.evaluation:metric_call:77 - metric_func_name exact_match score 1.0 msg exact match, response: english, target: english
2026-08-10 00:48:05.784 | DEBUG    | eval.evaluation.evaluation:metric_call:77 - metric_func_name exact_match score 1.0 msg exact match, response: english, target: english
2026-08-10 00:48:05.784 | DEBUG    | eval.evaluation.evaluation:metric_call:77 - metric_func_name exact_match score 1.0 msg exact match, response: english, target: english
2026-08-10 00:48:05.784 | DEBUG    | eval.evaluation.evaluation:metric_call:77 - metric_func_name exact_match score 1.0 msg exact match, response: english, target: english
2026-08-10 00:48:05.784 | DEBUG    | eval.evaluation.evaluation:metric_call:77 - metric_func_name exact_match score 1.0 msg exact match, response: english, target: english
2026-08-10 00:48:05.784 | DEBUG    | eval.evaluation.evaluation:metric_call:77 - metric_func_name exact_match score 1.0 msg exact match, response: english, target: english
2026-08-10 00:48:05.784 | DEBUG    | eval.evaluation.evaluation:metric_call:77 - metric_func_name exact_match score 1.0 msg exact match, response: english, target: english
2026-08-10 00:48:05.784 | DEBUG    | eval.evaluation.evaluation:metric_call:77 - metric_func_name exact_match score 1.0 msg exact match, response: english, target: english
2026-08-10 00:48:05.784 | DEBUG    | eval.evaluation.evaluation:metric_call:77 - metric_func_name exact_match score 1.0 msg exact match, response: english, target: english
2026-08-10 00:48:05.784 | DEBUG    | eval.evaluation.evaluation:metric_call:77 - metric_func_name exact_match score 1.0 msg exact match, response: english, target: english
2026-08-10 00:48:05.784 | DEBUG    | eval.evaluation.evaluation:metric_call:77 - metric_func_name exact_match score 1.0 msg exact match, response: english, target: english
2026-08-10 00:48:05.784 | DEBUG    | eval.evaluation.evaluation:metric_call:77 - metric_func_name exact_match score 1.0 msg exact match, response: english, target: english
2026-08-10 00:48:05.784 | DEBUG    | eval.evaluation.evaluation:metric_call:77 - metric_func_name exact_match score 1.0 msg exact match, response: english, target: english
2026-08-10 00:48:05.784 | DEBUG    | eval.evaluation.evaluation:metric_call:77 - metric_func_name exact_match score 1.0 msg exact match, response: english, target: english
2026-08-10 00:48:05.785 | DEBUG    | eval.evaluation.evaluation:evaluate_single_query:321 - wide2deep_ws_en_022, col language, metric_func_name exact_match, score [1.0, 1.0, 1.0, 1.0, 1.0, 1.0, 1.0, 1.0, 1.0, 1.0, 1.0, 1.0, 1.0, 1.0, 1.0, 1.0, 1.0, 1.0, 1.0, 1.0]
2026-08-10 00:48:12.071 | DEBUG    | eval.evaluation.evaluation:evaluate_single_query:321 - wide2deep_ws_en_022, col songwriter(s), metric_func_name llm_judge, score [1, 1, 1, 1, 1, 1, 1, 1, 1, 1, 1, 1, 1, 1, 1, 1, 1, 1, 1, 1]
2026-08-10 00:48:18.786 | DEBUG    | eval.evaluation.evaluation:evaluate_single_query:321 - wide2deep_ws_en_022, col producer(s), metric_func_name llm_judge, score [1, 1, 1, 1, 1, 1, 1, 1, 1, 1, 1, 1, 1, 1, 1, 1, 1, 1, 1, 1]
2026-08-10 00:48:18.789 | DEBUG    | eval.evaluation.evaluation:metric_call:77 - metric_func_name date_near score 1.0 msg date near, response: 2024-04-11 00:00:00, target: 2024-04-11 00:00:00
2026-08-10 00:48:18.791 | DEBUG    | eval.evaluation.evaluation:metric_call:77 - metric_func_name date_near score 1.0 msg date near, response: 2024-01-18 00:00:00, target: 2024-01-19 00:00:00
2026-08-10 00:48:18.793 | DEBUG    | eval.evaluation.evaluation:metric_call:77 - metric_func_name date_near score 1.0 msg date near, response: 2024-05-17 00:00:00, target: 2024-05-17 00:00:00
2026-08-10 00:48:18.794 | DEBUG    | eval.evaluation.evaluation:metric_call:77 - metric_func_name date_near score 1.0 msg date near, response: 2024-02-02 00:00:00, target: 2024-02-02 00:00:00
2026-08-10 00:48:18.797 | DEBUG    | eval.evaluation.evaluation:metric_call:77 - metric_func_name date_near score 1.0 msg date near, response: 2023-06-23 00:00:00, target: 2023-06-23 00:00:00
2026-08-10 00:48:18.799 | DEBUG    | eval.evaluation.evaluation:metric_call:77 - metric_func_name date_near score 0.0 msg date not near, response: 2022-09-16 00:00:00, target: 2024-03-01 00:00:00
2026-08-10 00:48:18.801 | DEBUG    | eval.evaluation.evaluation:metric_call:77 - metric_func_name date_near score 1.0 msg date near, response: 2024-03-22 00:00:00, target: 2024-03-22 00:00:00
2026-08-10 00:48:18.803 | DEBUG    | eval.evaluation.evaluation:metric_call:77 - metric_func_name date_near score 0.0 msg date not near, response: 2023-06-23 00:00:00, target: 2023-12-08 00:00:00
2026-08-10 00:48:18.804 | DEBUG    | eval.evaluation.evaluation:metric_call:77 - metric_func_name date_near score 1.0 msg date near, response: 2019-08-23 00:00:00, target: 2019-08-23 00:00:00
2026-08-10 00:48:18.806 | DEBUG    | eval.evaluation.evaluation:metric_call:77 - metric_func_name date_near score 1.0 msg date near, response: 2024-08-16 00:00:00, target: 2024-08-16 00:00:00
2026-08-10 00:48:18.808 | DEBUG    | eval.evaluation.evaluation:metric_call:77 - metric_func_name date_near score 1.0 msg date near, response: 2024-04-11 00:00:00, target: 2024-04-11 00:00:00
2026-08-10 00:48:18.810 | DEBUG    | eval.evaluation.evaluation:metric_call:77 - metric_func_name date_near score 1.0 msg date near, response: 2024-05-04 00:00:00, target: 2024-05-04 00:00:00
2026-08-10 00:48:18.812 | DEBUG    | eval.evaluation.evaluation:metric_call:77 - metric_func_name date_near score 1.0 msg date near, response: 2024-04-12 00:00:00, target: 2024-04-12 00:00:00
2026-08-10 00:48:18.814 | DEBUG    | eval.evaluation.evaluation:metric_call:77 - metric_func_name date_near score 1.0 msg date near, response: 2024-05-10 00:00:00, target: 2024-05-10 00:00:00
2026-08-10 00:48:18.816 | DEBUG    | eval.evaluation.evaluation:metric_call:77 - metric_func_name date_near score 1.0 msg date near, response: 2024-04-26 00:00:00, target: 2024-04-26 00:00:00
2026-08-10 00:48:18.818 | DEBUG    | eval.evaluation.evaluation:metric_call:77 - metric_func_name date_near score 1.0 msg date near, response: 2024-04-05 00:00:00, target: 2024-04-05 00:00:00
2026-08-10 00:48:18.820 | DEBUG    | eval.evaluation.evaluation:metric_call:77 - metric_func_name date_near score 1.0 msg date near, response: 2024-01-18 00:00:00, target: 2024-01-18 00:00:00
2026-08-10 00:48:18.822 | DEBUG    | eval.evaluation.evaluation:metric_call:77 - metric_func_name date_near score 1.0 msg date near, response: 2024-05-17 00:00:00, target: 2024-05-17 00:00:00
2026-08-10 00:48:18.824 | DEBUG    | eval.evaluation.evaluation:metric_call:77 - metric_func_name date_near score 1.0 msg date near, response: 2023-08-25 00:00:00, target: 2023-08-25 00:00:00
2026-08-10 00:48:18.826 | DEBUG    | eval.evaluation.evaluation:metric_call:77 - metric_func_name date_near score 0.0 msg date not near, response: 2022-07-08 00:00:00, target: 2022-10-14 00:00:00
2026-08-10 00:48:18.826 | DEBUG    | eval.evaluation.evaluation:evaluate_single_query:321 - wide2deep_ws_en_022, col releasedate, metric_func_name date_near, score [1.0, 1.0, 1.0, 1.0, 1.0, 0.0, 1.0, 0.0, 1.0, 1.0, 1.0, 1.0, 1.0, 1.0, 1.0, 1.0, 1.0, 1.0, 1.0, 0.0]
2026-08-10 00:48:18.834 | INFO     | eval.evaluation.evaluation:evaluate_single_query:380 - wide2deep_ws_en_022, P/R/F1 by unique_columns: 1.0000/1.0000/1.0000
2026-08-10 00:48:18.834 | INFO     | eval.evaluation.evaluation:evaluate_single_query:383 - wide2deep_ws_en_022, P/R/F1 by row: 0.8500/0.8500/0.8500
2026-08-10 00:48:18.834 | INFO     | eval.evaluation.evaluation:evaluate_single_query:386 - wide2deep_ws_en_022, P/R/F1 by item: 0.9750/0.9750/0.9750
2026-08-10 00:48:18.838 | INFO     | eval.evaluation.evaluation:evaluate_single_query:398 - wide2deep_ws_en_022, final table score: 0.0
{"event": "eval_done", "idx": 1, "instance_id": "wide2deep_ws_en_022", "score": 0.0, "entity_acc": 1.0, "f1_by_row": 0.85, "f1_by_item": 0.975, "column_f1": 1.0, "error": null, "elapsed_seconds": 34.946, "running_n": 1}
2026-08-10 00:48:20.487 | DEBUG    | eval.evaluation.data_loader:extract_dataframe:167 - find markdown_str 
| Clinic | County | Full Address | Phone Number | Saturday Oper ...
2026-08-10 00:48:23.979 | INFO     | eval.evaluation.metric_utils:primary_key_preprocess:246 - primary_key_preprocess result: ```json
{
  "FPA Women’s Health – Fresno": "FPA Women's Health - Fresno",
  "Planned Parenthood Mar Monte – Family First Health Center": "Planned Parenthood - Family First Health Center"
}
```
2026-08-10 00:48:23.979 | INFO     | eval.evaluation.evaluation:evaluate_single_query:223 - col: clinic, primary_key_map {'FPA Women’s Health – Fresno': "FPA Women's Health - Fresno", 'Planned Parenthood Mar Monte – Family First Health Center': 'Planned Parenthood - Family First Health Center'}
2026-08-10 00:48:23.985 | INFO     | eval.evaluation.evaluation:evaluate_single_query:275 - wide2deep_ws_en_025, df_inner shape: (2, 10), answer_df shape: (6, 5), response_df shape: (2, 6)
2026-08-10 00:48:23.985 | DEBUG    | eval.evaluation.evaluation:metric_call:77 - metric_func_name exact_match score 1.0 msg exact match, response: fresno, target: fresno
2026-08-10 00:48:23.985 | DEBUG    | eval.evaluation.evaluation:metric_call:77 - metric_func_name exact_match score 1.0 msg exact match, response: fresno, target: fresno
2026-08-10 00:48:23.986 | DEBUG    | eval.evaluation.evaluation:evaluate_single_query:321 - wide2deep_ws_en_025, col county, metric_func_name exact_match, score [1.0, 1.0]
2026-08-10 00:48:27.806 | DEBUG    | eval.evaluation.evaluation:evaluate_single_query:321 - wide2deep_ws_en_025, col fulladdress, metric_func_name llm_judge, score [1, 1]
2026-08-10 00:48:27.806 | DEBUG    | eval.evaluation.evaluation:metric_call:77 - metric_func_name exact_match score 1.0 msg exact match, response: (559)233-8657, target: (559)233-8657
2026-08-10 00:48:27.806 | DEBUG    | eval.evaluation.evaluation:metric_call:77 - metric_func_name exact_match score 1.0 msg exact match, response: (559)446-1515, target: (559)446-1515
2026-08-10 00:48:27.807 | DEBUG    | eval.evaluation.evaluation:evaluate_single_query:321 - wide2deep_ws_en_025, col phonenumber, metric_func_name exact_match, score [1.0, 1.0]
2026-08-10 00:48:30.595 | DEBUG    | eval.evaluation.evaluation:evaluate_single_query:321 - wide2deep_ws_en_025, col saturdayoperationhours, metric_func_name llm_judge, score [0, 0]
2026-08-10 00:48:30.599 | INFO     | eval.evaluation.evaluation:evaluate_single_query:380 - wide2deep_ws_en_025, P/R/F1 by unique_columns: 1.0000/0.3333/0.5000
2026-08-10 00:48:30.599 | INFO     | eval.evaluation.evaluation:evaluate_single_query:383 - wide2deep_ws_en_025, P/R/F1 by row: 0.0000/0.0000/0.0000
2026-08-10 00:48:30.599 | INFO     | eval.evaluation.evaluation:evaluate_single_query:386 - wide2deep_ws_en_025, P/R/F1 by item: 0.8000/0.2667/0.4000
2026-08-10 00:48:30.601 | INFO     | eval.evaluation.evaluation:evaluate_single_query:398 - wide2deep_ws_en_025, final table score: 0.0
{"event": "eval_done", "idx": 2, "instance_id": "wide2deep_ws_en_025", "score": 0.0, "entity_acc": 1.0, "f1_by_row": 0.0, "f1_by_item": 0.4, "column_f1": 0.5, "error": null, "elapsed_seconds": 11.705, "running_n": 2}
2026-08-10 00:48:32.665 | DEBUG    | eval.evaluation.data_loader:extract_dataframe:167 - find markdown_str 
| Season | Couple married at the show | Status |
| --- | --- |  ...
2026-08-10 00:48:37.710 | INFO     | eval.evaluation.metric_utils:primary_key_preprocess:246 - primary_key_preprocess result: ```json
{
  "Cameron Hamilton & Lauren Speed": "Cameron Hamilton & Lauren Speed",
  "Matthew Barnett & Amber Pike": "Matthew Barnett & Amber Pike",
  "Nick Thompson & Danielle Ruhl": "Nick Thompson & Danielle Ruhl",
  "Jarrette Jones & Iyanna McNeely": "Jarrette Jones & Iyanna McNeely",
  "Brennon Lemieux & Alexa Alfia": "Brennon Lemieux & Alexa Alfia",
  "Matt Bolton & Colleen Reed": "Matt Bolton & Colleen Reed",
  "Kwame Appiah & Chelsea Griffin": "Kwame Appiah & Chelsea Griffin",
  "Zack Goytowski & Bliss Poureetezadi": "Bliss Poureetezadi & Zack Goytowski",
  "Brett Brown & Tiffany Pennywell": "Brett Brown & Tiffany Pennywell",
  "Milton Johnson & Lydia Gonzalez": "James \"Milton\" Johnson IV & Lydia Arleen Velez Gonzalez",
  "Johnny McIntyre & Amy Cortés": "Johnny McIntyre & Amy Cortés",
  "Garrett Josemans & Taylor Krause": "Garrett Josemans & Taylor Krause",
  "Tyler Francis & Ashley Adionser": "Tyler Francis & Ashley Adionser"
}
```
2026-08-10 00:48:37.710 | INFO     | eval.evaluation.evaluation:evaluate_single_query:223 - col: couplemarriedattheshow, primary_key_map {'Cameron Hamilton & Lauren Speed': 'Cameron Hamilton & Lauren Speed', 'Matthew Barnett & Amber Pike': 'Matthew Barnett & Amber Pike', 'Nick Thompson & Danielle Ruhl': 'Nick Thompson & Danielle Ruhl', 'Jarrette Jones & Iyanna McNeely': 'Jarrette Jones & Iyanna McNeely', 'Brennon Lemieux & Alexa Alfia': 'Brennon Lemieux & Alexa Alfia', 'Matt Bolton & Colleen Reed': 'Matt Bolton & Colleen Reed', 'Kwame Appiah & Chelsea Griffin': 'Kwame Appiah & Chelsea Griffin', 'Zack Goytowski & Bliss Poureetezadi': 'Bliss Poureetezadi & Zack Goytowski', 'Brett Brown & Tiffany Pennywell': 'Brett Brown & Tiffany Pennywell', 'Milton Johnson & Lydia Gonzalez': 'James "Milton" Johnson IV & Lydia Arleen Velez Gonzalez', 'Johnny McIntyre & Amy Cortés': 'Johnny McIntyre & Amy Cortés', 'Garrett Josemans & Taylor Krause': 'Garrett Josemans & Taylor Krause', 'Tyler Francis & Ashley Adionser': 'Tyler Francis & Ashley Adionser'}
2026-08-10 00:48:37.717 | INFO     | eval.evaluation.evaluation:evaluate_single_query:275 - wide2deep_ws_en_037, df_inner shape: (13, 6), answer_df shape: (13, 3), response_df shape: (15, 4)
2026-08-10 00:48:42.013 | DEBUG    | eval.evaluation.evaluation:evaluate_single_query:321 - wide2deep_ws_en_037, col season, metric_func_name llm_judge, score [1, 1, 1, 1, 1, 1, 1, 1, 1, 1, 1, 1, 1]
2026-08-10 00:48:42.013 | DEBUG    | eval.evaluation.evaluation:metric_call:77 - metric_func_name exact_match score 1.0 msg exact match, response: stillmarried, target: stillmarried
2026-08-10 00:48:42.014 | DEBUG    | eval.evaluation.evaluation:metric_call:77 - metric_func_name exact_match score 1.0 msg exact match, response: stillmarried, target: stillmarried
2026-08-10 00:48:42.014 | DEBUG    | eval.evaluation.evaluation:metric_call:77 - metric_func_name exact_match score 1.0 msg exact match, response: divorced, target: divorced
2026-08-10 00:48:42.014 | DEBUG    | eval.evaluation.evaluation:metric_call:77 - metric_func_name exact_match score 1.0 msg exact match, response: divorced, target: divorced
2026-08-10 00:48:42.014 | DEBUG    | eval.evaluation.evaluation:metric_call:77 - metric_func_name exact_match score 1.0 msg exact match, response: stillmarried, target: stillmarried
2026-08-10 00:48:42.014 | DEBUG    | eval.evaluation.evaluation:metric_call:77 - metric_func_name exact_match score 0.0 msg exact not match, response: stillmarried, target: divorced
2026-08-10 00:48:42.014 | DEBUG    | eval.evaluation.evaluation:metric_call:77 - metric_func_name exact_match score 1.0 msg exact match, response: stillmarried, target: stillmarried
2026-08-10 00:48:42.014 | DEBUG    | eval.evaluation.evaluation:metric_call:77 - metric_func_name exact_match score 1.0 msg exact match, response: stillmarried, target: stillmarried
2026-08-10 00:48:42.014 | DEBUG    | eval.evaluation.evaluation:metric_call:77 - metric_func_name exact_match score 1.0 msg exact match, response: stillmarried, target: stillmarried
2026-08-10 00:48:42.014 | DEBUG    | eval.evaluation.evaluation:metric_call:77 - metric_func_name exact_match score 0.0 msg exact not match, response: stillmarried, target: divorced
2026-08-10 00:48:42.014 | DEBUG    | eval.evaluation.evaluation:metric_call:77 - metric_func_name exact_match score 1.0 msg exact match, response: stillmarried, target: stillmarried
2026-08-10 00:48:42.014 | DEBUG    | eval.evaluation.evaluation:metric_call:77 - metric_func_name exact_match score 1.0 msg exact match, response: stillmarried, target: stillmarried
2026-08-10 00:48:42.014 | DEBUG    | eval.evaluation.evaluation:metric_call:77 - metric_func_name exact_match score 1.0 msg exact match, response: divorced, target: divorced
2026-08-10 00:48:42.015 | DEBUG    | eval.evaluation.evaluation:evaluate_single_query:321 - wide2deep_ws_en_037, col status, metric_func_name exact_match, score [1.0, 1.0, 1.0, 1.0, 1.0, 0.0, 1.0, 1.0, 1.0, 0.0, 1.0, 1.0, 1.0]
2026-08-10 00:48:42.019 | INFO     | eval.evaluation.evaluation:evaluate_single_query:380 - wide2deep_ws_en_037, P/R/F1 by unique_columns: 0.8667/1.0000/0.9286
2026-08-10 00:48:42.019 | INFO     | eval.evaluation.evaluation:evaluate_single_query:383 - wide2deep_ws_en_037, P/R/F1 by row: 0.7333/0.8462/0.7857
2026-08-10 00:48:42.019 | INFO     | eval.evaluation.evaluation:evaluate_single_query:386 - wide2deep_ws_en_037, P/R/F1 by item: 0.8222/0.9487/0.8810
2026-08-10 00:48:42.020 | INFO     | eval.evaluation.evaluation:evaluate_single_query:398 - wide2deep_ws_en_037, final table score: 0.0
{"event": "eval_done", "idx": 3, "instance_id": "wide2deep_ws_en_037", "score": 0.0, "entity_acc": 1.0, "f1_by_row": 0.7857142857142856, "f1_by_item": 0.8809523809523809, "column_f1": 0.9285714285714286, "error": null, "elapsed_seconds": 11.402, "running_n": 3}
2026-08-10 00:48:43.922 | DEBUG    | eval.evaluation.data_loader:extract_dataframe:167 - find markdown_str 
| Park | States | Price (per adult) | Mountain Scenery |
| ---  ...
2026-08-10 00:48:50.142 | INFO     | eval.evaluation.metric_utils:primary_key_preprocess:246 - primary_key_preprocess result: ```json
{
  "Acadia National Park": "Acadia",
  "National Park of American Samoa": "American Samoa",
  "Arches National Park": "Arches",
  "Badlands National Park": "Badlands",
  "Big Bend National Park": "Big Bend",
  "Biscayne National Park": "Biscayne",
  "Black Canyon of the Gunnison National Park": "Black Canyon of the Gunnison",
  "Bryce Canyon National Park": "Bryce Canyon",
  "Canyonlands National Park": "Canyonlands",
  "Capitol Reef National Park": "Capitol Reef",
  "Carlsbad Caverns National Park": "Carlsbad Caverns",
  "Channel Islands National Park": "Channel Islands",
  "Congaree National Park": "Congaree",
  "Crater Lake National Park": "Crater Lake",
  "Cuyahoga Valley National Park": "Cuyahoga Valley",
  "Death Valley National Park": "Death Valley",
  "Denali National Park and Preserve": "Denali",
  "Dry Tortugas National Park": "Dry Tortugas",
  "Everglades National Park": "Everglades",
  "Gates of the Arctic National Park and Preserve": "Gates of the Arctic",
  "Gateway Arch National Park": "Gateway Arch",
  "Glacier National Park": "Glacier",
  "Glacier Bay National Park and Preserve": "Glacier Bay",
  "Grand Canyon National Park": "Grand Canyon",
  "Grand Teton National Park": "Grand Teton",
  "Great Basin National Park": "Great Basin",
  "Great Sand Dunes National Park and Preserve": "Great Sand Dunes",
  "Great Smoky Mountains National Park": "Great Smoky Mountains",
  "Guadalupe Mountains National Park": "Guadalupe Mountains",
  "Haleakalā National Park": "Haleakalā",
  "Hawaiʻi Volcanoes National Park": "Hawaiʻi Volcanoes",
  "Hot Springs National Park": "Hot Springs",
  "Indiana Dunes National Park": "Indiana Dunes",
  "Isle Royale National Park": "Isle Royale",
  "Joshua Tree National Park": "Joshua Tree",
  "Katmai National Park and Preserve": "Katmai",
  "Kenai Fjords National Park": "Kenai Fjords",
  "Kings Canyon National Park": "Kings Canyon",
  "Kobuk Valley National Park": "Kobuk Valley",
  "Lake Clark National Park and Preserve": "Lake Clark",
  "Lassen Volcanic National Park": "Lassen Volcanic",
  "Mammoth Cave National Park": "Mammoth Cave",
  "Mesa Verde National Park": "Mesa Verde",
  "Mount Rainier National Park": "Mount Rainier",
  "New River Gorge National Park and Preserve": "New River Gorge",
  "North Cascades National Park": "North Cascades",
  "Olympic National Park": "Olympic",
  "Petrified Forest National Park": "Petrified Forest",
  "Pinnacles National Park": "Pinnacles",
  "Redwood National and State Parks": "Redwood",
  "Rocky Mountain National Park": "Rocky Mountain",
  "Saguaro National Park": "Saguaro",
  "Sequoia National Park": "Sequoia",
  "Shenandoah National Park": "Shenandoah",
  "Theodore Roosevelt National Park": "Theodore Roosevelt",
  "Virgin Islands National Park": "Virgin Islands",
  "Voyageurs National Park": "Voyageurs",
  "White Sands National Park": "White Sands",
  "Wind Cave National Park": "Wind Cave",
  "Wrangell–St. Elias National Park and Preserve": "Wrangell–St. Elias",
  "Yellowstone National Park": "Yellowstone",
  "Yosemite National Park": "Yosemite",
  "Zion National Park": "Zion"
}
```
2026-08-10 00:48:50.142 | INFO     | eval.evaluation.evaluation:evaluate_single_query:223 - col: park, primary_key_map {'Acadia National Park': 'Acadia', 'National Park of American Samoa': 'American Samoa', 'Arches National Park': 'Arches', 'Badlands National Park': 'Badlands', 'Big Bend National Park': 'Big Bend', 'Biscayne National Park': 'Biscayne', 'Black Canyon of the Gunnison National Park': 'Black Canyon of the Gunnison', 'Bryce Canyon National Park': 'Bryce Canyon', 'Canyonlands National Park': 'Canyonlands', 'Capitol Reef National Park': 'Capitol Reef', 'Carlsbad Caverns National Park': 'Carlsbad Caverns', 'Channel Islands National Park': 'Channel Islands', 'Congaree National Park': 'Congaree', 'Crater Lake National Park': 'Crater Lake', 'Cuyahoga Valley National Park': 'Cuyahoga Valley', 'Death Valley National Park': 'Death Valley', 'Denali National Park and Preserve': 'Denali', 'Dry Tortugas National Park': 'Dry Tortugas', 'Everglades National Park': 'Everglades', 'Gates of the Arctic National Park and Preserve': 'Gates of the Arctic', 'Gateway Arch National Park': 'Gateway Arch', 'Glacier National Park': 'Glacier', 'Glacier Bay National Park and Preserve': 'Glacier Bay', 'Grand Canyon National Park': 'Grand Canyon', 'Grand Teton National Park': 'Grand Teton', 'Great Basin National Park': 'Great Basin', 'Great Sand Dunes National Park and Preserve': 'Great Sand Dunes', 'Great Smoky Mountains National Park': 'Great Smoky Mountains', 'Guadalupe Mountains National Park': 'Guadalupe Mountains', 'Haleakalā National Park': 'Haleakalā', 'Hawaiʻi Volcanoes National Park': 'Hawaiʻi Volcanoes', 'Hot Springs National Park': 'Hot Springs', 'Indiana Dunes National Park': 'Indiana Dunes', 'Isle Royale National Park': 'Isle Royale', 'Joshua Tree National Park': 'Joshua Tree', 'Katmai National Park and Preserve': 'Katmai', 'Kenai Fjords National Park': 'Kenai Fjords', 'Kings Canyon National Park': 'Kings Canyon', 'Kobuk Valley National Park': 'Kobuk Valley', 'Lake Clark National Park and Preserve': 'Lake Clark', 'Lassen Volcanic National Park': 'Lassen Volcanic', 'Mammoth Cave National Park': 'Mammoth Cave', 'Mesa Verde National Park': 'Mesa Verde', 'Mount Rainier National Park': 'Mount Rainier', 'New River Gorge National Park and Preserve': 'New River Gorge', 'North Cascades National Park': 'North Cascades', 'Olympic National Park': 'Olympic', 'Petrified Forest National Park': 'Petrified Forest', 'Pinnacles National Park': 'Pinnacles', 'Redwood National and State Parks': 'Redwood', 'Rocky Mountain National Park': 'Rocky Mountain', 'Saguaro National Park': 'Saguaro', 'Sequoia National Park': 'Sequoia', 'Shenandoah National Park': 'Shenandoah', 'Theodore Roosevelt National Park': 'Theodore Roosevelt', 'Virgin Islands National Park': 'Virgin Islands', 'Voyageurs National Park': 'Voyageurs', 'White Sands National Park': 'White Sands', 'Wind Cave National Park': 'Wind Cave', 'Wrangell–St. Elias National Park and Preserve': 'Wrangell–St. Elias', 'Yellowstone National Park': 'Yellowstone', 'Yosemite National Park': 'Yosemite', 'Zion National Park': 'Zion'}
2026-08-10 00:48:50.148 | INFO     | eval.evaluation.evaluation:evaluate_single_query:275 - wide2deep_ws_en_043, df_inner shape: (63, 8), answer_df shape: (63, 4), response_df shape: (63, 5)
2026-08-10 00:48:54.508 | DEBUG    | eval.evaluation.evaluation:evaluate_single_query:321 - wide2deep_ws_en_043, col states, metric_func_name llm_judge, score [1, 1, 1, 1, 1, 1, 1, 1, 1, 1, 1, 1, 1, 1, 1, 1, 1, 1, 1, 1, 1, 1, 1, 1, 1, 1, 1, 1, 1, 1, 1, 1, 1, 1, 1, 1, 1, 1, 1, 1, 1, 1, 1, 1, 1, 1, 1, 1, 1, 1, 1, 1, 1, 1, 1, 1, 1, 1, 1, 1, 1, 1, 1]
2026-08-10 00:48:54.508 | DEBUG    | eval.evaluation.evaluation:metric_call:77 - metric_func_name exact_match score 0.0 msg exact not match, response: $20, target: 20
2026-08-10 00:48:54.508 | DEBUG    | eval.evaluation.evaluation:metric_call:77 - metric_func_name exact_match score 1.0 msg exact match, response: free, target: free
2026-08-10 00:48:54.508 | DEBUG    | eval.evaluation.evaluation:metric_call:77 - metric_func_name exact_match score 0.0 msg exact not match, response: $15, target: 15
2026-08-10 00:48:54.509 | DEBUG    | eval.evaluation.evaluation:metric_call:77 - metric_func_name exact_match score 0.0 msg exact not match, response: $15, target: 15
2026-08-10 00:48:54.509 | DEBUG    | eval.evaluation.evaluation:metric_call:77 - metric_func_name exact_match score 0.0 msg exact not match, response: $15, target: 15
2026-08-10 00:48:54.509 | DEBUG    | eval.evaluation.evaluation:metric_call:77 - metric_func_name exact_match score 1.0 msg exact match, response: free, target: free
2026-08-10 00:48:54.509 | DEBUG    | eval.evaluation.evaluation:metric_call:77 - metric_func_name exact_match score 0.0 msg exact not match, response: $15, target: 15
2026-08-10 00:48:54.509 | DEBUG    | eval.evaluation.evaluation:metric_call:77 - metric_func_name exact_match score 0.0 msg exact not match, response: $20, target: 20
2026-08-10 00:48:54.509 | DEBUG    | eval.evaluation.evaluation:metric_call:77 - metric_func_name exact_match score 0.0 msg exact not match, response: $15, target: 15
2026-08-10 00:48:54.509 | DEBUG    | eval.evaluation.evaluation:metric_call:77 - metric_func_name exact_match score 0.0 msg exact not match, response: $10, target: 10
2026-08-10 00:48:54.509 | DEBUG    | eval.evaluation.evaluation:metric_call:77 - metric_func_name exact_match score 0.0 msg exact not match, response: $15, target: 15
2026-08-10 00:48:54.509 | DEBUG    | eval.evaluation.evaluation:metric_call:77 - metric_func_name exact_match score 1.0 msg exact match, response: free, target: free
2026-08-10 00:48:54.509 | DEBUG    | eval.evaluation.evaluation:metric_call:77 - metric_func_name exact_match score 1.0 msg exact match, response: free, target: free
2026-08-10 00:48:54.509 | DEBUG    | eval.evaluation.evaluation:metric_call:77 - metric_func_name exact_match score 0.0 msg exact not match, response: $15, target: 15
2026-08-10 00:48:54.509 | DEBUG    | eval.evaluation.evaluation:metric_call:77 - metric_func_name exact_match score 1.0 msg exact match, response: free, target: free
2026-08-10 00:48:54.509 | DEBUG    | eval.evaluation.evaluation:metric_call:77 - metric_func_name exact_match score 0.0 msg exact not match, response: $15, target: 15
2026-08-10 00:48:54.509 | DEBUG    | eval.evaluation.evaluation:metric_call:77 - metric_func_name exact_match score 0.0 msg exact not match, response: $15, target: 15
2026-08-10 00:48:54.509 | DEBUG    | eval.evaluation.evaluation:metric_call:77 - metric_func_name exact_match score 0.0 msg exact not match, response: $15, target: 15
2026-08-10 00:48:54.509 | DEBUG    | eval.evaluation.evaluation:metric_call:77 - metric_func_name exact_match score 0.0 msg exact not match, response: $20, target: 20
2026-08-10 00:48:54.509 | DEBUG    | eval.evaluation.evaluation:metric_call:77 - metric_func_name exact_match score 1.0 msg exact match, response: free, target: free
2026-08-10 00:48:54.509 | DEBUG    | eval.evaluation.evaluation:metric_call:77 - metric_func_name exact_match score 1.0 msg exact match, response: free, target: free
2026-08-10 00:48:54.509 | DEBUG    | eval.evaluation.evaluation:metric_call:77 - metric_func_name exact_match score 0.0 msg exact not match, response: $20, target: 20
2026-08-10 00:48:54.509 | DEBUG    | eval.evaluation.evaluation:metric_call:77 - metric_func_name exact_match score 1.0 msg exact match, response: free, target: free
2026-08-10 00:48:54.509 | DEBUG    | eval.evaluation.evaluation:metric_call:77 - metric_func_name exact_match score 0.0 msg exact not match, response: $20, target: 20
2026-08-10 00:48:54.509 | DEBUG    | eval.evaluation.evaluation:metric_call:77 - metric_func_name exact_match score 0.0 msg exact not match, response: $20, target: 20
2026-08-10 00:48:54.509 | DEBUG    | eval.evaluation.evaluation:metric_call:77 - metric_func_name exact_match score 1.0 msg exact match, response: free, target: free
2026-08-10 00:48:54.509 | DEBUG    | eval.evaluation.evaluation:metric_call:77 - metric_func_name exact_match score 0.0 msg exact not match, response: $15, target: 15
2026-08-10 00:48:54.509 | DEBUG    | eval.evaluation.evaluation:metric_call:77 - metric_func_name exact_match score 1.0 msg exact match, response: free, target: free
2026-08-10 00:48:54.509 | DEBUG    | eval.evaluation.evaluation:metric_call:77 - metric_func_name exact_match score 0.0 msg exact not match, response: $10, target: 10
2026-08-10 00:48:54.509 | DEBUG    | eval.evaluation.evaluation:metric_call:77 - metric_func_name exact_match score 0.0 msg exact not match, response: $15, target: 15
2026-08-10 00:48:54.509 | DEBUG    | eval.evaluation.evaluation:metric_call:77 - metric_func_name exact_match score 0.0 msg exact not match, response: $15, target: 15
2026-08-10 00:48:54.510 | DEBUG    | eval.evaluation.evaluation:metric_call:77 - metric_func_name exact_match score 1.0 msg exact match, response: free, target: free
2026-08-10 00:48:54.510 | DEBUG    | eval.evaluation.evaluation:metric_call:77 - metric_func_name exact_match score 0.0 msg exact not match, response: $15, target: 15
2026-08-10 00:48:54.510 | DEBUG    | eval.evaluation.evaluation:metric_call:77 - metric_func_name exact_match score 0.0 msg exact not match, response: $7, target: 7
2026-08-10 00:48:54.510 | DEBUG    | eval.evaluation.evaluation:metric_call:77 - metric_func_name exact_match score 0.0 msg exact not match, response: $15, target: 15
2026-08-10 00:48:54.510 | DEBUG    | eval.evaluation.evaluation:metric_call:77 - metric_func_name exact_match score 1.0 msg exact match, response: free, target: free
2026-08-10 00:48:54.510 | DEBUG    | eval.evaluation.evaluation:metric_call:77 - metric_func_name exact_match score 1.0 msg exact match, response: free, target: free
2026-08-10 00:48:54.510 | DEBUG    | eval.evaluation.evaluation:metric_call:77 - metric_func_name exact_match score 0.0 msg exact not match, response: $20, target: 20
2026-08-10 00:48:54.510 | DEBUG    | eval.evaluation.evaluation:metric_call:77 - metric_func_name exact_match score 1.0 msg exact match, response: free, target: free
2026-08-10 00:48:54.510 | DEBUG    | eval.evaluation.evaluation:metric_call:77 - metric_func_name exact_match score 1.0 msg exact match, response: free, target: free
2026-08-10 00:48:54.510 | DEBUG    | eval.evaluation.evaluation:metric_call:77 - metric_func_name exact_match score 0.0 msg exact not match, response: $15, target: 15
2026-08-10 00:48:54.510 | DEBUG    | eval.evaluation.evaluation:metric_call:77 - metric_func_name exact_match score 1.0 msg exact match, response: free, target: free
2026-08-10 00:48:54.510 | DEBUG    | eval.evaluation.evaluation:metric_call:77 - metric_func_name exact_match score 0.0 msg exact not match, response: $15, target: 15
2026-08-10 00:48:54.510 | DEBUG    | eval.evaluation.evaluation:metric_call:77 - metric_func_name exact_match score 0.0 msg exact not match, response: $15, target: 15
2026-08-10 00:48:54.510 | DEBUG    | eval.evaluation.evaluation:metric_call:77 - metric_func_name exact_match score 1.0 msg exact match, response: free, target: free
2026-08-10 00:48:54.510 | DEBUG    | eval.evaluation.evaluation:metric_call:77 - metric_func_name exact_match score 1.0 msg exact match, response: free, target: free
2026-08-10 00:48:54.510 | DEBUG    | eval.evaluation.evaluation:metric_call:77 - metric_func_name exact_match score 0.0 msg exact not match, response: $15, target: 15
2026-08-10 00:48:54.510 | DEBUG    | eval.evaluation.evaluation:metric_call:77 - metric_func_name exact_match score 0.0 msg exact not match, response: $15, target: 15
2026-08-10 00:48:54.510 | DEBUG    | eval.evaluation.evaluation:metric_call:77 - metric_func_name exact_match score 0.0 msg exact not match, response: $15, target: 15
2026-08-10 00:48:54.510 | DEBUG    | eval.evaluation.evaluation:metric_call:77 - metric_func_name exact_match score 1.0 msg exact match, response: free, target: free
2026-08-10 00:48:54.510 | DEBUG    | eval.evaluation.evaluation:metric_call:77 - metric_func_name exact_match score 0.0 msg exact not match, response: $15, target: 15
2026-08-10 00:48:54.510 | DEBUG    | eval.evaluation.evaluation:metric_call:77 - metric_func_name exact_match score 0.0 msg exact not match, response: $15, target: 15
2026-08-10 00:48:54.510 | DEBUG    | eval.evaluation.evaluation:metric_call:77 - metric_func_name exact_match score 0.0 msg exact not match, response: $20, target: 20
2026-08-10 00:48:54.510 | DEBUG    | eval.evaluation.evaluation:metric_call:77 - metric_func_name exact_match score 0.0 msg exact not match, response: $15, target: 15
2026-08-10 00:48:54.510 | DEBUG    | eval.evaluation.evaluation:metric_call:77 - metric_func_name exact_match score 0.0 msg exact not match, response: $15, target: 15
2026-08-10 00:48:54.510 | DEBUG    | eval.evaluation.evaluation:metric_call:77 - metric_func_name exact_match score 1.0 msg exact match, response: free, target: free
2026-08-10 00:48:54.510 | DEBUG    | eval.evaluation.evaluation:metric_call:77 - metric_func_name exact_match score 1.0 msg exact match, response: free, target: free
2026-08-10 00:48:54.510 | DEBUG    | eval.evaluation.evaluation:metric_call:77 - metric_func_name exact_match score 0.0 msg exact not match, response: $15, target: 15
2026-08-10 00:48:54.510 | DEBUG    | eval.evaluation.evaluation:metric_call:77 - metric_func_name exact_match score 1.0 msg exact match, response: free, target: free
2026-08-10 00:48:54.510 | DEBUG    | eval.evaluation.evaluation:metric_call:77 - metric_func_name exact_match score 1.0 msg exact match, response: free, target: free
2026-08-10 00:48:54.511 | DEBUG    | eval.evaluation.evaluation:metric_call:77 - metric_func_name exact_match score 0.0 msg exact not match, response: $20, target: 20
2026-08-10 00:48:54.511 | DEBUG    | eval.evaluation.evaluation:metric_call:77 - metric_func_name exact_match score 0.0 msg exact not match, response: $20, target: 20
2026-08-10 00:48:54.511 | DEBUG    | eval.evaluation.evaluation:metric_call:77 - metric_func_name exact_match score 0.0 msg exact not match, response: $20, target: 20
2026-08-10 00:48:54.511 | DEBUG    | eval.evaluation.evaluation:evaluate_single_query:321 - wide2deep_ws_en_043, col price(peradult), metric_func_name exact_match, score [0.0, 1.0, 0.0, 0.0, 0.0, 1.0, 0.0, 0.0, 0.0, 0.0, 0.0, 1.0, 1.0, 0.0, 1.0, 0.0, 0.0, 0.0, 0.0, 1.0, 1.0, 0.0, 1.0, 0.0, 0.0, 1.0, 0.0, 1.0, 0.0, 0.0, 0.0, 1.0, 0.0, 0.0, 0.0, 1.0, 1.0, 0.0, 1.0, 1.0, 0.0, 1.0, 0.0, 0.0, 1.0, 1.0, 0.0, 0.0, 0.0, 1.0, 0.0, 0.0, 0.0, 0.0, 0.0, 1.0, 1.0, 0.0, 1.0, 1.0, 0.0, 0.0, 0.0]
2026-08-10 00:48:54.512 | DEBUG    | eval.evaluation.evaluation:metric_call:77 - metric_func_name exact_match score 1.0 msg exact match, response: yes, target: yes
2026-08-10 00:48:54.512 | DEBUG    | eval.evaluation.evaluation:metric_call:77 - metric_func_name exact_match score 1.0 msg exact match, response: yes, target: yes
2026-08-10 00:48:54.512 | DEBUG    | eval.evaluation.evaluation:metric_call:77 - metric_func_name exact_match score 1.0 msg exact match, response: yes, target: yes
2026-08-10 00:48:54.512 | DEBUG    | eval.evaluation.evaluation:metric_call:77 - metric_func_name exact_match score 1.0 msg exact match, response: yes, target: yes
2026-08-10 00:48:54.512 | DEBUG    | eval.evaluation.evaluation:metric_call:77 - metric_func_name exact_match score 1.0 msg exact match, response: yes, target: yes
2026-08-10 00:48:54.512 | DEBUG    | eval.evaluation.evaluation:metric_call:77 - metric_func_name exact_match score 1.0 msg exact match, response: no, target: no
2026-08-10 00:48:54.512 | DEBUG    | eval.evaluation.evaluation:metric_call:77 - metric_func_name exact_match score 1.0 msg exact match, response: yes, target: yes
2026-08-10 00:48:54.512 | DEBUG    | eval.evaluation.evaluation:metric_call:77 - metric_func_name exact_match score 1.0 msg exact match, response: yes, target: yes
2026-08-10 00:48:54.512 | DEBUG    | eval.evaluation.evaluation:metric_call:77 - metric_func_name exact_match score 1.0 msg exact match, response: yes, target: yes
2026-08-10 00:48:54.512 | DEBUG    | eval.evaluation.evaluation:metric_call:77 - metric_func_name exact_match score 1.0 msg exact match, response: yes, target: yes
2026-08-10 00:48:54.512 | DEBUG    | eval.evaluation.evaluation:metric_call:77 - metric_func_name exact_match score 1.0 msg exact match, response: yes, target: yes
2026-08-10 00:48:54.512 | DEBUG    | eval.evaluation.evaluation:metric_call:77 - metric_func_name exact_match score 1.0 msg exact match, response: yes, target: yes
2026-08-10 00:48:54.512 | DEBUG    | eval.evaluation.evaluation:metric_call:77 - metric_func_name exact_match score 1.0 msg exact match, response: no, target: no
2026-08-10 00:48:54.512 | DEBUG    | eval.evaluation.evaluation:metric_call:77 - metric_func_name exact_match score 1.0 msg exact match, response: yes, target: yes
2026-08-10 00:48:54.512 | DEBUG    | eval.evaluation.evaluation:metric_call:77 - metric_func_name exact_match score 1.0 msg exact match, response: yes, target: yes
2026-08-10 00:48:54.512 | DEBUG    | eval.evaluation.evaluation:metric_call:77 - metric_func_name exact_match score 1.0 msg exact match, response: yes, target: yes
2026-08-10 00:48:54.512 | DEBUG    | eval.evaluation.evaluation:metric_call:77 - metric_func_name exact_match score 1.0 msg exact match, response: yes, target: yes
2026-08-10 00:48:54.512 | DEBUG    | eval.evaluation.evaluation:metric_call:77 - metric_func_name exact_match score 1.0 msg exact match, response: no, target: no
2026-08-10 00:48:54.512 | DEBUG    | eval.evaluation.evaluation:metric_call:77 - metric_func_name exact_match score 1.0 msg exact match, response: no, target: no
2026-08-10 00:48:54.512 | DEBUG    | eval.evaluation.evaluation:metric_call:77 - metric_func_name exact_match score 1.0 msg exact match, response: yes, target: yes
2026-08-10 00:48:54.512 | DEBUG    | eval.evaluation.evaluation:metric_call:77 - metric_func_name exact_match score 1.0 msg exact match, response: no, target: no
2026-08-10 00:48:54.512 | DEBUG    | eval.evaluation.evaluation:metric_call:77 - metric_func_name exact_match score 1.0 msg exact match, response: yes, target: yes
2026-08-10 00:48:54.512 | DEBUG    | eval.evaluation.evaluation:metric_call:77 - metric_func_name exact_match score 1.0 msg exact match, response: yes, target: yes
2026-08-10 00:48:54.512 | DEBUG    | eval.evaluation.evaluation:metric_call:77 - metric_func_name exact_match score 1.0 msg exact match, response: yes, target: yes
2026-08-10 00:48:54.512 | DEBUG    | eval.evaluation.evaluation:metric_call:77 - metric_func_name exact_match score 1.0 msg exact match, response: yes, target: yes
2026-08-10 00:48:54.513 | DEBUG    | eval.evaluation.evaluation:metric_call:77 - metric_func_name exact_match score 1.0 msg exact match, response: yes, target: yes
2026-08-10 00:48:54.513 | DEBUG    | eval.evaluation.evaluation:metric_call:77 - metric_func_name exact_match score 1.0 msg exact match, response: yes, target: yes
2026-08-10 00:48:54.513 | DEBUG    | eval.evaluation.evaluation:metric_call:77 - metric_func_name exact_match score 1.0 msg exact match, response: yes, target: yes
2026-08-10 00:48:54.513 | DEBUG    | eval.evaluation.evaluation:metric_call:77 - metric_func_name exact_match score 1.0 msg exact match, response: yes, target: yes
2026-08-10 00:48:54.513 | DEBUG    | eval.evaluation.evaluation:metric_call:77 - metric_func_name exact_match score 1.0 msg exact match, response: yes, target: yes
2026-08-10 00:48:54.513 | DEBUG    | eval.evaluation.evaluation:metric_call:77 - metric_func_name exact_match score 1.0 msg exact match, response: yes, target: yes
2026-08-10 00:48:54.513 | DEBUG    | eval.evaluation.evaluation:metric_call:77 - metric_func_name exact_match score 1.0 msg exact match, response: yes, target: yes
2026-08-10 00:48:54.513 | DEBUG    | eval.evaluation.evaluation:metric_call:77 - metric_func_name exact_match score 0.0 msg exact not match, response: no, target: yes
2026-08-10 00:48:54.513 | DEBUG    | eval.evaluation.evaluation:metric_call:77 - metric_func_name exact_match score 1.0 msg exact match, response: yes, target: yes
2026-08-10 00:48:54.513 | DEBUG    | eval.evaluation.evaluation:metric_call:77 - metric_func_name exact_match score 1.0 msg exact match, response: yes, target: yes
2026-08-10 00:48:54.513 | DEBUG    | eval.evaluation.evaluation:metric_call:77 - metric_func_name exact_match score 1.0 msg exact match, response: yes, target: yes
2026-08-10 00:48:54.513 | DEBUG    | eval.evaluation.evaluation:metric_call:77 - metric_func_name exact_match score 1.0 msg exact match, response: yes, target: yes
2026-08-10 00:48:54.513 | DEBUG    | eval.evaluation.evaluation:metric_call:77 - metric_func_name exact_match score 1.0 msg exact match, response: yes, target: yes
2026-08-10 00:48:54.513 | DEBUG    | eval.evaluation.evaluation:metric_call:77 - metric_func_name exact_match score 1.0 msg exact match, response: yes, target: yes
2026-08-10 00:48:54.513 | DEBUG    | eval.evaluation.evaluation:metric_call:77 - metric_func_name exact_match score 1.0 msg exact match, response: yes, target: yes
2026-08-10 00:48:54.513 | DEBUG    | eval.evaluation.evaluation:metric_call:77 - metric_func_name exact_match score 1.0 msg exact match, response: yes, target: yes
2026-08-10 00:48:54.513 | DEBUG    | eval.evaluation.evaluation:metric_call:77 - metric_func_name exact_match score 1.0 msg exact match, response: yes, target: yes
2026-08-10 00:48:54.513 | DEBUG    | eval.evaluation.evaluation:metric_call:77 - metric_func_name exact_match score 1.0 msg exact match, response: yes, target: yes
2026-08-10 00:48:54.513 | DEBUG    | eval.evaluation.evaluation:metric_call:77 - metric_func_name exact_match score 1.0 msg exact match, response: yes, target: yes
2026-08-10 00:48:54.513 | DEBUG    | eval.evaluation.evaluation:metric_call:77 - metric_func_name exact_match score 1.0 msg exact match, response: yes, target: yes
2026-08-10 00:48:54.513 | DEBUG    | eval.evaluation.evaluation:metric_call:77 - metric_func_name exact_match score 1.0 msg exact match, response: yes, target: yes
2026-08-10 00:48:54.513 | DEBUG    | eval.evaluation.evaluation:metric_call:77 - metric_func_name exact_match score 1.0 msg exact match, response: yes, target: yes
2026-08-10 00:48:54.513 | DEBUG    | eval.evaluation.evaluation:metric_call:77 - metric_func_name exact_match score 1.0 msg exact match, response: yes, target: yes
2026-08-10 00:48:54.513 | DEBUG    | eval.evaluation.evaluation:metric_call:77 - metric_func_name exact_match score 1.0 msg exact match, response: yes, target: yes
2026-08-10 00:48:54.513 | DEBUG    | eval.evaluation.evaluation:metric_call:77 - metric_func_name exact_match score 1.0 msg exact match, response: yes, target: yes
2026-08-10 00:48:54.513 | DEBUG    | eval.evaluation.evaluation:metric_call:77 - metric_func_name exact_match score 1.0 msg exact match, response: yes, target: yes
2026-08-10 00:48:54.513 | DEBUG    | eval.evaluation.evaluation:metric_call:77 - metric_func_name exact_match score 1.0 msg exact match, response: yes, target: yes
2026-08-10 00:48:54.513 | DEBUG    | eval.evaluation.evaluation:metric_call:77 - metric_func_name exact_match score 1.0 msg exact match, response: yes, target: yes
2026-08-10 00:48:54.513 | DEBUG    | eval.evaluation.evaluation:metric_call:77 - metric_func_name exact_match score 1.0 msg exact match, response: yes, target: yes
2026-08-10 00:48:54.513 | DEBUG    | eval.evaluation.evaluation:metric_call:77 - metric_func_name exact_match score 1.0 msg exact match, response: yes, target: yes
2026-08-10 00:48:54.514 | DEBUG    | eval.evaluation.evaluation:metric_call:77 - metric_func_name exact_match score 1.0 msg exact match, response: yes, target: yes
2026-08-10 00:48:54.514 | DEBUG    | eval.evaluation.evaluation:metric_call:77 - metric_func_name exact_match score 0.0 msg exact not match, response: no, target: yes
2026-08-10 00:48:54.514 | DEBUG    | eval.evaluation.evaluation:metric_call:77 - metric_func_name exact_match score 1.0 msg exact match, response: yes, target: yes
2026-08-10 00:48:54.514 | DEBUG    | eval.evaluation.evaluation:metric_call:77 - metric_func_name exact_match score 1.0 msg exact match, response: yes, target: yes
2026-08-10 00:48:54.514 | DEBUG    | eval.evaluation.evaluation:metric_call:77 - metric_func_name exact_match score 1.0 msg exact match, response: yes, target: yes
2026-08-10 00:48:54.514 | DEBUG    | eval.evaluation.evaluation:metric_call:77 - metric_func_name exact_match score 1.0 msg exact match, response: yes, target: yes
2026-08-10 00:48:54.514 | DEBUG    | eval.evaluation.evaluation:metric_call:77 - metric_func_name exact_match score 1.0 msg exact match, response: yes, target: yes
2026-08-10 00:48:54.514 | DEBUG    | eval.evaluation.evaluation:metric_call:77 - metric_func_name exact_match score 1.0 msg exact match, response: yes, target: yes
2026-08-10 00:48:54.514 | DEBUG    | eval.evaluation.evaluation:evaluate_single_query:321 - wide2deep_ws_en_043, col mountainscenery, metric_func_name exact_match, score [1.0, 1.0, 1.0, 1.0, 1.0, 1.0, 1.0, 1.0, 1.0, 1.0, 1.0, 1.0, 1.0, 1.0, 1.0, 1.0, 1.0, 1.0, 1.0, 1.0, 1.0, 1.0, 1.0, 1.0, 1.0, 1.0, 1.0, 1.0, 1.0, 1.0, 1.0, 1.0, 0.0, 1.0, 1.0, 1.0, 1.0, 1.0, 1.0, 1.0, 1.0, 1.0, 1.0, 1.0, 1.0, 1.0, 1.0, 1.0, 1.0, 1.0, 1.0, 1.0, 1.0, 1.0, 1.0, 1.0, 0.0, 1.0, 1.0, 1.0, 1.0, 1.0, 1.0]
2026-08-10 00:48:54.521 | INFO     | eval.evaluation.evaluation:evaluate_single_query:380 - wide2deep_ws_en_043, P/R/F1 by unique_columns: 1.0000/1.0000/1.0000
2026-08-10 00:48:54.521 | INFO     | eval.evaluation.evaluation:evaluate_single_query:383 - wide2deep_ws_en_043, P/R/F1 by row: 0.3492/0.3492/0.3492
2026-08-10 00:48:54.521 | INFO     | eval.evaluation.evaluation:evaluate_single_query:386 - wide2deep_ws_en_043, P/R/F1 by item: 0.8333/0.8333/0.8333
2026-08-10 00:48:54.525 | INFO     | eval.evaluation.evaluation:evaluate_single_query:398 - wide2deep_ws_en_043, final table score: 0.0
{"event": "eval_done", "idx": 4, "instance_id": "wide2deep_ws_en_043", "score": 0.0, "entity_acc": 1.0, "f1_by_row": 0.3492063492063492, "f1_by_item": 0.8333333333333334, "column_f1": 1.0, "error": null, "elapsed_seconds": 12.488, "running_n": 4}
{"event": "eval_done", "idx": 5, "instance_id": "wide2deep_ws_en_047", "score": 0.0, "entity_acc": 0.0, "f1_by_row": 0.0, "f1_by_item": 0.0, "column_f1": 0.0, "error": null, "elapsed_seconds": 1.66, "running_n": 5}
2026-08-10 00:48:58.452 | DEBUG    | eval.evaluation.data_loader:extract_dataframe:167 - find markdown_str 
| Model Name | Price (USD, launch MSRPs) | Dimensions L/W/H (mm ...
2026-08-10 00:49:01.855 | INFO     | eval.evaluation.metric_utils:primary_key_preprocess:246 - primary_key_preprocess result: ```json
{
  "modelname": "modelname",
  "price(usd,launchmsrps)": "price(launchmsrpsinusd)",
  "dimensionsl/w/h(mm)": "dimensionsl/w/h(mm)",
  "wheelbase(mm)": "wheelbase(mm)",
  "maxtorque(n·m)": "maxtorque(n·m)",
  "frontsuspension": "frontsuspension",
  "rearsuspension": "rearsuspension",
  "advanced-driver-assistsystems(adas²)": "advanced-driver-assistsystems(adas²)",
  "intelligentparkingassist": "intelligentparkingassist"
}
```
2026-08-10 00:49:01.856 | INFO     | eval.evaluation.evaluation:evaluate_single_query:172 - column map: {'modelname': 'modelname', 'price(usd,launchmsrps)': 'price(launchmsrpsinusd)', 'dimensionsl/w/h(mm)': 'dimensionsl/w/h(mm)', 'wheelbase(mm)': 'wheelbase(mm)', 'maxtorque(n·m)': 'maxtorque(n·m)', 'frontsuspension': 'frontsuspension', 'rearsuspension': 'rearsuspension', 'advanced-driver-assistsystems(adas²)': 'advanced-driver-assistsystems(adas²)', 'intelligentparkingassist': 'intelligentparkingassist'}
2026-08-10 00:49:01.856 | INFO     | eval.evaluation.evaluation:evaluate_single_query:173 - befor mapping: Index(['modelname', 'price(usd,launchmsrps)', 'dimensionsl/w/h(mm)',
       'wheelbase(mm)', 'maxtorque(n·m)', 'frontsuspension', 'rearsuspension',
       'advanced-driver-assistsystems(adas²)', 'intelligentparkingassist'],
      dtype='object')
2026-08-10 00:49:01.856 | INFO     | eval.evaluation.evaluation:evaluate_single_query:175 - after mapping: Index(['modelname', 'price(launchmsrpsinusd)', 'dimensionsl/w/h(mm)',
       'wheelbase(mm)', 'maxtorque(n·m)', 'frontsuspension', 'rearsuspension',
       'advanced-driver-assistsystems(adas²)', 'intelligentparkingassist'],
      dtype='object')
2026-08-10 00:49:06.157 | INFO     | eval.evaluation.metric_utils:primary_key_preprocess:246 - primary_key_preprocess result: ```json
{
  "Ford Focus Electric (2012)": "Ford Focus Electric（2012）",
  "Ford C-Max Hybrid (2013)": "Ford C‑MAX Hybrid SE(2013)",
  "Ford EcoSport (2018, U.S. launch)": "EcoSport S FWD(2018)",
  "Ford Ranger (2019, resumed)": "Ranger XL（2019）",
  "Ford Mustang Mach-E (2021)": "Mach-E 2021 Standard‑Range RWD（2021）",
  "Ford Bronco Sport (2021)": "Ford Bronco Sport Base(2021)",
  "Ford Bronco 2-Door (2021, resumed)": "Ford Bronco Base (2021)",
  "Ford Maverick (2022)": "Maverick XL（2022）",
  "Ford F-150 Lightning (2022, resumed nameplate)": "Ford F‑150 Lightning Pro (2022)",
  "Ford E-Transit Cargo Van (2022)": "Ford E-Transit Cargo Van Low Roof SWB（2022）"
}
```
2026-08-10 00:49:06.157 | INFO     | eval.evaluation.evaluation:evaluate_single_query:223 - col: modelname, primary_key_map {'Ford Focus Electric (2012)': 'Ford Focus Electric（2012）', 'Ford C-Max Hybrid (2013)': 'Ford C‑MAX Hybrid SE(2013)', 'Ford EcoSport (2018, U.S. launch)': 'EcoSport S FWD(2018)', 'Ford Ranger (2019, resumed)': 'Ranger XL（2019）', 'Ford Mustang Mach-E (2021)': 'Mach-E 2021 Standard‑Range RWD（2021）', 'Ford Bronco Sport (2021)': 'Ford Bronco Sport Base(2021)', 'Ford Bronco 2-Door (2021, resumed)': 'Ford Bronco Base (2021)', 'Ford Maverick (2022)': 'Maverick XL（2022）', 'Ford F-150 Lightning (2022, resumed nameplate)': 'Ford F‑150 Lightning Pro (2022)', 'Ford E-Transit Cargo Van (2022)': 'Ford E-Transit Cargo Van Low Roof SWB（2022）'}
2026-08-10 00:49:06.164 | INFO     | eval.evaluation.evaluation:evaluate_single_query:275 - wide2deep_ws_en_049, df_inner shape: (10, 18), answer_df shape: (10, 9), response_df shape: (14, 10)
2026-08-10 00:49:08.984 | DEBUG    | eval.evaluation.evaluation:evaluate_single_query:321 - wide2deep_ws_en_049, col price(launchmsrpsinusd), metric_func_name llm_judge, score [1, 1, 0, 1, 0, 1, 1, 1, 0, 1]
2026-08-10 00:49:11.770 | DEBUG    | eval.evaluation.evaluation:evaluate_single_query:321 - wide2deep_ws_en_049, col dimensionsl/w/h(mm), metric_func_name llm_judge, score [0, 0, 0, 0, 0, 0, 0, 0, 0, 0]
2026-08-10 00:49:15.453 | DEBUG    | eval.evaluation.evaluation:evaluate_single_query:321 - wide2deep_ws_en_049, col wheelbase(mm), metric_func_name llm_judge, score [1, 1, 0, 1, 0, 0, 1, 0, 0, 1]
2026-08-10 00:49:15.453 | DEBUG    | eval.evaluation.evaluation:metric_call:77 - metric_func_name number_near score 1.0 msg number near in range 5.0%, response: 170.0, target: 170.0
2026-08-10 00:49:15.453 | DEBUG    | eval.evaluation.evaluation:metric_call:77 - metric_func_name number_near score 1.0 msg number near in range 5.0%, response: 430.0, target: 430.0
2026-08-10 00:49:15.453 | DEBUG    | eval.evaluation.evaluation:metric_call:77 - metric_func_name number_near score 1.0 msg number near in range 5.0%, response: 441.0, target: 441.0
2026-08-10 00:49:15.453 | DEBUG    | eval.evaluation.evaluation:metric_call:77 - metric_func_name number_near score 1.0 msg number near in range 5.0%, response: 258.0, target: 257.0
2026-08-10 00:49:15.453 | DEBUG    | eval.evaluation.evaluation:metric_call:77 - metric_func_name number_near score 0.0 msg number not near, response: 240.0, target: 175.0
2026-08-10 00:49:15.454 | DEBUG    | eval.evaluation.evaluation:metric_call:77 - metric_func_name number_near score 1.0 msg number near in range 5.0%, response: 250.0, target: 245.0
2026-08-10 00:49:15.454 | DEBUG    | eval.evaluation.evaluation:metric_call:77 - metric_func_name number_near score 0.0 msg number not near, response: 235.0, target: 210.0
2026-08-10 00:49:15.454 | DEBUG    | eval.evaluation.evaluation:metric_call:77 - metric_func_name number_near score 1.0 msg number near in range 5.0%, response: 420.0, target: 420.0
2026-08-10 00:49:15.454 | DEBUG    | eval.evaluation.evaluation:metric_call:77 - metric_func_name number_near score 1.0 msg number near in range 5.0%, response: 430.0, target: 430.0
2026-08-10 00:49:15.454 | DEBUG    | eval.evaluation.evaluation:metric_call:77 - metric_func_name number_near score 1.0 msg number near in range 5.0%, response: 1050.0, target: 1051.0
2026-08-10 00:49:15.454 | DEBUG    | eval.evaluation.evaluation:evaluate_single_query:321 - wide2deep_ws_en_049, col maxtorque(n·m), metric_func_name number_near, score [1.0, 1.0, 1.0, 1.0, 0.0, 1.0, 0.0, 1.0, 1.0, 1.0]
2026-08-10 00:49:24.185 | DEBUG    | eval.evaluation.evaluation:evaluate_single_query:321 - wide2deep_ws_en_049, col frontsuspension, metric_func_name llm_judge, score [1, 1, 1, 1, 1, 1, 1, 1, 1, 0]
2026-08-10 00:49:30.083 | DEBUG    | eval.evaluation.evaluation:evaluate_single_query:321 - wide2deep_ws_en_049, col rearsuspension, metric_func_name llm_judge, score [1, 1, 1, 0, 1, 1, 1, 1, 1, 1]
2026-08-10 00:49:33.437 | DEBUG    | eval.evaluation.evaluation:evaluate_single_query:321 - wide2deep_ws_en_049, col advanced-driver-assistsystems(adas²), metric_func_name llm_judge, score [1, 0, 0, 0, 1, 1, 0, 0, 0, 0]
2026-08-10 00:49:35.579 | DEBUG    | eval.evaluation.evaluation:evaluate_single_query:321 - wide2deep_ws_en_049, col intelligentparkingassist, metric_func_name llm_judge, score [1, 1, 1, 1, 1, 1, 1, 1, 1, 1]
2026-08-10 00:49:35.588 | INFO     | eval.evaluation.evaluation:evaluate_single_query:380 - wide2deep_ws_en_049, P/R/F1 by unique_columns: 0.7143/1.0000/0.8333
2026-08-10 00:49:35.588 | INFO     | eval.evaluation.evaluation:evaluate_single_query:383 - wide2deep_ws_en_049, P/R/F1 by row: 0.0000/0.0000/0.0000
2026-08-10 00:49:35.588 | INFO     | eval.evaluation.evaluation:evaluate_single_query:386 - wide2deep_ws_en_049, P/R/F1 by item: 0.4841/0.6778/0.5648
2026-08-10 00:49:35.591 | INFO     | eval.evaluation.evaluation:evaluate_single_query:398 - wide2deep_ws_en_049, final table score: 0.0
{"event": "eval_done", "idx": 6, "instance_id": "wide2deep_ws_en_049", "score": 0.0, "entity_acc": 1.0, "f1_by_row": 0.0, "f1_by_item": 0.5648148148148148, "column_f1": 0.8333333333333333, "error": null, "elapsed_seconds": 39.371, "running_n": 6}
2026-08-10 00:49:36.984 | DEBUG    | eval.evaluation.data_loader:extract_dataframe:167 - find markdown_str 
| Country | Share of Women Seats 1995(%) | Total Seats 1995 | S ...
2026-08-10 00:49:40.436 | INFO     | eval.evaluation.metric_utils:primary_key_preprocess:246 - primary_key_preprocess result: ```json
{
  "Australia": "Australia",
  "Austria": "Austria",
  "Belgium": "Belgium",
  "Canada": "Canada",
  "Chile": "Chile",
  "Colombia": "Colombia",
  "Costa Rica": "Costa Rica",
  "Czechia": "Czech Republic",
  "Denmark": "Denmark",
  "Estonia": "Estonia",
  "Finland": "Finland",
  "France": "France",
  "Germany": "Germany",
  "Greece": "Greece",
  "Hungary": "Hungary",
  "Iceland": "Iceland",
  "Ireland": "Ireland",
  "Israel": "Israel",
  "Italy": "Italy",
  "Japan": "Japan",
  "Korea, Republic of": "Korea",
  "Latvia": "Latvia",
  "Lithuania": "Lithuania",
  "Luxembourg": "Luxembourg",
  "Mexico": "Mexico",
  "Netherlands": "Netherlands",
  "New Zealand": "New Zealand",
  "Norway": "Norway",
  "Poland": "Poland",
  "Portugal": "Portugal",
  "Slovakia": "Slovak Republic",
  "Slovenia": "Slovenia",
  "Spain": "Spain",
  "Sweden": "Sweden",
  "Switzerland": "Switzerland",
  "Türkiye": "Turkey",
  "United Kingdom": "United Kingdom",
  "United States": "United States"
}
```
2026-08-10 00:49:40.436 | INFO     | eval.evaluation.evaluation:evaluate_single_query:223 - col: country, primary_key_map {'Australia': 'Australia', 'Austria': 'Austria', 'Belgium': 'Belgium', 'Canada': 'Canada', 'Chile': 'Chile', 'Colombia': 'Colombia', 'Costa Rica': 'Costa Rica', 'Czechia': 'Czech Republic', 'Denmark': 'Denmark', 'Estonia': 'Estonia', 'Finland': 'Finland', 'France': 'France', 'Germany': 'Germany', 'Greece': 'Greece', 'Hungary': 'Hungary', 'Iceland': 'Iceland', 'Ireland': 'Ireland', 'Israel': 'Israel', 'Italy': 'Italy', 'Japan': 'Japan', 'Korea, Republic of': 'Korea', 'Latvia': 'Latvia', 'Lithuania': 'Lithuania', 'Luxembourg': 'Luxembourg', 'Mexico': 'Mexico', 'Netherlands': 'Netherlands', 'New Zealand': 'New Zealand', 'Norway': 'Norway', 'Poland': 'Poland', 'Portugal': 'Portugal', 'Slovakia': 'Slovak Republic', 'Slovenia': 'Slovenia', 'Spain': 'Spain', 'Sweden': 'Sweden', 'Switzerland': 'Switzerland', 'Türkiye': 'Turkey', 'United Kingdom': 'United Kingdom', 'United States': 'United States'}
2026-08-10 00:49:40.445 | INFO     | eval.evaluation.evaluation:evaluate_single_query:275 - wide2deep_ws_en_050, df_inner shape: (38, 18), answer_df shape: (38, 9), response_df shape: (38, 10)
2026-08-10 00:49:40.447 | DEBUG    | eval.evaluation.evaluation:metric_call:77 - metric_func_name number_near score 1.0 msg number near in range 5.0%, response: 8.8, target: 8.8
2026-08-10 00:49:40.447 | DEBUG    | eval.evaluation.evaluation:metric_call:77 - metric_func_name number_near score 0.0 msg number not near, response: 26.2, target: 14.2
2026-08-10 00:49:40.447 | DEBUG    | eval.evaluation.evaluation:metric_call:77 - metric_func_name number_near score 1.0 msg number near in range 5.0%, response: 12.0, target: 12.0
2026-08-10 00:49:40.447 | DEBUG    | eval.evaluation.evaluation:metric_call:77 - metric_func_name number_near score 1.0 msg number near in range 5.0%, response: 18.0, target: 18.0
2026-08-10 00:49:40.447 | DEBUG    | eval.evaluation.evaluation:metric_call:77 - metric_func_name number_near score 1.0 msg number equal, response: NULL, target: NULL
2026-08-10 00:49:40.447 | DEBUG    | eval.evaluation.evaluation:metric_call:77 - metric_func_name number_near score 1.0 msg number equal, response: NULL, target: NULL
2026-08-10 00:49:40.447 | DEBUG    | eval.evaluation.evaluation:metric_call:77 - metric_func_name number_near score 1.0 msg number equal, response: NULL, target: NULL
2026-08-10 00:49:40.447 | DEBUG    | eval.evaluation.evaluation:metric_call:77 - metric_func_name number_near score 1.0 msg number near in range 5.0%, response: 10.0, target: 10.0
2026-08-10 00:49:40.447 | DEBUG    | eval.evaluation.evaluation:metric_call:77 - metric_func_name number_near score 1.0 msg number near in range 5.0%, response: 33.0, target: 33.5
2026-08-10 00:49:40.447 | DEBUG    | eval.evaluation.evaluation:metric_call:77 - metric_func_name number_near score 1.0 msg number equal, response: NULL, target: NULL
2026-08-10 00:49:40.447 | DEBUG    | eval.evaluation.evaluation:metric_call:77 - metric_func_name number_near score 1.0 msg number near in range 5.0%, response: 33.5, target: 33.5
2026-08-10 00:49:40.447 | DEBUG    | eval.evaluation.evaluation:metric_call:77 - metric_func_name number_near score 1.0 msg number near in range 5.0%, response: 6.1, target: 6.4
2026-08-10 00:49:40.447 | DEBUG    | eval.evaluation.evaluation:metric_call:77 - metric_func_name number_near score 1.0 msg number near in range 5.0%, response: 26.2, target: 26.3
2026-08-10 00:49:40.447 | DEBUG    | eval.evaluation.evaluation:metric_call:77 - metric_func_name number_near score 1.0 msg number near in range 5.0%, response: 6.3, target: 6.0
2026-08-10 00:49:40.447 | DEBUG    | eval.evaluation.evaluation:metric_call:77 - metric_func_name number_near score 1.0 msg number equal, response: NULL, target: NULL
2026-08-10 00:49:40.447 | DEBUG    | eval.evaluation.evaluation:metric_call:77 - metric_func_name number_near score 1.0 msg number near in range 5.0%, response: 25.4, target: 25.4
2026-08-10 00:49:40.447 | DEBUG    | eval.evaluation.evaluation:metric_call:77 - metric_func_name number_near score 1.0 msg number near in range 5.0%, response: 12.0, target: 12.0
2026-08-10 00:49:40.447 | DEBUG    | eval.evaluation.evaluation:metric_call:77 - metric_func_name number_near score 1.0 msg number equal, response: NULL, target: NULL
2026-08-10 00:49:40.447 | DEBUG    | eval.evaluation.evaluation:metric_call:77 - metric_func_name number_near score 1.0 msg number near in range 5.0%, response: 15.1, target: 15.1
2026-08-10 00:49:40.447 | DEBUG    | eval.evaluation.evaluation:metric_call:77 - metric_func_name number_near score 1.0 msg number near in range 5.0%, response: 2.7, target: 2.7
2026-08-10 00:49:40.448 | DEBUG    | eval.evaluation.evaluation:metric_call:77 - metric_func_name number_near score 1.0 msg number equal, response: NULL, target: NULL
2026-08-10 00:49:40.448 | DEBUG    | eval.evaluation.evaluation:metric_call:77 - metric_func_name number_near score 1.0 msg number equal, response: NULL, target: NULL
2026-08-10 00:49:40.448 | DEBUG    | eval.evaluation.evaluation:metric_call:77 - metric_func_name number_near score 1.0 msg number equal, response: NULL, target: NULL
2026-08-10 00:49:40.448 | DEBUG    | eval.evaluation.evaluation:metric_call:77 - metric_func_name number_near score 1.0 msg number near in range 5.0%, response: 20.0, target: 20.0
2026-08-10 00:49:40.448 | DEBUG    | eval.evaluation.evaluation:metric_call:77 - metric_func_name number_near score 1.0 msg number near in range 5.0%, response: 14.2, target: 14.2
2026-08-10 00:49:40.448 | DEBUG    | eval.evaluation.evaluation:metric_call:77 - metric_func_name number_near score 1.0 msg number near in range 5.0%, response: 31.3, target: 32.7
2026-08-10 00:49:40.448 | DEBUG    | eval.evaluation.evaluation:metric_call:77 - metric_func_name number_near score 1.0 msg number near in range 5.0%, response: 21.2, target: 21.2
2026-08-10 00:49:40.448 | DEBUG    | eval.evaluation.evaluation:metric_call:77 - metric_func_name number_near score 1.0 msg number near in range 5.0%, response: 39.4, target: 39.4
2026-08-10 00:49:40.448 | DEBUG    | eval.evaluation.evaluation:metric_call:77 - metric_func_name number_near score 1.0 msg number equal, response: NULL, target: NULL
2026-08-10 00:49:40.448 | DEBUG    | eval.evaluation.evaluation:metric_call:77 - metric_func_name number_near score 1.0 msg number near in range 5.0%, response: 13.0, target: 13.0
2026-08-10 00:49:40.448 | DEBUG    | eval.evaluation.evaluation:metric_call:77 - metric_func_name number_near score 1.0 msg number equal, response: NULL, target: NULL
2026-08-10 00:49:40.448 | DEBUG    | eval.evaluation.evaluation:metric_call:77 - metric_func_name number_near score 1.0 msg number equal, response: NULL, target: NULL
2026-08-10 00:49:40.448 | DEBUG    | eval.evaluation.evaluation:metric_call:77 - metric_func_name number_near score 1.0 msg number near in range 5.0%, response: 16.0, target: 16.0
2026-08-10 00:49:40.448 | DEBUG    | eval.evaluation.evaluation:metric_call:77 - metric_func_name number_near score 1.0 msg number near in range 5.0%, response: 40.4, target: 40.4
2026-08-10 00:49:40.448 | DEBUG    | eval.evaluation.evaluation:metric_call:77 - metric_func_name number_near score 1.0 msg number near in range 5.0%, response: 21.0, target: 21.0
2026-08-10 00:49:40.448 | DEBUG    | eval.evaluation.evaluation:metric_call:77 - metric_func_name number_near score 1.0 msg number near in range 5.0%, response: 2.4, target: 2.4
2026-08-10 00:49:40.448 | DEBUG    | eval.evaluation.evaluation:metric_call:77 - metric_func_name number_near score 1.0 msg number near in range 5.0%, response: 9.2, target: 9.2
2026-08-10 00:49:40.448 | DEBUG    | eval.evaluation.evaluation:metric_call:77 - metric_func_name number_near score 1.0 msg number near in range 5.0%, response: 10.9, target: 10.9
2026-08-10 00:49:40.449 | DEBUG    | eval.evaluation.evaluation:evaluate_single_query:321 - wide2deep_ws_en_050, col shareofwomenseats1995(%), metric_func_name number_near, score [1.0, 0.0, 1.0, 1.0, 1.0, 1.0, 1.0, 1.0, 1.0, 1.0, 1.0, 1.0, 1.0, 1.0, 1.0, 1.0, 1.0, 1.0, 1.0, 1.0, 1.0, 1.0, 1.0, 1.0, 1.0, 1.0, 1.0, 1.0, 1.0, 1.0, 1.0, 1.0, 1.0, 1.0, 1.0, 1.0, 1.0, 1.0]
2026-08-10 00:49:40.449 | DEBUG    | eval.evaluation.evaluation:metric_call:77 - metric_func_name number_near score 1.0 msg number near in range 5.0%, response: 147.0, target: 148.0
2026-08-10 00:49:40.449 | DEBUG    | eval.evaluation.evaluation:metric_call:77 - metric_func_name number_near score 1.0 msg number near in range 5.0%, response: 183.0, target: 183.0
2026-08-10 00:49:40.449 | DEBUG    | eval.evaluation.evaluation:metric_call:77 - metric_func_name number_near score 1.0 msg number near in range 5.0%, response: 150.0, target: 150.0
2026-08-10 00:49:40.449 | DEBUG    | eval.evaluation.evaluation:metric_call:77 - metric_func_name number_near score 1.0 msg number near in range 5.0%, response: 295.0, target: 295.0
2026-08-10 00:49:40.449 | DEBUG    | eval.evaluation.evaluation:metric_call:77 - metric_func_name number_near score 1.0 msg number equal, response: NULL, target: NULL
2026-08-10 00:49:40.449 | DEBUG    | eval.evaluation.evaluation:metric_call:77 - metric_func_name number_near score 1.0 msg number equal, response: NULL, target: NULL
2026-08-10 00:49:40.449 | DEBUG    | eval.evaluation.evaluation:metric_call:77 - metric_func_name number_near score 1.0 msg number equal, response: NULL, target: NULL
2026-08-10 00:49:40.449 | DEBUG    | eval.evaluation.evaluation:metric_call:77 - metric_func_name number_near score 1.0 msg number near in range 5.0%, response: 200.0, target: 200.0
2026-08-10 00:49:40.449 | DEBUG    | eval.evaluation.evaluation:metric_call:77 - metric_func_name number_near score 1.0 msg number near in range 5.0%, response: 179.0, target: 179.0
2026-08-10 00:49:40.450 | DEBUG    | eval.evaluation.evaluation:metric_call:77 - metric_func_name number_near score 1.0 msg number equal, response: NULL, target: NULL
2026-08-10 00:49:40.450 | DEBUG    | eval.evaluation.evaluation:metric_call:77 - metric_func_name number_near score 1.0 msg number near in range 5.0%, response: 200.0, target: 200.0
2026-08-10 00:49:40.450 | DEBUG    | eval.evaluation.evaluation:metric_call:77 - metric_func_name number_near score 1.0 msg number near in range 5.0%, response: 577.0, target: 577.0
2026-08-10 00:49:40.450 | DEBUG    | eval.evaluation.evaluation:metric_call:77 - metric_func_name number_near score 1.0 msg number near in range 5.0%, response: 672.0, target: 672.0
2026-08-10 00:49:40.450 | DEBUG    | eval.evaluation.evaluation:metric_call:77 - metric_func_name number_near score 1.0 msg number near in range 5.0%, response: 300.0, target: 300.0
2026-08-10 00:49:40.450 | DEBUG    | eval.evaluation.evaluation:metric_call:77 - metric_func_name number_near score 1.0 msg number equal, response: NULL, target: NULL
2026-08-10 00:49:40.450 | DEBUG    | eval.evaluation.evaluation:metric_call:77 - metric_func_name number_near score 1.0 msg number near in range 5.0%, response: 63.0, target: 63.0
2026-08-10 00:49:40.450 | DEBUG    | eval.evaluation.evaluation:metric_call:77 - metric_func_name number_near score 1.0 msg number near in range 5.0%, response: 166.0, target: 166.0
2026-08-10 00:49:40.450 | DEBUG    | eval.evaluation.evaluation:metric_call:77 - metric_func_name number_near score 1.0 msg number equal, response: NULL, target: NULL
2026-08-10 00:49:40.450 | DEBUG    | eval.evaluation.evaluation:metric_call:77 - metric_func_name number_near score 1.0 msg number near in range 5.0%, response: 630.0, target: 630.0
2026-08-10 00:49:40.450 | DEBUG    | eval.evaluation.evaluation:metric_call:77 - metric_func_name number_near score 1.0 msg number near in range 5.0%, response: 511.0, target: 511.0
2026-08-10 00:49:40.450 | DEBUG    | eval.evaluation.evaluation:metric_call:77 - metric_func_name number_near score 1.0 msg number equal, response: NULL, target: NULL
2026-08-10 00:49:40.450 | DEBUG    | eval.evaluation.evaluation:metric_call:77 - metric_func_name number_near score 1.0 msg number equal, response: NULL, target: NULL
2026-08-10 00:49:40.450 | DEBUG    | eval.evaluation.evaluation:metric_call:77 - metric_func_name number_near score 1.0 msg number equal, response: NULL, target: NULL
2026-08-10 00:49:40.450 | DEBUG    | eval.evaluation.evaluation:metric_call:77 - metric_func_name number_near score 1.0 msg number near in range 5.0%, response: 60.0, target: 60.0
2026-08-10 00:49:40.450 | DEBUG    | eval.evaluation.evaluation:metric_call:77 - metric_func_name number_near score 1.0 msg number near in range 5.0%, response: 500.0, target: 500.0
2026-08-10 00:49:40.450 | DEBUG    | eval.evaluation.evaluation:metric_call:77 - metric_func_name number_near score 1.0 msg number near in range 5.0%, response: 150.0, target: 150.0
2026-08-10 00:49:40.450 | DEBUG    | eval.evaluation.evaluation:metric_call:77 - metric_func_name number_near score 1.0 msg number near in range 5.0%, response: 99.0, target: 99.0
2026-08-10 00:49:40.450 | DEBUG    | eval.evaluation.evaluation:metric_call:77 - metric_func_name number_near score 1.0 msg number near in range 5.0%, response: 165.0, target: 165.0
2026-08-10 00:49:40.450 | DEBUG    | eval.evaluation.evaluation:metric_call:77 - metric_func_name number_near score 1.0 msg number equal, response: NULL, target: NULL
2026-08-10 00:49:40.450 | DEBUG    | eval.evaluation.evaluation:metric_call:77 - metric_func_name number_near score 1.0 msg number near in range 5.0%, response: 230.0, target: 230.0
2026-08-10 00:49:40.450 | DEBUG    | eval.evaluation.evaluation:metric_call:77 - metric_func_name number_near score 1.0 msg number equal, response: NULL, target: NULL
2026-08-10 00:49:40.450 | DEBUG    | eval.evaluation.evaluation:metric_call:77 - metric_func_name number_near score 1.0 msg number equal, response: NULL, target: NULL
2026-08-10 00:49:40.450 | DEBUG    | eval.evaluation.evaluation:metric_call:77 - metric_func_name number_near score 1.0 msg number near in range 5.0%, response: 350.0, target: 350.0
2026-08-10 00:49:40.450 | DEBUG    | eval.evaluation.evaluation:metric_call:77 - metric_func_name number_near score 1.0 msg number near in range 5.0%, response: 349.0, target: 349.0
2026-08-10 00:49:40.450 | DEBUG    | eval.evaluation.evaluation:metric_call:77 - metric_func_name number_near score 1.0 msg number near in range 5.0%, response: 200.0, target: 200.0
2026-08-10 00:49:40.451 | DEBUG    | eval.evaluation.evaluation:metric_call:77 - metric_func_name number_near score 1.0 msg number near in range 5.0%, response: 550.0, target: 550.0
2026-08-10 00:49:40.451 | DEBUG    | eval.evaluation.evaluation:metric_call:77 - metric_func_name number_near score 1.0 msg number near in range 5.0%, response: 651.0, target: 651.0
2026-08-10 00:49:40.451 | DEBUG    | eval.evaluation.evaluation:metric_call:77 - metric_func_name number_near score 1.0 msg number near in range 5.0%, response: 435.0, target: 435.0
2026-08-10 00:49:40.451 | DEBUG    | eval.evaluation.evaluation:evaluate_single_query:321 - wide2deep_ws_en_050, col totalseats1995, metric_func_name number_near, score [1.0, 1.0, 1.0, 1.0, 1.0, 1.0, 1.0, 1.0, 1.0, 1.0, 1.0, 1.0, 1.0, 1.0, 1.0, 1.0, 1.0, 1.0, 1.0, 1.0, 1.0, 1.0, 1.0, 1.0, 1.0, 1.0, 1.0, 1.0, 1.0, 1.0, 1.0, 1.0, 1.0, 1.0, 1.0, 1.0, 1.0, 1.0]
2026-08-10 00:49:40.451 | DEBUG    | eval.evaluation.evaluation:metric_call:77 - metric_func_name number_near score 1.0 msg number near in range 5.0%, response: 24.7, target: 24.7
2026-08-10 00:49:40.452 | DEBUG    | eval.evaluation.evaluation:metric_call:77 - metric_func_name number_near score 1.0 msg number near in range 5.0%, response: 33.9, target: 33.9
2026-08-10 00:49:40.452 | DEBUG    | eval.evaluation.evaluation:metric_call:77 - metric_func_name number_near score 1.0 msg number near in range 5.0%, response: 34.7, target: 34.7
2026-08-10 00:49:40.452 | DEBUG    | eval.evaluation.evaluation:metric_call:77 - metric_func_name number_near score 1.0 msg number near in range 5.0%, response: 21.1, target: 21.1
2026-08-10 00:49:40.452 | DEBUG    | eval.evaluation.evaluation:metric_call:77 - metric_func_name number_near score 1.0 msg number equal, response: NULL, target: NULL
2026-08-10 00:49:40.452 | DEBUG    | eval.evaluation.evaluation:metric_call:77 - metric_func_name number_near score 1.0 msg number equal, response: NULL, target: NULL
2026-08-10 00:49:40.452 | DEBUG    | eval.evaluation.evaluation:metric_call:77 - metric_func_name number_near score 1.0 msg number equal, response: NULL, target: NULL
2026-08-10 00:49:40.452 | DEBUG    | eval.evaluation.evaluation:metric_call:77 - metric_func_name number_near score 1.0 msg number near in range 5.0%, response: 17.0, target: 17.0
2026-08-10 00:49:40.452 | DEBUG    | eval.evaluation.evaluation:metric_call:77 - metric_func_name number_near score 1.0 msg number near in range 5.0%, response: 36.9, target: 36.9
2026-08-10 00:49:40.452 | DEBUG    | eval.evaluation.evaluation:metric_call:77 - metric_func_name number_near score 1.0 msg number equal, response: NULL, target: NULL
2026-08-10 00:49:40.452 | DEBUG    | eval.evaluation.evaluation:metric_call:77 - metric_func_name number_near score 1.0 msg number near in range 5.0%, response: 37.5, target: 37.5
2026-08-10 00:49:40.452 | DEBUG    | eval.evaluation.evaluation:metric_call:77 - metric_func_name number_near score 1.0 msg number near in range 5.0%, response: 12.2, target: 12.2
2026-08-10 00:49:40.452 | DEBUG    | eval.evaluation.evaluation:metric_call:77 - metric_func_name number_near score 1.0 msg number near in range 5.0%, response: 31.8, target: 31.8
2026-08-10 00:49:40.452 | DEBUG    | eval.evaluation.evaluation:metric_call:77 - metric_func_name number_near score 0.0 msg number not near, response: 14.0, target: 13.0
2026-08-10 00:49:40.452 | DEBUG    | eval.evaluation.evaluation:metric_call:77 - metric_func_name number_near score 1.0 msg number near in range 5.0%, response: 9.1, target: 9.1
2026-08-10 00:49:40.452 | DEBUG    | eval.evaluation.evaluation:metric_call:77 - metric_func_name number_near score 1.0 msg number near in range 5.0%, response: 33.3, target: 33.3
2026-08-10 00:49:40.452 | DEBUG    | eval.evaluation.evaluation:metric_call:77 - metric_func_name number_near score 1.0 msg number near in range 5.0%, response: 13.3, target: 13.3
2026-08-10 00:49:40.452 | DEBUG    | eval.evaluation.evaluation:metric_call:77 - metric_func_name number_near score 1.0 msg number equal, response: NULL, target: NULL
2026-08-10 00:49:40.452 | DEBUG    | eval.evaluation.evaluation:metric_call:77 - metric_func_name number_near score 1.0 msg number near in range 5.0%, response: 11.5, target: 11.5
2026-08-10 00:49:40.452 | DEBUG    | eval.evaluation.evaluation:metric_call:77 - metric_func_name number_near score 1.0 msg number near in range 5.0%, response: 9.0, target: 9.0
2026-08-10 00:49:40.452 | DEBUG    | eval.evaluation.evaluation:metric_call:77 - metric_func_name number_near score 1.0 msg number near in range 5.0%, response: 13.0, target: 13.4
2026-08-10 00:49:40.452 | DEBUG    | eval.evaluation.evaluation:metric_call:77 - metric_func_name number_near score 1.0 msg number equal, response: NULL, target: NULL
2026-08-10 00:49:40.452 | DEBUG    | eval.evaluation.evaluation:metric_call:77 - metric_func_name number_near score 1.0 msg number equal, response: NULL, target: NULL
2026-08-10 00:49:40.452 | DEBUG    | eval.evaluation.evaluation:metric_call:77 - metric_func_name number_near score 1.0 msg number near in range 5.0%, response: 23.3, target: 23.3
2026-08-10 00:49:40.452 | DEBUG    | eval.evaluation.evaluation:metric_call:77 - metric_func_name number_near score 0.0 msg number not near, response: 22.6, target: 24.2
2026-08-10 00:49:40.452 | DEBUG    | eval.evaluation.evaluation:metric_call:77 - metric_func_name number_near score 1.0 msg number near in range 5.0%, response: 36.7, target: 36.7
2026-08-10 00:49:40.452 | DEBUG    | eval.evaluation.evaluation:metric_call:77 - metric_func_name number_near score 1.0 msg number near in range 5.0%, response: 32.2, target: 32.2
2026-08-10 00:49:40.453 | DEBUG    | eval.evaluation.evaluation:metric_call:77 - metric_func_name number_near score 1.0 msg number near in range 5.0%, response: 37.9, target: 37.9
2026-08-10 00:49:40.453 | DEBUG    | eval.evaluation.evaluation:metric_call:77 - metric_func_name number_near score 1.0 msg number near in range 5.0%, response: 20.2, target: 20.4
2026-08-10 00:49:40.453 | DEBUG    | eval.evaluation.evaluation:metric_call:77 - metric_func_name number_near score 1.0 msg number near in range 5.0%, response: 21.3, target: 21.3
2026-08-10 00:49:40.453 | DEBUG    | eval.evaluation.evaluation:metric_call:77 - metric_func_name number_near score 1.0 msg number near in range 5.0%, response: 16.7, target: 16.7
2026-08-10 00:49:40.453 | DEBUG    | eval.evaluation.evaluation:metric_call:77 - metric_func_name number_near score 1.0 msg number equal, response: NULL, target: NULL
2026-08-10 00:49:40.453 | DEBUG    | eval.evaluation.evaluation:metric_call:77 - metric_func_name number_near score 1.0 msg number near in range 5.0%, response: 36.0, target: 36.0
2026-08-10 00:49:40.453 | DEBUG    | eval.evaluation.evaluation:metric_call:77 - metric_func_name number_near score 1.0 msg number near in range 5.0%, response: 45.3, target: 45.3
2026-08-10 00:49:40.453 | DEBUG    | eval.evaluation.evaluation:metric_call:77 - metric_func_name number_near score 1.0 msg number near in range 5.0%, response: 25.0, target: 25.0
2026-08-10 00:49:40.453 | DEBUG    | eval.evaluation.evaluation:metric_call:77 - metric_func_name number_near score 1.0 msg number near in range 5.0%, response: 4.4, target: 4.4
2026-08-10 00:49:40.453 | DEBUG    | eval.evaluation.evaluation:metric_call:77 - metric_func_name number_near score 1.0 msg number near in range 5.0%, response: 19.8, target: 19.8
2026-08-10 00:49:40.453 | DEBUG    | eval.evaluation.evaluation:metric_call:77 - metric_func_name number_near score 1.0 msg number near in range 5.0%, response: 15.2, target: 15.2
2026-08-10 00:49:40.454 | DEBUG    | eval.evaluation.evaluation:evaluate_single_query:321 - wide2deep_ws_en_050, col shareofwomenseats2005(%), metric_func_name number_near, score [1.0, 1.0, 1.0, 1.0, 1.0, 1.0, 1.0, 1.0, 1.0, 1.0, 1.0, 1.0, 1.0, 0.0, 1.0, 1.0, 1.0, 1.0, 1.0, 1.0, 1.0, 1.0, 1.0, 1.0, 0.0, 1.0, 1.0, 1.0, 1.0, 1.0, 1.0, 1.0, 1.0, 1.0, 1.0, 1.0, 1.0, 1.0]
2026-08-10 00:49:40.454 | DEBUG    | eval.evaluation.evaluation:metric_call:77 - metric_func_name number_near score 1.0 msg number near in range 5.0%, response: 150.0, target: 150.0
2026-08-10 00:49:40.454 | DEBUG    | eval.evaluation.evaluation:metric_call:77 - metric_func_name number_near score 1.0 msg number near in range 5.0%, response: 183.0, target: 183.0
2026-08-10 00:49:40.454 | DEBUG    | eval.evaluation.evaluation:metric_call:77 - metric_func_name number_near score 1.0 msg number near in range 5.0%, response: 150.0, target: 150.0
2026-08-10 00:49:40.454 | DEBUG    | eval.evaluation.evaluation:metric_call:77 - metric_func_name number_near score 1.0 msg number near in range 5.0%, response: 308.0, target: 308.0
2026-08-10 00:49:40.454 | DEBUG    | eval.evaluation.evaluation:metric_call:77 - metric_func_name number_near score 1.0 msg number equal, response: NULL, target: NULL
2026-08-10 00:49:40.454 | DEBUG    | eval.evaluation.evaluation:metric_call:77 - metric_func_name number_near score 1.0 msg number equal, response: NULL, target: NULL
2026-08-10 00:49:40.454 | DEBUG    | eval.evaluation.evaluation:metric_call:77 - metric_func_name number_near score 1.0 msg number equal, response: NULL, target: NULL
2026-08-10 00:49:40.454 | DEBUG    | eval.evaluation.evaluation:metric_call:77 - metric_func_name number_near score 1.0 msg number near in range 5.0%, response: 200.0, target: 200.0
2026-08-10 00:49:40.454 | DEBUG    | eval.evaluation.evaluation:metric_call:77 - metric_func_name number_near score 1.0 msg number near in range 5.0%, response: 179.0, target: 179.0
2026-08-10 00:49:40.454 | DEBUG    | eval.evaluation.evaluation:metric_call:77 - metric_func_name number_near score 1.0 msg number equal, response: NULL, target: NULL
2026-08-10 00:49:40.454 | DEBUG    | eval.evaluation.evaluation:metric_call:77 - metric_func_name number_near score 1.0 msg number near in range 5.0%, response: 200.0, target: 200.0
2026-08-10 00:49:40.454 | DEBUG    | eval.evaluation.evaluation:metric_call:77 - metric_func_name number_near score 1.0 msg number near in range 5.0%, response: 577.0, target: 574.0
2026-08-10 00:49:40.454 | DEBUG    | eval.evaluation.evaluation:metric_call:77 - metric_func_name number_near score 1.0 msg number near in range 5.0%, response: 614.0, target: 614.0
2026-08-10 00:49:40.454 | DEBUG    | eval.evaluation.evaluation:metric_call:77 - metric_func_name number_near score 1.0 msg number near in range 5.0%, response: 300.0, target: 300.0
2026-08-10 00:49:40.454 | DEBUG    | eval.evaluation.evaluation:metric_call:77 - metric_func_name number_near score 1.0 msg number near in range 5.0%, response: 386.0, target: 385.0
2026-08-10 00:49:40.454 | DEBUG    | eval.evaluation.evaluation:metric_call:77 - metric_func_name number_near score 1.0 msg number near in range 5.0%, response: 63.0, target: 63.0
2026-08-10 00:49:40.454 | DEBUG    | eval.evaluation.evaluation:metric_call:77 - metric_func_name number_near score 1.0 msg number near in range 5.0%, response: 166.0, target: 166.0
2026-08-10 00:49:40.454 | DEBUG    | eval.evaluation.evaluation:metric_call:77 - metric_func_name number_near score 1.0 msg number equal, response: NULL, target: NULL
2026-08-10 00:49:40.454 | DEBUG    | eval.evaluation.evaluation:metric_call:77 - metric_func_name number_near score 1.0 msg number near in range 5.0%, response: 630.0, target: 616.0
2026-08-10 00:49:40.454 | DEBUG    | eval.evaluation.evaluation:metric_call:77 - metric_func_name number_near score 1.0 msg number near in range 5.0%, response: 480.0, target: 480.0
2026-08-10 00:49:40.455 | DEBUG    | eval.evaluation.evaluation:metric_call:77 - metric_func_name number_near score 1.0 msg number near in range 5.0%, response: 299.0, target: 299.0
2026-08-10 00:49:40.455 | DEBUG    | eval.evaluation.evaluation:metric_call:77 - metric_func_name number_near score 1.0 msg number equal, response: NULL, target: NULL
2026-08-10 00:49:40.455 | DEBUG    | eval.evaluation.evaluation:metric_call:77 - metric_func_name number_near score 1.0 msg number equal, response: NULL, target: NULL
2026-08-10 00:49:40.455 | DEBUG    | eval.evaluation.evaluation:metric_call:77 - metric_func_name number_near score 1.0 msg number near in range 5.0%, response: 60.0, target: 60.0
2026-08-10 00:49:40.455 | DEBUG    | eval.evaluation.evaluation:metric_call:77 - metric_func_name number_near score 1.0 msg number near in range 5.0%, response: 500.0, target: 500.0
2026-08-10 00:49:40.455 | DEBUG    | eval.evaluation.evaluation:metric_call:77 - metric_func_name number_near score 1.0 msg number near in range 5.0%, response: 150.0, target: 150.0
2026-08-10 00:49:40.455 | DEBUG    | eval.evaluation.evaluation:metric_call:77 - metric_func_name number_near score 1.0 msg number near in range 5.0%, response: 121.0, target: 121.0
2026-08-10 00:49:40.455 | DEBUG    | eval.evaluation.evaluation:metric_call:77 - metric_func_name number_near score 1.0 msg number near in range 5.0%, response: 169.0, target: 169.0
2026-08-10 00:49:40.455 | DEBUG    | eval.evaluation.evaluation:metric_call:77 - metric_func_name number_near score 1.0 msg number near in range 5.0%, response: 460.0, target: 460.0
2026-08-10 00:49:40.455 | DEBUG    | eval.evaluation.evaluation:metric_call:77 - metric_func_name number_near score 1.0 msg number near in range 5.0%, response: 230.0, target: 230.0
2026-08-10 00:49:40.455 | DEBUG    | eval.evaluation.evaluation:metric_call:77 - metric_func_name number_near score 1.0 msg number near in range 5.0%, response: 150.0, target: 150.0
2026-08-10 00:49:40.455 | DEBUG    | eval.evaluation.evaluation:metric_call:77 - metric_func_name number_near score 1.0 msg number equal, response: NULL, target: NULL
2026-08-10 00:49:40.455 | DEBUG    | eval.evaluation.evaluation:metric_call:77 - metric_func_name number_near score 1.0 msg number near in range 5.0%, response: 350.0, target: 350.0
2026-08-10 00:49:40.455 | DEBUG    | eval.evaluation.evaluation:metric_call:77 - metric_func_name number_near score 1.0 msg number near in range 5.0%, response: 349.0, target: 349.0
2026-08-10 00:49:40.455 | DEBUG    | eval.evaluation.evaluation:metric_call:77 - metric_func_name number_near score 1.0 msg number near in range 5.0%, response: 200.0, target: 200.0
2026-08-10 00:49:40.455 | DEBUG    | eval.evaluation.evaluation:metric_call:77 - metric_func_name number_near score 1.0 msg number near in range 5.0%, response: 550.0, target: 550.0
2026-08-10 00:49:40.455 | DEBUG    | eval.evaluation.evaluation:metric_call:77 - metric_func_name number_near score 1.0 msg number near in range 5.0%, response: 646.0, target: 646.0
2026-08-10 00:49:40.455 | DEBUG    | eval.evaluation.evaluation:metric_call:77 - metric_func_name number_near score 1.0 msg number near in range 5.0%, response: 435.0, target: 435.0
2026-08-10 00:49:40.456 | DEBUG    | eval.evaluation.evaluation:evaluate_single_query:321 - wide2deep_ws_en_050, col totalseats2005, metric_func_name number_near, score [1.0, 1.0, 1.0, 1.0, 1.0, 1.0, 1.0, 1.0, 1.0, 1.0, 1.0, 1.0, 1.0, 1.0, 1.0, 1.0, 1.0, 1.0, 1.0, 1.0, 1.0, 1.0, 1.0, 1.0, 1.0, 1.0, 1.0, 1.0, 1.0, 1.0, 1.0, 1.0, 1.0, 1.0, 1.0, 1.0, 1.0, 1.0]
2026-08-10 00:49:40.456 | DEBUG    | eval.evaluation.evaluation:metric_call:77 - metric_func_name number_near score 1.0 msg number near in range 5.0%, response: 26.7, target: 26.7
2026-08-10 00:49:40.456 | DEBUG    | eval.evaluation.evaluation:metric_call:77 - metric_func_name number_near score 1.0 msg number near in range 5.0%, response: 30.6, target: 30.6
2026-08-10 00:49:40.456 | DEBUG    | eval.evaluation.evaluation:metric_call:77 - metric_func_name number_near score 1.0 msg number near in range 5.0%, response: 39.3, target: 39.3
2026-08-10 00:49:40.456 | DEBUG    | eval.evaluation.evaluation:metric_call:77 - metric_func_name number_near score 1.0 msg number near in range 5.0%, response: 26.0, target: 26.0
2026-08-10 00:49:40.456 | DEBUG    | eval.evaluation.evaluation:metric_call:77 - metric_func_name number_near score 1.0 msg number near in range 5.0%, response: 15.8, target: 15.8
2026-08-10 00:49:40.456 | DEBUG    | eval.evaluation.evaluation:metric_call:77 - metric_func_name number_near score 1.0 msg number equal, response: NULL, target: NULL
2026-08-10 00:49:40.456 | DEBUG    | eval.evaluation.evaluation:metric_call:77 - metric_func_name number_near score 1.0 msg number equal, response: NULL, target: NULL
2026-08-10 00:49:40.456 | DEBUG    | eval.evaluation.evaluation:metric_call:77 - metric_func_name number_near score 0.0 msg number not near, response: 22.0, target: 20.0
2026-08-10 00:49:40.456 | DEBUG    | eval.evaluation.evaluation:metric_call:77 - metric_func_name number_near score 1.0 msg number near in range 5.0%, response: 37.4, target: 37.4
2026-08-10 00:49:40.456 | DEBUG    | eval.evaluation.evaluation:metric_call:77 - metric_func_name number_near score 1.0 msg number near in range 5.0%, response: 23.8, target: 23.8
2026-08-10 00:49:40.456 | DEBUG    | eval.evaluation.evaluation:metric_call:77 - metric_func_name number_near score 1.0 msg number near in range 5.0%, response: 41.5, target: 41.5
2026-08-10 00:49:40.456 | DEBUG    | eval.evaluation.evaluation:metric_call:77 - metric_func_name number_near score 1.0 msg number near in range 5.0%, response: 26.2, target: 26.2
2026-08-10 00:49:40.456 | DEBUG    | eval.evaluation.evaluation:metric_call:77 - metric_func_name number_near score 1.0 msg number near in range 5.0%, response: 36.5, target: 36.5
2026-08-10 00:49:40.456 | DEBUG    | eval.evaluation.evaluation:metric_call:77 - metric_func_name number_near score 1.0 msg number near in range 5.0%, response: 19.7, target: 19.7
2026-08-10 00:49:40.457 | DEBUG    | eval.evaluation.evaluation:metric_call:77 - metric_func_name number_near score 1.0 msg number near in range 5.0%, response: 10.1, target: 10.1
2026-08-10 00:49:40.457 | DEBUG    | eval.evaluation.evaluation:metric_call:77 - metric_func_name number_near score 1.0 msg number near in range 5.0%, response: 41.3, target: 41.3
2026-08-10 00:49:40.457 | DEBUG    | eval.evaluation.evaluation:metric_call:77 - metric_func_name number_near score 0.0 msg number not near, response: 15.2, target: 16.3
2026-08-10 00:49:40.457 | DEBUG    | eval.evaluation.evaluation:metric_call:77 - metric_func_name number_near score 1.0 msg number near in range 5.0%, response: 26.7, target: 26.7
2026-08-10 00:49:40.457 | DEBUG    | eval.evaluation.evaluation:metric_call:77 - metric_func_name number_near score 1.0 msg number near in range 5.0%, response: 31.0, target: 31.0
2026-08-10 00:49:40.457 | DEBUG    | eval.evaluation.evaluation:metric_call:77 - metric_func_name number_near score 1.0 msg number near in range 5.0%, response: 9.5, target: 9.5
2026-08-10 00:49:40.457 | DEBUG    | eval.evaluation.evaluation:metric_call:77 - metric_func_name number_near score 1.0 msg number near in range 5.0%, response: 16.3, target: 16.3
2026-08-10 00:49:40.457 | DEBUG    | eval.evaluation.evaluation:metric_call:77 - metric_func_name number_near score 1.0 msg number equal, response: NULL, target: NULL
2026-08-10 00:49:40.457 | DEBUG    | eval.evaluation.evaluation:metric_call:77 - metric_func_name number_near score 1.0 msg number equal, response: NULL, target: NULL
2026-08-10 00:49:40.457 | DEBUG    | eval.evaluation.evaluation:metric_call:77 - metric_func_name number_near score 1.0 msg number near in range 5.0%, response: 28.3, target: 28.3
2026-08-10 00:49:40.457 | DEBUG    | eval.evaluation.evaluation:metric_call:77 - metric_func_name number_near score 1.0 msg number near in range 5.0%, response: 42.4, target: 42.4
2026-08-10 00:49:40.457 | DEBUG    | eval.evaluation.evaluation:metric_call:77 - metric_func_name number_near score 1.0 msg number near in range 5.0%, response: 37.3, target: 37.3
2026-08-10 00:49:40.457 | DEBUG    | eval.evaluation.evaluation:metric_call:77 - metric_func_name number_near score 1.0 msg number near in range 5.0%, response: 31.4, target: 31.4
2026-08-10 00:49:40.457 | DEBUG    | eval.evaluation.evaluation:metric_call:77 - metric_func_name number_near score 1.0 msg number near in range 5.0%, response: 39.6, target: 39.6
2026-08-10 00:49:40.457 | DEBUG    | eval.evaluation.evaluation:metric_call:77 - metric_func_name number_near score 1.0 msg number near in range 5.0%, response: 27.4, target: 27.4
2026-08-10 00:49:40.457 | DEBUG    | eval.evaluation.evaluation:metric_call:77 - metric_func_name number_near score 1.0 msg number near in range 5.0%, response: 34.8, target: 34.8
2026-08-10 00:49:40.457 | DEBUG    | eval.evaluation.evaluation:metric_call:77 - metric_func_name number_near score 0.0 msg number not near, response: 20.0, target: 18.7
2026-08-10 00:49:40.457 | DEBUG    | eval.evaluation.evaluation:metric_call:77 - metric_func_name number_near score 1.0 msg number near in range 5.0%, response: 35.6, target: 36.7
2026-08-10 00:49:40.457 | DEBUG    | eval.evaluation.evaluation:metric_call:77 - metric_func_name number_near score 1.0 msg number near in range 5.0%, response: 39.7, target: 40.0
2026-08-10 00:49:40.457 | DEBUG    | eval.evaluation.evaluation:metric_call:77 - metric_func_name number_near score 1.0 msg number near in range 5.0%, response: 43.6, target: 43.6
2026-08-10 00:49:40.457 | DEBUG    | eval.evaluation.evaluation:metric_call:77 - metric_func_name number_near score 1.0 msg number near in range 5.0%, response: 32.0, target: 32.0
2026-08-10 00:49:40.457 | DEBUG    | eval.evaluation.evaluation:metric_call:77 - metric_func_name number_near score 1.0 msg number near in range 5.0%, response: 14.7, target: 14.9
2026-08-10 00:49:40.457 | DEBUG    | eval.evaluation.evaluation:metric_call:77 - metric_func_name number_near score 1.0 msg number near in range 5.0%, response: 29.4, target: 29.4
2026-08-10 00:49:40.457 | DEBUG    | eval.evaluation.evaluation:metric_call:77 - metric_func_name number_near score 1.0 msg number near in range 5.0%, response: 19.3, target: 19.4
2026-08-10 00:49:40.458 | DEBUG    | eval.evaluation.evaluation:evaluate_single_query:321 - wide2deep_ws_en_050, col shareofwomenseats2015(%), metric_func_name number_near, score [1.0, 1.0, 1.0, 1.0, 1.0, 1.0, 1.0, 0.0, 1.0, 1.0, 1.0, 1.0, 1.0, 1.0, 1.0, 1.0, 0.0, 1.0, 1.0, 1.0, 1.0, 1.0, 1.0, 1.0, 1.0, 1.0, 1.0, 1.0, 1.0, 1.0, 0.0, 1.0, 1.0, 1.0, 1.0, 1.0, 1.0, 1.0]
2026-08-10 00:49:40.458 | DEBUG    | eval.evaluation.evaluation:metric_call:77 - metric_func_name number_near score 1.0 msg number near in range 5.0%, response: 150.0, target: 150.0
2026-08-10 00:49:40.458 | DEBUG    | eval.evaluation.evaluation:metric_call:77 - metric_func_name number_near score 1.0 msg number near in range 5.0%, response: 183.0, target: 183.0
2026-08-10 00:49:40.458 | DEBUG    | eval.evaluation.evaluation:metric_call:77 - metric_func_name number_near score 1.0 msg number near in range 5.0%, response: 150.0, target: 150.0
2026-08-10 00:49:40.458 | DEBUG    | eval.evaluation.evaluation:metric_call:77 - metric_func_name number_near score 1.0 msg number near in range 5.0%, response: 338.0, target: 338.0
2026-08-10 00:49:40.458 | DEBUG    | eval.evaluation.evaluation:metric_call:77 - metric_func_name number_near score 1.0 msg number near in range 5.0%, response: 120.0, target: 120.0
2026-08-10 00:49:40.458 | DEBUG    | eval.evaluation.evaluation:metric_call:77 - metric_func_name number_near score 1.0 msg number equal, response: NULL, target: NULL
2026-08-10 00:49:40.458 | DEBUG    | eval.evaluation.evaluation:metric_call:77 - metric_func_name number_near score 1.0 msg number equal, response: NULL, target: NULL
2026-08-10 00:49:40.458 | DEBUG    | eval.evaluation.evaluation:metric_call:77 - metric_func_name number_near score 1.0 msg number near in range 5.0%, response: 200.0, target: 200.0
2026-08-10 00:49:40.459 | DEBUG    | eval.evaluation.evaluation:metric_call:77 - metric_func_name number_near score 1.0 msg number near in range 5.0%, response: 179.0, target: 179.0
2026-08-10 00:49:40.459 | DEBUG    | eval.evaluation.evaluation:metric_call:77 - metric_func_name number_near score 1.0 msg number near in range 5.0%, response: 101.0, target: 101.0
2026-08-10 00:49:40.459 | DEBUG    | eval.evaluation.evaluation:metric_call:77 - metric_func_name number_near score 1.0 msg number near in range 5.0%, response: 200.0, target: 200.0
2026-08-10 00:49:40.459 | DEBUG    | eval.evaluation.evaluation:metric_call:77 - metric_func_name number_near score 1.0 msg number near in range 5.0%, response: 577.0, target: 577.0
2026-08-10 00:49:40.459 | DEBUG    | eval.evaluation.evaluation:metric_call:77 - metric_func_name number_near score 1.0 msg number near in range 5.0%, response: 630.0, target: 631.0
2026-08-10 00:49:40.459 | DEBUG    | eval.evaluation.evaluation:metric_call:77 - metric_func_name number_near score 1.0 msg number near in range 5.0%, response: 300.0, target: 300.0
2026-08-10 00:49:40.459 | DEBUG    | eval.evaluation.evaluation:metric_call:77 - metric_func_name number_near score 1.0 msg number near in range 5.0%, response: 199.0, target: 198.0
2026-08-10 00:49:40.459 | DEBUG    | eval.evaluation.evaluation:metric_call:77 - metric_func_name number_near score 1.0 msg number near in range 5.0%, response: 63.0, target: 63.0
2026-08-10 00:49:40.459 | DEBUG    | eval.evaluation.evaluation:metric_call:77 - metric_func_name number_near score 1.0 msg number near in range 5.0%, response: 158.0, target: 166.0
2026-08-10 00:49:40.459 | DEBUG    | eval.evaluation.evaluation:metric_call:77 - metric_func_name number_near score 1.0 msg number near in range 5.0%, response: 120.0, target: 120.0
2026-08-10 00:49:40.459 | DEBUG    | eval.evaluation.evaluation:metric_call:77 - metric_func_name number_near score 1.0 msg number near in range 5.0%, response: 630.0, target: 630.0
2026-08-10 00:49:40.459 | DEBUG    | eval.evaluation.evaluation:metric_call:77 - metric_func_name number_near score 1.0 msg number near in range 5.0%, response: 475.0, target: 475.0
2026-08-10 00:49:40.459 | DEBUG    | eval.evaluation.evaluation:metric_call:77 - metric_func_name number_near score 1.0 msg number near in range 5.0%, response: 300.0, target: 300.0
2026-08-10 00:49:40.459 | DEBUG    | eval.evaluation.evaluation:metric_call:77 - metric_func_name number_near score 1.0 msg number equal, response: NULL, target: NULL
2026-08-10 00:49:40.459 | DEBUG    | eval.evaluation.evaluation:metric_call:77 - metric_func_name number_near score 1.0 msg number equal, response: NULL, target: NULL
2026-08-10 00:49:40.459 | DEBUG    | eval.evaluation.evaluation:metric_call:77 - metric_func_name number_near score 1.0 msg number near in range 5.0%, response: 60.0, target: 60.0
2026-08-10 00:49:40.459 | DEBUG    | eval.evaluation.evaluation:metric_call:77 - metric_func_name number_near score 1.0 msg number near in range 5.0%, response: 500.0, target: 498.0
2026-08-10 00:49:40.459 | DEBUG    | eval.evaluation.evaluation:metric_call:77 - metric_func_name number_near score 1.0 msg number near in range 5.0%, response: 150.0, target: 150.0
2026-08-10 00:49:40.459 | DEBUG    | eval.evaluation.evaluation:metric_call:77 - metric_func_name number_near score 1.0 msg number near in range 5.0%, response: 121.0, target: 121.0
2026-08-10 00:49:40.459 | DEBUG    | eval.evaluation.evaluation:metric_call:77 - metric_func_name number_near score 1.0 msg number near in range 5.0%, response: 169.0, target: 169.0
2026-08-10 00:49:40.459 | DEBUG    | eval.evaluation.evaluation:metric_call:77 - metric_func_name number_near score 1.0 msg number near in range 5.0%, response: 460.0, target: 460.0
2026-08-10 00:49:40.459 | DEBUG    | eval.evaluation.evaluation:metric_call:77 - metric_func_name number_near score 1.0 msg number near in range 5.0%, response: 230.0, target: 230.0
2026-08-10 00:49:40.459 | DEBUG    | eval.evaluation.evaluation:metric_call:77 - metric_func_name number_near score 1.0 msg number near in range 5.0%, response: 150.0, target: 150.0
2026-08-10 00:49:40.459 | DEBUG    | eval.evaluation.evaluation:metric_call:77 - metric_func_name number_near score 1.0 msg number near in range 5.0%, response: 90.0, target: 90.0
2026-08-10 00:49:40.459 | DEBUG    | eval.evaluation.evaluation:metric_call:77 - metric_func_name number_near score 1.0 msg number near in range 5.0%, response: 350.0, target: 350.0
2026-08-10 00:49:40.459 | DEBUG    | eval.evaluation.evaluation:metric_call:77 - metric_func_name number_near score 1.0 msg number near in range 5.0%, response: 349.0, target: 349.0
2026-08-10 00:49:40.459 | DEBUG    | eval.evaluation.evaluation:metric_call:77 - metric_func_name number_near score 1.0 msg number near in range 5.0%, response: 200.0, target: 200.0
2026-08-10 00:49:40.459 | DEBUG    | eval.evaluation.evaluation:metric_call:77 - metric_func_name number_near score 1.0 msg number near in range 5.0%, response: 550.0, target: 550.0
2026-08-10 00:49:40.460 | DEBUG    | eval.evaluation.evaluation:metric_call:77 - metric_func_name number_near score 1.0 msg number near in range 5.0%, response: 650.0, target: 650.0
2026-08-10 00:49:40.460 | DEBUG    | eval.evaluation.evaluation:metric_call:77 - metric_func_name number_near score 1.0 msg number near in range 5.0%, response: 435.0, target: 434.0
2026-08-10 00:49:40.460 | DEBUG    | eval.evaluation.evaluation:evaluate_single_query:321 - wide2deep_ws_en_050, col totalseats2015, metric_func_name number_near, score [1.0, 1.0, 1.0, 1.0, 1.0, 1.0, 1.0, 1.0, 1.0, 1.0, 1.0, 1.0, 1.0, 1.0, 1.0, 1.0, 1.0, 1.0, 1.0, 1.0, 1.0, 1.0, 1.0, 1.0, 1.0, 1.0, 1.0, 1.0, 1.0, 1.0, 1.0, 1.0, 1.0, 1.0, 1.0, 1.0, 1.0, 1.0]
2026-08-10 00:49:40.460 | DEBUG    | eval.evaluation.evaluation:metric_call:77 - metric_func_name number_near score 1.0 msg number near in range 5.0%, response: 38.4, target: 39.6
2026-08-10 00:49:40.460 | DEBUG    | eval.evaluation.evaluation:metric_call:77 - metric_func_name number_near score 0.0 msg number not near, response: 36.1, target: 40.0
2026-08-10 00:49:40.461 | DEBUG    | eval.evaluation.evaluation:metric_call:77 - metric_func_name number_near score 1.0 msg number near in range 5.0%, response: 41.3, target: 42.7
2026-08-10 00:49:40.461 | DEBUG    | eval.evaluation.evaluation:metric_call:77 - metric_func_name number_near score 1.0 msg number near in range 5.0%, response: 30.5, target: 30.3
2026-08-10 00:49:40.461 | DEBUG    | eval.evaluation.evaluation:metric_call:77 - metric_func_name number_near score 0.0 msg number not near, response: 35.5, target: 23.0
2026-08-10 00:49:40.461 | DEBUG    | eval.evaluation.evaluation:metric_call:77 - metric_func_name number_near score 1.0 msg number near in range 5.0%, response: 29.6, target: 30.0
2026-08-10 00:49:40.461 | DEBUG    | eval.evaluation.evaluation:metric_call:77 - metric_func_name number_near score 1.0 msg number near in range 5.0%, response: 49.1, target: 47.4
2026-08-10 00:49:40.461 | DEBUG    | eval.evaluation.evaluation:metric_call:77 - metric_func_name number_near score 1.0 msg number near in range 5.0%, response: 25.0, target: 25.0
2026-08-10 00:49:40.461 | DEBUG    | eval.evaluation.evaluation:metric_call:77 - metric_func_name number_near score 1.0 msg number near in range 5.0%, response: 44.1, target: 45.6
2026-08-10 00:49:40.461 | DEBUG    | eval.evaluation.evaluation:metric_call:77 - metric_func_name number_near score 1.0 msg number near in range 5.0%, response: 29.7, target: 29.7
2026-08-10 00:49:40.461 | DEBUG    | eval.evaluation.evaluation:metric_call:77 - metric_func_name number_near score 1.0 msg number near in range 5.0%, response: 46.0, target: 46.5
2026-08-10 00:49:40.461 | DEBUG    | eval.evaluation.evaluation:metric_call:77 - metric_func_name number_near score 1.0 msg number near in range 5.0%, response: 36.2, target: 37.3
2026-08-10 00:49:40.461 | DEBUG    | eval.evaluation.evaluation:metric_call:77 - metric_func_name number_near score 1.0 msg number near in range 5.0%, response: 35.3, target: 34.9
2026-08-10 00:49:40.461 | DEBUG    | eval.evaluation.evaluation:metric_call:77 - metric_func_name number_near score 1.0 msg number near in range 5.0%, response: 23.0, target: 22.0
2026-08-10 00:49:40.461 | DEBUG    | eval.evaluation.evaluation:metric_call:77 - metric_func_name number_near score 0.0 msg number not near, response: 14.6, target: 13.5
2026-08-10 00:49:40.461 | DEBUG    | eval.evaluation.evaluation:metric_call:77 - metric_func_name number_near score 1.0 msg number near in range 5.0%, response: 46.0, target: 47.6
2026-08-10 00:49:40.461 | DEBUG    | eval.evaluation.evaluation:metric_call:77 - metric_func_name number_near score 0.0 msg number not near, response: 25.6, target: 23.0
2026-08-10 00:49:40.461 | DEBUG    | eval.evaluation.evaluation:metric_call:77 - metric_func_name number_near score 0.0 msg number not near, response: 24.2, target: 28.3
2026-08-10 00:49:40.461 | DEBUG    | eval.evaluation.evaluation:metric_call:77 - metric_func_name number_near score 1.0 msg number near in range 5.0%, response: 32.3, target: 31.3
2026-08-10 00:49:40.461 | DEBUG    | eval.evaluation.evaluation:metric_call:77 - metric_func_name number_near score 0.0 msg number not near, response: 15.7, target: 10.3
2026-08-10 00:49:40.461 | DEBUG    | eval.evaluation.evaluation:metric_call:77 - metric_func_name number_near score 0.0 msg number not near, response: 20.0, target: 19.0
2026-08-10 00:49:40.461 | DEBUG    | eval.evaluation.evaluation:metric_call:77 - metric_func_name number_near score 0.0 msg number not near, response: 29.0, target: 33.0
2026-08-10 00:49:40.461 | DEBUG    | eval.evaluation.evaluation:metric_call:77 - metric_func_name number_near score 1.0 msg number near in range 5.0%, response: 28.4, target: 28.0
2026-08-10 00:49:40.461 | DEBUG    | eval.evaluation.evaluation:metric_call:77 - metric_func_name number_near score 1.0 msg number near in range 5.0%, response: 34.4, target: 34.0
2026-08-10 00:49:40.461 | DEBUG    | eval.evaluation.evaluation:metric_call:77 - metric_func_name number_near score 1.0 msg number near in range 5.0%, response: 50.2, target: 50.8
2026-08-10 00:49:40.461 | DEBUG    | eval.evaluation.evaluation:metric_call:77 - metric_func_name number_near score 0.0 msg number not near, response: 38.7, target: 42.0
2026-08-10 00:49:40.461 | DEBUG    | eval.evaluation.evaluation:metric_call:77 - metric_func_name number_near score 0.0 msg number not near, response: 44.7, target: 47.5
2026-08-10 00:49:40.461 | DEBUG    | eval.evaluation.evaluation:metric_call:77 - metric_func_name number_near score 1.0 msg number near in range 5.0%, response: 46.7, target: 45.0
2026-08-10 00:49:40.461 | DEBUG    | eval.evaluation.evaluation:metric_call:77 - metric_func_name number_near score 1.0 msg number near in range 5.0%, response: 29.6, target: 28.7
2026-08-10 00:49:40.461 | DEBUG    | eval.evaluation.evaluation:metric_call:77 - metric_func_name number_near score 0.0 msg number not near, response: 32.2, target: 40.0
2026-08-10 00:49:40.462 | DEBUG    | eval.evaluation.evaluation:metric_call:77 - metric_func_name number_near score 0.0 msg number not near, response: 22.0, target: 34.0
2026-08-10 00:49:40.462 | DEBUG    | eval.evaluation.evaluation:metric_call:77 - metric_func_name number_near score 1.0 msg number near in range 5.0%, response: 40.0, target: 38.9
2026-08-10 00:49:40.462 | DEBUG    | eval.evaluation.evaluation:metric_call:77 - metric_func_name number_near score 1.0 msg number near in range 5.0%, response: 44.3, target: 43.0
2026-08-10 00:49:40.462 | DEBUG    | eval.evaluation.evaluation:metric_call:77 - metric_func_name number_near score 1.0 msg number near in range 5.0%, response: 46.7, target: 46.6
2026-08-10 00:49:40.462 | DEBUG    | eval.evaluation.evaluation:metric_call:77 - metric_func_name number_near score 0.0 msg number not near, response: 38.5, target: 42.5
2026-08-10 00:49:40.462 | DEBUG    | eval.evaluation.evaluation:metric_call:77 - metric_func_name number_near score 0.0 msg number not near, response: 19.9, target: 21.7
2026-08-10 00:49:40.462 | DEBUG    | eval.evaluation.evaluation:metric_call:77 - metric_func_name number_near score 0.0 msg number not near, response: 40.5, target: 34.6
2026-08-10 00:49:40.462 | DEBUG    | eval.evaluation.evaluation:metric_call:77 - metric_func_name number_near score 1.0 msg number near in range 5.0%, response: 28.7, target: 29.7
2026-08-10 00:49:40.462 | DEBUG    | eval.evaluation.evaluation:evaluate_single_query:321 - wide2deep_ws_en_050, col shareofwomenseats2024(%), metric_func_name number_near, score [1.0, 0.0, 1.0, 1.0, 0.0, 1.0, 1.0, 1.0, 1.0, 1.0, 1.0, 1.0, 1.0, 1.0, 0.0, 1.0, 0.0, 0.0, 1.0, 0.0, 0.0, 0.0, 1.0, 1.0, 1.0, 0.0, 0.0, 1.0, 1.0, 0.0, 0.0, 1.0, 1.0, 1.0, 0.0, 0.0, 0.0, 1.0]
2026-08-10 00:49:40.463 | DEBUG    | eval.evaluation.evaluation:metric_call:77 - metric_func_name number_near score 1.0 msg number near in range 5.0%, response: 151.0, target: 151.0
2026-08-10 00:49:40.463 | DEBUG    | eval.evaluation.evaluation:metric_call:77 - metric_func_name number_near score 1.0 msg number near in range 5.0%, response: 183.0, target: 183.0
2026-08-10 00:49:40.463 | DEBUG    | eval.evaluation.evaluation:metric_call:77 - metric_func_name number_near score 1.0 msg number near in range 5.0%, response: 150.0, target: 150.0
2026-08-10 00:49:40.463 | DEBUG    | eval.evaluation.evaluation:metric_call:77 - metric_func_name number_near score 1.0 msg number near in range 5.0%, response: 338.0, target: 338.0
2026-08-10 00:49:40.463 | DEBUG    | eval.evaluation.evaluation:metric_call:77 - metric_func_name number_near score 1.0 msg number near in range 5.0%, response: 155.0, target: 155.0
2026-08-10 00:49:40.463 | DEBUG    | eval.evaluation.evaluation:metric_call:77 - metric_func_name number_near score 1.0 msg number near in range 5.0%, response: 188.0, target: 188.0
2026-08-10 00:49:40.463 | DEBUG    | eval.evaluation.evaluation:metric_call:77 - metric_func_name number_near score 1.0 msg number near in range 5.0%, response: 57.0, target: 57.0
2026-08-10 00:49:40.463 | DEBUG    | eval.evaluation.evaluation:metric_call:77 - metric_func_name number_near score 1.0 msg number near in range 5.0%, response: 200.0, target: 200.0
2026-08-10 00:49:40.463 | DEBUG    | eval.evaluation.evaluation:metric_call:77 - metric_func_name number_near score 1.0 msg number near in range 5.0%, response: 179.0, target: 179.0
2026-08-10 00:49:40.463 | DEBUG    | eval.evaluation.evaluation:metric_call:77 - metric_func_name number_near score 1.0 msg number near in range 5.0%, response: 101.0, target: 101.0
2026-08-10 00:49:40.463 | DEBUG    | eval.evaluation.evaluation:metric_call:77 - metric_func_name number_near score 1.0 msg number near in range 5.0%, response: 200.0, target: 200.0
2026-08-10 00:49:40.463 | DEBUG    | eval.evaluation.evaluation:metric_call:77 - metric_func_name number_near score 1.0 msg number near in range 5.0%, response: 577.0, target: 577.0
2026-08-10 00:49:40.463 | DEBUG    | eval.evaluation.evaluation:metric_call:77 - metric_func_name number_near score 1.0 msg number near in range 5.0%, response: 733.0, target: 735.0
2026-08-10 00:49:40.463 | DEBUG    | eval.evaluation.evaluation:metric_call:77 - metric_func_name number_near score 1.0 msg number near in range 5.0%, response: 300.0, target: 300.0
2026-08-10 00:49:40.463 | DEBUG    | eval.evaluation.evaluation:metric_call:77 - metric_func_name number_near score 1.0 msg number near in range 5.0%, response: 199.0, target: 199.0
2026-08-10 00:49:40.463 | DEBUG    | eval.evaluation.evaluation:metric_call:77 - metric_func_name number_near score 1.0 msg number near in range 5.0%, response: 63.0, target: 63.0
2026-08-10 00:49:40.463 | DEBUG    | eval.evaluation.evaluation:metric_call:77 - metric_func_name number_near score 1.0 msg number near in range 5.0%, response: 160.0, target: 160.0
2026-08-10 00:49:40.463 | DEBUG    | eval.evaluation.evaluation:metric_call:77 - metric_func_name number_near score 1.0 msg number near in range 5.0%, response: 120.0, target: 120.0
2026-08-10 00:49:40.463 | DEBUG    | eval.evaluation.evaluation:metric_call:77 - metric_func_name number_near score 1.0 msg number near in range 5.0%, response: 400.0, target: 400.0
2026-08-10 00:49:40.463 | DEBUG    | eval.evaluation.evaluation:metric_call:77 - metric_func_name number_near score 1.0 msg number near in range 5.0%, response: 465.0, target: 465.0
2026-08-10 00:49:40.463 | DEBUG    | eval.evaluation.evaluation:metric_call:77 - metric_func_name number_near score 1.0 msg number near in range 5.0%, response: 300.0, target: 300.0
2026-08-10 00:49:40.463 | DEBUG    | eval.evaluation.evaluation:metric_call:77 - metric_func_name number_near score 1.0 msg number near in range 5.0%, response: 100.0, target: 100.0
2026-08-10 00:49:40.463 | DEBUG    | eval.evaluation.evaluation:metric_call:77 - metric_func_name number_near score 1.0 msg number near in range 5.0%, response: 141.0, target: 141.0
2026-08-10 00:49:40.463 | DEBUG    | eval.evaluation.evaluation:metric_call:77 - metric_func_name number_near score 1.0 msg number near in range 5.0%, response: 60.0, target: 60.0
2026-08-10 00:49:40.463 | DEBUG    | eval.evaluation.evaluation:metric_call:77 - metric_func_name number_near score 1.0 msg number near in range 5.0%, response: 500.0, target: 500.0
2026-08-10 00:49:40.464 | DEBUG    | eval.evaluation.evaluation:metric_call:77 - metric_func_name number_near score 1.0 msg number near in range 5.0%, response: 150.0, target: 150.0
2026-08-10 00:49:40.464 | DEBUG    | eval.evaluation.evaluation:metric_call:77 - metric_func_name number_near score 1.0 msg number near in range 5.0%, response: 123.0, target: 123.0
2026-08-10 00:49:40.464 | DEBUG    | eval.evaluation.evaluation:metric_call:77 - metric_func_name number_near score 1.0 msg number near in range 5.0%, response: 169.0, target: 169.0
2026-08-10 00:49:40.464 | DEBUG    | eval.evaluation.evaluation:metric_call:77 - metric_func_name number_near score 1.0 msg number near in range 5.0%, response: 460.0, target: 460.0
2026-08-10 00:49:40.464 | DEBUG    | eval.evaluation.evaluation:metric_call:77 - metric_func_name number_near score 1.0 msg number near in range 5.0%, response: 230.0, target: 230.0
2026-08-10 00:49:40.464 | DEBUG    | eval.evaluation.evaluation:metric_call:77 - metric_func_name number_near score 1.0 msg number near in range 5.0%, response: 150.0, target: 150.0
2026-08-10 00:49:40.464 | DEBUG    | eval.evaluation.evaluation:metric_call:77 - metric_func_name number_near score 1.0 msg number near in range 5.0%, response: 90.0, target: 90.0
2026-08-10 00:49:40.464 | DEBUG    | eval.evaluation.evaluation:metric_call:77 - metric_func_name number_near score 1.0 msg number near in range 5.0%, response: 350.0, target: 350.0
2026-08-10 00:49:40.464 | DEBUG    | eval.evaluation.evaluation:metric_call:77 - metric_func_name number_near score 1.0 msg number near in range 5.0%, response: 349.0, target: 349.0
2026-08-10 00:49:40.464 | DEBUG    | eval.evaluation.evaluation:metric_call:77 - metric_func_name number_near score 1.0 msg number near in range 5.0%, response: 200.0, target: 200.0
2026-08-10 00:49:40.464 | DEBUG    | eval.evaluation.evaluation:metric_call:77 - metric_func_name number_near score 1.0 msg number near in range 5.0%, response: 600.0, target: 600.0
2026-08-10 00:49:40.464 | DEBUG    | eval.evaluation.evaluation:metric_call:77 - metric_func_name number_near score 1.0 msg number near in range 5.0%, response: 650.0, target: 650.0
2026-08-10 00:49:40.464 | DEBUG    | eval.evaluation.evaluation:metric_call:77 - metric_func_name number_near score 1.0 msg number near in range 5.0%, response: 435.0, target: 435.0
2026-08-10 00:49:40.465 | DEBUG    | eval.evaluation.evaluation:evaluate_single_query:321 - wide2deep_ws_en_050, col totalseats2024, metric_func_name number_near, score [1.0, 1.0, 1.0, 1.0, 1.0, 1.0, 1.0, 1.0, 1.0, 1.0, 1.0, 1.0, 1.0, 1.0, 1.0, 1.0, 1.0, 1.0, 1.0, 1.0, 1.0, 1.0, 1.0, 1.0, 1.0, 1.0, 1.0, 1.0, 1.0, 1.0, 1.0, 1.0, 1.0, 1.0, 1.0, 1.0, 1.0, 1.0]
2026-08-10 00:49:40.470 | INFO     | eval.evaluation.evaluation:evaluate_single_query:380 - wide2deep_ws_en_050, P/R/F1 by unique_columns: 1.0000/1.0000/1.0000
2026-08-10 00:49:40.470 | INFO     | eval.evaluation.evaluation:evaluate_single_query:383 - wide2deep_ws_en_050, P/R/F1 by row: 0.5263/0.5263/0.5263
2026-08-10 00:49:40.470 | INFO     | eval.evaluation.evaluation:evaluate_single_query:386 - wide2deep_ws_en_050, P/R/F1 by item: 0.9386/0.9386/0.9386
2026-08-10 00:49:40.478 | INFO     | eval.evaluation.evaluation:evaluate_single_query:398 - wide2deep_ws_en_050, final table score: 0.0
{"event": "eval_done", "idx": 7, "instance_id": "wide2deep_ws_en_050", "score": 0.0, "entity_acc": 1.0, "f1_by_row": 0.5263157894736842, "f1_by_item": 0.9385964912280702, "column_f1": 1.0, "error": null, "elapsed_seconds": 4.868, "running_n": 7}
SUMMARY {"n": 7, "valid_n": 7, "errors": 0, "complete": true, "judge_calls_current_process": 30, "score": 0.0, "entity_acc": 0.8571428571428571, "precision_by_row": 0.35126506743048097, "recall_by_row": 0.36738228354769703, "f1_by_row": 0.3587480606277599, "precision_by_item": 0.6933255758443728, "recall_by_item": 0.6628703168176852, "f1_by_item": 0.6560995743326571, "column_precision": 0.7972789115646258, "column_recall": 0.7619047619047619, "column_f1": 0.7517006802721088}
