INFO: Pandarallel will run on 8 workers.
INFO: Pandarallel will use Memory file system to transfer data between the main process and workers.
{"event": "eval_start", "selected": 7, "resume_committed": 0, "committed_errors": 0, "crash_only_resume": false}
2026-08-13 08:58:12.841 | DEBUG    | eval.evaluation.data_loader:extract_dataframe:167 - find markdown_str 
| Name | Nationality | Year of Birth | Year Turned Pro | Tourna ...
2026-08-13 08:58:16.719 | INFO     | eval.evaluation.metric_utils:primary_key_preprocess:246 - primary_key_preprocess result: ```json
{
  "Choi Jeong (Go Ratings—Whole-History Rating/WHR)": "Choi Jeong",
  "Yu Zhiying": "Yu Zhiying",
  "Zhou Hongyu": "Zhou Hongyu",
  "Kim Eunji": "Kim Eunji"
}
```
2026-08-13 08:58:16.719 | INFO     | eval.evaluation.evaluation:evaluate_single_query:223 - col: name, primary_key_map {'Choi Jeong (Go Ratings—Whole-History Rating/WHR)': 'Choi Jeong', 'Yu Zhiying': 'Yu Zhiying', 'Zhou Hongyu': 'Zhou Hongyu', 'Kim Eunji': 'Kim Eunji'}
2026-08-13 08:58:25.253 | INFO     | eval.evaluation.metric_utils:primary_key_preprocess:246 - primary_key_preprocess result: ```json
{
  "1st Wu Qingyuan Cup": "The 1st Wu Qingyuan Cup（the Go Seigen Cup）",
  "2nd Wu Qingyuan Cup": "The 2nd Wu Qingyuan Cup（the Go Seigen Cup）",
  "4th Wu Qingyuan Cup": "The 4th Wu Qingyuan Cup（the Go Seigen Cup）",
  "27th Samsung Cup": "The 27th Samsung Cup",
  "19th Asian Games—Women's Team Go": "The 19th Asian Games (the 2020 Asian Games)",
  "6th SENKO Cup World Go Women's Championship": "The 6th SENKO CUP World Go Women’s Championship ",
  "6th Bingsheng Cup World Women's Go Championship": "The 6th Qionglong Mountain Bingsheng Cup ",
  "7th Bingsheng Cup World Women's Go Championship": "The 7th Qionglong Mountain Bingsheng Cup ",
  "3rd Wu Qingyuan Cup": "The 3rd Wu Qingyuan Cup（the Go Seigen Cup）",
  "5th Wu Qingyuan Cup": "The 5th Wu Qingyuan Cup（the Go Seigen Cup）",
  "5th SENKO Cup World Go Women's Championship": "The 5th SENKO CUP World Go Women’s Championship ",
  "7th Wu Qingyuan Cup": "The 7th Wu Qingyuan Cup（the Go Seigen Cup）",
  "1st SENKO Cup World Go Women's Championship": "The 1st SENKO CUP World Go Women’s Championship "
}
```
2026-08-13 08:58:25.253 | INFO     | eval.evaluation.evaluation:evaluate_single_query:223 - col: tournament, primary_key_map {'1st Wu Qingyuan Cup': 'The 1st Wu Qingyuan Cup（the Go Seigen Cup）', '2nd Wu Qingyuan Cup': 'The 2nd Wu Qingyuan Cup（the Go Seigen Cup）', '4th Wu Qingyuan Cup': 'The 4th Wu Qingyuan Cup（the Go Seigen Cup）', '27th Samsung Cup': 'The 27th Samsung Cup', "19th Asian Games—Women's Team Go": 'The 19th Asian Games (the 2020 Asian Games)', "6th SENKO Cup World Go Women's Championship": 'The 6th SENKO CUP World Go Women’s Championship ', "6th Bingsheng Cup World Women's Go Championship": 'The 6th Qionglong Mountain Bingsheng Cup ', "7th Bingsheng Cup World Women's Go Championship": 'The 7th Qionglong Mountain Bingsheng Cup ', '3rd Wu Qingyuan Cup': 'The 3rd Wu Qingyuan Cup（the Go Seigen Cup）', '5th Wu Qingyuan Cup': 'The 5th Wu Qingyuan Cup（the Go Seigen Cup）', "5th SENKO Cup World Go Women's Championship": 'The 5th SENKO CUP World Go Women’s Championship ', '7th Wu Qingyuan Cup': 'The 7th Wu Qingyuan Cup（the Go Seigen Cup）', "1st SENKO Cup World Go Women's Championship": 'The 1st SENKO CUP World Go Women’s Championship '}
2026-08-13 08:58:25.263 | INFO     | eval.evaluation.evaluation:evaluate_single_query:275 - wide2deep_ws_en_082, df_inner shape: (14, 14), answer_df shape: (86, 7), response_df shape: (21, 9)
2026-08-13 08:58:30.400 | DEBUG    | eval.evaluation.evaluation:evaluate_single_query:321 - wide2deep_ws_en_082, col nationality, metric_func_name llm_judge, score [0, 0, 0, 0, 0, 0, 0, 0, 0, 0, 0, 0, 0, 0]
2026-08-13 08:58:30.400 | DEBUG    | eval.evaluation.evaluation:metric_call:77 - metric_func_name exact_match score 1.0 msg exact match, response: 1996, target: 1996
2026-08-13 08:58:30.400 | DEBUG    | eval.evaluation.evaluation:metric_call:77 - metric_func_name exact_match score 1.0 msg exact match, response: 1996, target: 1996
2026-08-13 08:58:30.400 | DEBUG    | eval.evaluation.evaluation:metric_call:77 - metric_func_name exact_match score 1.0 msg exact match, response: 1996, target: 1996
2026-08-13 08:58:30.400 | DEBUG    | eval.evaluation.evaluation:metric_call:77 - metric_func_name exact_match score 1.0 msg exact match, response: 1996, target: 1996
2026-08-13 08:58:30.400 | DEBUG    | eval.evaluation.evaluation:metric_call:77 - metric_func_name exact_match score 1.0 msg exact match, response: 1996, target: 1996
2026-08-13 08:58:30.400 | DEBUG    | eval.evaluation.evaluation:metric_call:77 - metric_func_name exact_match score 1.0 msg exact match, response: 1996, target: 1996
2026-08-13 08:58:30.401 | DEBUG    | eval.evaluation.evaluation:metric_call:77 - metric_func_name exact_match score 1.0 msg exact match, response: 2007, target: 2007
2026-08-13 08:58:30.401 | DEBUG    | eval.evaluation.evaluation:metric_call:77 - metric_func_name exact_match score 1.0 msg exact match, response: 2007, target: 2007
2026-08-13 08:58:30.401 | DEBUG    | eval.evaluation.evaluation:metric_call:77 - metric_func_name exact_match score 1.0 msg exact match, response: 1997, target: 1997
2026-08-13 08:58:30.401 | DEBUG    | eval.evaluation.evaluation:metric_call:77 - metric_func_name exact_match score 1.0 msg exact match, response: 1997, target: 1997
2026-08-13 08:58:30.401 | DEBUG    | eval.evaluation.evaluation:metric_call:77 - metric_func_name exact_match score 1.0 msg exact match, response: 1997, target: 1997
2026-08-13 08:58:30.401 | DEBUG    | eval.evaluation.evaluation:metric_call:77 - metric_func_name exact_match score 1.0 msg exact match, response: 1997, target: 1997
2026-08-13 08:58:30.401 | DEBUG    | eval.evaluation.evaluation:metric_call:77 - metric_func_name exact_match score 1.0 msg exact match, response: 2002, target: 2002
2026-08-13 08:58:30.401 | DEBUG    | eval.evaluation.evaluation:metric_call:77 - metric_func_name exact_match score 1.0 msg exact match, response: 2002, target: 2002
2026-08-13 08:58:30.402 | DEBUG    | eval.evaluation.evaluation:evaluate_single_query:321 - wide2deep_ws_en_082, col yearofbirth, metric_func_name exact_match, score [1.0, 1.0, 1.0, 1.0, 1.0, 1.0, 1.0, 1.0, 1.0, 1.0, 1.0, 1.0, 1.0, 1.0]
2026-08-13 08:58:30.402 | DEBUG    | eval.evaluation.evaluation:metric_call:77 - metric_func_name exact_match score 1.0 msg exact match, response: 2010, target: 2010
2026-08-13 08:58:30.402 | DEBUG    | eval.evaluation.evaluation:metric_call:77 - metric_func_name exact_match score 1.0 msg exact match, response: 2010, target: 2010
2026-08-13 08:58:30.402 | DEBUG    | eval.evaluation.evaluation:metric_call:77 - metric_func_name exact_match score 1.0 msg exact match, response: 2010, target: 2010
2026-08-13 08:58:30.402 | DEBUG    | eval.evaluation.evaluation:metric_call:77 - metric_func_name exact_match score 1.0 msg exact match, response: 2010, target: 2010
2026-08-13 08:58:30.402 | DEBUG    | eval.evaluation.evaluation:metric_call:77 - metric_func_name exact_match score 1.0 msg exact match, response: 2010, target: 2010
2026-08-13 08:58:30.402 | DEBUG    | eval.evaluation.evaluation:metric_call:77 - metric_func_name exact_match score 1.0 msg exact match, response: 2010, target: 2010
2026-08-13 08:58:30.402 | DEBUG    | eval.evaluation.evaluation:metric_call:77 - metric_func_name exact_match score 1.0 msg exact match, response: 2020, target: 2020
2026-08-13 08:58:30.402 | DEBUG    | eval.evaluation.evaluation:metric_call:77 - metric_func_name exact_match score 1.0 msg exact match, response: 2020, target: 2020
2026-08-13 08:58:30.402 | DEBUG    | eval.evaluation.evaluation:metric_call:77 - metric_func_name exact_match score 0.0 msg exact not match, response: 2010, target: 2009
2026-08-13 08:58:30.402 | DEBUG    | eval.evaluation.evaluation:metric_call:77 - metric_func_name exact_match score 0.0 msg exact not match, response: 2010, target: 2009
2026-08-13 08:58:30.402 | DEBUG    | eval.evaluation.evaluation:metric_call:77 - metric_func_name exact_match score 0.0 msg exact not match, response: 2010, target: 2009
2026-08-13 08:58:30.402 | DEBUG    | eval.evaluation.evaluation:metric_call:77 - metric_func_name exact_match score 0.0 msg exact not match, response: 2010, target: 2009
2026-08-13 08:58:30.403 | DEBUG    | eval.evaluation.evaluation:metric_call:77 - metric_func_name exact_match score 0.0 msg exact not match, response: 2015, target: 2016
2026-08-13 08:58:30.403 | DEBUG    | eval.evaluation.evaluation:metric_call:77 - metric_func_name exact_match score 0.0 msg exact not match, response: 2015, target: 2016
2026-08-13 08:58:30.403 | DEBUG    | eval.evaluation.evaluation:evaluate_single_query:321 - wide2deep_ws_en_082, col yearturnedpro, metric_func_name exact_match, score [1.0, 1.0, 1.0, 1.0, 1.0, 1.0, 1.0, 1.0, 0.0, 0.0, 0.0, 0.0, 0.0, 0.0]
2026-08-13 08:58:30.404 | DEBUG    | eval.evaluation.evaluation:metric_call:77 - metric_func_name exact_match score 1.0 msg exact match, response: 2018, target: 2018
2026-08-13 08:58:30.404 | DEBUG    | eval.evaluation.evaluation:metric_call:77 - metric_func_name exact_match score 1.0 msg exact match, response: 2019, target: 2019
2026-08-13 08:58:30.404 | DEBUG    | eval.evaluation.evaluation:metric_call:77 - metric_func_name exact_match score 1.0 msg exact match, response: 2021, target: 2021
2026-08-13 08:58:30.404 | DEBUG    | eval.evaluation.evaluation:metric_call:77 - metric_func_name exact_match score 1.0 msg exact match, response: 2022, target: 2022
2026-08-13 08:58:30.404 | DEBUG    | eval.evaluation.evaluation:metric_call:77 - metric_func_name exact_match score 1.0 msg exact match, response: 2023, target: 2023
2026-08-13 08:58:30.404 | DEBUG    | eval.evaluation.evaluation:metric_call:77 - metric_func_name exact_match score 1.0 msg exact match, response: 2024, target: 2024
2026-08-13 08:58:30.404 | DEBUG    | eval.evaluation.evaluation:metric_call:77 - metric_func_name exact_match score 1.0 msg exact match, response: 2023, target: 2023
2026-08-13 08:58:30.404 | DEBUG    | eval.evaluation.evaluation:metric_call:77 - metric_func_name exact_match score 1.0 msg exact match, response: 2024, target: 2024
2026-08-13 08:58:30.404 | DEBUG    | eval.evaluation.evaluation:metric_call:77 - metric_func_name exact_match score 1.0 msg exact match, response: 2015, target: 2015
2026-08-13 08:58:30.404 | DEBUG    | eval.evaluation.evaluation:metric_call:77 - metric_func_name exact_match score 1.0 msg exact match, response: 2016, target: 2016
2026-08-13 08:58:30.405 | DEBUG    | eval.evaluation.evaluation:metric_call:77 - metric_func_name exact_match score 1.0 msg exact match, response: 2020, target: 2020
2026-08-13 08:58:30.405 | DEBUG    | eval.evaluation.evaluation:metric_call:77 - metric_func_name exact_match score 1.0 msg exact match, response: 2023, target: 2023
2026-08-13 08:58:30.405 | DEBUG    | eval.evaluation.evaluation:metric_call:77 - metric_func_name exact_match score 1.0 msg exact match, response: 2020, target: 2020
2026-08-13 08:58:30.405 | DEBUG    | eval.evaluation.evaluation:metric_call:77 - metric_func_name exact_match score 1.0 msg exact match, response: 2023, target: 2023
2026-08-13 08:58:30.405 | DEBUG    | eval.evaluation.evaluation:evaluate_single_query:321 - wide2deep_ws_en_082, col yearofparticipation, metric_func_name exact_match, score [1.0, 1.0, 1.0, 1.0, 1.0, 1.0, 1.0, 1.0, 1.0, 1.0, 1.0, 1.0, 1.0, 1.0]
2026-08-13 08:58:36.741 | DEBUG    | eval.evaluation.evaluation:evaluate_single_query:321 - wide2deep_ws_en_082, col result, metric_func_name llm_judge, score [1, 1, 1, 1, 1, 1, 1, 0, 1, 0, 0, 1, 0, 1]
2026-08-13 08:58:36.751 | INFO     | eval.evaluation.evaluation:evaluate_single_query:380 - wide2deep_ws_en_082, P/R/F1 by unique_columns: 0.6667/0.1628/0.2617
2026-08-13 08:58:36.751 | INFO     | eval.evaluation.evaluation:evaluate_single_query:383 - wide2deep_ws_en_082, P/R/F1 by row: 0.0000/0.0000/0.0000
2026-08-13 08:58:36.751 | INFO     | eval.evaluation.evaluation:evaluate_single_query:386 - wide2deep_ws_en_082, P/R/F1 by item: 0.5034/0.1229/0.1976
2026-08-13 08:58:36.755 | INFO     | eval.evaluation.evaluation:evaluate_single_query:398 - wide2deep_ws_en_082, final table score: 0.0
{"event": "eval_done", "idx": 1, "instance_id": "wide2deep_ws_en_082", "score": 0.0, "entity_acc": 1.0, "f1_by_row": 0.0, "f1_by_item": 0.19759679572763683, "column_f1": 0.26168224299065423, "error": null, "elapsed_seconds": 28.819, "running_n": 1}
2026-08-13 08:58:40.210 | DEBUG    | eval.evaluation.data_loader:extract_dataframe:167 - find markdown_str 
| 车型名称 | 排量[L] | 供油方式 | 发动机最大功率[kW] | 发动机最大扭矩[N·m] | 发动机最大马力[Ps ...
2026-08-13 08:58:46.121 | INFO     | eval.evaluation.metric_utils:primary_key_preprocess:246 - primary_key_preprocess result: ```json
{
  "秦PLUS 2025款 DM-i智驾版 55KM领先型": "第二代秦PLUS DM-i智驾版55KM 领先型",
  "秦PLUS 2025款 EV智驾版 420KM领先型": "第二代秦PLUS EV智驾版420KM领先型",
  "秦L 2025款 DM-i智驾版 80KM领先型": "秦L DM-i智驾版80KM领先型",
  "元PLUS 2025款 智驾版 430KM领先型": "第二代元PLUS智驾版 430KM 领先型",
  "宋Pro DM-i 2025款 智驾版 75KM领先型": "宋Pro DM-i智驾版 75KM 领先型",
  "宋L DM-i 2025款 智驾版 75KM领先型": "宋L DM-i智驾版 75KM领先型",
  "宋L EV 2025款 智驾版 550KM卓越型": "宋L EV智驾版 550KM 卓越型",
  "汉EV 2025款 智驾版 506KM尊贵型": "汉EV智驾版 506KM尊贵型",
  "唐DM-i 2025款 智驾版 115KM尊贵型": "唐DM-i智驾版 115KM 尊贵型"
}
```
2026-08-13 08:58:46.121 | INFO     | eval.evaluation.evaluation:evaluate_single_query:223 - col: 车型名称, primary_key_map {'秦PLUS 2025款 DM-i智驾版 55KM领先型': '第二代秦PLUS DM-i智驾版55KM 领先型', '秦PLUS 2025款 EV智驾版 420KM领先型': '第二代秦PLUS EV智驾版420KM领先型', '秦L 2025款 DM-i智驾版 80KM领先型': '秦L DM-i智驾版80KM领先型', '元PLUS 2025款 智驾版 430KM领先型': '第二代元PLUS智驾版 430KM 领先型', '宋Pro DM-i 2025款 智驾版 75KM领先型': '宋Pro DM-i智驾版 75KM 领先型', '宋L DM-i 2025款 智驾版 75KM领先型': '宋L DM-i智驾版 75KM领先型', '宋L EV 2025款 智驾版 550KM卓越型': '宋L EV智驾版 550KM 卓越型', '汉EV 2025款 智驾版 506KM尊贵型': '汉EV智驾版 506KM尊贵型', '唐DM-i 2025款 智驾版 115KM尊贵型': '唐DM-i智驾版 115KM 尊贵型'}
2026-08-13 08:58:46.131 | INFO     | eval.evaluation.evaluation:evaluate_single_query:275 - wide2deep_ws_zh_065, df_inner shape: (9, 28), answer_df shape: (13, 14), response_df shape: (13, 15)
2026-08-13 08:58:46.132 | DEBUG    | eval.evaluation.evaluation:metric_call:77 - metric_func_name exact_match score 1.0 msg exact match, response: 1.5, target: 1.5
2026-08-13 08:58:46.132 | DEBUG    | eval.evaluation.evaluation:metric_call:77 - metric_func_name exact_match score 1.0 msg exact match, response: -, target: -
2026-08-13 08:58:46.132 | DEBUG    | eval.evaluation.evaluation:metric_call:77 - metric_func_name exact_match score 1.0 msg exact match, response: 1.5, target: 1.5
2026-08-13 08:58:46.132 | DEBUG    | eval.evaluation.evaluation:metric_call:77 - metric_func_name exact_match score 1.0 msg exact match, response: -, target: -
2026-08-13 08:58:46.132 | DEBUG    | eval.evaluation.evaluation:metric_call:77 - metric_func_name exact_match score 1.0 msg exact match, response: -, target: -
2026-08-13 08:58:46.133 | DEBUG    | eval.evaluation.evaluation:metric_call:77 - metric_func_name exact_match score 1.0 msg exact match, response: 1.5, target: 1.5
2026-08-13 08:58:46.133 | DEBUG    | eval.evaluation.evaluation:metric_call:77 - metric_func_name exact_match score 1.0 msg exact match, response: 1.5, target: 1.5
2026-08-13 08:58:46.133 | DEBUG    | eval.evaluation.evaluation:metric_call:77 - metric_func_name exact_match score 1.0 msg exact match, response: -, target: -
2026-08-13 08:58:46.133 | DEBUG    | eval.evaluation.evaluation:metric_call:77 - metric_func_name exact_match score 1.0 msg exact match, response: 1.5, target: 1.5
2026-08-13 08:58:46.133 | DEBUG    | eval.evaluation.evaluation:evaluate_single_query:321 - wide2deep_ws_zh_065, col 排量[l], metric_func_name exact_match, score [1.0, 1.0, 1.0, 1.0, 1.0, 1.0, 1.0, 1.0, 1.0]
2026-08-13 08:58:50.338 | DEBUG    | eval.evaluation.evaluation:evaluate_single_query:321 - wide2deep_ws_zh_065, col 供油方式, metric_func_name llm_judge, score [1, 1, 1, 1, 1, 1, 1, 1, 1]
2026-08-13 08:58:50.338 | DEBUG    | eval.evaluation.evaluation:metric_call:77 - metric_func_name exact_match score 1.0 msg exact match, response: 74, target: 74
2026-08-13 08:58:50.338 | DEBUG    | eval.evaluation.evaluation:metric_call:77 - metric_func_name exact_match score 1.0 msg exact match, response: -, target: -
2026-08-13 08:58:50.338 | DEBUG    | eval.evaluation.evaluation:metric_call:77 - metric_func_name exact_match score 1.0 msg exact match, response: 74, target: 74
2026-08-13 08:58:50.338 | DEBUG    | eval.evaluation.evaluation:metric_call:77 - metric_func_name exact_match score 1.0 msg exact match, response: -, target: -
2026-08-13 08:58:50.338 | DEBUG    | eval.evaluation.evaluation:metric_call:77 - metric_func_name exact_match score 1.0 msg exact match, response: -, target: -
2026-08-13 08:58:50.338 | DEBUG    | eval.evaluation.evaluation:metric_call:77 - metric_func_name exact_match score 1.0 msg exact match, response: 74, target: 74
2026-08-13 08:58:50.338 | DEBUG    | eval.evaluation.evaluation:metric_call:77 - metric_func_name exact_match score 1.0 msg exact match, response: 74, target: 74
2026-08-13 08:58:50.338 | DEBUG    | eval.evaluation.evaluation:metric_call:77 - metric_func_name exact_match score 1.0 msg exact match, response: -, target: -
2026-08-13 08:58:50.338 | DEBUG    | eval.evaluation.evaluation:metric_call:77 - metric_func_name exact_match score 1.0 msg exact match, response: 115, target: 115
2026-08-13 08:58:50.339 | DEBUG    | eval.evaluation.evaluation:evaluate_single_query:321 - wide2deep_ws_zh_065, col 发动机最大功率[kw], metric_func_name exact_match, score [1.0, 1.0, 1.0, 1.0, 1.0, 1.0, 1.0, 1.0, 1.0]
2026-08-13 08:58:50.339 | DEBUG    | eval.evaluation.evaluation:metric_call:77 - metric_func_name exact_match score 1.0 msg exact match, response: 126, target: 126
2026-08-13 08:58:50.339 | DEBUG    | eval.evaluation.evaluation:metric_call:77 - metric_func_name exact_match score 1.0 msg exact match, response: -, target: -
2026-08-13 08:58:50.339 | DEBUG    | eval.evaluation.evaluation:metric_call:77 - metric_func_name exact_match score 1.0 msg exact match, response: 126, target: 126
2026-08-13 08:58:50.339 | DEBUG    | eval.evaluation.evaluation:metric_call:77 - metric_func_name exact_match score 1.0 msg exact match, response: -, target: -
2026-08-13 08:58:50.339 | DEBUG    | eval.evaluation.evaluation:metric_call:77 - metric_func_name exact_match score 1.0 msg exact match, response: -, target: -
2026-08-13 08:58:50.339 | DEBUG    | eval.evaluation.evaluation:metric_call:77 - metric_func_name exact_match score 1.0 msg exact match, response: 126, target: 126
2026-08-13 08:58:50.340 | DEBUG    | eval.evaluation.evaluation:metric_call:77 - metric_func_name exact_match score 1.0 msg exact match, response: 126, target: 126
2026-08-13 08:58:50.340 | DEBUG    | eval.evaluation.evaluation:metric_call:77 - metric_func_name exact_match score 1.0 msg exact match, response: -, target: -
2026-08-13 08:58:50.340 | DEBUG    | eval.evaluation.evaluation:metric_call:77 - metric_func_name exact_match score 1.0 msg exact match, response: 225, target: 225
2026-08-13 08:58:50.340 | DEBUG    | eval.evaluation.evaluation:evaluate_single_query:321 - wide2deep_ws_zh_065, col 发动机最大扭矩[n·m], metric_func_name exact_match, score [1.0, 1.0, 1.0, 1.0, 1.0, 1.0, 1.0, 1.0, 1.0]
2026-08-13 08:58:50.341 | DEBUG    | eval.evaluation.evaluation:metric_call:77 - metric_func_name exact_match score 1.0 msg exact match, response: 101, target: 101
2026-08-13 08:58:50.341 | DEBUG    | eval.evaluation.evaluation:metric_call:77 - metric_func_name exact_match score 1.0 msg exact match, response: -, target: -
2026-08-13 08:58:50.341 | DEBUG    | eval.evaluation.evaluation:metric_call:77 - metric_func_name exact_match score 1.0 msg exact match, response: 101, target: 101
2026-08-13 08:58:50.341 | DEBUG    | eval.evaluation.evaluation:metric_call:77 - metric_func_name exact_match score 1.0 msg exact match, response: -, target: -
2026-08-13 08:58:50.341 | DEBUG    | eval.evaluation.evaluation:metric_call:77 - metric_func_name exact_match score 1.0 msg exact match, response: -, target: -
2026-08-13 08:58:50.341 | DEBUG    | eval.evaluation.evaluation:metric_call:77 - metric_func_name exact_match score 1.0 msg exact match, response: 101, target: 101
2026-08-13 08:58:50.341 | DEBUG    | eval.evaluation.evaluation:metric_call:77 - metric_func_name exact_match score 1.0 msg exact match, response: 101, target: 101
2026-08-13 08:58:50.341 | DEBUG    | eval.evaluation.evaluation:metric_call:77 - metric_func_name exact_match score 1.0 msg exact match, response: -, target: -
2026-08-13 08:58:50.341 | DEBUG    | eval.evaluation.evaluation:metric_call:77 - metric_func_name exact_match score 1.0 msg exact match, response: 156, target: 156
2026-08-13 08:58:50.342 | DEBUG    | eval.evaluation.evaluation:evaluate_single_query:321 - wide2deep_ws_zh_065, col 发动机最大马力[ps], metric_func_name exact_match, score [1.0, 1.0, 1.0, 1.0, 1.0, 1.0, 1.0, 1.0, 1.0]
2026-08-13 08:58:50.342 | DEBUG    | eval.evaluation.evaluation:metric_call:77 - metric_func_name exact_match score 1.0 msg exact match, response: 自然吸气, target: 自然吸气
2026-08-13 08:58:50.342 | DEBUG    | eval.evaluation.evaluation:metric_call:77 - metric_func_name exact_match score 1.0 msg exact match, response: -, target: -
2026-08-13 08:58:50.342 | DEBUG    | eval.evaluation.evaluation:metric_call:77 - metric_func_name exact_match score 1.0 msg exact match, response: 自然吸气, target: 自然吸气
2026-08-13 08:58:50.342 | DEBUG    | eval.evaluation.evaluation:metric_call:77 - metric_func_name exact_match score 1.0 msg exact match, response: -, target: -
2026-08-13 08:58:50.342 | DEBUG    | eval.evaluation.evaluation:metric_call:77 - metric_func_name exact_match score 1.0 msg exact match, response: -, target: -
2026-08-13 08:58:50.342 | DEBUG    | eval.evaluation.evaluation:metric_call:77 - metric_func_name exact_match score 1.0 msg exact match, response: 自然吸气, target: 自然吸气
2026-08-13 08:58:50.342 | DEBUG    | eval.evaluation.evaluation:metric_call:77 - metric_func_name exact_match score 1.0 msg exact match, response: 自然吸气, target: 自然吸气
2026-08-13 08:58:50.342 | DEBUG    | eval.evaluation.evaluation:metric_call:77 - metric_func_name exact_match score 1.0 msg exact match, response: -, target: -
2026-08-13 08:58:50.342 | DEBUG    | eval.evaluation.evaluation:metric_call:77 - metric_func_name exact_match score 1.0 msg exact match, response: 涡轮增压, target: 涡轮增压
2026-08-13 08:58:50.343 | DEBUG    | eval.evaluation.evaluation:evaluate_single_query:321 - wide2deep_ws_zh_065, col 发动机进气方式, metric_func_name exact_match, score [1.0, 1.0, 1.0, 1.0, 1.0, 1.0, 1.0, 1.0, 1.0]
2026-08-13 08:58:50.343 | DEBUG    | eval.evaluation.evaluation:metric_call:77 - metric_func_name exact_match score 1.0 msg exact match, response: 4, target: 4
2026-08-13 08:58:50.343 | DEBUG    | eval.evaluation.evaluation:metric_call:77 - metric_func_name exact_match score 1.0 msg exact match, response: -, target: -
2026-08-13 08:58:50.343 | DEBUG    | eval.evaluation.evaluation:metric_call:77 - metric_func_name exact_match score 1.0 msg exact match, response: 4, target: 4
2026-08-13 08:58:50.343 | DEBUG    | eval.evaluation.evaluation:metric_call:77 - metric_func_name exact_match score 1.0 msg exact match, response: -, target: -
2026-08-13 08:58:50.343 | DEBUG    | eval.evaluation.evaluation:metric_call:77 - metric_func_name exact_match score 1.0 msg exact match, response: -, target: -
2026-08-13 08:58:50.343 | DEBUG    | eval.evaluation.evaluation:metric_call:77 - metric_func_name exact_match score 1.0 msg exact match, response: 4, target: 4
2026-08-13 08:58:50.344 | DEBUG    | eval.evaluation.evaluation:metric_call:77 - metric_func_name exact_match score 1.0 msg exact match, response: 4, target: 4
2026-08-13 08:58:50.344 | DEBUG    | eval.evaluation.evaluation:metric_call:77 - metric_func_name exact_match score 1.0 msg exact match, response: -, target: -
2026-08-13 08:58:50.344 | DEBUG    | eval.evaluation.evaluation:metric_call:77 - metric_func_name exact_match score 1.0 msg exact match, response: 4, target: 4
2026-08-13 08:58:50.344 | DEBUG    | eval.evaluation.evaluation:evaluate_single_query:321 - wide2deep_ws_zh_065, col 发动机气缸数, metric_func_name exact_match, score [1.0, 1.0, 1.0, 1.0, 1.0, 1.0, 1.0, 1.0, 1.0]
2026-08-13 08:58:52.844 | DEBUG    | eval.evaluation.evaluation:evaluate_single_query:321 - wide2deep_ws_zh_065, col 电池类型, metric_func_name llm_judge, score [1, 1, 1, 1, 1, 1, 1, 1, 1]
2026-08-13 08:58:52.844 | DEBUG    | eval.evaluation.evaluation:metric_call:77 - metric_func_name exact_match score 1.0 msg exact match, response: 弗迪, target: 弗迪
2026-08-13 08:58:52.844 | DEBUG    | eval.evaluation.evaluation:metric_call:77 - metric_func_name exact_match score 1.0 msg exact match, response: 弗迪, target: 弗迪
2026-08-13 08:58:52.844 | DEBUG    | eval.evaluation.evaluation:metric_call:77 - metric_func_name exact_match score 1.0 msg exact match, response: 弗迪, target: 弗迪
2026-08-13 08:58:52.844 | DEBUG    | eval.evaluation.evaluation:metric_call:77 - metric_func_name exact_match score 1.0 msg exact match, response: 弗迪, target: 弗迪
2026-08-13 08:58:52.845 | DEBUG    | eval.evaluation.evaluation:metric_call:77 - metric_func_name exact_match score 1.0 msg exact match, response: 弗迪, target: 弗迪
2026-08-13 08:58:52.845 | DEBUG    | eval.evaluation.evaluation:metric_call:77 - metric_func_name exact_match score 1.0 msg exact match, response: 弗迪, target: 弗迪
2026-08-13 08:58:52.845 | DEBUG    | eval.evaluation.evaluation:metric_call:77 - metric_func_name exact_match score 1.0 msg exact match, response: 弗迪, target: 弗迪
2026-08-13 08:58:52.845 | DEBUG    | eval.evaluation.evaluation:metric_call:77 - metric_func_name exact_match score 1.0 msg exact match, response: 弗迪, target: 弗迪
2026-08-13 08:58:52.845 | DEBUG    | eval.evaluation.evaluation:metric_call:77 - metric_func_name exact_match score 1.0 msg exact match, response: 弗迪, target: 弗迪
2026-08-13 08:58:52.845 | DEBUG    | eval.evaluation.evaluation:evaluate_single_query:321 - wide2deep_ws_zh_065, col 电芯品牌, metric_func_name exact_match, score [1.0, 1.0, 1.0, 1.0, 1.0, 1.0, 1.0, 1.0, 1.0]
2026-08-13 08:58:52.846 | DEBUG    | eval.evaluation.evaluation:metric_call:77 - metric_func_name exact_match score 1.0 msg exact match, response: 120, target: 120
2026-08-13 08:58:52.846 | DEBUG    | eval.evaluation.evaluation:metric_call:77 - metric_func_name exact_match score 1.0 msg exact match, response: 100, target: 100
2026-08-13 08:58:52.846 | DEBUG    | eval.evaluation.evaluation:metric_call:77 - metric_func_name exact_match score 1.0 msg exact match, response: 120, target: 120
2026-08-13 08:58:52.846 | DEBUG    | eval.evaluation.evaluation:metric_call:77 - metric_func_name exact_match score 1.0 msg exact match, response: 150, target: 150
2026-08-13 08:58:52.846 | DEBUG    | eval.evaluation.evaluation:metric_call:77 - metric_func_name exact_match score 1.0 msg exact match, response: 150, target: 150
2026-08-13 08:58:52.846 | DEBUG    | eval.evaluation.evaluation:metric_call:77 - metric_func_name exact_match score 1.0 msg exact match, response: 120, target: 120
2026-08-13 08:58:52.846 | DEBUG    | eval.evaluation.evaluation:metric_call:77 - metric_func_name exact_match score 1.0 msg exact match, response: 160, target: 160
2026-08-13 08:58:52.846 | DEBUG    | eval.evaluation.evaluation:metric_call:77 - metric_func_name exact_match score 1.0 msg exact match, response: 150, target: 150
2026-08-13 08:58:52.846 | DEBUG    | eval.evaluation.evaluation:metric_call:77 - metric_func_name exact_match score 1.0 msg exact match, response: 200, target: 200
2026-08-13 08:58:52.847 | DEBUG    | eval.evaluation.evaluation:evaluate_single_query:321 - wide2deep_ws_zh_065, col 电动机总功率[kw], metric_func_name exact_match, score [1.0, 1.0, 1.0, 1.0, 1.0, 1.0, 1.0, 1.0, 1.0]
2026-08-13 08:58:52.847 | DEBUG    | eval.evaluation.evaluation:metric_call:77 - metric_func_name exact_match score 1.0 msg exact match, response: 163, target: 163
2026-08-13 08:58:52.847 | DEBUG    | eval.evaluation.evaluation:metric_call:77 - metric_func_name exact_match score 1.0 msg exact match, response: 136, target: 136
2026-08-13 08:58:52.847 | DEBUG    | eval.evaluation.evaluation:metric_call:77 - metric_func_name exact_match score 1.0 msg exact match, response: 163, target: 163
2026-08-13 08:58:52.847 | DEBUG    | eval.evaluation.evaluation:metric_call:77 - metric_func_name exact_match score 1.0 msg exact match, response: 204, target: 204
2026-08-13 08:58:52.847 | DEBUG    | eval.evaluation.evaluation:metric_call:77 - metric_func_name exact_match score 1.0 msg exact match, response: 204, target: 204
2026-08-13 08:58:52.847 | DEBUG    | eval.evaluation.evaluation:metric_call:77 - metric_func_name exact_match score 1.0 msg exact match, response: 163, target: 163
2026-08-13 08:58:52.847 | DEBUG    | eval.evaluation.evaluation:metric_call:77 - metric_func_name exact_match score 1.0 msg exact match, response: 218, target: 218
2026-08-13 08:58:52.847 | DEBUG    | eval.evaluation.evaluation:metric_call:77 - metric_func_name exact_match score 1.0 msg exact match, response: 204, target: 204
2026-08-13 08:58:52.847 | DEBUG    | eval.evaluation.evaluation:metric_call:77 - metric_func_name exact_match score 1.0 msg exact match, response: 272, target: 272
2026-08-13 08:58:52.848 | DEBUG    | eval.evaluation.evaluation:evaluate_single_query:321 - wide2deep_ws_zh_065, col 电动机总马力[ps], metric_func_name exact_match, score [1.0, 1.0, 1.0, 1.0, 1.0, 1.0, 1.0, 1.0, 1.0]
2026-08-13 08:58:52.848 | DEBUG    | eval.evaluation.evaluation:metric_call:77 - metric_func_name exact_match score 1.0 msg exact match, response: 210, target: 210
2026-08-13 08:58:52.848 | DEBUG    | eval.evaluation.evaluation:metric_call:77 - metric_func_name exact_match score 1.0 msg exact match, response: 180, target: 180
2026-08-13 08:58:52.848 | DEBUG    | eval.evaluation.evaluation:metric_call:77 - metric_func_name exact_match score 1.0 msg exact match, response: 210, target: 210
2026-08-13 08:58:52.848 | DEBUG    | eval.evaluation.evaluation:metric_call:77 - metric_func_name exact_match score 1.0 msg exact match, response: 310, target: 310
2026-08-13 08:58:52.848 | DEBUG    | eval.evaluation.evaluation:metric_call:77 - metric_func_name exact_match score 1.0 msg exact match, response: 310, target: 310
2026-08-13 08:58:52.849 | DEBUG    | eval.evaluation.evaluation:metric_call:77 - metric_func_name exact_match score 1.0 msg exact match, response: 210, target: 210
2026-08-13 08:58:52.849 | DEBUG    | eval.evaluation.evaluation:metric_call:77 - metric_func_name exact_match score 1.0 msg exact match, response: 260, target: 260
2026-08-13 08:58:52.849 | DEBUG    | eval.evaluation.evaluation:metric_call:77 - metric_func_name exact_match score 1.0 msg exact match, response: 310, target: 310
2026-08-13 08:58:52.849 | DEBUG    | eval.evaluation.evaluation:metric_call:77 - metric_func_name exact_match score 1.0 msg exact match, response: 315, target: 315
2026-08-13 08:58:52.849 | DEBUG    | eval.evaluation.evaluation:evaluate_single_query:321 - wide2deep_ws_zh_065, col 电动机总扭矩[n·m], metric_func_name exact_match, score [1.0, 1.0, 1.0, 1.0, 1.0, 1.0, 1.0, 1.0, 1.0]
2026-08-13 08:58:52.850 | DEBUG    | eval.evaluation.evaluation:metric_call:77 - metric_func_name number_near score 1.0 msg number near in range 1.0%, response: 7.68, target: 7.68
2026-08-13 08:58:52.850 | DEBUG    | eval.evaluation.evaluation:metric_call:77 - metric_func_name number_near score 1.0 msg number near in range 1.0%, response: 48.0, target: 48.0
2026-08-13 08:58:52.850 | DEBUG    | eval.evaluation.evaluation:metric_call:77 - metric_func_name number_near score 1.0 msg number near in range 1.0%, response: 10.08, target: 10.08
2026-08-13 08:58:52.850 | DEBUG    | eval.evaluation.evaluation:metric_call:77 - metric_func_name number_near score 1.0 msg number near in range 1.0%, response: 60.48, target: 60.48
2026-08-13 08:58:52.850 | DEBUG    | eval.evaluation.evaluation:metric_call:77 - metric_func_name number_near score 1.0 msg number near in range 1.0%, response: 49.92, target: 49.92
2026-08-13 08:58:52.850 | DEBUG    | eval.evaluation.evaluation:metric_call:77 - metric_func_name number_near score 1.0 msg number near in range 1.0%, response: 12.96, target: 12.9
2026-08-13 08:58:52.850 | DEBUG    | eval.evaluation.evaluation:metric_call:77 - metric_func_name number_near score 1.0 msg number near in range 1.0%, response: 12.9, target: 12.9
2026-08-13 08:58:52.850 | DEBUG    | eval.evaluation.evaluation:metric_call:77 - metric_func_name number_near score 1.0 msg number near in range 1.0%, response: 71.8, target: 71.8
2026-08-13 08:58:52.850 | DEBUG    | eval.evaluation.evaluation:metric_call:77 - metric_func_name number_near score 1.0 msg number near in range 1.0%, response: 21.5, target: 21.5
2026-08-13 08:58:52.851 | DEBUG    | eval.evaluation.evaluation:evaluate_single_query:321 - wide2deep_ws_zh_065, col 电池容量, metric_func_name number_near, score [1.0, 1.0, 1.0, 1.0, 1.0, 1.0, 1.0, 1.0, 1.0]
2026-08-13 08:58:52.855 | INFO     | eval.evaluation.evaluation:evaluate_single_query:380 - wide2deep_ws_zh_065, P/R/F1 by unique_columns: 0.6923/0.6923/0.6923
2026-08-13 08:58:52.855 | INFO     | eval.evaluation.evaluation:evaluate_single_query:383 - wide2deep_ws_zh_065, P/R/F1 by row: 0.6923/0.6923/0.6923
2026-08-13 08:58:52.855 | INFO     | eval.evaluation.evaluation:evaluate_single_query:386 - wide2deep_ws_zh_065, P/R/F1 by item: 0.6923/0.6923/0.6923
2026-08-13 08:58:52.860 | INFO     | eval.evaluation.evaluation:evaluate_single_query:398 - wide2deep_ws_zh_065, final table score: 0.0
{"event": "eval_done", "idx": 2, "instance_id": "wide2deep_ws_zh_065", "score": 0.0, "entity_acc": 1.0, "f1_by_row": 0.6923076923076923, "f1_by_item": 0.6923076923076923, "column_f1": 0.6923076923076923, "error": null, "elapsed_seconds": 16.088, "running_n": 2}
2026-08-13 08:58:56.273 | DEBUG    | eval.evaluation.data_loader:extract_dataframe:167 - find markdown_str 
| 排名 | 企业名称 | 营业收入(百万美元) | 利润(百万美元) | 总部所在城市 |
| --- | --- | -- ...
2026-08-13 08:58:58.923 | INFO     | eval.evaluation.metric_utils:primary_key_preprocess:246 - primary_key_preprocess result: ```json
{
  "排名": "排名",
  "企业名称": "企业名称",
  "营业收入(百万美元)": "营业收入（百万美元）",
  "利润(百万美元)": "利润（百万美元）",
  "总部所在城市": "总部所在城市"
}
```
2026-08-13 08:58:58.923 | INFO     | eval.evaluation.evaluation:evaluate_single_query:172 - column map: {'排名': '排名', '企业名称': '企业名称', '营业收入(百万美元)': '营业收入（百万美元）', '利润(百万美元)': '利润（百万美元）', '总部所在城市': '总部所在城市'}
2026-08-13 08:58:58.923 | INFO     | eval.evaluation.evaluation:evaluate_single_query:173 - befor mapping: Index(['排名', '企业名称', '营业收入(百万美元)', '利润(百万美元)', '总部所在城市'], dtype='object')
2026-08-13 08:58:58.924 | INFO     | eval.evaluation.evaluation:evaluate_single_query:175 - after mapping: Index(['排名', '企业名称', '营业收入（百万美元）', '利润（百万美元）', '总部所在城市'], dtype='object')
2026-08-13 08:59:14.758 | INFO     | eval.evaluation.metric_utils:primary_key_preprocess:246 - primary_key_preprocess result: ```json
{
  "国家电网有限公司（STATE GRID）": "国家电网有限公司（STATE GRID)",
  "中国石油天然气集团有限公司（CHINA NATIONAL PETROLEUM）": "中国石油天然气集团有限公司（CHINA NATIONAL PETROLEUM)",
  "中国石油化工集团有限公司（SINOPEC GROUP）": "中国石油化工集团有限公司（SINOPEC GROUP)",
  "中国建筑集团有限公司（CHINA STATE CONSTRUCTION ENGINEERING）": "中国建筑集团有限公司（CHINA STATE CONSTRUCTION ENGINEERING)",
  "鸿海精密工业股份有限公司（HON HAI PRECISION INDUSTRY）": "鸿海精密工业股份有限公司（HON HAI PRECISION INDUSTRY)",
  "中国工商银行股份有限公司（INDUSTRIAL & COMMERCIAL BANK OF CHINA）": "中国工商银行股份有限公司（INDUSTRIAL & COMMERCIAL BANK OF CHINA)",
  "中国农业银行股份有限公司（AGRICULTURAL BANK OF CHINA）": "中国农业银行股份有限公司（AGRICULTURAL BANK OF CHINA)",
  "中国建设银行股份有限公司（CHINA CONSTRUCTION BANK）": "中国建设银行股份有限公司（CHINA CONSTRUCTION BANK)",
  "京东集团股份有限公司（JD.COM）": "京东集团股份有限公司（JD.COM)",
  "中国人寿保险（集团）公司（CHINA LIFE INSURANCE）": "中国人寿保险（集团）公司（CHINA LIFE INSURANCE)",
  "中国银行股份有限公司（BANK OF CHINA）": "中国银行股份有限公司（BANK OF CHINA)",
  "中国平安保险（集团）股份有限公司（PING AN INSURANCE）": "中国平安保险（集团）股份有限公司（PING AN INSURANCE)",
  "中国铁路工程集团有限公司（CHINA RAILWAY ENGINEERING GROUP）": "中国铁路工程集团有限公司（CHINA RAILWAY ENGINEERING GROUP)",
  "中国移动通信集团有限公司（CHINA MOBILE COMMUNICATIONS）": "中国移动通信集团有限公司（CHINA MOBILE COMMUNICATIONS)",
  "阿里巴巴集团控股有限公司（ALIBABA GROUP HOLDING）": "阿里巴巴集团控股有限公司（ALIBABA GROUP HOLDING)\n\n",
  "中国铁道建筑集团有限公司（CHINA RAILWAY CONSTRUCTION）": "中国铁道建筑集团有限公司（CHINA RAILWAY CONSTRUCTION)",
  "中国中信集团有限公司（CITIC GROUP）": "中国中信集团有限公司（CITIC GROUP)",
  "中国交通建设集团有限公司（CHINA COMMUNICATIONS CONSTRUCTION）": "中国交通建设集团有限公司（CHINA COMMUNICATIONS CONSTRUCTION)",
  "中国华润有限公司（CHINA RESOURCES）": "中国华润有限公司（CHINA RESOURCES)",
  "恒力集团有限公司（HENGLI GROUP）": "恒力集团有限公司（HENGLI GROUP)",
  "华为投资控股有限公司（HUAWEI INVESTMENT & HOLDING）": "华为投资控股有限公司（HUAWEI INVESTMENT & HOLDING)",
  "台积公司（TAIWAN SEMICONDUCTOR MANUFACTURING）": "台积公司（TAIWAN SEMICONDUCTOR MANUFACTURING)",
  "中国海洋石油集团有限公司（CHINA NATIONAL OFFSHORE OIL）": "中国海洋石油集团有限公司（CHINA NATIONAL OFFSHORE OIL)",
  "中国南方电网有限责任公司（CHINA SOUTHERN POWER GRID）": "中国南方电网有限责任公司（CHINA SOUTHERN POWER GRID)",
  "山东能源集团有限公司（SHANDONG ENERGY GROUP）": "山东能源集团有限公司（SHANDONG ENERGY GROUP)",
  "比亚迪股份有限公司（BYD）": "比亚迪股份有限公司（BYD)",
  "腾讯控股有限公司（TENCENT HOLDINGS）": "腾讯控股有限公司（TENCENT HOLDINGS)",
  "中国五矿集团有限公司（CHINA MINMETALS）": "中国五矿集团有限公司（CHINA MINMETALS)",
  "中国宝武钢铁集团有限公司（CHINA BAOWU STEEL GROUP）": "中国宝武钢铁集团有限公司（CHINA BAOWU STEEL GROUP)",
  "中国电力建设集团有限公司（POWERCHINA）": "中国电力建设集团有限公司（POWERCHINA)",
  "国家能源投资集团有限责任公司（CHINA ENERGY INVESTMENT）": "国家能源投资集团有限责任公司（CHINA ENERGY INVESTMENT)",
  "厦门建发集团有限公司（XIAMEN C&D）": "厦门建发集团有限公司（XIAMEN C&D)",
  "浙江荣盛控股集团有限公司（ZHEJIANG RONGSHENG HOLDING GROUP）": "浙江荣盛控股集团有限公司（ZHEJIANG RONGSHENG HOLDING GROUP)",
  "中国邮政集团有限公司（CHINA POST GROUP）": "中国邮政集团有限公司（CHINA POST GROUP)",
  "中国人民保险集团股份有限公司（PEOPLE'S INSURANCE CO. OF CHINA）": "中国人民保险集团股份有限公司（PEOPLE'S INSURANCE CO. OF CHINA)",
  "上海汽车集团股份有限公司（SAIC MOTOR）": "上海汽车集团股份有限公司（SAIC MOTOR)",
  "中国医药集团有限公司（SINOPHARM）": "中国医药集团有限公司（SINOPHARM)",
  "中国电信集团有限公司（CHINA TELECOMMUNICATIONS）": "中国电信集团有限公司（CHINA TELECOMMUNICATIONS)",
  "浙江吉利控股集团有限公司（ZHEJIANG GEELY HOLDING GROUP）": "浙江吉利控股集团有限公司（ZHEJIANG GEELY HOLDING GROUP)",
  "联想集团有限公司（LENOVO GROUP）": "联想集团有限公司（LENOVO GROUP)",
  "物产中大集团股份有限公司（WUCHAN ZHONGDA GROUP）": "物产中大集团股份有限公司（WUCHAN ZHONGDA GROUP)",
  "山东魏桥创业集团有限公司（SHANDONG WEIQIAO PIONEERING GROUP）": "山东魏桥创业集团有限公司（SHANDONG WEIQIAO PIONEERING GROUP)",
  "中粮集团有限公司（COFCO）": "中粮集团有限公司（COFCO)",
  "盛虹控股集团有限公司（SHENGHONG HOLDING GROUP）": "盛虹控股集团有限公司（SHENGHONG HOLDING GROUP)",
  "江西铜业集团有限公司（JIANGXI COPPER）": "江西铜业集团有限公司（JIANGXI COPPER)",
  "太平洋建设集团有限公司（PACIFIC CONSTRUCTION GROUP）": "太平洋建设集团有限公司（PACIFIC CONSTRUCTION GROUP)",
  "中国第一汽车集团有限公司（CHINA FAW GROUP）": "中国第一汽车集团有限公司（CHINA FAW GROUP)",
  "交通银行股份有限公司（BANK OF COMMUNICATIONS）": "交通银行股份有限公司（BANK OF COMMUNICATIONS)",
  "浙江恒逸集团有限公司（ZHEJIANG HENGYI GROUP）": "浙江恒逸集团有限公司（ZHEJIANG HENGYI GROUP)",
  "中国铝业集团有限公司（ALUMINUM CORP. OF CHINA）": "中国铝业集团有限公司（ALUMINUM CORP. OF CHINA)",
  "广达电脑公司（QUANTA COMPUTER）": "广达电脑公司（QUANTA COMPUTER)"
}
```
2026-08-13 08:59:14.758 | INFO     | eval.evaluation.evaluation:evaluate_single_query:223 - col: 企业名称, primary_key_map {'国家电网有限公司（STATE GRID）': '国家电网有限公司（STATE GRID)', '中国石油天然气集团有限公司（CHINA NATIONAL PETROLEUM）': '中国石油天然气集团有限公司（CHINA NATIONAL PETROLEUM)', '中国石油化工集团有限公司（SINOPEC GROUP）': '中国石油化工集团有限公司（SINOPEC GROUP)', '中国建筑集团有限公司（CHINA STATE CONSTRUCTION ENGINEERING）': '中国建筑集团有限公司（CHINA STATE CONSTRUCTION ENGINEERING)', '鸿海精密工业股份有限公司（HON HAI PRECISION INDUSTRY）': '鸿海精密工业股份有限公司（HON HAI PRECISION INDUSTRY)', '中国工商银行股份有限公司（INDUSTRIAL & COMMERCIAL BANK OF CHINA）': '中国工商银行股份有限公司（INDUSTRIAL & COMMERCIAL BANK OF CHINA)', '中国农业银行股份有限公司（AGRICULTURAL BANK OF CHINA）': '中国农业银行股份有限公司（AGRICULTURAL BANK OF CHINA)', '中国建设银行股份有限公司（CHINA CONSTRUCTION BANK）': '中国建设银行股份有限公司（CHINA CONSTRUCTION BANK)', '京东集团股份有限公司（JD.COM）': '京东集团股份有限公司（JD.COM)', '中国人寿保险（集团）公司（CHINA LIFE INSURANCE）': '中国人寿保险（集团）公司（CHINA LIFE INSURANCE)', '中国银行股份有限公司（BANK OF CHINA）': '中国银行股份有限公司（BANK OF CHINA)', '中国平安保险（集团）股份有限公司（PING AN INSURANCE）': '中国平安保险（集团）股份有限公司（PING AN INSURANCE)', '中国铁路工程集团有限公司（CHINA RAILWAY ENGINEERING GROUP）': '中国铁路工程集团有限公司（CHINA RAILWAY ENGINEERING GROUP)', '中国移动通信集团有限公司（CHINA MOBILE COMMUNICATIONS）': '中国移动通信集团有限公司（CHINA MOBILE COMMUNICATIONS)', '阿里巴巴集团控股有限公司（ALIBABA GROUP HOLDING）': '阿里巴巴集团控股有限公司（ALIBABA GROUP HOLDING)\n\n', '中国铁道建筑集团有限公司（CHINA RAILWAY CONSTRUCTION）': '中国铁道建筑集团有限公司（CHINA RAILWAY CONSTRUCTION)', '中国中信集团有限公司（CITIC GROUP）': '中国中信集团有限公司（CITIC GROUP)', '中国交通建设集团有限公司（CHINA COMMUNICATIONS CONSTRUCTION）': '中国交通建设集团有限公司（CHINA COMMUNICATIONS CONSTRUCTION)', '中国华润有限公司（CHINA RESOURCES）': '中国华润有限公司（CHINA RESOURCES)', '恒力集团有限公司（HENGLI GROUP）': '恒力集团有限公司（HENGLI GROUP)', '华为投资控股有限公司（HUAWEI INVESTMENT & HOLDING）': '华为投资控股有限公司（HUAWEI INVESTMENT & HOLDING)', '台积公司（TAIWAN SEMICONDUCTOR MANUFACTURING）': '台积公司（TAIWAN SEMICONDUCTOR MANUFACTURING)', '中国海洋石油集团有限公司（CHINA NATIONAL OFFSHORE OIL）': '中国海洋石油集团有限公司（CHINA NATIONAL OFFSHORE OIL)', '中国南方电网有限责任公司（CHINA SOUTHERN POWER GRID）': '中国南方电网有限责任公司（CHINA SOUTHERN POWER GRID)', '山东能源集团有限公司（SHANDONG ENERGY GROUP）': '山东能源集团有限公司（SHANDONG ENERGY GROUP)', '比亚迪股份有限公司（BYD）': '比亚迪股份有限公司（BYD)', '腾讯控股有限公司（TENCENT HOLDINGS）': '腾讯控股有限公司（TENCENT HOLDINGS)', '中国五矿集团有限公司（CHINA MINMETALS）': '中国五矿集团有限公司（CHINA MINMETALS)', '中国宝武钢铁集团有限公司（CHINA BAOWU STEEL GROUP）': '中国宝武钢铁集团有限公司（CHINA BAOWU STEEL GROUP)', '中国电力建设集团有限公司（POWERCHINA）': '中国电力建设集团有限公司（POWERCHINA)', '国家能源投资集团有限责任公司（CHINA ENERGY INVESTMENT）': '国家能源投资集团有限责任公司（CHINA ENERGY INVESTMENT)', '厦门建发集团有限公司（XIAMEN C&D）': '厦门建发集团有限公司（XIAMEN C&D)', '浙江荣盛控股集团有限公司（ZHEJIANG RONGSHENG HOLDING GROUP）': '浙江荣盛控股集团有限公司（ZHEJIANG RONGSHENG HOLDING GROUP)', '中国邮政集团有限公司（CHINA POST GROUP）': '中国邮政集团有限公司（CHINA POST GROUP)', "中国人民保险集团股份有限公司（PEOPLE'S INSURANCE CO. OF CHINA）": "中国人民保险集团股份有限公司（PEOPLE'S INSURANCE CO. OF CHINA)", '上海汽车集团股份有限公司（SAIC MOTOR）': '上海汽车集团股份有限公司（SAIC MOTOR)', '中国医药集团有限公司（SINOPHARM）': '中国医药集团有限公司（SINOPHARM)', '中国电信集团有限公司（CHINA TELECOMMUNICATIONS）': '中国电信集团有限公司（CHINA TELECOMMUNICATIONS)', '浙江吉利控股集团有限公司（ZHEJIANG GEELY HOLDING GROUP）': '浙江吉利控股集团有限公司（ZHEJIANG GEELY HOLDING GROUP)', '联想集团有限公司（LENOVO GROUP）': '联想集团有限公司（LENOVO GROUP)', '物产中大集团股份有限公司（WUCHAN ZHONGDA GROUP）': '物产中大集团股份有限公司（WUCHAN ZHONGDA GROUP)', '山东魏桥创业集团有限公司（SHANDONG WEIQIAO PIONEERING GROUP）': '山东魏桥创业集团有限公司（SHANDONG WEIQIAO PIONEERING GROUP)', '中粮集团有限公司（COFCO）': '中粮集团有限公司（COFCO)', '盛虹控股集团有限公司（SHENGHONG HOLDING GROUP）': '盛虹控股集团有限公司（SHENGHONG HOLDING GROUP)', '江西铜业集团有限公司（JIANGXI COPPER）': '江西铜业集团有限公司（JIANGXI COPPER)', '太平洋建设集团有限公司（PACIFIC CONSTRUCTION GROUP）': '太平洋建设集团有限公司（PACIFIC CONSTRUCTION GROUP)', '中国第一汽车集团有限公司（CHINA FAW GROUP）': '中国第一汽车集团有限公司（CHINA FAW GROUP)', '交通银行股份有限公司（BANK OF COMMUNICATIONS）': '交通银行股份有限公司（BANK OF COMMUNICATIONS)', '浙江恒逸集团有限公司（ZHEJIANG HENGYI GROUP）': '浙江恒逸集团有限公司（ZHEJIANG HENGYI GROUP)', '中国铝业集团有限公司（ALUMINUM CORP. OF CHINA）': '中国铝业集团有限公司（ALUMINUM CORP. OF CHINA)', '广达电脑公司（QUANTA COMPUTER）': '广达电脑公司（QUANTA COMPUTER)'}
2026-08-13 08:59:14.765 | INFO     | eval.evaluation.evaluation:evaluate_single_query:275 - wide2deep_ws_zh_012, df_inner shape: (51, 10), answer_df shape: (133, 5), response_df shape: (52, 6)
2026-08-13 08:59:14.766 | DEBUG    | eval.evaluation.evaluation:metric_call:77 - metric_func_name exact_match score 1.0 msg exact match, response: 3, target: 3
2026-08-13 08:59:14.766 | DEBUG    | eval.evaluation.evaluation:metric_call:77 - metric_func_name exact_match score 0.0 msg exact not match, response: 12, target: 5
2026-08-13 08:59:14.766 | DEBUG    | eval.evaluation.evaluation:metric_call:77 - metric_func_name exact_match score 0.0 msg exact not match, response: 10, target: 6
2026-08-13 08:59:14.766 | DEBUG    | eval.evaluation.evaluation:metric_call:77 - metric_func_name exact_match score 0.0 msg exact not match, response: 17, target: 14
2026-08-13 08:59:14.766 | DEBUG    | eval.evaluation.evaluation:metric_call:77 - metric_func_name exact_match score 0.0 msg exact not match, response: 29, target: 22
2026-08-13 08:59:14.766 | DEBUG    | eval.evaluation.evaluation:metric_call:77 - metric_func_name exact_match score 0.0 msg exact not match, response: 37, target: 30
2026-08-13 08:59:14.766 | DEBUG    | eval.evaluation.evaluation:metric_call:77 - metric_func_name exact_match score 0.0 msg exact not match, response: 23, target: 32
2026-08-13 08:59:14.766 | DEBUG    | eval.evaluation.evaluation:metric_call:77 - metric_func_name exact_match score 0.0 msg exact not match, response: 35, target: 34
2026-08-13 08:59:14.766 | DEBUG    | eval.evaluation.evaluation:metric_call:77 - metric_func_name exact_match score 0.0 msg exact not match, response: 49, target: 35
2026-08-13 08:59:14.766 | DEBUG    | eval.evaluation.evaluation:metric_call:77 - metric_func_name exact_match score 0.0 msg exact not match, response: 44, target: 37
2026-08-13 08:59:14.766 | DEBUG    | eval.evaluation.evaluation:metric_call:77 - metric_func_name exact_match score 0.0 msg exact not match, response: 57, target: 43
2026-08-13 08:59:14.766 | DEBUG    | eval.evaluation.evaluation:metric_call:77 - metric_func_name exact_match score 0.0 msg exact not match, response: 100, target: 44
2026-08-13 08:59:14.766 | DEBUG    | eval.evaluation.evaluation:metric_call:77 - metric_func_name exact_match score 0.0 msg exact not match, response: 41, target: 47
2026-08-13 08:59:14.767 | DEBUG    | eval.evaluation.evaluation:metric_call:77 - metric_func_name exact_match score 0.0 msg exact not match, response: 48, target: 53
2026-08-13 08:59:14.767 | DEBUG    | eval.evaluation.evaluation:metric_call:77 - metric_func_name exact_match score 0.0 msg exact not match, response: 53, target: 55
2026-08-13 08:59:14.767 | DEBUG    | eval.evaluation.evaluation:metric_call:77 - metric_func_name exact_match score 0.0 msg exact not match, response: 83, target: 56
2026-08-13 08:59:14.767 | DEBUG    | eval.evaluation.evaluation:metric_call:77 - metric_func_name exact_match score 0.0 msg exact not match, response: 42, target: 59
2026-08-13 08:59:14.767 | DEBUG    | eval.evaluation.evaluation:metric_call:77 - metric_func_name exact_match score 0.0 msg exact not match, response: 66, target: 63
2026-08-13 08:59:14.767 | DEBUG    | eval.evaluation.evaluation:metric_call:77 - metric_func_name exact_match score 0.0 msg exact not match, response: 99, target: 69
2026-08-13 08:59:14.767 | DEBUG    | eval.evaluation.evaluation:metric_call:77 - metric_func_name exact_match score 0.0 msg exact not match, response: 56, target: 70
2026-08-13 08:59:14.767 | DEBUG    | eval.evaluation.evaluation:metric_call:77 - metric_func_name exact_match score 0.0 msg exact not match, response: 59, target: 71
2026-08-13 08:59:14.767 | DEBUG    | eval.evaluation.evaluation:metric_call:77 - metric_func_name exact_match score 0.0 msg exact not match, response: 68, target: 72
2026-08-13 08:59:14.767 | DEBUG    | eval.evaluation.evaluation:metric_call:77 - metric_func_name exact_match score 0.0 msg exact not match, response: 87, target: 75
2026-08-13 08:59:14.767 | DEBUG    | eval.evaluation.evaluation:metric_call:77 - metric_func_name exact_match score 0.0 msg exact not match, response: 86, target: 78
2026-08-13 08:59:14.767 | DEBUG    | eval.evaluation.evaluation:metric_call:77 - metric_func_name exact_match score 0.0 msg exact not match, response: 78, target: 81
2026-08-13 08:59:14.767 | DEBUG    | eval.evaluation.evaluation:metric_call:77 - metric_func_name exact_match score 0.0 msg exact not match, response: 119, target: 83
2026-08-13 08:59:14.767 | DEBUG    | eval.evaluation.evaluation:metric_call:77 - metric_func_name exact_match score 0.0 msg exact not match, response: 108, target: 84
2026-08-13 08:59:14.767 | DEBUG    | eval.evaluation.evaluation:metric_call:77 - metric_func_name exact_match score 0.0 msg exact not match, response: 112, target: 85
2026-08-13 08:59:14.767 | DEBUG    | eval.evaluation.evaluation:metric_call:77 - metric_func_name exact_match score 0.0 msg exact not match, response: 125, target: 93
2026-08-13 08:59:14.767 | DEBUG    | eval.evaluation.evaluation:metric_call:77 - metric_func_name exact_match score 0.0 msg exact not match, response: 81, target: 103
2026-08-13 08:59:14.767 | DEBUG    | eval.evaluation.evaluation:metric_call:77 - metric_func_name exact_match score 0.0 msg exact not match, response: 157, target: 106
2026-08-13 08:59:14.767 | DEBUG    | eval.evaluation.evaluation:metric_call:77 - metric_func_name exact_match score 0.0 msg exact not match, response: 104, target: 108
2026-08-13 08:59:14.767 | DEBUG    | eval.evaluation.evaluation:metric_call:77 - metric_func_name exact_match score 0.0 msg exact not match, response: 129, target: 112
2026-08-13 08:59:14.767 | DEBUG    | eval.evaluation.evaluation:metric_call:77 - metric_func_name exact_match score 0.0 msg exact not match, response: 183, target: 129
2026-08-13 08:59:14.767 | DEBUG    | eval.evaluation.evaluation:metric_call:77 - metric_func_name exact_match score 0.0 msg exact not match, response: 134, target: 135
2026-08-13 08:59:14.767 | DEBUG    | eval.evaluation.evaluation:metric_call:77 - metric_func_name exact_match score 0.0 msg exact not match, response: 115, target: 138
2026-08-13 08:59:14.768 | DEBUG    | eval.evaluation.evaluation:metric_call:77 - metric_func_name exact_match score 0.0 msg exact not match, response: 97, target: 141
2026-08-13 08:59:14.768 | DEBUG    | eval.evaluation.evaluation:metric_call:77 - metric_func_name exact_match score 0.0 msg exact not match, response: 91, target: 143
2026-08-13 08:59:14.768 | DEBUG    | eval.evaluation.evaluation:metric_call:77 - metric_func_name exact_match score 0.0 msg exact not match, response: 154, target: 150
2026-08-13 08:59:14.768 | DEBUG    | eval.evaluation.evaluation:metric_call:77 - metric_func_name exact_match score 0.0 msg exact not match, response: 188, target: 154
2026-08-13 08:59:14.768 | DEBUG    | eval.evaluation.evaluation:metric_call:77 - metric_func_name exact_match score 0.0 msg exact not match, response: 164, target: 157
2026-08-13 08:59:14.768 | DEBUG    | eval.evaluation.evaluation:metric_call:77 - metric_func_name exact_match score 0.0 msg exact not match, response: 123, target: 158
2026-08-13 08:59:14.768 | DEBUG    | eval.evaluation.evaluation:metric_call:77 - metric_func_name exact_match score 0.0 msg exact not match, response: 170, target: 161
2026-08-13 08:59:14.768 | DEBUG    | eval.evaluation.evaluation:metric_call:77 - metric_func_name exact_match score 0.0 msg exact not match, response: 158, target: 171
2026-08-13 08:59:14.768 | DEBUG    | eval.evaluation.evaluation:metric_call:77 - metric_func_name exact_match score 0.0 msg exact not match, response: 156, target: 175
2026-08-13 08:59:14.768 | DEBUG    | eval.evaluation.evaluation:metric_call:77 - metric_func_name exact_match score 0.0 msg exact not match, response: 138, target: 185
2026-08-13 08:59:14.768 | DEBUG    | eval.evaluation.evaluation:metric_call:77 - metric_func_name exact_match score 0.0 msg exact not match, response: 82, target: 186
2026-08-13 08:59:14.768 | DEBUG    | eval.evaluation.evaluation:metric_call:77 - metric_func_name exact_match score 0.0 msg exact not match, response: 207, target: 214
2026-08-13 08:59:14.768 | DEBUG    | eval.evaluation.evaluation:metric_call:77 - metric_func_name exact_match score 0.0 msg exact not match, response: 201, target: 243
2026-08-13 08:59:14.768 | DEBUG    | eval.evaluation.evaluation:metric_call:77 - metric_func_name exact_match score 0.0 msg exact not match, response: 153, target: 248
2026-08-13 08:59:14.768 | DEBUG    | eval.evaluation.evaluation:metric_call:77 - metric_func_name exact_match score 0.0 msg exact not match, response: 211, target: 444
2026-08-13 08:59:14.769 | DEBUG    | eval.evaluation.evaluation:evaluate_single_query:321 - wide2deep_ws_zh_012, col 排名, metric_func_name exact_match, score [1.0, 0.0, 0.0, 0.0, 0.0, 0.0, 0.0, 0.0, 0.0, 0.0, 0.0, 0.0, 0.0, 0.0, 0.0, 0.0, 0.0, 0.0, 0.0, 0.0, 0.0, 0.0, 0.0, 0.0, 0.0, 0.0, 0.0, 0.0, 0.0, 0.0, 0.0, 0.0, 0.0, 0.0, 0.0, 0.0, 0.0, 0.0, 0.0, 0.0, 0.0, 0.0, 0.0, 0.0, 0.0, 0.0, 0.0, 0.0, 0.0, 0.0, 0.0]
2026-08-13 08:59:14.770 | DEBUG    | eval.evaluation.evaluation:metric_call:77 - metric_func_name number_near score 1.0 msg number near in range 5.0%, response: 555371.4, target: 545947.5
2026-08-13 08:59:14.770 | DEBUG    | eval.evaluation.evaluation:metric_call:77 - metric_func_name number_near score 0.0 msg number not near, response: 364032.5, target: 429699.7
2026-08-13 08:59:14.770 | DEBUG    | eval.evaluation.evaluation:metric_call:77 - metric_func_name number_near score 1.0 msg number near in range 5.0%, response: 401927.0, target: 421713.6
2026-08-13 08:59:14.770 | DEBUG    | eval.evaluation.evaluation:metric_call:77 - metric_func_name number_near score 0.0 msg number not near, response: 289892.6, target: 320430.5
2026-08-13 08:59:14.770 | DEBUG    | eval.evaluation.evaluation:metric_call:77 - metric_func_name number_near score 0.0 msg number not near, response: 210589.8, target: 222484.2
2026-08-13 08:59:14.770 | DEBUG    | eval.evaluation.evaluation:metric_call:77 - metric_func_name number_near score 0.0 msg number not near, response: 188656.7, target: 199826.1
2026-08-13 08:59:14.770 | DEBUG    | eval.evaluation.evaluation:metric_call:77 - metric_func_name number_near score 0.0 msg number not near, response: 260083.6, target: 197876.0
2026-08-13 08:59:14.770 | DEBUG    | eval.evaluation.evaluation:metric_call:77 - metric_func_name number_near score 1.0 msg number near in range 5.0%, response: 190707.6, target: 192398.3
2026-08-13 08:59:14.770 | DEBUG    | eval.evaluation.evaluation:metric_call:77 - metric_func_name number_near score 0.0 msg number not near, response: 152201.0, target: 178562.9
2026-08-13 08:59:14.770 | DEBUG    | eval.evaluation.evaluation:metric_call:77 - metric_func_name number_near score 1.0 msg number near in range 5.0%, response: 171582.6, target: 172327.6
2026-08-13 08:59:14.770 | DEBUG    | eval.evaluation.evaluation:metric_call:77 - metric_func_name number_near score 0.0 msg number not near, response: 143506.5, target: 160847.4
2026-08-13 08:59:14.770 | DEBUG    | eval.evaluation.evaluation:metric_call:77 - metric_func_name number_near score 0.0 msg number not near, response: 102980.0, target: 157216.3
2026-08-13 08:59:14.770 | DEBUG    | eval.evaluation.evaluation:metric_call:77 - metric_func_name number_near score 0.0 msg number not near, response: 182129.1, target: 153217.4
2026-08-13 08:59:14.770 | DEBUG    | eval.evaluation.evaluation:metric_call:77 - metric_func_name number_near score 0.0 msg number not near, response: 158649.9, target: 145759.1
2026-08-13 08:59:14.770 | DEBUG    | eval.evaluation.evaluation:metric_call:77 - metric_func_name number_near score 1.0 msg number near in range 5.0%, response: 146550.2, target: 142832.4
2026-08-13 08:59:14.770 | DEBUG    | eval.evaluation.evaluation:metric_call:77 - metric_func_name number_near score 0.0 msg number not near, response: 120914.5, target: 141731.8
2026-08-13 08:59:14.770 | DEBUG    | eval.evaluation.evaluation:metric_call:77 - metric_func_name number_near score 0.0 msg number not near, response: 178215.4, target: 139615.9
2026-08-13 08:59:14.770 | DEBUG    | eval.evaluation.evaluation:metric_call:77 - metric_func_name number_near score 1.0 msg number near in range 5.0%, response: 134088.7, target: 136670.7
2026-08-13 08:59:14.771 | DEBUG    | eval.evaluation.evaluation:metric_call:77 - metric_func_name number_near score 0.0 msg number not near, response: 104139.2, target: 132019.7
2026-08-13 08:59:14.771 | DEBUG    | eval.evaluation.evaluation:metric_call:77 - metric_func_name number_near score 0.0 msg number not near, response: 144169.6, target: 131337.9
2026-08-13 08:59:14.771 | DEBUG    | eval.evaluation.evaluation:metric_call:77 - metric_func_name number_near score 0.0 msg number not near, response: 139275.6, target: 131242.3
2026-08-13 08:59:14.771 | DEBUG    | eval.evaluation.evaluation:metric_call:77 - metric_func_name number_near score 0.0 msg number not near, response: 133290.1, target: 126169.5
2026-08-13 08:59:14.771 | DEBUG    | eval.evaluation.evaluation:metric_call:77 - metric_func_name number_near score 1.0 msg number near in range 5.0%, response: 116559.1, target: 122383.2
2026-08-13 08:59:14.771 | DEBUG    | eval.evaluation.evaluation:metric_call:77 - metric_func_name number_near score 1.0 msg number near in range 5.0%, response: 118796.7, target: 118813.5
2026-08-13 08:59:14.771 | DEBUG    | eval.evaluation.evaluation:metric_call:77 - metric_func_name number_near score 0.0 msg number not near, response: 125084.8, target: 114664.5
2026-08-13 08:59:14.771 | DEBUG    | eval.evaluation.evaluation:metric_call:77 - metric_func_name number_near score 0.0 msg number not near, response: 94215.3, target: 112778.5
2026-08-13 08:59:14.771 | DEBUG    | eval.evaluation.evaluation:metric_call:77 - metric_func_name number_near score 0.0 msg number not near, response: 98343.9, target: 112048.7
2026-08-13 08:59:14.771 | DEBUG    | eval.evaluation.evaluation:metric_call:77 - metric_func_name number_near score 0.0 msg number not near, response: 97028.4, target: 110665.6
2026-08-13 08:59:14.771 | DEBUG    | eval.evaluation.evaluation:metric_call:77 - metric_func_name number_near score 0.0 msg number not near, response: 91301.3, target: 105195.7
2026-08-13 08:59:14.771 | DEBUG    | eval.evaluation.evaluation:metric_call:77 - metric_func_name number_near score 0.0 msg number not near, response: 122562.7, target: 99470.3
2026-08-13 08:59:14.771 | DEBUG    | eval.evaluation.evaluation:metric_call:77 - metric_func_name number_near score 0.0 msg number not near, response: 81954.7, target: 97765.1
2026-08-13 08:59:14.771 | DEBUG    | eval.evaluation.evaluation:metric_call:77 - metric_func_name number_near score 1.0 msg number near in range 5.0%, response: 101853.5, target: 97034.9
2026-08-13 08:59:14.771 | DEBUG    | eval.evaluation.evaluation:metric_call:77 - metric_func_name number_near score 0.0 msg number not near, response: 89352.1, target: 96072.2
2026-08-13 08:59:14.771 | DEBUG    | eval.evaluation.evaluation:metric_call:77 - metric_func_name number_near score 0.0 msg number not near, response: 74397.8, target: 89485.0
2026-08-13 08:59:14.771 | DEBUG    | eval.evaluation.evaluation:metric_call:77 - metric_func_name number_near score 1.0 msg number near in range 5.0%, response: 88630.7, target: 87961.5
2026-08-13 08:59:14.771 | DEBUG    | eval.evaluation.evaluation:metric_call:77 - metric_func_name number_near score 0.0 msg number not near, response: 94831.1, target: 86535.6
2026-08-13 08:59:14.771 | DEBUG    | eval.evaluation.evaluation:metric_call:77 - metric_func_name number_near score 0.0 msg number not near, response: 104591.0, target: 86028.3
2026-08-13 08:59:14.771 | DEBUG    | eval.evaluation.evaluation:metric_call:77 - metric_func_name number_near score 0.0 msg number not near, response: 111853.3, target: 85082.0
2026-08-13 08:59:14.771 | DEBUG    | eval.evaluation.evaluation:metric_call:77 - metric_func_name number_near score 1.0 msg number near in range 5.0%, response: 82984.1, target: 81952.4
2026-08-13 08:59:14.772 | DEBUG    | eval.evaluation.evaluation:metric_call:77 - metric_func_name number_near score 0.0 msg number not near, response: 71790.5, target: 78757.1
2026-08-13 08:59:14.772 | DEBUG    | eval.evaluation.evaluation:metric_call:77 - metric_func_name number_near score 1.0 msg number near in range 5.0%, response: 80487.8, target: 78243.2
2026-08-13 08:59:14.772 | DEBUG    | eval.evaluation.evaluation:metric_call:77 - metric_func_name number_near score 0.0 msg number not near, response: 93111.3, target: 78181.7
2026-08-13 08:59:14.772 | DEBUG    | eval.evaluation.evaluation:metric_call:77 - metric_func_name number_near score 1.0 msg number near in range 5.0%, response: 79293.1, target: 76433.0
2026-08-13 08:59:14.772 | DEBUG    | eval.evaluation.evaluation:metric_call:77 - metric_func_name number_near score 0.0 msg number not near, response: 81810.6, target: 74700.8
2026-08-13 08:59:14.772 | DEBUG    | eval.evaluation.evaluation:metric_call:77 - metric_func_name number_near score 0.0 msg number not near, response: 82302.6, target: 73484.5
2026-08-13 08:59:14.772 | DEBUG    | eval.evaluation.evaluation:metric_call:77 - metric_func_name number_near score 0.0 msg number not near, response: 87866.4, target: 70356.8
2026-08-13 08:59:14.772 | DEBUG    | eval.evaluation.evaluation:metric_call:77 - metric_func_name number_near score 0.0 msg number not near, response: 122258.4, target: 69415.8
2026-08-13 08:59:14.772 | DEBUG    | eval.evaluation.evaluation:metric_call:77 - metric_func_name number_near score 0.0 msg number not near, response: 68909.4, target: 63595.4
2026-08-13 08:59:14.772 | DEBUG    | eval.evaluation.evaluation:metric_call:77 - metric_func_name number_near score 0.0 msg number not near, response: 69781.4, target: 57468.0
2026-08-13 08:59:14.772 | DEBUG    | eval.evaluation.evaluation:metric_call:77 - metric_func_name number_near score 0.0 msg number not near, response: 83074.6, target: 56863.8
2026-08-13 08:59:14.772 | DEBUG    | eval.evaluation.evaluation:metric_call:77 - metric_func_name number_near score 0.0 msg number not near, response: 68163.6, target: 34860.2
2026-08-13 08:59:14.773 | DEBUG    | eval.evaluation.evaluation:evaluate_single_query:321 - wide2deep_ws_zh_012, col 营业收入（百万美元）, metric_func_name number_near, score [1.0, 0.0, 1.0, 0.0, 0.0, 0.0, 0.0, 1.0, 0.0, 1.0, 0.0, 0.0, 0.0, 0.0, 1.0, 0.0, 0.0, 1.0, 0.0, 0.0, 0.0, 0.0, 1.0, 1.0, 0.0, 0.0, 0.0, 0.0, 0.0, 0.0, 0.0, 1.0, 0.0, 0.0, 1.0, 0.0, 0.0, 0.0, 1.0, 0.0, 1.0, 0.0, 1.0, 0.0, 0.0, 0.0, 0.0, 0.0, 0.0, 0.0, 0.0]
2026-08-13 08:59:14.773 | DEBUG    | eval.evaluation.evaluation:metric_call:77 - metric_func_name number_near score 0.0 msg number not near, response: 11116.2, target: 9204.3
2026-08-13 08:59:14.773 | DEBUG    | eval.evaluation.evaluation:metric_call:77 - metric_func_name number_near score 0.0 msg number not convertable, response: None, target: 9393.4
2026-08-13 08:59:14.773 | DEBUG    | eval.evaluation.evaluation:metric_call:77 - metric_func_name number_near score 0.0 msg number not convertable, response: None, target: 21294.7
2026-08-13 08:59:14.773 | DEBUG    | eval.evaluation.evaluation:metric_call:77 - metric_func_name number_near score 0.0 msg number not convertable, response: None, target: 4371.5
2026-08-13 08:59:14.773 | DEBUG    | eval.evaluation.evaluation:metric_call:77 - metric_func_name number_near score 0.0 msg number not convertable, response: None, target: 51417.0
2026-08-13 08:59:14.773 | DEBUG    | eval.evaluation.evaluation:metric_call:77 - metric_func_name number_near score 0.0 msg number not convertable, response: None, target: 46990.0
2026-08-13 08:59:14.773 | DEBUG    | eval.evaluation.evaluation:metric_call:77 - metric_func_name number_near score 0.0 msg number not convertable, response: None, target: 4562.9
2026-08-13 08:59:14.773 | DEBUG    | eval.evaluation.evaluation:metric_call:77 - metric_func_name number_near score 0.0 msg number not convertable, response: None, target: 38048.7
2026-08-13 08:59:14.774 | DEBUG    | eval.evaluation.evaluation:metric_call:77 - metric_func_name number_near score 0.0 msg number not convertable, response: None, target: 2152.5
2026-08-13 08:59:14.774 | DEBUG    | eval.evaluation.evaluation:metric_call:77 - metric_func_name number_near score 0.0 msg number not convertable, response: None, target: 32758.3
2026-08-13 08:59:14.774 | DEBUG    | eval.evaluation.evaluation:metric_call:77 - metric_func_name number_near score 0.0 msg number not convertable, response: None, target: 1701.0
2026-08-13 08:59:14.774 | DEBUG    | eval.evaluation.evaluation:metric_call:77 - metric_func_name number_near score 0.0 msg number not convertable, response: None, target: 2493.8
2026-08-13 08:59:14.774 | DEBUG    | eval.evaluation.evaluation:metric_call:77 - metric_func_name number_near score 0.0 msg number not convertable, response: None, target: 3413.8
2026-08-13 08:59:14.774 | DEBUG    | eval.evaluation.evaluation:metric_call:77 - metric_func_name number_near score 0.0 msg number not convertable, response: None, target: 12100.9
2026-08-13 08:59:14.774 | DEBUG    | eval.evaluation.evaluation:metric_call:77 - metric_func_name number_near score 0.0 msg number not convertable, response: None, target: 15253.4
2026-08-13 08:59:14.774 | DEBUG    | eval.evaluation.evaluation:metric_call:77 - metric_func_name number_near score 0.0 msg number not convertable, response: None, target: 14559.2
2026-08-13 08:59:14.774 | DEBUG    | eval.evaluation.evaluation:metric_call:77 - metric_func_name number_near score 0.0 msg number not convertable, response: None, target: -841.2
2026-08-13 08:59:14.774 | DEBUG    | eval.evaluation.evaluation:metric_call:77 - metric_func_name number_near score 0.0 msg number not convertable, response: None, target: 1672.3
2026-08-13 08:59:14.774 | DEBUG    | eval.evaluation.evaluation:metric_call:77 - metric_func_name number_near score 0.0 msg number not convertable, response: None, target: 766.0
2026-08-13 08:59:14.774 | DEBUG    | eval.evaluation.evaluation:metric_call:77 - metric_func_name number_near score 0.0 msg number not convertable, response: None, target: 11165.1
2026-08-13 08:59:14.774 | DEBUG    | eval.evaluation.evaluation:metric_call:77 - metric_func_name number_near score 0.0 msg number not convertable, response: None, target: 4124.6
2026-08-13 08:59:14.774 | DEBUG    | eval.evaluation.evaluation:metric_call:77 - metric_func_name number_near score 0.0 msg number not convertable, response: None, target: 3797.5
2026-08-13 08:59:14.774 | DEBUG    | eval.evaluation.evaluation:metric_call:77 - metric_func_name number_near score 0.0 msg number not convertable, response: None, target: 829.6
2026-08-13 08:59:14.774 | DEBUG    | eval.evaluation.evaluation:metric_call:77 - metric_func_name number_near score 0.0 msg number not convertable, response: None, target: 2342.2
2026-08-13 08:59:14.774 | DEBUG    | eval.evaluation.evaluation:metric_call:77 - metric_func_name number_near score 0.0 msg number not convertable, response: None, target: 980.8
2026-08-13 08:59:14.774 | DEBUG    | eval.evaluation.evaluation:metric_call:77 - metric_func_name number_near score 0.0 msg number not convertable, response: None, target: 5884.5
2026-08-13 08:59:14.775 | DEBUG    | eval.evaluation.evaluation:metric_call:77 - metric_func_name number_near score 0.0 msg number not convertable, response: None, target: 6339.1
2026-08-13 08:59:14.775 | DEBUG    | eval.evaluation.evaluation:metric_call:77 - metric_func_name number_near score 0.0 msg number not convertable, response: None, target: 1057.6
2026-08-13 08:59:14.775 | DEBUG    | eval.evaluation.evaluation:metric_call:77 - metric_func_name number_near score 0.0 msg number not convertable, response: None, target: 1992.6
2026-08-13 08:59:14.775 | DEBUG    | eval.evaluation.evaluation:metric_call:77 - metric_func_name number_near score 0.0 msg number not convertable, response: None, target: 12274.4
2026-08-13 08:59:14.775 | DEBUG    | eval.evaluation.evaluation:metric_call:77 - metric_func_name number_near score 0.0 msg number not convertable, response: None, target: 1270.3
2026-08-13 08:59:14.775 | DEBUG    | eval.evaluation.evaluation:metric_call:77 - metric_func_name number_near score 0.0 msg number not convertable, response: None, target: 775.9
2026-08-13 08:59:14.775 | DEBUG    | eval.evaluation.evaluation:metric_call:77 - metric_func_name number_near score 0.0 msg number not convertable, response: None, target: 1149.5
2026-08-13 08:59:14.775 | DEBUG    | eval.evaluation.evaluation:metric_call:77 - metric_func_name number_near score 0.0 msg number not convertable, response: None, target: 2864.2
2026-08-13 08:59:14.775 | DEBUG    | eval.evaluation.evaluation:metric_call:77 - metric_func_name number_near score 0.0 msg number not convertable, response: None, target: 2150.8
2026-08-13 08:59:14.775 | DEBUG    | eval.evaluation.evaluation:metric_call:77 - metric_func_name number_near score 0.0 msg number not convertable, response: None, target: 74.6
2026-08-13 08:59:14.775 | DEBUG    | eval.evaluation.evaluation:metric_call:77 - metric_func_name number_near score 0.0 msg number not near, response: 31200.0, target: 16275.2
2026-08-13 08:59:14.775 | DEBUG    | eval.evaluation.evaluation:metric_call:77 - metric_func_name number_near score 0.0 msg number not convertable, response: None, target: 4243.5
2026-08-13 08:59:14.775 | DEBUG    | eval.evaluation.evaluation:metric_call:77 - metric_func_name number_near score 0.0 msg number not convertable, response: None, target: 510.9
2026-08-13 08:59:14.775 | DEBUG    | eval.evaluation.evaluation:metric_call:77 - metric_func_name number_near score 0.0 msg number not convertable, response: None, target: 13098.6
2026-08-13 08:59:14.775 | DEBUG    | eval.evaluation.evaluation:metric_call:77 - metric_func_name number_near score 0.0 msg number not convertable, response: None, target: 371.2
2026-08-13 08:59:14.775 | DEBUG    | eval.evaluation.evaluation:metric_call:77 - metric_func_name number_near score 0.0 msg number not convertable, response: None, target: 3153.2
2026-08-13 08:59:14.775 | DEBUG    | eval.evaluation.evaluation:metric_call:77 - metric_func_name number_near score 0.0 msg number not convertable, response: None, target: 5035.3
2026-08-13 08:59:14.775 | DEBUG    | eval.evaluation.evaluation:metric_call:77 - metric_func_name number_near score 0.0 msg number not convertable, response: None, target: 548.5
2026-08-13 08:59:14.775 | DEBUG    | eval.evaluation.evaluation:metric_call:77 - metric_func_name number_near score 0.0 msg number not convertable, response: None, target: 1192.3
2026-08-13 08:59:14.775 | DEBUG    | eval.evaluation.evaluation:metric_call:77 - metric_func_name number_near score 0.0 msg number not convertable, response: None, target: 812.6
2026-08-13 08:59:14.775 | DEBUG    | eval.evaluation.evaluation:metric_call:77 - metric_func_name number_near score 0.0 msg number not near, response: 54488.0, target: 27350.4
2026-08-13 08:59:14.776 | DEBUG    | eval.evaluation.evaluation:metric_call:77 - metric_func_name number_near score 0.0 msg number not convertable, response: None, target: 876.5
2026-08-13 08:59:14.776 | DEBUG    | eval.evaluation.evaluation:metric_call:77 - metric_func_name number_near score 0.0 msg number not convertable, response: None, target: 23.5
2026-08-13 08:59:14.776 | DEBUG    | eval.evaluation.evaluation:metric_call:77 - metric_func_name number_near score 0.0 msg number not convertable, response: None, target: 1010.5
2026-08-13 08:59:14.776 | DEBUG    | eval.evaluation.evaluation:metric_call:77 - metric_func_name number_near score 0.0 msg number not convertable, response: None, target: 1274.1
2026-08-13 08:59:14.776 | DEBUG    | eval.evaluation.evaluation:evaluate_single_query:321 - wide2deep_ws_zh_012, col 利润（百万美元）, metric_func_name number_near, score [0.0, 0.0, 0.0, 0.0, 0.0, 0.0, 0.0, 0.0, 0.0, 0.0, 0.0, 0.0, 0.0, 0.0, 0.0, 0.0, 0.0, 0.0, 0.0, 0.0, 0.0, 0.0, 0.0, 0.0, 0.0, 0.0, 0.0, 0.0, 0.0, 0.0, 0.0, 0.0, 0.0, 0.0, 0.0, 0.0, 0.0, 0.0, 0.0, 0.0, 0.0, 0.0, 0.0, 0.0, 0.0, 0.0, 0.0, 0.0, 0.0, 0.0, 0.0]
2026-08-13 08:59:19.588 | DEBUG    | eval.evaluation.evaluation:evaluate_single_query:321 - wide2deep_ws_zh_012, col 总部所在城市, metric_func_name llm_judge, score [1, 1, 1, 1, 1, 1, 1, 1, 1, 1, 1, 1, 1, 1, 1, 1, 1, 1, 1, 1, 1, 1, 1, 1, 1, 1, 1, 1, 1, 1, 1, 1, 1, 1, 1, 1, 1, 1, 1, 1, 0, 1, 1, 1, 1, 1, 1, 1, 1, 1, 1]
2026-08-13 08:59:19.593 | INFO     | eval.evaluation.evaluation:evaluate_single_query:380 - wide2deep_ws_zh_012, P/R/F1 by unique_columns: 0.9808/0.3835/0.5514
2026-08-13 08:59:19.593 | INFO     | eval.evaluation.evaluation:evaluate_single_query:383 - wide2deep_ws_zh_012, P/R/F1 by row: 0.0000/0.0000/0.0000
2026-08-13 08:59:19.593 | INFO     | eval.evaluation.evaluation:evaluate_single_query:386 - wide2deep_ws_zh_012, P/R/F1 by item: 0.4423/0.1729/0.2486
2026-08-13 08:59:19.598 | INFO     | eval.evaluation.evaluation:evaluate_single_query:398 - wide2deep_ws_zh_012, final table score: 0.0
{"event": "eval_done", "idx": 3, "instance_id": "wide2deep_ws_zh_012", "score": 0.0, "entity_acc": 1.0, "f1_by_row": 0.0, "f1_by_item": 0.24864864864864863, "column_f1": 0.5513513513513514, "error": null, "elapsed_seconds": 26.716, "running_n": 3}
2026-08-13 08:59:21.893 | DEBUG    | eval.evaluation.data_loader:extract_dataframe:167 - find markdown_str 
| Year | Rank | Name | Net Worth (in USD billions) | Age | Sour ...
2026-08-13 08:59:26.262 | INFO     | eval.evaluation.metric_utils:primary_key_preprocess:246 - primary_key_preprocess result: ```json
{
  "Jeff Bezos": "Jeff Bezos",
  "Bill Gates": "Bill Gates",
  "Warren Buffett": "Warren Buffett",
  "Bernard Arnault & family": "Bernard Arnault & family",
  "Carlos Slim Helú & family": "Carlos Slim Helu & family",
  "Amancio Ortega": "Amancio Ortega",
  "Larry Ellison": "Larry Ellison",
  "Mark Zuckerberg": "Mark Zuckerberg",
  "Michael Bloomberg": "Michael Bloomberg",
  "Larry Page": "Larry Page",
  "Jim Walton": "Jim Walton",
  "Alice Walton": "Alice Walton",
  "Rob Walton": "Rob Walton",
  "Elon Musk": "Elon Musk",
  "Sergey Brin": "Sergey Brin",
  "Mukesh Ambani": "Mukesh Ambani",
  "Steve Ballmer": "Steve Ballmer"
}
```
2026-08-13 08:59:26.262 | INFO     | eval.evaluation.evaluation:evaluate_single_query:223 - col: name, primary_key_map {'Jeff Bezos': 'Jeff Bezos', 'Bill Gates': 'Bill Gates', 'Warren Buffett': 'Warren Buffett', 'Bernard Arnault & family': 'Bernard Arnault & family', 'Carlos Slim Helú & family': 'Carlos Slim Helu & family', 'Amancio Ortega': 'Amancio Ortega', 'Larry Ellison': 'Larry Ellison', 'Mark Zuckerberg': 'Mark Zuckerberg', 'Michael Bloomberg': 'Michael Bloomberg', 'Larry Page': 'Larry Page', 'Jim Walton': 'Jim Walton', 'Alice Walton': 'Alice Walton', 'Rob Walton': 'Rob Walton', 'Elon Musk': 'Elon Musk', 'Sergey Brin': 'Sergey Brin', 'Mukesh Ambani': 'Mukesh Ambani', 'Steve Ballmer': 'Steve Ballmer'}
2026-08-13 08:59:28.566 | INFO     | eval.evaluation.metric_utils:primary_key_preprocess:246 - primary_key_preprocess result: ```json
{
  "2019": "2019",
  "2020": "2020",
  "2021": "2021",
  "2022": "2022",
  "2023": "2023",
  "2024": "2024"
}
```
2026-08-13 08:59:28.567 | INFO     | eval.evaluation.evaluation:evaluate_single_query:223 - col: year, primary_key_map {'2019': '2019', '2020': '2020', '2021': '2021', '2022': '2022', '2023': '2023', '2024': '2024'}
2026-08-13 08:59:28.574 | INFO     | eval.evaluation.evaluation:evaluate_single_query:275 - wide2deep_ws_en_071, df_inner shape: (58, 12), answer_df shape: (60, 6), response_df shape: (60, 8)
2026-08-13 08:59:28.575 | DEBUG    | eval.evaluation.evaluation:metric_call:77 - metric_func_name exact_match score 1.0 msg exact match, response: 1, target: 1
2026-08-13 08:59:28.575 | DEBUG    | eval.evaluation.evaluation:metric_call:77 - metric_func_name exact_match score 1.0 msg exact match, response: 2, target: 2
2026-08-13 08:59:28.575 | DEBUG    | eval.evaluation.evaluation:metric_call:77 - metric_func_name exact_match score 1.0 msg exact match, response: 3, target: 3
2026-08-13 08:59:28.575 | DEBUG    | eval.evaluation.evaluation:metric_call:77 - metric_func_name exact_match score 1.0 msg exact match, response: 6, target: 6
2026-08-13 08:59:28.575 | DEBUG    | eval.evaluation.evaluation:metric_call:77 - metric_func_name exact_match score 1.0 msg exact match, response: 7, target: 7
2026-08-13 08:59:28.575 | DEBUG    | eval.evaluation.evaluation:metric_call:77 - metric_func_name exact_match score 1.0 msg exact match, response: 8, target: 8
2026-08-13 08:59:28.575 | DEBUG    | eval.evaluation.evaluation:metric_call:77 - metric_func_name exact_match score 1.0 msg exact match, response: 9, target: 9
2026-08-13 08:59:28.575 | DEBUG    | eval.evaluation.evaluation:metric_call:77 - metric_func_name exact_match score 1.0 msg exact match, response: 10, target: 10
2026-08-13 08:59:28.575 | DEBUG    | eval.evaluation.evaluation:metric_call:77 - metric_func_name exact_match score 1.0 msg exact match, response: 1, target: 1
2026-08-13 08:59:28.575 | DEBUG    | eval.evaluation.evaluation:metric_call:77 - metric_func_name exact_match score 1.0 msg exact match, response: 2, target: 2
2026-08-13 08:59:28.575 | DEBUG    | eval.evaluation.evaluation:metric_call:77 - metric_func_name exact_match score 1.0 msg exact match, response: 3, target: 3
2026-08-13 08:59:28.575 | DEBUG    | eval.evaluation.evaluation:metric_call:77 - metric_func_name exact_match score 1.0 msg exact match, response: 4, target: 4
2026-08-13 08:59:28.575 | DEBUG    | eval.evaluation.evaluation:metric_call:77 - metric_func_name exact_match score 1.0 msg exact match, response: 5, target: 5
2026-08-13 08:59:28.575 | DEBUG    | eval.evaluation.evaluation:metric_call:77 - metric_func_name exact_match score 1.0 msg exact match, response: 6, target: 6
2026-08-13 08:59:28.576 | DEBUG    | eval.evaluation.evaluation:metric_call:77 - metric_func_name exact_match score 1.0 msg exact match, response: 7, target: 7
2026-08-13 08:59:28.576 | DEBUG    | eval.evaluation.evaluation:metric_call:77 - metric_func_name exact_match score 1.0 msg exact match, response: 8, target: 8
2026-08-13 08:59:28.576 | DEBUG    | eval.evaluation.evaluation:metric_call:77 - metric_func_name exact_match score 1.0 msg exact match, response: 9, target: 9
2026-08-13 08:59:28.576 | DEBUG    | eval.evaluation.evaluation:metric_call:77 - metric_func_name exact_match score 1.0 msg exact match, response: 10, target: 10
2026-08-13 08:59:28.576 | DEBUG    | eval.evaluation.evaluation:metric_call:77 - metric_func_name exact_match score 1.0 msg exact match, response: 1, target: 1
2026-08-13 08:59:28.576 | DEBUG    | eval.evaluation.evaluation:metric_call:77 - metric_func_name exact_match score 1.0 msg exact match, response: 2, target: 2
2026-08-13 08:59:28.576 | DEBUG    | eval.evaluation.evaluation:metric_call:77 - metric_func_name exact_match score 1.0 msg exact match, response: 3, target: 3
2026-08-13 08:59:28.576 | DEBUG    | eval.evaluation.evaluation:metric_call:77 - metric_func_name exact_match score 1.0 msg exact match, response: 4, target: 4
2026-08-13 08:59:28.576 | DEBUG    | eval.evaluation.evaluation:metric_call:77 - metric_func_name exact_match score 1.0 msg exact match, response: 5, target: 5
2026-08-13 08:59:28.576 | DEBUG    | eval.evaluation.evaluation:metric_call:77 - metric_func_name exact_match score 1.0 msg exact match, response: 6, target: 6
2026-08-13 08:59:28.576 | DEBUG    | eval.evaluation.evaluation:metric_call:77 - metric_func_name exact_match score 1.0 msg exact match, response: 7, target: 7
2026-08-13 08:59:28.576 | DEBUG    | eval.evaluation.evaluation:metric_call:77 - metric_func_name exact_match score 1.0 msg exact match, response: 8, target: 8
2026-08-13 08:59:28.576 | DEBUG    | eval.evaluation.evaluation:metric_call:77 - metric_func_name exact_match score 1.0 msg exact match, response: 9, target: 9
2026-08-13 08:59:28.576 | DEBUG    | eval.evaluation.evaluation:metric_call:77 - metric_func_name exact_match score 1.0 msg exact match, response: 10, target: 10
2026-08-13 08:59:28.576 | DEBUG    | eval.evaluation.evaluation:metric_call:77 - metric_func_name exact_match score 1.0 msg exact match, response: 1, target: 1
2026-08-13 08:59:28.576 | DEBUG    | eval.evaluation.evaluation:metric_call:77 - metric_func_name exact_match score 1.0 msg exact match, response: 2, target: 2
2026-08-13 08:59:28.576 | DEBUG    | eval.evaluation.evaluation:metric_call:77 - metric_func_name exact_match score 1.0 msg exact match, response: 3, target: 3
2026-08-13 08:59:28.576 | DEBUG    | eval.evaluation.evaluation:metric_call:77 - metric_func_name exact_match score 1.0 msg exact match, response: 4, target: 4
2026-08-13 08:59:28.576 | DEBUG    | eval.evaluation.evaluation:metric_call:77 - metric_func_name exact_match score 1.0 msg exact match, response: 5, target: 5
2026-08-13 08:59:28.576 | DEBUG    | eval.evaluation.evaluation:metric_call:77 - metric_func_name exact_match score 1.0 msg exact match, response: 6, target: 6
2026-08-13 08:59:28.577 | DEBUG    | eval.evaluation.evaluation:metric_call:77 - metric_func_name exact_match score 1.0 msg exact match, response: 7, target: 7
2026-08-13 08:59:28.577 | DEBUG    | eval.evaluation.evaluation:metric_call:77 - metric_func_name exact_match score 1.0 msg exact match, response: 8, target: 8
2026-08-13 08:59:28.577 | DEBUG    | eval.evaluation.evaluation:metric_call:77 - metric_func_name exact_match score 1.0 msg exact match, response: 9, target: 9
2026-08-13 08:59:28.577 | DEBUG    | eval.evaluation.evaluation:metric_call:77 - metric_func_name exact_match score 1.0 msg exact match, response: 10, target: 10
2026-08-13 08:59:28.577 | DEBUG    | eval.evaluation.evaluation:metric_call:77 - metric_func_name exact_match score 1.0 msg exact match, response: 1, target: 1
2026-08-13 08:59:28.577 | DEBUG    | eval.evaluation.evaluation:metric_call:77 - metric_func_name exact_match score 1.0 msg exact match, response: 2, target: 2
2026-08-13 08:59:28.577 | DEBUG    | eval.evaluation.evaluation:metric_call:77 - metric_func_name exact_match score 1.0 msg exact match, response: 3, target: 3
2026-08-13 08:59:28.577 | DEBUG    | eval.evaluation.evaluation:metric_call:77 - metric_func_name exact_match score 1.0 msg exact match, response: 4, target: 4
2026-08-13 08:59:28.577 | DEBUG    | eval.evaluation.evaluation:metric_call:77 - metric_func_name exact_match score 1.0 msg exact match, response: 5, target: 5
2026-08-13 08:59:28.577 | DEBUG    | eval.evaluation.evaluation:metric_call:77 - metric_func_name exact_match score 1.0 msg exact match, response: 6, target: 6
2026-08-13 08:59:28.577 | DEBUG    | eval.evaluation.evaluation:metric_call:77 - metric_func_name exact_match score 1.0 msg exact match, response: 7, target: 7
2026-08-13 08:59:28.577 | DEBUG    | eval.evaluation.evaluation:metric_call:77 - metric_func_name exact_match score 1.0 msg exact match, response: 8, target: 8
2026-08-13 08:59:28.577 | DEBUG    | eval.evaluation.evaluation:metric_call:77 - metric_func_name exact_match score 1.0 msg exact match, response: 9, target: 9
2026-08-13 08:59:28.577 | DEBUG    | eval.evaluation.evaluation:metric_call:77 - metric_func_name exact_match score 1.0 msg exact match, response: 10, target: 10
2026-08-13 08:59:28.577 | DEBUG    | eval.evaluation.evaluation:metric_call:77 - metric_func_name exact_match score 1.0 msg exact match, response: 1, target: 1
2026-08-13 08:59:28.577 | DEBUG    | eval.evaluation.evaluation:metric_call:77 - metric_func_name exact_match score 1.0 msg exact match, response: 2, target: 2
2026-08-13 08:59:28.577 | DEBUG    | eval.evaluation.evaluation:metric_call:77 - metric_func_name exact_match score 1.0 msg exact match, response: 3, target: 3
2026-08-13 08:59:28.577 | DEBUG    | eval.evaluation.evaluation:metric_call:77 - metric_func_name exact_match score 1.0 msg exact match, response: 4, target: 4
2026-08-13 08:59:28.577 | DEBUG    | eval.evaluation.evaluation:metric_call:77 - metric_func_name exact_match score 1.0 msg exact match, response: 5, target: 5
2026-08-13 08:59:28.577 | DEBUG    | eval.evaluation.evaluation:metric_call:77 - metric_func_name exact_match score 1.0 msg exact match, response: 6, target: 6
2026-08-13 08:59:28.577 | DEBUG    | eval.evaluation.evaluation:metric_call:77 - metric_func_name exact_match score 1.0 msg exact match, response: 7, target: 7
2026-08-13 08:59:28.577 | DEBUG    | eval.evaluation.evaluation:metric_call:77 - metric_func_name exact_match score 1.0 msg exact match, response: 8, target: 8
2026-08-13 08:59:28.577 | DEBUG    | eval.evaluation.evaluation:metric_call:77 - metric_func_name exact_match score 1.0 msg exact match, response: 9, target: 9
2026-08-13 08:59:28.578 | DEBUG    | eval.evaluation.evaluation:metric_call:77 - metric_func_name exact_match score 1.0 msg exact match, response: 10, target: 10
2026-08-13 08:59:28.578 | DEBUG    | eval.evaluation.evaluation:evaluate_single_query:321 - wide2deep_ws_en_071, col rank, metric_func_name exact_match, score [1.0, 1.0, 1.0, 1.0, 1.0, 1.0, 1.0, 1.0, 1.0, 1.0, 1.0, 1.0, 1.0, 1.0, 1.0, 1.0, 1.0, 1.0, 1.0, 1.0, 1.0, 1.0, 1.0, 1.0, 1.0, 1.0, 1.0, 1.0, 1.0, 1.0, 1.0, 1.0, 1.0, 1.0, 1.0, 1.0, 1.0, 1.0, 1.0, 1.0, 1.0, 1.0, 1.0, 1.0, 1.0, 1.0, 1.0, 1.0, 1.0, 1.0, 1.0, 1.0, 1.0, 1.0, 1.0, 1.0, 1.0, 1.0]
2026-08-13 08:59:28.579 | DEBUG    | eval.evaluation.evaluation:metric_call:77 - metric_func_name number_near score 1.0 msg number near in range 5.0%, response: 131.0, target: 131.0
2026-08-13 08:59:28.579 | DEBUG    | eval.evaluation.evaluation:metric_call:77 - metric_func_name number_near score 1.0 msg number near in range 5.0%, response: 96.5, target: 96.5
2026-08-13 08:59:28.579 | DEBUG    | eval.evaluation.evaluation:metric_call:77 - metric_func_name number_near score 1.0 msg number near in range 5.0%, response: 82.5, target: 82.5
2026-08-13 08:59:28.579 | DEBUG    | eval.evaluation.evaluation:metric_call:77 - metric_func_name number_near score 1.0 msg number near in range 5.0%, response: 62.7, target: 62.7
2026-08-13 08:59:28.579 | DEBUG    | eval.evaluation.evaluation:metric_call:77 - metric_func_name number_near score 1.0 msg number near in range 5.0%, response: 62.5, target: 62.5
2026-08-13 08:59:28.579 | DEBUG    | eval.evaluation.evaluation:metric_call:77 - metric_func_name number_near score 1.0 msg number near in range 5.0%, response: 62.3, target: 62.3
2026-08-13 08:59:28.579 | DEBUG    | eval.evaluation.evaluation:metric_call:77 - metric_func_name number_near score 1.0 msg number near in range 5.0%, response: 55.5, target: 55.5
2026-08-13 08:59:28.579 | DEBUG    | eval.evaluation.evaluation:metric_call:77 - metric_func_name number_near score 1.0 msg number near in range 5.0%, response: 50.8, target: 50.8
2026-08-13 08:59:28.579 | DEBUG    | eval.evaluation.evaluation:metric_call:77 - metric_func_name number_near score 1.0 msg number near in range 5.0%, response: 113.0, target: 113.0
2026-08-13 08:59:28.579 | DEBUG    | eval.evaluation.evaluation:metric_call:77 - metric_func_name number_near score 1.0 msg number near in range 5.0%, response: 98.0, target: 98.0
2026-08-13 08:59:28.579 | DEBUG    | eval.evaluation.evaluation:metric_call:77 - metric_func_name number_near score 1.0 msg number near in range 5.0%, response: 76.0, target: 76.0
2026-08-13 08:59:28.579 | DEBUG    | eval.evaluation.evaluation:metric_call:77 - metric_func_name number_near score 1.0 msg number near in range 5.0%, response: 67.5, target: 67.5
2026-08-13 08:59:28.579 | DEBUG    | eval.evaluation.evaluation:metric_call:77 - metric_func_name number_near score 1.0 msg number near in range 5.0%, response: 59.0, target: 59.0
2026-08-13 08:59:28.579 | DEBUG    | eval.evaluation.evaluation:metric_call:77 - metric_func_name number_near score 1.0 msg number near in range 5.0%, response: 55.1, target: 55.1
2026-08-13 08:59:28.580 | DEBUG    | eval.evaluation.evaluation:metric_call:77 - metric_func_name number_near score 1.0 msg number near in range 5.0%, response: 54.7, target: 54.7
2026-08-13 08:59:28.580 | DEBUG    | eval.evaluation.evaluation:metric_call:77 - metric_func_name number_near score 1.0 msg number near in range 5.0%, response: 54.6, target: 54.6
2026-08-13 08:59:28.580 | DEBUG    | eval.evaluation.evaluation:metric_call:77 - metric_func_name number_near score 1.0 msg number near in range 5.0%, response: 54.4, target: 54.4
2026-08-13 08:59:28.580 | DEBUG    | eval.evaluation.evaluation:metric_call:77 - metric_func_name number_near score 1.0 msg number near in range 5.0%, response: 54.1, target: 54.1
2026-08-13 08:59:28.580 | DEBUG    | eval.evaluation.evaluation:metric_call:77 - metric_func_name number_near score 1.0 msg number near in range 5.0%, response: 177.0, target: 177.0
2026-08-13 08:59:28.580 | DEBUG    | eval.evaluation.evaluation:metric_call:77 - metric_func_name number_near score 1.0 msg number near in range 5.0%, response: 151.0, target: 151.0
2026-08-13 08:59:28.580 | DEBUG    | eval.evaluation.evaluation:metric_call:77 - metric_func_name number_near score 1.0 msg number near in range 5.0%, response: 150.0, target: 150.0
2026-08-13 08:59:28.580 | DEBUG    | eval.evaluation.evaluation:metric_call:77 - metric_func_name number_near score 1.0 msg number near in range 5.0%, response: 124.0, target: 124.0
2026-08-13 08:59:28.580 | DEBUG    | eval.evaluation.evaluation:metric_call:77 - metric_func_name number_near score 1.0 msg number near in range 5.0%, response: 97.0, target: 97.0
2026-08-13 08:59:28.580 | DEBUG    | eval.evaluation.evaluation:metric_call:77 - metric_func_name number_near score 1.0 msg number near in range 5.0%, response: 96.0, target: 96.0
2026-08-13 08:59:28.580 | DEBUG    | eval.evaluation.evaluation:metric_call:77 - metric_func_name number_near score 1.0 msg number near in range 5.0%, response: 93.0, target: 93.0
2026-08-13 08:59:28.580 | DEBUG    | eval.evaluation.evaluation:metric_call:77 - metric_func_name number_near score 1.0 msg number near in range 5.0%, response: 91.5, target: 91.5
2026-08-13 08:59:28.580 | DEBUG    | eval.evaluation.evaluation:metric_call:77 - metric_func_name number_near score 1.0 msg number near in range 5.0%, response: 89.0, target: 89.0
2026-08-13 08:59:28.580 | DEBUG    | eval.evaluation.evaluation:metric_call:77 - metric_func_name number_near score 1.0 msg number near in range 5.0%, response: 84.5, target: 84.5
2026-08-13 08:59:28.580 | DEBUG    | eval.evaluation.evaluation:metric_call:77 - metric_func_name number_near score 1.0 msg number near in range 5.0%, response: 219.0, target: 219.0
2026-08-13 08:59:28.580 | DEBUG    | eval.evaluation.evaluation:metric_call:77 - metric_func_name number_near score 1.0 msg number near in range 5.0%, response: 171.0, target: 171.0
2026-08-13 08:59:28.580 | DEBUG    | eval.evaluation.evaluation:metric_call:77 - metric_func_name number_near score 1.0 msg number near in range 5.0%, response: 158.0, target: 158.0
2026-08-13 08:59:28.580 | DEBUG    | eval.evaluation.evaluation:metric_call:77 - metric_func_name number_near score 1.0 msg number near in range 5.0%, response: 129.0, target: 129.0
2026-08-13 08:59:28.580 | DEBUG    | eval.evaluation.evaluation:metric_call:77 - metric_func_name number_near score 1.0 msg number near in range 5.0%, response: 118.0, target: 118.0
2026-08-13 08:59:28.580 | DEBUG    | eval.evaluation.evaluation:metric_call:77 - metric_func_name number_near score 1.0 msg number near in range 5.0%, response: 111.0, target: 111.0
2026-08-13 08:59:28.581 | DEBUG    | eval.evaluation.evaluation:metric_call:77 - metric_func_name number_near score 1.0 msg number near in range 5.0%, response: 107.0, target: 107.0
2026-08-13 08:59:28.581 | DEBUG    | eval.evaluation.evaluation:metric_call:77 - metric_func_name number_near score 1.0 msg number near in range 5.0%, response: 106.0, target: 106.0
2026-08-13 08:59:28.581 | DEBUG    | eval.evaluation.evaluation:metric_call:77 - metric_func_name number_near score 1.0 msg number near in range 5.0%, response: 91.4, target: 91.4
2026-08-13 08:59:28.581 | DEBUG    | eval.evaluation.evaluation:metric_call:77 - metric_func_name number_near score 1.0 msg number near in range 5.0%, response: 90.7, target: 90.7
2026-08-13 08:59:28.581 | DEBUG    | eval.evaluation.evaluation:metric_call:77 - metric_func_name number_near score 1.0 msg number near in range 5.0%, response: 211.0, target: 211.0
2026-08-13 08:59:28.581 | DEBUG    | eval.evaluation.evaluation:metric_call:77 - metric_func_name number_near score 1.0 msg number near in range 5.0%, response: 180.0, target: 180.0
2026-08-13 08:59:28.581 | DEBUG    | eval.evaluation.evaluation:metric_call:77 - metric_func_name number_near score 1.0 msg number near in range 5.0%, response: 114.0, target: 114.0
2026-08-13 08:59:28.581 | DEBUG    | eval.evaluation.evaluation:metric_call:77 - metric_func_name number_near score 1.0 msg number near in range 5.0%, response: 107.0, target: 107.0
2026-08-13 08:59:28.581 | DEBUG    | eval.evaluation.evaluation:metric_call:77 - metric_func_name number_near score 1.0 msg number near in range 5.0%, response: 106.0, target: 106.0
2026-08-13 08:59:28.581 | DEBUG    | eval.evaluation.evaluation:metric_call:77 - metric_func_name number_near score 1.0 msg number near in range 5.0%, response: 104.0, target: 104.0
2026-08-13 08:59:28.581 | DEBUG    | eval.evaluation.evaluation:metric_call:77 - metric_func_name number_near score 1.0 msg number near in range 5.0%, response: 94.5, target: 94.5
2026-08-13 08:59:28.581 | DEBUG    | eval.evaluation.evaluation:metric_call:77 - metric_func_name number_near score 1.0 msg number near in range 5.0%, response: 93.0, target: 93.0
2026-08-13 08:59:28.581 | DEBUG    | eval.evaluation.evaluation:metric_call:77 - metric_func_name number_near score 1.0 msg number near in range 5.0%, response: 83.4, target: 83.4
2026-08-13 08:59:28.581 | DEBUG    | eval.evaluation.evaluation:metric_call:77 - metric_func_name number_near score 1.0 msg number near in range 5.0%, response: 80.7, target: 80.7
2026-08-13 08:59:28.581 | DEBUG    | eval.evaluation.evaluation:metric_call:77 - metric_func_name number_near score 1.0 msg number near in range 5.0%, response: 233.0, target: 233.0
2026-08-13 08:59:28.581 | DEBUG    | eval.evaluation.evaluation:metric_call:77 - metric_func_name number_near score 1.0 msg number near in range 5.0%, response: 195.0, target: 195.0
2026-08-13 08:59:28.581 | DEBUG    | eval.evaluation.evaluation:metric_call:77 - metric_func_name number_near score 1.0 msg number near in range 5.0%, response: 194.0, target: 194.0
2026-08-13 08:59:28.581 | DEBUG    | eval.evaluation.evaluation:metric_call:77 - metric_func_name number_near score 1.0 msg number near in range 5.0%, response: 177.0, target: 177.0
2026-08-13 08:59:28.581 | DEBUG    | eval.evaluation.evaluation:metric_call:77 - metric_func_name number_near score 1.0 msg number near in range 5.0%, response: 141.0, target: 141.0
2026-08-13 08:59:28.581 | DEBUG    | eval.evaluation.evaluation:metric_call:77 - metric_func_name number_near score 1.0 msg number near in range 5.0%, response: 133.0, target: 133.0
2026-08-13 08:59:28.581 | DEBUG    | eval.evaluation.evaluation:metric_call:77 - metric_func_name number_near score 1.0 msg number near in range 5.0%, response: 128.0, target: 128.0
2026-08-13 08:59:28.581 | DEBUG    | eval.evaluation.evaluation:metric_call:77 - metric_func_name number_near score 1.0 msg number near in range 5.0%, response: 121.0, target: 121.0
2026-08-13 08:59:28.582 | DEBUG    | eval.evaluation.evaluation:metric_call:77 - metric_func_name number_near score 1.0 msg number near in range 5.0%, response: 116.0, target: 116.0
2026-08-13 08:59:28.582 | DEBUG    | eval.evaluation.evaluation:metric_call:77 - metric_func_name number_near score 1.0 msg number near in range 5.0%, response: 114.0, target: 114.0
2026-08-13 08:59:28.582 | DEBUG    | eval.evaluation.evaluation:evaluate_single_query:321 - wide2deep_ws_en_071, col networth(inusdbillions), metric_func_name number_near, score [1.0, 1.0, 1.0, 1.0, 1.0, 1.0, 1.0, 1.0, 1.0, 1.0, 1.0, 1.0, 1.0, 1.0, 1.0, 1.0, 1.0, 1.0, 1.0, 1.0, 1.0, 1.0, 1.0, 1.0, 1.0, 1.0, 1.0, 1.0, 1.0, 1.0, 1.0, 1.0, 1.0, 1.0, 1.0, 1.0, 1.0, 1.0, 1.0, 1.0, 1.0, 1.0, 1.0, 1.0, 1.0, 1.0, 1.0, 1.0, 1.0, 1.0, 1.0, 1.0, 1.0, 1.0, 1.0, 1.0, 1.0, 1.0]
2026-08-13 08:59:28.583 | DEBUG    | eval.evaluation.evaluation:metric_call:77 - metric_func_name exact_match score 1.0 msg exact match, response: 55, target: 55
2026-08-13 08:59:28.583 | DEBUG    | eval.evaluation.evaluation:metric_call:77 - metric_func_name exact_match score 1.0 msg exact match, response: 63, target: 63
2026-08-13 08:59:28.583 | DEBUG    | eval.evaluation.evaluation:metric_call:77 - metric_func_name exact_match score 1.0 msg exact match, response: 88, target: 88
2026-08-13 08:59:28.583 | DEBUG    | eval.evaluation.evaluation:metric_call:77 - metric_func_name exact_match score 1.0 msg exact match, response: 82, target: 82
2026-08-13 08:59:28.583 | DEBUG    | eval.evaluation.evaluation:metric_call:77 - metric_func_name exact_match score 1.0 msg exact match, response: 74, target: 74
2026-08-13 08:59:28.583 | DEBUG    | eval.evaluation.evaluation:metric_call:77 - metric_func_name exact_match score 1.0 msg exact match, response: 34, target: 34
2026-08-13 08:59:28.583 | DEBUG    | eval.evaluation.evaluation:metric_call:77 - metric_func_name exact_match score 1.0 msg exact match, response: 77, target: 77
2026-08-13 08:59:28.583 | DEBUG    | eval.evaluation.evaluation:metric_call:77 - metric_func_name exact_match score 1.0 msg exact match, response: 45, target: 45
2026-08-13 08:59:28.583 | DEBUG    | eval.evaluation.evaluation:metric_call:77 - metric_func_name exact_match score 1.0 msg exact match, response: 56, target: 56
2026-08-13 08:59:28.583 | DEBUG    | eval.evaluation.evaluation:metric_call:77 - metric_func_name exact_match score 1.0 msg exact match, response: 64, target: 64
2026-08-13 08:59:28.583 | DEBUG    | eval.evaluation.evaluation:metric_call:77 - metric_func_name exact_match score 1.0 msg exact match, response: 71, target: 71
2026-08-13 08:59:28.583 | DEBUG    | eval.evaluation.evaluation:metric_call:77 - metric_func_name exact_match score 1.0 msg exact match, response: 89, target: 89
2026-08-13 08:59:28.583 | DEBUG    | eval.evaluation.evaluation:metric_call:77 - metric_func_name exact_match score 1.0 msg exact match, response: 75, target: 75
2026-08-13 08:59:28.583 | DEBUG    | eval.evaluation.evaluation:metric_call:77 - metric_func_name exact_match score 1.0 msg exact match, response: 84, target: 84
2026-08-13 08:59:28.583 | DEBUG    | eval.evaluation.evaluation:metric_call:77 - metric_func_name exact_match score 1.0 msg exact match, response: 35, target: 35
2026-08-13 08:59:28.583 | DEBUG    | eval.evaluation.evaluation:metric_call:77 - metric_func_name exact_match score 1.0 msg exact match, response: 71, target: 71
2026-08-13 08:59:28.583 | DEBUG    | eval.evaluation.evaluation:metric_call:77 - metric_func_name exact_match score 1.0 msg exact match, response: 70, target: 70
2026-08-13 08:59:28.583 | DEBUG    | eval.evaluation.evaluation:metric_call:77 - metric_func_name exact_match score 1.0 msg exact match, response: 75, target: 75
2026-08-13 08:59:28.583 | DEBUG    | eval.evaluation.evaluation:metric_call:77 - metric_func_name exact_match score 1.0 msg exact match, response: 57, target: 57
2026-08-13 08:59:28.583 | DEBUG    | eval.evaluation.evaluation:metric_call:77 - metric_func_name exact_match score 1.0 msg exact match, response: 49, target: 49
2026-08-13 08:59:28.583 | DEBUG    | eval.evaluation.evaluation:metric_call:77 - metric_func_name exact_match score 1.0 msg exact match, response: 72, target: 72
2026-08-13 08:59:28.583 | DEBUG    | eval.evaluation.evaluation:metric_call:77 - metric_func_name exact_match score 1.0 msg exact match, response: 65, target: 65
2026-08-13 08:59:28.583 | DEBUG    | eval.evaluation.evaluation:metric_call:77 - metric_func_name exact_match score 1.0 msg exact match, response: 36, target: 36
2026-08-13 08:59:28.583 | DEBUG    | eval.evaluation.evaluation:metric_call:77 - metric_func_name exact_match score 1.0 msg exact match, response: 90, target: 90
2026-08-13 08:59:28.583 | DEBUG    | eval.evaluation.evaluation:metric_call:77 - metric_func_name exact_match score 1.0 msg exact match, response: 76, target: 76
2026-08-13 08:59:28.584 | DEBUG    | eval.evaluation.evaluation:metric_call:77 - metric_func_name exact_match score 1.0 msg exact match, response: 48, target: 48
2026-08-13 08:59:28.584 | DEBUG    | eval.evaluation.evaluation:metric_call:77 - metric_func_name exact_match score 1.0 msg exact match, response: 47, target: 47
2026-08-13 08:59:28.584 | DEBUG    | eval.evaluation.evaluation:metric_call:77 - metric_func_name exact_match score 1.0 msg exact match, response: 63, target: 63
2026-08-13 08:59:28.584 | DEBUG    | eval.evaluation.evaluation:metric_call:77 - metric_func_name exact_match score 1.0 msg exact match, response: 50, target: 50
2026-08-13 08:59:28.584 | DEBUG    | eval.evaluation.evaluation:metric_call:77 - metric_func_name exact_match score 1.0 msg exact match, response: 58, target: 58
2026-08-13 08:59:28.584 | DEBUG    | eval.evaluation.evaluation:metric_call:77 - metric_func_name exact_match score 1.0 msg exact match, response: 73, target: 73
2026-08-13 08:59:28.584 | DEBUG    | eval.evaluation.evaluation:metric_call:77 - metric_func_name exact_match score 1.0 msg exact match, response: 66, target: 66
2026-08-13 08:59:28.584 | DEBUG    | eval.evaluation.evaluation:metric_call:77 - metric_func_name exact_match score 1.0 msg exact match, response: 91, target: 91
2026-08-13 08:59:28.584 | DEBUG    | eval.evaluation.evaluation:metric_call:77 - metric_func_name exact_match score 1.0 msg exact match, response: 49, target: 49
2026-08-13 08:59:28.584 | DEBUG    | eval.evaluation.evaluation:metric_call:77 - metric_func_name exact_match score 1.0 msg exact match, response: 48, target: 48
2026-08-13 08:59:28.584 | DEBUG    | eval.evaluation.evaluation:metric_call:77 - metric_func_name exact_match score 1.0 msg exact match, response: 77, target: 77
2026-08-13 08:59:28.584 | DEBUG    | eval.evaluation.evaluation:metric_call:77 - metric_func_name exact_match score 1.0 msg exact match, response: 66, target: 66
2026-08-13 08:59:28.584 | DEBUG    | eval.evaluation.evaluation:metric_call:77 - metric_func_name exact_match score 1.0 msg exact match, response: 64, target: 64
2026-08-13 08:59:28.584 | DEBUG    | eval.evaluation.evaluation:metric_call:77 - metric_func_name exact_match score 1.0 msg exact match, response: 74, target: 74
2026-08-13 08:59:28.584 | DEBUG    | eval.evaluation.evaluation:metric_call:77 - metric_func_name exact_match score 1.0 msg exact match, response: 51, target: 51
2026-08-13 08:59:28.584 | DEBUG    | eval.evaluation.evaluation:metric_call:77 - metric_func_name exact_match score 1.0 msg exact match, response: 59, target: 59
2026-08-13 08:59:28.584 | DEBUG    | eval.evaluation.evaluation:metric_call:77 - metric_func_name exact_match score 1.0 msg exact match, response: 78, target: 78
2026-08-13 08:59:28.584 | DEBUG    | eval.evaluation.evaluation:metric_call:77 - metric_func_name exact_match score 1.0 msg exact match, response: 92, target: 92
2026-08-13 08:59:28.584 | DEBUG    | eval.evaluation.evaluation:metric_call:77 - metric_func_name exact_match score 1.0 msg exact match, response: 67, target: 67
2026-08-13 08:59:28.584 | DEBUG    | eval.evaluation.evaluation:metric_call:77 - metric_func_name exact_match score 1.0 msg exact match, response: 81, target: 81
2026-08-13 08:59:28.584 | DEBUG    | eval.evaluation.evaluation:metric_call:77 - metric_func_name exact_match score 1.0 msg exact match, response: 83, target: 83
2026-08-13 08:59:28.584 | DEBUG    | eval.evaluation.evaluation:metric_call:77 - metric_func_name exact_match score 1.0 msg exact match, response: 65, target: 65
2026-08-13 08:59:28.584 | DEBUG    | eval.evaluation.evaluation:metric_call:77 - metric_func_name exact_match score 1.0 msg exact match, response: 67, target: 67
2026-08-13 08:59:28.584 | DEBUG    | eval.evaluation.evaluation:metric_call:77 - metric_func_name exact_match score 1.0 msg exact match, response: 75, target: 75
2026-08-13 08:59:28.585 | DEBUG    | eval.evaluation.evaluation:metric_call:77 - metric_func_name exact_match score 1.0 msg exact match, response: 52, target: 52
2026-08-13 08:59:28.585 | DEBUG    | eval.evaluation.evaluation:metric_call:77 - metric_func_name exact_match score 1.0 msg exact match, response: 60, target: 60
2026-08-13 08:59:28.585 | DEBUG    | eval.evaluation.evaluation:metric_call:77 - metric_func_name exact_match score 1.0 msg exact match, response: 39, target: 39
2026-08-13 08:59:28.585 | DEBUG    | eval.evaluation.evaluation:metric_call:77 - metric_func_name exact_match score 1.0 msg exact match, response: 79, target: 79
2026-08-13 08:59:28.585 | DEBUG    | eval.evaluation.evaluation:metric_call:77 - metric_func_name exact_match score 1.0 msg exact match, response: 93, target: 93
2026-08-13 08:59:28.585 | DEBUG    | eval.evaluation.evaluation:metric_call:77 - metric_func_name exact_match score 1.0 msg exact match, response: 68, target: 68
2026-08-13 08:59:28.585 | DEBUG    | eval.evaluation.evaluation:metric_call:77 - metric_func_name exact_match score 1.0 msg exact match, response: 68, target: 68
2026-08-13 08:59:28.585 | DEBUG    | eval.evaluation.evaluation:metric_call:77 - metric_func_name exact_match score 1.0 msg exact match, response: 66, target: 66
2026-08-13 08:59:28.585 | DEBUG    | eval.evaluation.evaluation:metric_call:77 - metric_func_name exact_match score 1.0 msg exact match, response: 51, target: 51
2026-08-13 08:59:28.586 | DEBUG    | eval.evaluation.evaluation:evaluate_single_query:321 - wide2deep_ws_en_071, col age, metric_func_name exact_match, score [1.0, 1.0, 1.0, 1.0, 1.0, 1.0, 1.0, 1.0, 1.0, 1.0, 1.0, 1.0, 1.0, 1.0, 1.0, 1.0, 1.0, 1.0, 1.0, 1.0, 1.0, 1.0, 1.0, 1.0, 1.0, 1.0, 1.0, 1.0, 1.0, 1.0, 1.0, 1.0, 1.0, 1.0, 1.0, 1.0, 1.0, 1.0, 1.0, 1.0, 1.0, 1.0, 1.0, 1.0, 1.0, 1.0, 1.0, 1.0, 1.0, 1.0, 1.0, 1.0, 1.0, 1.0, 1.0, 1.0, 1.0, 1.0]
2026-08-13 08:59:34.538 | DEBUG    | eval.evaluation.evaluation:evaluate_single_query:321 - wide2deep_ws_en_071, col sourceofwealth, metric_func_name llm_judge, score [1, 1, 1, 1, 0, 1, 1, 1, 1, 1, 1, 1, 0, 1, 1, 1, 1, 1, 1, 1, 1, 1, 1, 1, 0, 1, 1, 0, 1, 1, 1, 1, 1, 1, 1, 0, 1, 0, 1, 1, 1, 1, 1, 1, 1, 1, 0, 1, 1, 0, 1, 1, 1, 1, 1, 1, 0, 1]
2026-08-13 08:59:34.544 | INFO     | eval.evaluation.evaluation:evaluate_single_query:380 - wide2deep_ws_en_071, P/R/F1 by unique_columns: 0.9667/0.9667/0.9667
2026-08-13 08:59:34.544 | INFO     | eval.evaluation.evaluation:evaluate_single_query:383 - wide2deep_ws_en_071, P/R/F1 by row: 0.8167/0.8167/0.8167
2026-08-13 08:59:34.544 | INFO     | eval.evaluation.evaluation:evaluate_single_query:386 - wide2deep_ws_en_071, P/R/F1 by item: 0.9417/0.9417/0.9417
2026-08-13 08:59:34.550 | INFO     | eval.evaluation.evaluation:evaluate_single_query:398 - wide2deep_ws_en_071, final table score: 0.0
{"event": "eval_done", "idx": 4, "instance_id": "wide2deep_ws_en_071", "score": 0.0, "entity_acc": 1.0, "f1_by_row": 0.8166666666666667, "f1_by_item": 0.9416666666666667, "column_f1": 0.9666666666666667, "error": null, "elapsed_seconds": 14.934, "running_n": 4}
2026-08-13 08:59:37.226 | DEBUG    | eval.evaluation.data_loader:extract_dataframe:167 - find markdown_str 
| League | Season | Champion Club | MVP Player | Club | Rating  ...
2026-08-13 08:59:39.512 | INFO     | eval.evaluation.metric_utils:primary_key_preprocess:246 - primary_key_preprocess result: ```json
{
  "Premier League": "Premier League",
  "La Liga": "La Liga",
  "Bundesliga": "Bundesliga",
  "Serie A": "Serie A",
  "Ligue 1": "Ligue 1"
}
```
2026-08-13 08:59:39.513 | INFO     | eval.evaluation.evaluation:evaluate_single_query:223 - col: league, primary_key_map {'Premier League': 'Premier League', 'La Liga': 'La Liga', 'Bundesliga': 'Bundesliga', 'Serie A': 'Serie A', 'Ligue 1': 'Ligue 1'}
2026-08-13 08:59:42.789 | INFO     | eval.evaluation.metric_utils:primary_key_preprocess:246 - primary_key_preprocess result: ```json
{
  "2020–21": "2020-21",
  "2021–22": "2021-22",
  "2022–23": "2022-23",
  "2023–24": "2023-24",
  "2024–25": "2024-25"
}
```
2026-08-13 08:59:42.789 | INFO     | eval.evaluation.evaluation:evaluate_single_query:223 - col: season, primary_key_map {'2020–21': '2020-21', '2021–22': '2021-22', '2022–23': '2022-23', '2023–24': '2023-24', '2024–25': '2024-25'}
2026-08-13 08:59:42.796 | INFO     | eval.evaluation.evaluation:evaluate_single_query:275 - wide2deep_ws_en_083, df_inner shape: (25, 12), answer_df shape: (25, 6), response_df shape: (25, 8)
2026-08-13 08:59:47.942 | DEBUG    | eval.evaluation.evaluation:evaluate_single_query:321 - wide2deep_ws_en_083, col championclub, metric_func_name llm_judge, score [1, 1, 1, 1, 1, 1, 1, 1, 1, 1, 1, 1, 1, 1, 1, 1, 1, 1, 1, 1, 1, 1, 1, 1, 1]
2026-08-13 08:59:53.416 | DEBUG    | eval.evaluation.evaluation:evaluate_single_query:321 - wide2deep_ws_en_083, col mvpplayer, metric_func_name llm_judge, score [1, 0, 0, 1, 0, 0, 1, 1, 1, 0, 1, 1, 1, 1, 0, 1, 0, 0, 1, 1, 0, 1, 0, 0, 0]
2026-08-13 09:00:02.082 | DEBUG    | eval.evaluation.evaluation:evaluate_single_query:321 - wide2deep_ws_en_083, col club, metric_func_name llm_judge, score [1, 1, 0, 1, 1, 0, 1, 1, 1, 1, 1, 1, 1, 1, 0, 1, 0, 0, 1, 1, 0, 1, 0, 1, 0]
2026-08-13 09:00:02.082 | DEBUG    | eval.evaluation.evaluation:metric_call:77 - metric_func_name exact_match score 0.0 msg exact not match, response: 8.07, target: 7.83
2026-08-13 09:00:02.082 | DEBUG    | eval.evaluation.evaluation:metric_call:77 - metric_func_name exact_match score 0.0 msg exact not match, response: 7.89, target: 7.79
2026-08-13 09:00:02.082 | DEBUG    | eval.evaluation.evaluation:metric_call:77 - metric_func_name exact_match score 0.0 msg exact not match, response: 7.71, target: 7.73
2026-08-13 09:00:02.082 | DEBUG    | eval.evaluation.evaluation:metric_call:77 - metric_func_name exact_match score 0.0 msg exact not match, response: 8.07, target: 7.76
2026-08-13 09:00:02.082 | DEBUG    | eval.evaluation.evaluation:metric_call:77 - metric_func_name exact_match score 0.0 msg exact not match, response: 7.9, target: 7.91
2026-08-13 09:00:02.082 | DEBUG    | eval.evaluation.evaluation:metric_call:77 - metric_func_name exact_match score 0.0 msg exact not match, response: 7.68, target: 7.59
2026-08-13 09:00:02.082 | DEBUG    | eval.evaluation.evaluation:metric_call:77 - metric_func_name exact_match score 0.0 msg exact not match, response: 8.04, target: 7.77
2026-08-13 09:00:02.082 | DEBUG    | eval.evaluation.evaluation:metric_call:77 - metric_func_name exact_match score 1.0 msg exact match, response: 8.11, target: 8.11
2026-08-13 09:00:02.082 | DEBUG    | eval.evaluation.evaluation:metric_call:77 - metric_func_name exact_match score 1.0 msg exact match, response: 7.89, target: 7.89
2026-08-13 09:00:02.082 | DEBUG    | eval.evaluation.evaluation:metric_call:77 - metric_func_name exact_match score 0.0 msg exact not match, response: 7.69, target: 7.76
2026-08-13 09:00:02.082 | DEBUG    | eval.evaluation.evaluation:metric_call:77 - metric_func_name exact_match score 0.0 msg exact not match, response: 8.52, target: 8.33
2026-08-13 09:00:02.083 | DEBUG    | eval.evaluation.evaluation:metric_call:77 - metric_func_name exact_match score 0.0 msg exact not match, response: 7.69, target: 7.73
2026-08-13 09:00:02.083 | DEBUG    | eval.evaluation.evaluation:metric_call:77 - metric_func_name exact_match score 0.0 msg exact not match, response: 7.7, target: 7.74
2026-08-13 09:00:02.083 | DEBUG    | eval.evaluation.evaluation:metric_call:77 - metric_func_name exact_match score 0.0 msg exact not match, response: 7.97, target: 8.05
2026-08-13 09:00:02.083 | DEBUG    | eval.evaluation.evaluation:metric_call:77 - metric_func_name exact_match score 0.0 msg exact not match, response: 7.91, target: 7.8
2026-08-13 09:00:02.083 | DEBUG    | eval.evaluation.evaluation:metric_call:77 - metric_func_name exact_match score 0.0 msg exact not match, response: 7.79, target: 7.63
2026-08-13 09:00:02.083 | DEBUG    | eval.evaluation.evaluation:metric_call:77 - metric_func_name exact_match score 0.0 msg exact not match, response: 7.71, target: 7.78
2026-08-13 09:00:02.083 | DEBUG    | eval.evaluation.evaluation:metric_call:77 - metric_func_name exact_match score 0.0 msg exact not match, response: 7.74, target: 7.78
2026-08-13 09:00:02.083 | DEBUG    | eval.evaluation.evaluation:metric_call:77 - metric_func_name exact_match score 0.0 msg exact not match, response: 7.91, target: 8.01
2026-08-13 09:00:02.083 | DEBUG    | eval.evaluation.evaluation:metric_call:77 - metric_func_name exact_match score 1.0 msg exact match, response: 7.78, target: 7.78
2026-08-13 09:00:02.083 | DEBUG    | eval.evaluation.evaluation:metric_call:77 - metric_func_name exact_match score 0.0 msg exact not match, response: 7.61, target: 7.55
2026-08-13 09:00:02.083 | DEBUG    | eval.evaluation.evaluation:metric_call:77 - metric_func_name exact_match score 0.0 msg exact not match, response: 7.54, target: 7.59
2026-08-13 09:00:02.083 | DEBUG    | eval.evaluation.evaluation:metric_call:77 - metric_func_name exact_match score 0.0 msg exact not match, response: 7.43, target: 7.31
2026-08-13 09:00:02.083 | DEBUG    | eval.evaluation.evaluation:metric_call:77 - metric_func_name exact_match score 0.0 msg exact not match, response: 7.51, target: 7.68
2026-08-13 09:00:02.083 | DEBUG    | eval.evaluation.evaluation:metric_call:77 - metric_func_name exact_match score 0.0 msg exact not match, response: 7.4, target: 7.34
2026-08-13 09:00:02.084 | DEBUG    | eval.evaluation.evaluation:evaluate_single_query:321 - wide2deep_ws_en_083, col rating, metric_func_name exact_match, score [0.0, 0.0, 0.0, 0.0, 0.0, 0.0, 0.0, 1.0, 1.0, 0.0, 0.0, 0.0, 0.0, 0.0, 0.0, 0.0, 0.0, 0.0, 0.0, 1.0, 0.0, 0.0, 0.0, 0.0, 0.0]
2026-08-13 09:00:02.089 | INFO     | eval.evaluation.evaluation:evaluate_single_query:380 - wide2deep_ws_en_083, P/R/F1 by unique_columns: 1.0000/1.0000/1.0000
2026-08-13 09:00:02.089 | INFO     | eval.evaluation.evaluation:evaluate_single_query:383 - wide2deep_ws_en_083, P/R/F1 by row: 0.1200/0.1200/0.1200
2026-08-13 09:00:02.089 | INFO     | eval.evaluation.evaluation:evaluate_single_query:386 - wide2deep_ws_en_083, P/R/F1 by item: 0.7200/0.7200/0.7200
2026-08-13 09:00:02.092 | INFO     | eval.evaluation.evaluation:evaluate_single_query:398 - wide2deep_ws_en_083, final table score: 0.0
{"event": "eval_done", "idx": 5, "instance_id": "wide2deep_ws_en_083", "score": 0.0, "entity_acc": 1.0, "f1_by_row": 0.12, "f1_by_item": 0.72, "column_f1": 1.0, "error": null, "elapsed_seconds": 27.518, "running_n": 5}
2026-08-13 09:00:05.436 | DEBUG    | eval.evaluation.data_loader:extract_dataframe:167 - find markdown_str 
| 年份 | 赛事 | 地点 | 进攻 | 拦网 | 发球 | 总计 | 名次 |
| --- | --- | --- | - ...
2026-08-13 09:00:09.399 | INFO     | eval.evaluation.metric_utils:primary_key_preprocess:246 - primary_key_preprocess result: ```json
{
  "世界女子排球锦标赛": "女排世锦赛",
  "女子排球世界杯": "女排世界杯",
  "里约奥运会女子排球赛": "奥运会",
  "世界女排联赛": "世界女排联赛（替补）",
  "东京奥运会女子排球赛": "奥运会"
}
```
2026-08-13 09:00:09.399 | INFO     | eval.evaluation.evaluation:evaluate_single_query:223 - col: 赛事, primary_key_map {'世界女子排球锦标赛': '女排世锦赛', '女子排球世界杯': '女排世界杯', '里约奥运会女子排球赛': '奥运会', '世界女排联赛': '世界女排联赛（替补）', '东京奥运会女子排球赛': '奥运会'}
2026-08-13 09:00:09.468 | INFO     | eval.evaluation.evaluation:evaluate_single_query:275 - deep2wide_result_12_张常宁, df_inner shape: (4, 15), answer_df shape: (5, 8), response_df shape: (13, 9)
2026-08-13 09:00:20.282 | DEBUG    | eval.evaluation.evaluation:evaluate_single_query:321 - deep2wide_result_12_张常宁, col 地点, metric_func_name llm_judge, score [1, 1, 1, 1]
2026-08-13 09:00:20.283 | DEBUG    | eval.evaluation.evaluation:metric_call:77 - metric_func_name number_near score 0.0 msg number not convertable, response: None, target: 47.0
2026-08-13 09:00:20.283 | DEBUG    | eval.evaluation.evaluation:metric_call:77 - metric_func_name number_near score 0.0 msg number not convertable, response: None, target: 67.0
2026-08-13 09:00:20.283 | DEBUG    | eval.evaluation.evaluation:metric_call:77 - metric_func_name number_near score 0.0 msg number not convertable, response: None, target: 97.0
2026-08-13 09:00:20.283 | DEBUG    | eval.evaluation.evaluation:metric_call:77 - metric_func_name number_near score 0.0 msg number not convertable, response: None, target: 48.0
2026-08-13 09:00:20.284 | DEBUG    | eval.evaluation.evaluation:evaluate_single_query:321 - deep2wide_result_12_张常宁, col 进攻, metric_func_name number_near, score [0.0, 0.0, 0.0, 0.0]
2026-08-13 09:00:20.284 | DEBUG    | eval.evaluation.evaluation:metric_call:77 - metric_func_name number_near score 0.0 msg number not convertable, response: None, target: 4.0
2026-08-13 09:00:20.284 | DEBUG    | eval.evaluation.evaluation:metric_call:77 - metric_func_name number_near score 0.0 msg number not convertable, response: None, target: 15.0
2026-08-13 09:00:20.284 | DEBUG    | eval.evaluation.evaluation:metric_call:77 - metric_func_name number_near score 0.0 msg number not convertable, response: None, target: 10.0
2026-08-13 09:00:20.284 | DEBUG    | eval.evaluation.evaluation:metric_call:77 - metric_func_name number_near score 0.0 msg number not convertable, response: None, target: 8.0
2026-08-13 09:00:20.285 | DEBUG    | eval.evaluation.evaluation:evaluate_single_query:321 - deep2wide_result_12_张常宁, col 拦网, metric_func_name number_near, score [0.0, 0.0, 0.0, 0.0]
2026-08-13 09:00:20.285 | DEBUG    | eval.evaluation.evaluation:metric_call:77 - metric_func_name number_near score 0.0 msg number not convertable, response: None, target: 5.0
2026-08-13 09:00:20.285 | DEBUG    | eval.evaluation.evaluation:metric_call:77 - metric_func_name number_near score 0.0 msg number not convertable, response: None, target: 1.0
2026-08-13 09:00:20.285 | DEBUG    | eval.evaluation.evaluation:metric_call:77 - metric_func_name number_near score 0.0 msg number not convertable, response: None, target: 10.0
2026-08-13 09:00:20.285 | DEBUG    | eval.evaluation.evaluation:metric_call:77 - metric_func_name number_near score 0.0 msg number not convertable, response: None, target: 4.0
2026-08-13 09:00:20.286 | DEBUG    | eval.evaluation.evaluation:evaluate_single_query:321 - deep2wide_result_12_张常宁, col 发球, metric_func_name number_near, score [0.0, 0.0, 0.0, 0.0]
2026-08-13 09:00:20.286 | DEBUG    | eval.evaluation.evaluation:metric_call:77 - metric_func_name number_near score 0.0 msg number not convertable, response: None, target: 56.0
2026-08-13 09:00:20.286 | DEBUG    | eval.evaluation.evaluation:metric_call:77 - metric_func_name number_near score 0.0 msg number not convertable, response: None, target: 83.0
2026-08-13 09:00:20.286 | DEBUG    | eval.evaluation.evaluation:metric_call:77 - metric_func_name number_near score 0.0 msg number not convertable, response: None, target: 117.0
2026-08-13 09:00:20.286 | DEBUG    | eval.evaluation.evaluation:metric_call:77 - metric_func_name number_near score 0.0 msg number not convertable, response: None, target: 60.0
2026-08-13 09:00:20.287 | DEBUG    | eval.evaluation.evaluation:evaluate_single_query:321 - deep2wide_result_12_张常宁, col 总计, metric_func_name number_near, score [0.0, 0.0, 0.0, 0.0]
2026-08-13 09:00:20.287 | DEBUG    | eval.evaluation.evaluation:metric_call:77 - metric_func_name exact_match score 0.0 msg exact not match, response: 冠军, target: 第一名
2026-08-13 09:00:20.287 | DEBUG    | eval.evaluation.evaluation:metric_call:77 - metric_func_name exact_match score 0.0 msg exact not match, response: 季军, target: 第三名
2026-08-13 09:00:20.287 | DEBUG    | eval.evaluation.evaluation:metric_call:77 - metric_func_name exact_match score 0.0 msg exact not match, response: 冠军, target: 第四名
2026-08-13 09:00:20.288 | DEBUG    | eval.evaluation.evaluation:metric_call:77 - metric_func_name exact_match score 0.0 msg exact not match, response: 第9名, target: 第九名
2026-08-13 09:00:20.288 | DEBUG    | eval.evaluation.evaluation:evaluate_single_query:321 - deep2wide_result_12_张常宁, col 名次, metric_func_name exact_match, score [0.0, 0.0, 0.0, 0.0]
2026-08-13 09:00:20.295 | INFO     | eval.evaluation.evaluation:evaluate_single_query:380 - deep2wide_result_12_张常宁, P/R/F1 by unique_columns: 0.3077/0.8000/0.4444
2026-08-13 09:00:20.295 | INFO     | eval.evaluation.evaluation:evaluate_single_query:383 - deep2wide_result_12_张常宁, P/R/F1 by row: 0.0000/0.0000/0.0000
2026-08-13 09:00:20.295 | INFO     | eval.evaluation.evaluation:evaluate_single_query:386 - deep2wide_result_12_张常宁, P/R/F1 by item: 0.1154/0.3000/0.1667
2026-08-13 09:00:20.297 | INFO     | eval.evaluation.evaluation:evaluate_single_query:398 - deep2wide_result_12_张常宁, final table score: 0.0
{"event": "eval_done", "idx": 6, "instance_id": "deep2wide_result_12_张常宁", "score": 0.0, "entity_acc": 1.0, "f1_by_row": 0.0, "f1_by_item": 0.16666666666666669, "column_f1": 0.4444444444444444, "error": null, "elapsed_seconds": 18.184, "running_n": 6}
2026-08-13 09:00:25.557 | DEBUG    | eval.evaluation.data_loader:extract_dataframe:167 - find markdown_str 
| 获奖作品 | 获奖时间 | 奖项名称 | 获奖结果 | 片长 | 电影类型 |
| --- | --- | --- | - ...
2026-08-13 09:00:28.459 | INFO     | eval.evaluation.metric_utils:primary_key_preprocess:246 - primary_key_preprocess result: ```json
{
  "《被遗忘的人》（Los olvidados）": "被遗忘的人",
  "《纳萨林》（Nazarín）": "纳萨林",
  "《少女》（La joven / The Young One）": "少女",
  "《维莉蒂安娜》（Viridiana）": "维莉迪安娜",
  "《泯灭天使》（El ángel exterminador）": "泯灭天使"
}
```
2026-08-13 09:00:28.460 | INFO     | eval.evaluation.evaluation:evaluate_single_query:223 - col: 获奖作品, primary_key_map {'《被遗忘的人》（Los olvidados）': '被遗忘的人', '《纳萨林》（Nazarín）': '纳萨林', '《少女》（La joven / The Young One）': '少女', '《维莉蒂安娜》（Viridiana）': '维莉迪安娜', '《泯灭天使》（El ángel exterminador）': '泯灭天使'}
2026-08-13 09:00:28.478 | INFO     | eval.evaluation.evaluation:evaluate_single_query:275 - deep2wide_result_18_路易斯·布努埃尔, df_inner shape: (5, 12), answer_df shape: (7, 6), response_df shape: (5, 7)
2026-08-13 09:00:28.481 | DEBUG    | eval.evaluation.evaluation:metric_call:77 - metric_func_name date_near score 1.0 msg date near, response: 1962-08-01 00:00:00, target: 1962-08-01 00:00:00
2026-08-13 09:00:28.483 | DEBUG    | eval.evaluation.evaluation:metric_call:77 - metric_func_name date_near score 1.0 msg date near, response: 1961-08-01 00:00:00, target: 1961-08-01 00:00:00
2026-08-13 09:00:28.485 | DEBUG    | eval.evaluation.evaluation:metric_call:77 - metric_func_name date_near score 1.0 msg date near, response: 1960-08-01 00:00:00, target: 1960-08-01 00:00:00
2026-08-13 09:00:28.488 | DEBUG    | eval.evaluation.evaluation:metric_call:77 - metric_func_name date_near score 1.0 msg date near, response: 1959-08-01 00:00:00, target: 1959-08-01 00:00:00
2026-08-13 09:00:28.490 | DEBUG    | eval.evaluation.evaluation:metric_call:77 - metric_func_name date_near score 1.0 msg date near, response: 1951-08-01 00:00:00, target: 1951-08-01 00:00:00
2026-08-13 09:00:28.490 | DEBUG    | eval.evaluation.evaluation:evaluate_single_query:321 - deep2wide_result_18_路易斯·布努埃尔, col 获奖时间, metric_func_name date_near, score [1.0, 1.0, 1.0, 1.0, 1.0]
2026-08-13 09:00:28.491 | DEBUG    | eval.evaluation.evaluation:metric_call:77 - metric_func_name exact_match score 0.0 msg exact not match, response: 费比西国际影评人奖, target: 第15届主竞赛单元-金棕榈奖
2026-08-13 09:00:28.491 | DEBUG    | eval.evaluation.evaluation:metric_call:77 - metric_func_name exact_match score 0.0 msg exact not match, response: 金棕榈奖, target: 第14届主竞赛单元-金棕榈奖
2026-08-13 09:00:28.491 | DEBUG    | eval.evaluation.evaluation:metric_call:77 - metric_func_name exact_match score 0.0 msg exact not match, response: 特别提及奖, target: 第13届特别提及奖
2026-08-13 09:00:28.491 | DEBUG    | eval.evaluation.evaluation:metric_call:77 - metric_func_name exact_match score 0.0 msg exact not match, response: 国际奖, target: 第12届国际奖
2026-08-13 09:00:28.491 | DEBUG    | eval.evaluation.evaluation:metric_call:77 - metric_func_name exact_match score 0.0 msg exact not match, response: 最佳导演奖, target: 第4届最佳导演奖
2026-08-13 09:00:28.492 | DEBUG    | eval.evaluation.evaluation:evaluate_single_query:321 - deep2wide_result_18_路易斯·布努埃尔, col 奖项名称, metric_func_name exact_match, score [0.0, 0.0, 0.0, 0.0, 0.0]
2026-08-13 09:00:28.492 | DEBUG    | eval.evaluation.evaluation:metric_call:77 - metric_func_name exact_match score 0.0 msg exact not match, response: 获奖, target: 提名
2026-08-13 09:00:28.492 | DEBUG    | eval.evaluation.evaluation:metric_call:77 - metric_func_name exact_match score 0.0 msg exact not match, response: 获奖（并列）, target: 获奖
2026-08-13 09:00:28.492 | DEBUG    | eval.evaluation.evaluation:metric_call:77 - metric_func_name exact_match score 1.0 msg exact match, response: 获奖, target: 获奖
2026-08-13 09:00:28.492 | DEBUG    | eval.evaluation.evaluation:metric_call:77 - metric_func_name exact_match score 1.0 msg exact match, response: 获奖, target: 获奖
2026-08-13 09:00:28.492 | DEBUG    | eval.evaluation.evaluation:metric_call:77 - metric_func_name exact_match score 1.0 msg exact match, response: 获奖, target: 获奖
2026-08-13 09:00:28.493 | DEBUG    | eval.evaluation.evaluation:evaluate_single_query:321 - deep2wide_result_18_路易斯·布努埃尔, col 获奖结果, metric_func_name exact_match, score [0.0, 0.0, 1.0, 1.0, 1.0]
2026-08-13 09:00:28.493 | DEBUG    | eval.evaluation.evaluation:metric_call:77 - metric_func_name number_near score 1.0 msg number near in range 5.0%, response: 95.0, target: 95.0
2026-08-13 09:00:28.493 | DEBUG    | eval.evaluation.evaluation:metric_call:77 - metric_func_name number_near score 1.0 msg number near in range 5.0%, response: 90.0, target: 91.0
2026-08-13 09:00:28.493 | DEBUG    | eval.evaluation.evaluation:metric_call:77 - metric_func_name number_near score 1.0 msg number near in range 5.0%, response: 96.0, target: 95.0
2026-08-13 09:00:28.493 | DEBUG    | eval.evaluation.evaluation:metric_call:77 - metric_func_name number_near score 1.0 msg number near in range 5.0%, response: 94.0, target: 94.0
2026-08-13 09:00:28.493 | DEBUG    | eval.evaluation.evaluation:metric_call:77 - metric_func_name number_near score 1.0 msg number near in range 5.0%, response: 80.0, target: 77.0
2026-08-13 09:00:28.494 | DEBUG    | eval.evaluation.evaluation:evaluate_single_query:321 - deep2wide_result_18_路易斯·布努埃尔, col 片长, metric_func_name number_near, score [1.0, 1.0, 1.0, 1.0, 1.0]
2026-08-13 09:00:31.877 | DEBUG    | eval.evaluation.evaluation:evaluate_single_query:321 - deep2wide_result_18_路易斯·布努埃尔, col 电影类型, metric_func_name llm_judge, score [0, 0, 1, 1, 1]
2026-08-13 09:00:31.883 | INFO     | eval.evaluation.evaluation:evaluate_single_query:380 - deep2wide_result_18_路易斯·布努埃尔, P/R/F1 by unique_columns: 1.0000/0.7143/0.8333
2026-08-13 09:00:31.883 | INFO     | eval.evaluation.evaluation:evaluate_single_query:383 - deep2wide_result_18_路易斯·布努埃尔, P/R/F1 by row: 0.0000/0.0000/0.0000
2026-08-13 09:00:31.883 | INFO     | eval.evaluation.evaluation:evaluate_single_query:386 - deep2wide_result_18_路易斯·布努埃尔, P/R/F1 by item: 0.7000/0.5000/0.5833
2026-08-13 09:00:31.885 | INFO     | eval.evaluation.evaluation:evaluate_single_query:398 - deep2wide_result_18_路易斯·布努埃尔, final table score: 0.0
{"event": "eval_done", "idx": 7, "instance_id": "deep2wide_result_18_路易斯·布努埃尔", "score": 0.0, "entity_acc": 1.0, "f1_by_row": 0.0, "f1_by_item": 0.5833333333333334, "column_f1": 0.8333333333333333, "error": null, "elapsed_seconds": 11.565, "running_n": 7}
SUMMARY {"n": 7, "valid_n": 7, "errors": 0, "complete": true, "judge_calls_current_process": 29, "score": 0.0, "entity_acc": 1.0, "precision_by_row": 0.23271062271062273, "recall_by_row": 0.23271062271062273, "f1_by_row": 0.23271062271062273, "precision_by_item": 0.5878668610301263, "recall_by_item": 0.4928328968344705, "f1_by_item": 0.5071742576215207, "column_precision": 0.8020146520146519, "column_recall": 0.6742156310787191, "column_f1": 0.6785408187277346}
