INFO: Pandarallel will run on 8 workers.
INFO: Pandarallel will use Memory file system to transfer data between the main process and workers.
{"event": "eval_start", "selected": 7, "resume_committed": 0, "committed_errors": 0, "crash_only_resume": false}
2026-08-07 15:45:42.857 | DEBUG    | eval.evaluation.data_loader:extract_dataframe:167 - find markdown_str 
| Name | Nationality | Year of Birth | Year Turned Pro | Tourna ...
2026-08-07 15:45:45.990 | INFO     | eval.evaluation.metric_utils:primary_key_preprocess:246 - primary_key_preprocess result: ```json
{
  "Choi Jeong": "Choi Jeong",
  "Yu Zhiying": "Yu Zhiying",
  "Oh Yujin": "Oh Yujin",
  "Zhou Hongyu": "Zhou Hongyu",
  "Kim Eunji": "Kim Eunji"
}
```
2026-08-07 15:45:45.990 | INFO     | eval.evaluation.evaluation:evaluate_single_query:223 - col: name, primary_key_map {'Choi Jeong': 'Choi Jeong', 'Yu Zhiying': 'Yu Zhiying', 'Oh Yujin': 'Oh Yujin', 'Zhou Hongyu': 'Zhou Hongyu', 'Kim Eunji': 'Kim Eunji'}
2026-08-07 15:45:51.722 | INFO     | eval.evaluation.metric_utils:primary_key_preprocess:246 - primary_key_preprocess result: ```json
{
  "1st SENKO Cup World Go Women’s Championship": "The 1st SENKO CUP World Go Women’s Championship ",
  "1st Wu Qingyuan Cup World Women’s Go Championship": "The 1st Wu Qingyuan Cup（the Go Seigen Cup）",
  "2nd SENKO Cup World Go Women’s Championship": "The 2nd SENKO CUP World Go Women’s Championship ",
  "2nd Wu Qingyuan Cup World Women’s Go Championship": "The 2nd Wu Qingyuan Cup（the Go Seigen Cup）",
  "3rd SENKO Cup World Go Women’s Championship": "The 3rd SENKO CUP World Go Women’s Championship ",
  "5th Wu Qingyuan Cup World Women’s Go Championship": "The 5th Wu Qingyuan Cup（the Go Seigen Cup）",
  "27th Samsung Cup World Baduk Masters": "The 27th Samsung Cup",
  "19th Asian Games, women’s team event": "The 19th Asian Games (the 2020 Asian Games)",
  "6th Wu Qingyuan Cup World Women’s Go Championship": "The 6th Wu Qingyuan Cup（the Go Seigen Cup）",
  "6th Bingsheng Cup World Women’s Go Championship": "The 6th Qionglong Mountain Bingsheng Cup ",
  "7th Bingsheng Cup World Women’s Go Championship": "The 7th Qionglong Mountain Bingsheng Cup ",
  "9th Bingsheng Cup World Women’s Go Championship": "The 9th Qionglong Mountain Bingsheng Cup ",
  "3rd Wu Qingyuan Cup World Women’s Go Championship": "The 3rd Wu Qingyuan Cup（the Go Seigen Cup）",
  "4th Wu Qingyuan Cup World Women’s Go Championship": "The 4th Wu Qingyuan Cup（the Go Seigen Cup）",
  "8th Bingsheng Cup World Women’s Go Championship": "The 8th Qionglong Mountain Bingsheng Cup ",
  "7th Wu Qingyuan Cup World Women’s Go Championship": "The 7th Wu Qingyuan Cup（the Go Seigen Cup）"
}
```
2026-08-07 15:45:51.723 | INFO     | eval.evaluation.evaluation:evaluate_single_query:223 - col: tournament, primary_key_map {'1st SENKO Cup World Go Women’s Championship': 'The 1st SENKO CUP World Go Women’s Championship ', '1st Wu Qingyuan Cup World Women’s Go Championship': 'The 1st Wu Qingyuan Cup（the Go Seigen Cup）', '2nd SENKO Cup World Go Women’s Championship': 'The 2nd SENKO CUP World Go Women’s Championship ', '2nd Wu Qingyuan Cup World Women’s Go Championship': 'The 2nd Wu Qingyuan Cup（the Go Seigen Cup）', '3rd SENKO Cup World Go Women’s Championship': 'The 3rd SENKO CUP World Go Women’s Championship ', '5th Wu Qingyuan Cup World Women’s Go Championship': 'The 5th Wu Qingyuan Cup（the Go Seigen Cup）', '27th Samsung Cup World Baduk Masters': 'The 27th Samsung Cup', '19th Asian Games, women’s team event': 'The 19th Asian Games (the 2020 Asian Games)', '6th Wu Qingyuan Cup World Women’s Go Championship': 'The 6th Wu Qingyuan Cup（the Go Seigen Cup）', '6th Bingsheng Cup World Women’s Go Championship': 'The 6th Qionglong Mountain Bingsheng Cup ', '7th Bingsheng Cup World Women’s Go Championship': 'The 7th Qionglong Mountain Bingsheng Cup ', '9th Bingsheng Cup World Women’s Go Championship': 'The 9th Qionglong Mountain Bingsheng Cup ', '3rd Wu Qingyuan Cup World Women’s Go Championship': 'The 3rd Wu Qingyuan Cup（the Go Seigen Cup）', '4th Wu Qingyuan Cup World Women’s Go Championship': 'The 4th Wu Qingyuan Cup（the Go Seigen Cup）', '8th Bingsheng Cup World Women’s Go Championship': 'The 8th Qionglong Mountain Bingsheng Cup ', '7th Wu Qingyuan Cup World Women’s Go Championship': 'The 7th Wu Qingyuan Cup（the Go Seigen Cup）'}
2026-08-07 15:45:51.732 | INFO     | eval.evaluation.evaluation:evaluate_single_query:275 - wide2deep_ws_en_082, df_inner shape: (16, 14), answer_df shape: (86, 7), response_df shape: (28, 9)
2026-08-07 15:45:56.263 | DEBUG    | eval.evaluation.evaluation:evaluate_single_query:321 - wide2deep_ws_en_082, col nationality, metric_func_name llm_judge, score [0, 0, 0, 0, 0, 0, 0, 0, 0, 0, 0, 0, 0, 0, 0, 0]
2026-08-07 15:45:56.264 | DEBUG    | eval.evaluation.evaluation:metric_call:77 - metric_func_name exact_match score 1.0 msg exact match, response: 1996, target: 1996
2026-08-07 15:45:56.264 | DEBUG    | eval.evaluation.evaluation:metric_call:77 - metric_func_name exact_match score 1.0 msg exact match, response: 1996, target: 1996
2026-08-07 15:45:56.264 | DEBUG    | eval.evaluation.evaluation:metric_call:77 - metric_func_name exact_match score 1.0 msg exact match, response: 1996, target: 1996
2026-08-07 15:45:56.264 | DEBUG    | eval.evaluation.evaluation:metric_call:77 - metric_func_name exact_match score 1.0 msg exact match, response: 1996, target: 1996
2026-08-07 15:45:56.264 | DEBUG    | eval.evaluation.evaluation:metric_call:77 - metric_func_name exact_match score 1.0 msg exact match, response: 1996, target: 1996
2026-08-07 15:45:56.264 | DEBUG    | eval.evaluation.evaluation:metric_call:77 - metric_func_name exact_match score 1.0 msg exact match, response: 1996, target: 1996
2026-08-07 15:45:56.264 | DEBUG    | eval.evaluation.evaluation:metric_call:77 - metric_func_name exact_match score 1.0 msg exact match, response: 1996, target: 1996
2026-08-07 15:45:56.264 | DEBUG    | eval.evaluation.evaluation:metric_call:77 - metric_func_name exact_match score 1.0 msg exact match, response: 1996, target: 1996
2026-08-07 15:45:56.264 | DEBUG    | eval.evaluation.evaluation:metric_call:77 - metric_func_name exact_match score 1.0 msg exact match, response: 1996, target: 1996
2026-08-07 15:45:56.264 | DEBUG    | eval.evaluation.evaluation:metric_call:77 - metric_func_name exact_match score 1.0 msg exact match, response: 2007, target: 2007
2026-08-07 15:45:56.264 | DEBUG    | eval.evaluation.evaluation:metric_call:77 - metric_func_name exact_match score 1.0 msg exact match, response: 1997, target: 1997
2026-08-07 15:45:56.264 | DEBUG    | eval.evaluation.evaluation:metric_call:77 - metric_func_name exact_match score 1.0 msg exact match, response: 1997, target: 1997
2026-08-07 15:45:56.264 | DEBUG    | eval.evaluation.evaluation:metric_call:77 - metric_func_name exact_match score 1.0 msg exact match, response: 1997, target: 1997
2026-08-07 15:45:56.264 | DEBUG    | eval.evaluation.evaluation:metric_call:77 - metric_func_name exact_match score 1.0 msg exact match, response: 1997, target: 1997
2026-08-07 15:45:56.264 | DEBUG    | eval.evaluation.evaluation:metric_call:77 - metric_func_name exact_match score 1.0 msg exact match, response: 1997, target: 1997
2026-08-07 15:45:56.264 | DEBUG    | eval.evaluation.evaluation:metric_call:77 - metric_func_name exact_match score 1.0 msg exact match, response: 2002, target: 2002
2026-08-07 15:45:56.265 | DEBUG    | eval.evaluation.evaluation:evaluate_single_query:321 - wide2deep_ws_en_082, col yearofbirth, metric_func_name exact_match, score [1.0, 1.0, 1.0, 1.0, 1.0, 1.0, 1.0, 1.0, 1.0, 1.0, 1.0, 1.0, 1.0, 1.0, 1.0, 1.0]
2026-08-07 15:45:56.265 | DEBUG    | eval.evaluation.evaluation:metric_call:77 - metric_func_name exact_match score 1.0 msg exact match, response: 2010, target: 2010
2026-08-07 15:45:56.265 | DEBUG    | eval.evaluation.evaluation:metric_call:77 - metric_func_name exact_match score 1.0 msg exact match, response: 2010, target: 2010
2026-08-07 15:45:56.265 | DEBUG    | eval.evaluation.evaluation:metric_call:77 - metric_func_name exact_match score 1.0 msg exact match, response: 2010, target: 2010
2026-08-07 15:45:56.265 | DEBUG    | eval.evaluation.evaluation:metric_call:77 - metric_func_name exact_match score 1.0 msg exact match, response: 2010, target: 2010
2026-08-07 15:45:56.265 | DEBUG    | eval.evaluation.evaluation:metric_call:77 - metric_func_name exact_match score 1.0 msg exact match, response: 2010, target: 2010
2026-08-07 15:45:56.265 | DEBUG    | eval.evaluation.evaluation:metric_call:77 - metric_func_name exact_match score 1.0 msg exact match, response: 2010, target: 2010
2026-08-07 15:45:56.265 | DEBUG    | eval.evaluation.evaluation:metric_call:77 - metric_func_name exact_match score 1.0 msg exact match, response: 2010, target: 2010
2026-08-07 15:45:56.266 | DEBUG    | eval.evaluation.evaluation:metric_call:77 - metric_func_name exact_match score 1.0 msg exact match, response: 2010, target: 2010
2026-08-07 15:45:56.266 | DEBUG    | eval.evaluation.evaluation:metric_call:77 - metric_func_name exact_match score 1.0 msg exact match, response: 2010, target: 2010
2026-08-07 15:45:56.266 | DEBUG    | eval.evaluation.evaluation:metric_call:77 - metric_func_name exact_match score 1.0 msg exact match, response: 2020, target: 2020
2026-08-07 15:45:56.266 | DEBUG    | eval.evaluation.evaluation:metric_call:77 - metric_func_name exact_match score 0.0 msg exact not match, response: 2010, target: 2009
2026-08-07 15:45:56.266 | DEBUG    | eval.evaluation.evaluation:metric_call:77 - metric_func_name exact_match score 0.0 msg exact not match, response: 2010, target: 2009
2026-08-07 15:45:56.266 | DEBUG    | eval.evaluation.evaluation:metric_call:77 - metric_func_name exact_match score 0.0 msg exact not match, response: 2010, target: 2009
2026-08-07 15:45:56.266 | DEBUG    | eval.evaluation.evaluation:metric_call:77 - metric_func_name exact_match score 0.0 msg exact not match, response: 2010, target: 2009
2026-08-07 15:45:56.266 | DEBUG    | eval.evaluation.evaluation:metric_call:77 - metric_func_name exact_match score 0.0 msg exact not match, response: 2010, target: 2009
2026-08-07 15:45:56.266 | DEBUG    | eval.evaluation.evaluation:metric_call:77 - metric_func_name exact_match score 0.0 msg exact not match, response: 2015, target: 2016
2026-08-07 15:45:56.266 | DEBUG    | eval.evaluation.evaluation:evaluate_single_query:321 - wide2deep_ws_en_082, col yearturnedpro, metric_func_name exact_match, score [1.0, 1.0, 1.0, 1.0, 1.0, 1.0, 1.0, 1.0, 1.0, 1.0, 0.0, 0.0, 0.0, 0.0, 0.0, 0.0]
2026-08-07 15:45:56.267 | DEBUG    | eval.evaluation.evaluation:metric_call:77 - metric_func_name exact_match score 1.0 msg exact match, response: 2018, target: 2018
2026-08-07 15:45:56.267 | DEBUG    | eval.evaluation.evaluation:metric_call:77 - metric_func_name exact_match score 1.0 msg exact match, response: 2018, target: 2018
2026-08-07 15:45:56.267 | DEBUG    | eval.evaluation.evaluation:metric_call:77 - metric_func_name exact_match score 1.0 msg exact match, response: 2019, target: 2019
2026-08-07 15:45:56.267 | DEBUG    | eval.evaluation.evaluation:metric_call:77 - metric_func_name exact_match score 1.0 msg exact match, response: 2019, target: 2019
2026-08-07 15:45:56.267 | DEBUG    | eval.evaluation.evaluation:metric_call:77 - metric_func_name exact_match score 1.0 msg exact match, response: 2021, target: 2021
2026-08-07 15:45:56.267 | DEBUG    | eval.evaluation.evaluation:metric_call:77 - metric_func_name exact_match score 1.0 msg exact match, response: 2022, target: 2022
2026-08-07 15:45:56.267 | DEBUG    | eval.evaluation.evaluation:metric_call:77 - metric_func_name exact_match score 1.0 msg exact match, response: 2022, target: 2022
2026-08-07 15:45:56.267 | DEBUG    | eval.evaluation.evaluation:metric_call:77 - metric_func_name exact_match score 1.0 msg exact match, response: 2023, target: 2023
2026-08-07 15:45:56.267 | DEBUG    | eval.evaluation.evaluation:metric_call:77 - metric_func_name exact_match score 1.0 msg exact match, response: 2023, target: 2023
2026-08-07 15:45:56.267 | DEBUG    | eval.evaluation.evaluation:metric_call:77 - metric_func_name exact_match score 1.0 msg exact match, response: 2023, target: 2023
2026-08-07 15:45:56.267 | DEBUG    | eval.evaluation.evaluation:metric_call:77 - metric_func_name exact_match score 1.0 msg exact match, response: 2015, target: 2015
2026-08-07 15:45:56.267 | DEBUG    | eval.evaluation.evaluation:metric_call:77 - metric_func_name exact_match score 1.0 msg exact match, response: 2016, target: 2016
2026-08-07 15:45:56.267 | DEBUG    | eval.evaluation.evaluation:metric_call:77 - metric_func_name exact_match score 1.0 msg exact match, response: 2020, target: 2020
2026-08-07 15:45:56.267 | DEBUG    | eval.evaluation.evaluation:metric_call:77 - metric_func_name exact_match score 1.0 msg exact match, response: 2021, target: 2021
2026-08-07 15:45:56.267 | DEBUG    | eval.evaluation.evaluation:metric_call:77 - metric_func_name exact_match score 1.0 msg exact match, response: 2023, target: 2023
2026-08-07 15:45:56.268 | DEBUG    | eval.evaluation.evaluation:metric_call:77 - metric_func_name exact_match score 1.0 msg exact match, response: 2020, target: 2020
2026-08-07 15:45:56.268 | DEBUG    | eval.evaluation.evaluation:evaluate_single_query:321 - wide2deep_ws_en_082, col yearofparticipation, metric_func_name exact_match, score [1.0, 1.0, 1.0, 1.0, 1.0, 1.0, 1.0, 1.0, 1.0, 1.0, 1.0, 1.0, 1.0, 1.0, 1.0, 1.0]
2026-08-07 15:45:58.825 | DEBUG    | eval.evaluation.evaluation:evaluate_single_query:321 - wide2deep_ws_en_082, col result, metric_func_name llm_judge, score [0, 0, 0, 1, 0, 0, 1, 1, 1, 1, 1, 0, 0, 0, 1, 1]
2026-08-07 15:45:58.834 | INFO     | eval.evaluation.evaluation:evaluate_single_query:380 - wide2deep_ws_en_082, P/R/F1 by unique_columns: 0.5714/0.1860/0.2807
2026-08-07 15:45:58.834 | INFO     | eval.evaluation.evaluation:evaluate_single_query:383 - wide2deep_ws_en_082, P/R/F1 by row: 0.0000/0.0000/0.0000
2026-08-07 15:45:58.834 | INFO     | eval.evaluation.evaluation:evaluate_single_query:386 - wide2deep_ws_en_082, P/R/F1 by item: 0.4184/0.1362/0.2055
2026-08-07 15:45:58.838 | INFO     | eval.evaluation.evaluation:evaluate_single_query:398 - wide2deep_ws_en_082, final table score: 0.0
{"event": "eval_done", "idx": 1, "instance_id": "wide2deep_ws_en_082", "score": 0.0, "entity_acc": 1.0, "f1_by_row": 0.0, "f1_by_item": 0.2055137844611529, "column_f1": 0.2807017543859649, "error": null, "elapsed_seconds": 20.068, "running_n": 1}
2026-08-07 15:46:00.238 | DEBUG    | eval.evaluation.data_loader:extract_dataframe:167 - find markdown_str 
| 车型名称 | 排量[L] | 供油方式 | 发动机最大功率[kW] | 发动机最大扭矩[N·m] | 发动机最大马力[Ps ...
2026-08-07 15:46:05.119 | INFO     | eval.evaluation.metric_utils:primary_key_preprocess:246 - primary_key_preprocess result: ```json
{
  "秦PLUS DM-i智驾版 55KM领先型": "第二代秦PLUS DM-i智驾版55KM 领先型",
  "秦PLUS EV智驾版 420KM进取型": "第二代秦PLUS EV智驾版420KM领先型",
  "秦L DM-i智驾版 80KM领先型": "秦L DM-i智驾版80KM领先型",
  "宋Pro DM-i智驾版 75KM领先型": "宋Pro DM-i智驾版 75KM 领先型",
  "宋L DM-i智驾版 75KM领先型": "宋L DM-i智驾版 75KM领先型",
  "宋L EV智驾版 550KM后驱卓越型": "宋L EV智驾版 550KM 卓越型",
  "元PLUS智驾版 430KM领先型": "第二代元PLUS智驾版 430KM 领先型",
  "汉EV智驾版 506KM尊贵型": "汉EV智驾版 506KM尊贵型",
  "唐DM-i智驾版 115KM尊贵型": "唐DM-i智驾版 115KM 尊贵型"
}
```
2026-08-07 15:46:05.119 | INFO     | eval.evaluation.evaluation:evaluate_single_query:223 - col: 车型名称, primary_key_map {'秦PLUS DM-i智驾版 55KM领先型': '第二代秦PLUS DM-i智驾版55KM 领先型', '秦PLUS EV智驾版 420KM进取型': '第二代秦PLUS EV智驾版420KM领先型', '秦L DM-i智驾版 80KM领先型': '秦L DM-i智驾版80KM领先型', '宋Pro DM-i智驾版 75KM领先型': '宋Pro DM-i智驾版 75KM 领先型', '宋L DM-i智驾版 75KM领先型': '宋L DM-i智驾版 75KM领先型', '宋L EV智驾版 550KM后驱卓越型': '宋L EV智驾版 550KM 卓越型', '元PLUS智驾版 430KM领先型': '第二代元PLUS智驾版 430KM 领先型', '汉EV智驾版 506KM尊贵型': '汉EV智驾版 506KM尊贵型', '唐DM-i智驾版 115KM尊贵型': '唐DM-i智驾版 115KM 尊贵型'}
2026-08-07 15:46:05.129 | INFO     | eval.evaluation.evaluation:evaluate_single_query:275 - wide2deep_ws_zh_065, df_inner shape: (9, 28), answer_df shape: (13, 14), response_df shape: (12, 15)
2026-08-07 15:46:05.130 | DEBUG    | eval.evaluation.evaluation:metric_call:77 - metric_func_name exact_match score 1.0 msg exact match, response: 1.5, target: 1.5
2026-08-07 15:46:05.130 | DEBUG    | eval.evaluation.evaluation:metric_call:77 - metric_func_name exact_match score 1.0 msg exact match, response: -, target: -
2026-08-07 15:46:05.130 | DEBUG    | eval.evaluation.evaluation:metric_call:77 - metric_func_name exact_match score 1.0 msg exact match, response: 1.5, target: 1.5
2026-08-07 15:46:05.130 | DEBUG    | eval.evaluation.evaluation:metric_call:77 - metric_func_name exact_match score 1.0 msg exact match, response: -, target: -
2026-08-07 15:46:05.130 | DEBUG    | eval.evaluation.evaluation:metric_call:77 - metric_func_name exact_match score 1.0 msg exact match, response: -, target: -
2026-08-07 15:46:05.130 | DEBUG    | eval.evaluation.evaluation:metric_call:77 - metric_func_name exact_match score 1.0 msg exact match, response: 1.5, target: 1.5
2026-08-07 15:46:05.130 | DEBUG    | eval.evaluation.evaluation:metric_call:77 - metric_func_name exact_match score 1.0 msg exact match, response: 1.5, target: 1.5
2026-08-07 15:46:05.130 | DEBUG    | eval.evaluation.evaluation:metric_call:77 - metric_func_name exact_match score 1.0 msg exact match, response: -, target: -
2026-08-07 15:46:05.130 | DEBUG    | eval.evaluation.evaluation:metric_call:77 - metric_func_name exact_match score 1.0 msg exact match, response: 1.5, target: 1.5
2026-08-07 15:46:05.131 | DEBUG    | eval.evaluation.evaluation:evaluate_single_query:321 - wide2deep_ws_zh_065, col 排量[l], metric_func_name exact_match, score [1.0, 1.0, 1.0, 1.0, 1.0, 1.0, 1.0, 1.0, 1.0]
2026-08-07 15:46:08.765 | DEBUG    | eval.evaluation.evaluation:evaluate_single_query:321 - wide2deep_ws_zh_065, col 供油方式, metric_func_name llm_judge, score [1, 1, 1, 1, 1, 1, 1, 1, 1]
2026-08-07 15:46:08.765 | DEBUG    | eval.evaluation.evaluation:metric_call:77 - metric_func_name exact_match score 1.0 msg exact match, response: 74, target: 74
2026-08-07 15:46:08.765 | DEBUG    | eval.evaluation.evaluation:metric_call:77 - metric_func_name exact_match score 1.0 msg exact match, response: -, target: -
2026-08-07 15:46:08.766 | DEBUG    | eval.evaluation.evaluation:metric_call:77 - metric_func_name exact_match score 1.0 msg exact match, response: 74, target: 74
2026-08-07 15:46:08.766 | DEBUG    | eval.evaluation.evaluation:metric_call:77 - metric_func_name exact_match score 1.0 msg exact match, response: -, target: -
2026-08-07 15:46:08.766 | DEBUG    | eval.evaluation.evaluation:metric_call:77 - metric_func_name exact_match score 1.0 msg exact match, response: -, target: -
2026-08-07 15:46:08.766 | DEBUG    | eval.evaluation.evaluation:metric_call:77 - metric_func_name exact_match score 1.0 msg exact match, response: 74, target: 74
2026-08-07 15:46:08.766 | DEBUG    | eval.evaluation.evaluation:metric_call:77 - metric_func_name exact_match score 1.0 msg exact match, response: 74, target: 74
2026-08-07 15:46:08.766 | DEBUG    | eval.evaluation.evaluation:metric_call:77 - metric_func_name exact_match score 1.0 msg exact match, response: -, target: -
2026-08-07 15:46:08.766 | DEBUG    | eval.evaluation.evaluation:metric_call:77 - metric_func_name exact_match score 1.0 msg exact match, response: 115, target: 115
2026-08-07 15:46:08.766 | DEBUG    | eval.evaluation.evaluation:evaluate_single_query:321 - wide2deep_ws_zh_065, col 发动机最大功率[kw], metric_func_name exact_match, score [1.0, 1.0, 1.0, 1.0, 1.0, 1.0, 1.0, 1.0, 1.0]
2026-08-07 15:46:08.767 | DEBUG    | eval.evaluation.evaluation:metric_call:77 - metric_func_name exact_match score 1.0 msg exact match, response: 126, target: 126
2026-08-07 15:46:08.767 | DEBUG    | eval.evaluation.evaluation:metric_call:77 - metric_func_name exact_match score 1.0 msg exact match, response: -, target: -
2026-08-07 15:46:08.767 | DEBUG    | eval.evaluation.evaluation:metric_call:77 - metric_func_name exact_match score 1.0 msg exact match, response: 126, target: 126
2026-08-07 15:46:08.767 | DEBUG    | eval.evaluation.evaluation:metric_call:77 - metric_func_name exact_match score 1.0 msg exact match, response: -, target: -
2026-08-07 15:46:08.767 | DEBUG    | eval.evaluation.evaluation:metric_call:77 - metric_func_name exact_match score 1.0 msg exact match, response: -, target: -
2026-08-07 15:46:08.767 | DEBUG    | eval.evaluation.evaluation:metric_call:77 - metric_func_name exact_match score 1.0 msg exact match, response: 126, target: 126
2026-08-07 15:46:08.767 | DEBUG    | eval.evaluation.evaluation:metric_call:77 - metric_func_name exact_match score 1.0 msg exact match, response: 126, target: 126
2026-08-07 15:46:08.767 | DEBUG    | eval.evaluation.evaluation:metric_call:77 - metric_func_name exact_match score 1.0 msg exact match, response: -, target: -
2026-08-07 15:46:08.767 | DEBUG    | eval.evaluation.evaluation:metric_call:77 - metric_func_name exact_match score 1.0 msg exact match, response: 225, target: 225
2026-08-07 15:46:08.768 | DEBUG    | eval.evaluation.evaluation:evaluate_single_query:321 - wide2deep_ws_zh_065, col 发动机最大扭矩[n·m], metric_func_name exact_match, score [1.0, 1.0, 1.0, 1.0, 1.0, 1.0, 1.0, 1.0, 1.0]
2026-08-07 15:46:08.768 | DEBUG    | eval.evaluation.evaluation:metric_call:77 - metric_func_name exact_match score 1.0 msg exact match, response: 101, target: 101
2026-08-07 15:46:08.768 | DEBUG    | eval.evaluation.evaluation:metric_call:77 - metric_func_name exact_match score 1.0 msg exact match, response: -, target: -
2026-08-07 15:46:08.768 | DEBUG    | eval.evaluation.evaluation:metric_call:77 - metric_func_name exact_match score 1.0 msg exact match, response: 101, target: 101
2026-08-07 15:46:08.768 | DEBUG    | eval.evaluation.evaluation:metric_call:77 - metric_func_name exact_match score 1.0 msg exact match, response: -, target: -
2026-08-07 15:46:08.768 | DEBUG    | eval.evaluation.evaluation:metric_call:77 - metric_func_name exact_match score 1.0 msg exact match, response: -, target: -
2026-08-07 15:46:08.768 | DEBUG    | eval.evaluation.evaluation:metric_call:77 - metric_func_name exact_match score 1.0 msg exact match, response: 101, target: 101
2026-08-07 15:46:08.768 | DEBUG    | eval.evaluation.evaluation:metric_call:77 - metric_func_name exact_match score 1.0 msg exact match, response: 101, target: 101
2026-08-07 15:46:08.768 | DEBUG    | eval.evaluation.evaluation:metric_call:77 - metric_func_name exact_match score 1.0 msg exact match, response: -, target: -
2026-08-07 15:46:08.768 | DEBUG    | eval.evaluation.evaluation:metric_call:77 - metric_func_name exact_match score 1.0 msg exact match, response: 156, target: 156
2026-08-07 15:46:08.769 | DEBUG    | eval.evaluation.evaluation:evaluate_single_query:321 - wide2deep_ws_zh_065, col 发动机最大马力[ps], metric_func_name exact_match, score [1.0, 1.0, 1.0, 1.0, 1.0, 1.0, 1.0, 1.0, 1.0]
2026-08-07 15:46:08.769 | DEBUG    | eval.evaluation.evaluation:metric_call:77 - metric_func_name exact_match score 1.0 msg exact match, response: 自然吸气, target: 自然吸气
2026-08-07 15:46:08.769 | DEBUG    | eval.evaluation.evaluation:metric_call:77 - metric_func_name exact_match score 1.0 msg exact match, response: -, target: -
2026-08-07 15:46:08.769 | DEBUG    | eval.evaluation.evaluation:metric_call:77 - metric_func_name exact_match score 1.0 msg exact match, response: 自然吸气, target: 自然吸气
2026-08-07 15:46:08.769 | DEBUG    | eval.evaluation.evaluation:metric_call:77 - metric_func_name exact_match score 1.0 msg exact match, response: -, target: -
2026-08-07 15:46:08.769 | DEBUG    | eval.evaluation.evaluation:metric_call:77 - metric_func_name exact_match score 1.0 msg exact match, response: -, target: -
2026-08-07 15:46:08.769 | DEBUG    | eval.evaluation.evaluation:metric_call:77 - metric_func_name exact_match score 1.0 msg exact match, response: 自然吸气, target: 自然吸气
2026-08-07 15:46:08.769 | DEBUG    | eval.evaluation.evaluation:metric_call:77 - metric_func_name exact_match score 1.0 msg exact match, response: 自然吸气, target: 自然吸气
2026-08-07 15:46:08.769 | DEBUG    | eval.evaluation.evaluation:metric_call:77 - metric_func_name exact_match score 1.0 msg exact match, response: -, target: -
2026-08-07 15:46:08.769 | DEBUG    | eval.evaluation.evaluation:metric_call:77 - metric_func_name exact_match score 1.0 msg exact match, response: 涡轮增压, target: 涡轮增压
2026-08-07 15:46:08.770 | DEBUG    | eval.evaluation.evaluation:evaluate_single_query:321 - wide2deep_ws_zh_065, col 发动机进气方式, metric_func_name exact_match, score [1.0, 1.0, 1.0, 1.0, 1.0, 1.0, 1.0, 1.0, 1.0]
2026-08-07 15:46:08.770 | DEBUG    | eval.evaluation.evaluation:metric_call:77 - metric_func_name exact_match score 1.0 msg exact match, response: 4, target: 4
2026-08-07 15:46:08.770 | DEBUG    | eval.evaluation.evaluation:metric_call:77 - metric_func_name exact_match score 1.0 msg exact match, response: -, target: -
2026-08-07 15:46:08.770 | DEBUG    | eval.evaluation.evaluation:metric_call:77 - metric_func_name exact_match score 1.0 msg exact match, response: 4, target: 4
2026-08-07 15:46:08.770 | DEBUG    | eval.evaluation.evaluation:metric_call:77 - metric_func_name exact_match score 1.0 msg exact match, response: -, target: -
2026-08-07 15:46:08.770 | DEBUG    | eval.evaluation.evaluation:metric_call:77 - metric_func_name exact_match score 1.0 msg exact match, response: -, target: -
2026-08-07 15:46:08.770 | DEBUG    | eval.evaluation.evaluation:metric_call:77 - metric_func_name exact_match score 1.0 msg exact match, response: 4, target: 4
2026-08-07 15:46:08.770 | DEBUG    | eval.evaluation.evaluation:metric_call:77 - metric_func_name exact_match score 1.0 msg exact match, response: 4, target: 4
2026-08-07 15:46:08.770 | DEBUG    | eval.evaluation.evaluation:metric_call:77 - metric_func_name exact_match score 1.0 msg exact match, response: -, target: -
2026-08-07 15:46:08.770 | DEBUG    | eval.evaluation.evaluation:metric_call:77 - metric_func_name exact_match score 1.0 msg exact match, response: 4, target: 4
2026-08-07 15:46:08.771 | DEBUG    | eval.evaluation.evaluation:evaluate_single_query:321 - wide2deep_ws_zh_065, col 发动机气缸数, metric_func_name exact_match, score [1.0, 1.0, 1.0, 1.0, 1.0, 1.0, 1.0, 1.0, 1.0]
2026-08-07 15:46:10.625 | DEBUG    | eval.evaluation.evaluation:evaluate_single_query:321 - wide2deep_ws_zh_065, col 电池类型, metric_func_name llm_judge, score [1, 1, 1, 1, 1, 1, 1, 1, 1]
2026-08-07 15:46:10.625 | DEBUG    | eval.evaluation.evaluation:metric_call:77 - metric_func_name exact_match score 1.0 msg exact match, response: 弗迪, target: 弗迪
2026-08-07 15:46:10.625 | DEBUG    | eval.evaluation.evaluation:metric_call:77 - metric_func_name exact_match score 1.0 msg exact match, response: 弗迪, target: 弗迪
2026-08-07 15:46:10.625 | DEBUG    | eval.evaluation.evaluation:metric_call:77 - metric_func_name exact_match score 1.0 msg exact match, response: 弗迪, target: 弗迪
2026-08-07 15:46:10.625 | DEBUG    | eval.evaluation.evaluation:metric_call:77 - metric_func_name exact_match score 1.0 msg exact match, response: 弗迪, target: 弗迪
2026-08-07 15:46:10.625 | DEBUG    | eval.evaluation.evaluation:metric_call:77 - metric_func_name exact_match score 1.0 msg exact match, response: 弗迪, target: 弗迪
2026-08-07 15:46:10.625 | DEBUG    | eval.evaluation.evaluation:metric_call:77 - metric_func_name exact_match score 1.0 msg exact match, response: 弗迪, target: 弗迪
2026-08-07 15:46:10.625 | DEBUG    | eval.evaluation.evaluation:metric_call:77 - metric_func_name exact_match score 1.0 msg exact match, response: 弗迪, target: 弗迪
2026-08-07 15:46:10.625 | DEBUG    | eval.evaluation.evaluation:metric_call:77 - metric_func_name exact_match score 1.0 msg exact match, response: 弗迪, target: 弗迪
2026-08-07 15:46:10.625 | DEBUG    | eval.evaluation.evaluation:metric_call:77 - metric_func_name exact_match score 1.0 msg exact match, response: 弗迪, target: 弗迪
2026-08-07 15:46:10.626 | DEBUG    | eval.evaluation.evaluation:evaluate_single_query:321 - wide2deep_ws_zh_065, col 电芯品牌, metric_func_name exact_match, score [1.0, 1.0, 1.0, 1.0, 1.0, 1.0, 1.0, 1.0, 1.0]
2026-08-07 15:46:10.626 | DEBUG    | eval.evaluation.evaluation:metric_call:77 - metric_func_name exact_match score 1.0 msg exact match, response: 120, target: 120
2026-08-07 15:46:10.626 | DEBUG    | eval.evaluation.evaluation:metric_call:77 - metric_func_name exact_match score 1.0 msg exact match, response: 100, target: 100
2026-08-07 15:46:10.626 | DEBUG    | eval.evaluation.evaluation:metric_call:77 - metric_func_name exact_match score 1.0 msg exact match, response: 120, target: 120
2026-08-07 15:46:10.626 | DEBUG    | eval.evaluation.evaluation:metric_call:77 - metric_func_name exact_match score 1.0 msg exact match, response: 150, target: 150
2026-08-07 15:46:10.626 | DEBUG    | eval.evaluation.evaluation:metric_call:77 - metric_func_name exact_match score 1.0 msg exact match, response: 150, target: 150
2026-08-07 15:46:10.626 | DEBUG    | eval.evaluation.evaluation:metric_call:77 - metric_func_name exact_match score 1.0 msg exact match, response: 120, target: 120
2026-08-07 15:46:10.626 | DEBUG    | eval.evaluation.evaluation:metric_call:77 - metric_func_name exact_match score 1.0 msg exact match, response: 160, target: 160
2026-08-07 15:46:10.626 | DEBUG    | eval.evaluation.evaluation:metric_call:77 - metric_func_name exact_match score 1.0 msg exact match, response: 150, target: 150
2026-08-07 15:46:10.626 | DEBUG    | eval.evaluation.evaluation:metric_call:77 - metric_func_name exact_match score 1.0 msg exact match, response: 200, target: 200
2026-08-07 15:46:10.627 | DEBUG    | eval.evaluation.evaluation:evaluate_single_query:321 - wide2deep_ws_zh_065, col 电动机总功率[kw], metric_func_name exact_match, score [1.0, 1.0, 1.0, 1.0, 1.0, 1.0, 1.0, 1.0, 1.0]
2026-08-07 15:46:10.627 | DEBUG    | eval.evaluation.evaluation:metric_call:77 - metric_func_name exact_match score 1.0 msg exact match, response: 163, target: 163
2026-08-07 15:46:10.627 | DEBUG    | eval.evaluation.evaluation:metric_call:77 - metric_func_name exact_match score 1.0 msg exact match, response: 136, target: 136
2026-08-07 15:46:10.627 | DEBUG    | eval.evaluation.evaluation:metric_call:77 - metric_func_name exact_match score 1.0 msg exact match, response: 163, target: 163
2026-08-07 15:46:10.627 | DEBUG    | eval.evaluation.evaluation:metric_call:77 - metric_func_name exact_match score 1.0 msg exact match, response: 204, target: 204
2026-08-07 15:46:10.627 | DEBUG    | eval.evaluation.evaluation:metric_call:77 - metric_func_name exact_match score 1.0 msg exact match, response: 204, target: 204
2026-08-07 15:46:10.627 | DEBUG    | eval.evaluation.evaluation:metric_call:77 - metric_func_name exact_match score 1.0 msg exact match, response: 163, target: 163
2026-08-07 15:46:10.627 | DEBUG    | eval.evaluation.evaluation:metric_call:77 - metric_func_name exact_match score 1.0 msg exact match, response: 218, target: 218
2026-08-07 15:46:10.627 | DEBUG    | eval.evaluation.evaluation:metric_call:77 - metric_func_name exact_match score 1.0 msg exact match, response: 204, target: 204
2026-08-07 15:46:10.627 | DEBUG    | eval.evaluation.evaluation:metric_call:77 - metric_func_name exact_match score 1.0 msg exact match, response: 272, target: 272
2026-08-07 15:46:10.628 | DEBUG    | eval.evaluation.evaluation:evaluate_single_query:321 - wide2deep_ws_zh_065, col 电动机总马力[ps], metric_func_name exact_match, score [1.0, 1.0, 1.0, 1.0, 1.0, 1.0, 1.0, 1.0, 1.0]
2026-08-07 15:46:10.628 | DEBUG    | eval.evaluation.evaluation:metric_call:77 - metric_func_name exact_match score 1.0 msg exact match, response: 210, target: 210
2026-08-07 15:46:10.628 | DEBUG    | eval.evaluation.evaluation:metric_call:77 - metric_func_name exact_match score 1.0 msg exact match, response: 180, target: 180
2026-08-07 15:46:10.628 | DEBUG    | eval.evaluation.evaluation:metric_call:77 - metric_func_name exact_match score 1.0 msg exact match, response: 210, target: 210
2026-08-07 15:46:10.628 | DEBUG    | eval.evaluation.evaluation:metric_call:77 - metric_func_name exact_match score 1.0 msg exact match, response: 310, target: 310
2026-08-07 15:46:10.628 | DEBUG    | eval.evaluation.evaluation:metric_call:77 - metric_func_name exact_match score 1.0 msg exact match, response: 310, target: 310
2026-08-07 15:46:10.628 | DEBUG    | eval.evaluation.evaluation:metric_call:77 - metric_func_name exact_match score 1.0 msg exact match, response: 210, target: 210
2026-08-07 15:46:10.628 | DEBUG    | eval.evaluation.evaluation:metric_call:77 - metric_func_name exact_match score 1.0 msg exact match, response: 260, target: 260
2026-08-07 15:46:10.628 | DEBUG    | eval.evaluation.evaluation:metric_call:77 - metric_func_name exact_match score 1.0 msg exact match, response: 310, target: 310
2026-08-07 15:46:10.628 | DEBUG    | eval.evaluation.evaluation:metric_call:77 - metric_func_name exact_match score 1.0 msg exact match, response: 315, target: 315
2026-08-07 15:46:10.629 | DEBUG    | eval.evaluation.evaluation:evaluate_single_query:321 - wide2deep_ws_zh_065, col 电动机总扭矩[n·m], metric_func_name exact_match, score [1.0, 1.0, 1.0, 1.0, 1.0, 1.0, 1.0, 1.0, 1.0]
2026-08-07 15:46:10.629 | DEBUG    | eval.evaluation.evaluation:metric_call:77 - metric_func_name number_near score 1.0 msg number near in range 1.0%, response: 7.68, target: 7.68
2026-08-07 15:46:10.629 | DEBUG    | eval.evaluation.evaluation:metric_call:77 - metric_func_name number_near score 1.0 msg number near in range 1.0%, response: 48.0, target: 48.0
2026-08-07 15:46:10.629 | DEBUG    | eval.evaluation.evaluation:metric_call:77 - metric_func_name number_near score 1.0 msg number near in range 1.0%, response: 10.08, target: 10.08
2026-08-07 15:46:10.629 | DEBUG    | eval.evaluation.evaluation:metric_call:77 - metric_func_name number_near score 1.0 msg number near in range 1.0%, response: 60.48, target: 60.48
2026-08-07 15:46:10.629 | DEBUG    | eval.evaluation.evaluation:metric_call:77 - metric_func_name number_near score 1.0 msg number near in range 1.0%, response: 49.92, target: 49.92
2026-08-07 15:46:10.629 | DEBUG    | eval.evaluation.evaluation:metric_call:77 - metric_func_name number_near score 1.0 msg number near in range 1.0%, response: 12.96, target: 12.9
2026-08-07 15:46:10.629 | DEBUG    | eval.evaluation.evaluation:metric_call:77 - metric_func_name number_near score 1.0 msg number near in range 1.0%, response: 12.96, target: 12.9
2026-08-07 15:46:10.629 | DEBUG    | eval.evaluation.evaluation:metric_call:77 - metric_func_name number_near score 1.0 msg number near in range 1.0%, response: 71.8, target: 71.8
2026-08-07 15:46:10.630 | DEBUG    | eval.evaluation.evaluation:metric_call:77 - metric_func_name number_near score 1.0 msg number near in range 1.0%, response: 21.5, target: 21.5
2026-08-07 15:46:10.630 | DEBUG    | eval.evaluation.evaluation:evaluate_single_query:321 - wide2deep_ws_zh_065, col 电池容量, metric_func_name number_near, score [1.0, 1.0, 1.0, 1.0, 1.0, 1.0, 1.0, 1.0, 1.0]
2026-08-07 15:46:10.635 | INFO     | eval.evaluation.evaluation:evaluate_single_query:380 - wide2deep_ws_zh_065, P/R/F1 by unique_columns: 0.7500/0.6923/0.7200
2026-08-07 15:46:10.635 | INFO     | eval.evaluation.evaluation:evaluate_single_query:383 - wide2deep_ws_zh_065, P/R/F1 by row: 0.7500/0.6923/0.7200
2026-08-07 15:46:10.635 | INFO     | eval.evaluation.evaluation:evaluate_single_query:386 - wide2deep_ws_zh_065, P/R/F1 by item: 0.7500/0.6923/0.7200
2026-08-07 15:46:10.639 | INFO     | eval.evaluation.evaluation:evaluate_single_query:398 - wide2deep_ws_zh_065, final table score: 0.0
{"event": "eval_done", "idx": 2, "instance_id": "wide2deep_ws_zh_065", "score": 0.0, "entity_acc": 1.0, "f1_by_row": 0.7199999999999999, "f1_by_item": 0.7199999999999999, "column_f1": 0.7199999999999999, "error": null, "elapsed_seconds": 11.785, "running_n": 2}
2026-08-07 15:46:12.378 | DEBUG    | eval.evaluation.data_loader:extract_dataframe:167 - find markdown_str 
| 排名 | 企业名称 | 营业收入（百万美元） | 利润（百万美元） | 总部所在城市 |
| --- | --- | -- ...
2026-08-07 15:46:45.012 | INFO     | eval.evaluation.metric_utils:primary_key_preprocess:246 - primary_key_preprocess result: ```json
{
  "国家电网有限公司（STATE GRID）": "国家电网有限公司（STATE GRID)",
  "中国石油化工集团有限公司（SINOPEC GROUP）": "中国石油化工集团有限公司（SINOPEC GROUP)",
  "中国石油天然气集团有限公司（CHINA NATIONAL PETROLEUM）": "中国石油天然气集团有限公司（CHINA NATIONAL PETROLEUM)",
  "中国建筑集团有限公司（CHINA STATE CONSTRUCTION ENGINEERING）": "中国建筑集团有限公司（CHINA STATE CONSTRUCTION ENGINEERING)",
  "中国工商银行股份有限公司（INDUSTRIAL & COMMERCIAL BANK OF CHINA）": "中国工商银行股份有限公司（INDUSTRIAL & COMMERCIAL BANK OF CHINA)",
  "中国建设银行股份有限公司（CHINA CONSTRUCTION BANK）": "中国建设银行股份有限公司（CHINA CONSTRUCTION BANK)",
  "鸿海精密工业股份有限公司（HON HAI PRECISION INDUSTRY）": "鸿海精密工业股份有限公司（HON HAI PRECISION INDUSTRY)",
  "中国农业银行股份有限公司（AGRICULTURAL BANK OF CHINA）": "中国农业银行股份有限公司（AGRICULTURAL BANK OF CHINA)",
  "中国铁路工程集团有限公司（CHINA RAILWAY ENGINEERING GROUP）": "中国铁路工程集团有限公司（CHINA RAILWAY ENGINEERING GROUP)",
  "中国银行股份有限公司（BANK OF CHINA）": "中国银行股份有限公司（BANK OF CHINA)",
  "中国铁道建筑集团有限公司（CHINA RAILWAY CONSTRUCTION）": "中国铁道建筑集团有限公司（CHINA RAILWAY CONSTRUCTION)",
  "中国宝武钢铁集团有限公司（CHINA BAOWU STEEL GROUP）": "中国宝武钢铁集团有限公司（CHINA BAOWU STEEL GROUP)",
  "京东集团股份有限公司（JD.COM）": "京东集团股份有限公司（JD.COM)",
  "中国平安保险（集团）股份有限公司（PING AN INSURANCE）": "中国平安保险（集团）股份有限公司（PING AN INSURANCE)",
  "中国中化控股有限责任公司（SINOCHEM HOLDINGS）": "中国中化控股有限责任公司（SINOCHEM HOLDINGS)",
  "中国移动通信集团有限公司（CHINA MOBILE COMMUNICATIONS）": "中国移动通信集团有限公司（CHINA MOBILE COMMUNICATIONS)",
  "中国海洋石油集团有限公司（CHINA NATIONAL OFFSHORE OIL）": "中国海洋石油集团有限公司（CHINA NATIONAL OFFSHORE OIL)",
  "中国人寿保险（集团）公司（CHINA LIFE INSURANCE）": "中国人寿保险（集团）公司（CHINA LIFE INSURANCE)",
  "中国交通建设集团有限公司（CHINA COMMUNICATIONS CONSTRUCTION）": "中国交通建设集团有限公司（CHINA COMMUNICATIONS CONSTRUCTION)",
  "中国五矿集团有限公司（CHINA MINMETALS）": "中国五矿集团有限公司（CHINA MINMETALS)",
  "阿里巴巴集团控股有限公司（ALIBABA GROUP HOLDING）": "阿里巴巴集团控股有限公司（ALIBABA GROUP HOLDING)\n\n",
  "中国中信集团有限公司（CITIC GROUP）": "中国中信集团有限公司（CITIC GROUP)",
  "中国华润有限公司（CHINA RESOURCES）": "中国华润有限公司（CHINA RESOURCES)",
  "山东能源集团有限公司（SHANDONG ENERGY GROUP）": "山东能源集团有限公司（SHANDONG ENERGY GROUP)",
  "中国南方电网有限责任公司（CHINA SOUTHERN POWER GRID）": "中国南方电网有限责任公司（CHINA SOUTHERN POWER GRID)",
  "恒力集团有限公司（HENGLI GROUP）": "恒力集团有限公司（HENGLI GROUP)",
  "中国邮政集团有限公司（CHINA POST GROUP）": "中国邮政集团有限公司（CHINA POST GROUP)",
  "国家能源投资集团有限责任公司（CHINA ENERGY INVESTMENT）": "国家能源投资集团有限责任公司（CHINA ENERGY INVESTMENT)",
  "厦门建发集团有限公司（XIAMEN C&D）": "厦门建发集团有限公司（XIAMEN C&D)",
  "上海汽车集团股份有限公司（SAIC MOTOR）": "上海汽车集团股份有限公司（SAIC MOTOR)",
  "华为投资控股有限公司（HUAWEI INVESTMENT & HOLDING）": "华为投资控股有限公司（HUAWEI INVESTMENT & HOLDING)",
  "中粮集团有限公司（COFCO）": "中粮集团有限公司（COFCO)",
  "中国电力建设集团有限公司（POWERCHINA）": "中国电力建设集团有限公司（POWERCHINA)",
  "中国医药集团有限公司（SINOPHARM）": "中国医药集团有限公司（SINOPHARM)",
  "中国第一汽车集团有限公司（CHINA FAW GROUP）": "中国第一汽车集团有限公司（CHINA FAW GROUP)",
  "中国电信集团有限公司（CHINA TELECOMMUNICATIONS）": "中国电信集团有限公司（CHINA TELECOMMUNICATIONS)",
  "浙江荣盛控股集团有限公司（ZHEJIANG RONGSHENG HOLDING GROUP）": "浙江荣盛控股集团有限公司（ZHEJIANG RONGSHENG HOLDING GROUP)",
  "腾讯控股有限公司（TENCENT HOLDINGS）": "腾讯控股有限公司（TENCENT HOLDINGS)",
  "厦门国贸控股集团有限公司（XIAMEN ITG HOLDING GROUP）": "厦门国贸控股集团有限公司（XIAMEN ITG HOLDING GROUP)",
  "比亚迪股份有限公司（BYD）": "比亚迪股份有限公司（BYD)",
  "中国航空工业集团有限公司（AVIATION INDUSTRY CORP. OF CHINA）": "中国航空工业集团有限公司（AVIATION INDUSTRY CORP. OF CHINA)",
  "物产中大集团股份有限公司（WUCHAN ZHONGDA GROUP）": "物产中大集团股份有限公司（WUCHAN ZHONGDA GROUP)",
  "交通银行股份有限公司（BANK OF COMMUNICATIONS）": "交通银行股份有限公司（BANK OF COMMUNICATIONS)",
  "江西铜业集团有限公司（JIANGXI COPPER）": "江西铜业集团有限公司（JIANGXI COPPER)",
  "中国人民保险集团股份有限公司（PEOPLE'S INSURANCE CO. OF CHINA）": "中国人民保险集团股份有限公司（PEOPLE'S INSURANCE CO. OF CHINA)",
  "中国兵器工业集团有限公司（CHINA NORTH INDUSTRIES GROUP）": "中国兵器工业集团有限公司（CHINA NORTH INDUSTRIES GROUP)",
  "太平洋建设集团有限公司（PACIFIC CONSTRUCTION GROUP）": "太平洋建设集团有限公司（PACIFIC CONSTRUCTION GROUP)",
  "陕西煤业化工集团有限责任公司（SHAANXI COAL & CHEMICAL INDUSTRY）": "陕西煤业化工集团有限责任公司（SHAANXI COAL & CHEMICAL INDUSTRY)",
  "盛虹控股集团有限公司（SHENGHONG HOLDING GROUP）": "盛虹控股集团有限公司（SHENGHONG HOLDING GROUP)",
  "中国保利集团有限公司（CHINA POLY GROUP）": "中国保利集团有限公司（CHINA POLY GROUP)",
  "山东魏桥创业集团有限公司（SHANDONG WEIQIAO PIONEERING GROUP）": "山东魏桥创业集团有限公司（SHANDONG WEIQIAO PIONEERING GROUP)",
  "招商银行股份有限公司（CHINA MERCHANTS BANK）": "招商银行股份有限公司（CHINA MERCHANTS BANK)",
  "广州汽车工业集团有限公司（GUANGZHOU AUTOMOBILE INDUSTRY GROUP）": "广州汽车工业集团有限公司（GUANGZHOU AUTOMOBILE INDUSTRY GROUP)",
  "浙江吉利控股集团有限公司（ZHEJIANG GEELY HOLDING GROUP）": "浙江吉利控股集团有限公司（ZHEJIANG GEELY HOLDING GROUP)",
  "台积公司（TAIWAN SEMICONDUCTOR MANUFACTURING）": "台积公司（TAIWAN SEMICONDUCTOR MANUFACTURING)",
  "厦门象屿集团有限公司（XMXYG）": "厦门象屿集团有限公司（XMXYG)",
  "北京汽车集团有限公司（BEIJING AUTOMOTIVE GROUP）": "北京汽车集团有限公司（BEIJING AUTOMOTIVE GROUP)",
  "万科企业股份有限公司（CHINA VANKE）": "万科企业股份有限公司（CHINA VANKE)",
  "晋能控股集团有限公司（JINNENG HOLDING GROUP）": "晋能控股集团有限公司（JINNENG HOLDING GROUP)",
  "中国铝业集团有限公司（ALUMINUM CORP. OF CHINA）": "中国铝业集团有限公司（ALUMINUM CORP. OF CHINA)",
  "兴业银行股份有限公司（INDUSTRIAL BANK）": "兴业银行股份有限公司（INDUSTRIAL BANK)",
  "中国华能集团有限公司（CHINA HUANENG GROUP）": "中国华能集团有限公司（CHINA HUANENG GROUP)",
  "中国能源建设集团有限公司（CHINA ENERGY ENGINEERING GROUP）": "中国能源建设集团有限公司（CHINA ENERGY ENGINEERING GROUP)",
  "东风汽车集团有限公司（DONGFENG MOTOR）": "东风汽车集团有限公司（DONGFENG MOTOR)",
  "浙江恒逸集团有限公司（ZHEJIANG HENGYI GROUP）": "浙江恒逸集团有限公司（ZHEJIANG HENGYI GROUP)",
  "联想集团有限公司（LENOVO GROUP）": "联想集团有限公司（LENOVO GROUP)",
  "河钢集团有限公司（HBIS GROUP）": "河钢集团有限公司（HBIS GROUP)",
  "宁德时代新能源科技股份有限公司（CONTEMPORARY AMPEREX TECHNOLOGY）": "宁德时代新能源科技股份有限公司（CONTEMPORARY AMPEREX TECHNOLOGY)",
  "中国电子科技集团有限公司（CHINA ELECTRONICS TECHNOLOGY GROUP）": "中国电子科技集团有限公司（CHINA ELECTRONICS TECHNOLOGY GROUP)",
  "国家电力投资集团有限公司（STATE POWER INVESTMENT）": "国家电力投资集团有限公司（STATE POWER INVESTMENT)",
  "青山控股集团有限公司（TSINGSHAN HOLDING GROUP）": "青山控股集团有限公司（TSINGSHAN HOLDING GROUP)",
  "中国远洋海运集团有限公司（COSCO SHIPPING）": "中国远洋海运集团有限公司（COSCO SHIPPING)",
  "美的集团股份有限公司（MIDEA GROUP）": "美的集团股份有限公司（MIDEA GROUP)",
  "中国联合网络通信股份有限公司（CHINA UNITED NETWORK COMMUNICATIONS）": "中国联合网络通信股份有限公司（CHINA UNITED NETWORK COMMUNICATIONS)",
  "陕西延长石油（集团）有限责任公司（SHAANXI YANCHANG PETROLEUM〈GROUP〉）": "陕西延长石油（集团）有限责任公司（SHAANXI YANCHANG PETROLEUM (GROUP))",
  "绿地控股集团股份有限公司（GREENLAND HOLDING GROUP）": "绿地控股集团股份有限公司（GREENLAND HOLDING GROUP)",
  "上海浦东发展银行股份有限公司（SHANGHAI PUDONG DEVELOPMENT BANK）": "上海浦东发展银行股份有限公司（SHANGHAI PUDONG DEVELOPMENT BANK)",
  "金川集团股份有限公司（JINCHUAN GROUP）": "金川集团股份有限公司（JINCHUAN GROUP)",
  "中国建材集团有限公司（CHINA NATIONAL BUILDING MATERIAL GROUP）": "中国建材集团有限公司（CHINA NATIONAL BUILDING MATERIAL GROUP)",
  "中国船舶集团有限公司（CHINA STATE SHIPBUILDING）": "中国船舶集团有限公司（CHINA STATE SHIPBUILDING)",
  "敬业集团有限公司（JINGYE GROUP）": "敬业集团有限公司（JINGYE GROUP)",
  "中国机械工业集团有限公司（SINOMACH）": "中国机械工业集团有限公司（SINOMACH)",
  "浙江省交通投资集团有限公司（ZHEJIANG COMMUNICATIONS INVESTMENT GROUP）": "浙江省交通投资集团有限公司（ZHEJIANG COMMUNICATIONS INVESTMENT GROUP)",
  "中国太平洋保险（集团）股份有限公司（CHINA PACIFIC INSURANCE〈GROUP〉）": "中国太平洋保险(集团)股份有限公司（CHINA PACIFIC INSURANCE (GROUP))",
  "中国华电集团有限公司（CHINA HUADIAN）": "中国华电集团有限公司（CHINA HUADIAN)",
  "泰康保险集团股份有限公司（TAIKANG INSURANCE GROUP）": "泰康保险集团股份有限公司（TAIKANG INSURANCE GROUP)",
  "广达电脑股份有限公司（QUANTA COMPUTER）": "广达电脑公司（QUANTA COMPUTER)",
  "中国电子信息产业集团有限公司（CHINA ELECTRONICS）": "中国电子信息产业集团有限公司（CHINA ELECTRONICS)",
  "中国民生银行股份有限公司（CHINA MINSHENG BANKING）": "中国民生银行股份有限公司（CHINA MINSHENG BANKING)",
  "广州医药集团有限公司（GUANGZHOU PHARMACEUTICAL HOLDINGS）": "广州医药集团有限公司（GUANGZHOU PHARMACEUTICAL HOLDINGS)",
  "中国核工业集团有限公司（CHINA NATIONAL NUCLEAR）": "中国核工业集团有限公司（CHINA NATIONAL NUCLEAR)",
  "上海建工集团股份有限公司（SHANGHAI CONSTRUCTION GROUP）": "上海建工集团股份有限公司（SHANGHAI CONSTRUCTION GROUP)",
  "鞍钢集团有限公司（ANSTEEL GROUP）": "鞍钢集团有限公司（ANSTEEL GROUP)",
  "深圳市投资控股有限公司（SHENZHEN INVESTMENT HOLDINGS）": "深圳市投资控股有限公司（SHENZHEN INVESTMENT HOLDINGS)",
  "蜀道投资集团有限责任公司（SHUDAO INVESTMENT GROUP）": "蜀道投资集团有限责任公司（SHUDAO INVESTMENT GROUP)",
  "中国大唐集团有限公司（CHINA DATANG）": "中国大唐集团有限公司（CHINA DATANG)",
  "铜陵有色金属集团控股有限公司（TONGLING NONFERROUS METALS GROUP）": "铜陵有色金属集团控股有限公司（TONGLING NONFERROUS METALS GROUP)",
  "广州工业投资控股集团有限公司（GUANGZHOU INDUSTRIAL INVESTMENT HOLDINGS）": "广州工业投资控股集团有限公司（GUANGZHOU INDUSTRIAL INVESTMENT HOLDINGS)",
  "美团（MEITUAN）": "美团（MEITUAN)",
  "奇瑞控股集团有限公司（CHERY HOLDING GROUP）": "奇瑞控股集团有限公司（CHERY HOLDING GROUP)",
  "杭州市实业投资集团有限公司（HANGZHOU INDUSTRIAL INVESTMENT GROUP）": "杭州市实业投资集团有限公司（HANGZHOU INDUSTRIAL INVESTMENT GROUP)",
  "中国中煤能源集团有限公司（CHINA NATIONAL COAL GROUP）": "中国中煤能源集团有限公司（CHINA NATIONAL COAL GROUP)",
  "陕西建工控股集团有限公司（SHAANXI CONSTRUCTION ENGINEERING HOLDING）": "陕西建工控股集团有限公司（SHAANXI CONSTRUCTION ENGINEERING HOLDING)",
  "中国航空油料集团有限公司（CHINA NATIONAL AVIATION FUEL GROUP）": "中国航空油料集团有限公司（CHINA NATIONAL AVIATION FUEL GROUP)",
  "海亮集团有限公司（HAILIANG GROUP）": "海亮集团有限公司（HAILIANG GROUP)",
  "紫金矿业集团股份有限公司（ZIJIN MINING GROUP）": "紫金矿业集团股份有限公司（ZIJIN MINING GROUP)",
  "上海医药集团股份有限公司（SHANGHAI PHARMACEUTICALS HOLDING）": "上海医药集团股份有限公司（SHANGHAI PHARMACEUTICALS HOLDING)",
  "中国兵器装备集团有限公司（CHINA SOUTH INDUSTRIES GROUP）": "中国兵器装备集团公司（CHINA SOUTH INDUSTRIES GROUP)",
  "新希望控股集团有限公司（NEW HOPE HOLDING GROUP）": "新希望控股集团有限公司（NEW HOPE HOLDING GROUP)",
  "拼多多控股公司（PDD HOLDINGS）": "拼多多控股公司（PDD HOLDINGS)",
  "和硕联合科技股份有限公司（PEGATRON）": "和硕（PEGATRON)",
  "中国中车集团有限公司（CRRC GROUP）": "中国中车集团有限公司（CRRC GROUP)",
  "山东高速集团有限公司（SHANDONG HI-SPEED GROUP）": "山东高速集团有限公司（SHANDONG HI-SPEED GROUP)",
  "广西投资集团有限公司（GUANGXI INVESTMENT GROUP）": "广西投资集团有限公司（GUANGXI INVESTMENT GROUP)",
  "立讯精密工业股份有限公司（LUXSHARE PRECISION INDUSTRY）": "立讯精密工业股份有限公司（LUXSHARE PRECISION INDUSTRY)",
  "友邦保险控股有限公司（AIA GROUP）": "友邦保险控股有限公司（AIA GROUP)",
  "首钢集团有限公司（SHOUGANG GROUP）": "首钢集团有限公司（SHOUGANG GROUP)",
  "北京建龙重工集团有限公司（BEIJING JIANLONG HEAVY INDUSTRY GROUP）": "北京建龙重工集团有限公司（BEIJING JIANLONG HEAVY INDUSTRY GROUP)",
  "上海德龙钢铁集团有限公司（SHANGHAI DELONG STEEL GROUP）": "上海德龙钢铁集团有限公司（SHANGHAI DELONG STEEL GROUP)"
}
```
2026-08-07 15:46:45.012 | INFO     | eval.evaluation.evaluation:evaluate_single_query:223 - col: 企业名称, primary_key_map {'国家电网有限公司（STATE GRID）': '国家电网有限公司（STATE GRID)', '中国石油化工集团有限公司（SINOPEC GROUP）': '中国石油化工集团有限公司（SINOPEC GROUP)', '中国石油天然气集团有限公司（CHINA NATIONAL PETROLEUM）': '中国石油天然气集团有限公司（CHINA NATIONAL PETROLEUM)', '中国建筑集团有限公司（CHINA STATE CONSTRUCTION ENGINEERING）': '中国建筑集团有限公司（CHINA STATE CONSTRUCTION ENGINEERING)', '中国工商银行股份有限公司（INDUSTRIAL & COMMERCIAL BANK OF CHINA）': '中国工商银行股份有限公司（INDUSTRIAL & COMMERCIAL BANK OF CHINA)', '中国建设银行股份有限公司（CHINA CONSTRUCTION BANK）': '中国建设银行股份有限公司（CHINA CONSTRUCTION BANK)', '鸿海精密工业股份有限公司（HON HAI PRECISION INDUSTRY）': '鸿海精密工业股份有限公司（HON HAI PRECISION INDUSTRY)', '中国农业银行股份有限公司（AGRICULTURAL BANK OF CHINA）': '中国农业银行股份有限公司（AGRICULTURAL BANK OF CHINA)', '中国铁路工程集团有限公司（CHINA RAILWAY ENGINEERING GROUP）': '中国铁路工程集团有限公司（CHINA RAILWAY ENGINEERING GROUP)', '中国银行股份有限公司（BANK OF CHINA）': '中国银行股份有限公司（BANK OF CHINA)', '中国铁道建筑集团有限公司（CHINA RAILWAY CONSTRUCTION）': '中国铁道建筑集团有限公司（CHINA RAILWAY CONSTRUCTION)', '中国宝武钢铁集团有限公司（CHINA BAOWU STEEL GROUP）': '中国宝武钢铁集团有限公司（CHINA BAOWU STEEL GROUP)', '京东集团股份有限公司（JD.COM）': '京东集团股份有限公司（JD.COM)', '中国平安保险（集团）股份有限公司（PING AN INSURANCE）': '中国平安保险（集团）股份有限公司（PING AN INSURANCE)', '中国中化控股有限责任公司（SINOCHEM HOLDINGS）': '中国中化控股有限责任公司（SINOCHEM HOLDINGS)', '中国移动通信集团有限公司（CHINA MOBILE COMMUNICATIONS）': '中国移动通信集团有限公司（CHINA MOBILE COMMUNICATIONS)', '中国海洋石油集团有限公司（CHINA NATIONAL OFFSHORE OIL）': '中国海洋石油集团有限公司（CHINA NATIONAL OFFSHORE OIL)', '中国人寿保险（集团）公司（CHINA LIFE INSURANCE）': '中国人寿保险（集团）公司（CHINA LIFE INSURANCE)', '中国交通建设集团有限公司（CHINA COMMUNICATIONS CONSTRUCTION）': '中国交通建设集团有限公司（CHINA COMMUNICATIONS CONSTRUCTION)', '中国五矿集团有限公司（CHINA MINMETALS）': '中国五矿集团有限公司（CHINA MINMETALS)', '阿里巴巴集团控股有限公司（ALIBABA GROUP HOLDING）': '阿里巴巴集团控股有限公司（ALIBABA GROUP HOLDING)\n\n', '中国中信集团有限公司（CITIC GROUP）': '中国中信集团有限公司（CITIC GROUP)', '中国华润有限公司（CHINA RESOURCES）': '中国华润有限公司（CHINA RESOURCES)', '山东能源集团有限公司（SHANDONG ENERGY GROUP）': '山东能源集团有限公司（SHANDONG ENERGY GROUP)', '中国南方电网有限责任公司（CHINA SOUTHERN POWER GRID）': '中国南方电网有限责任公司（CHINA SOUTHERN POWER GRID)', '恒力集团有限公司（HENGLI GROUP）': '恒力集团有限公司（HENGLI GROUP)', '中国邮政集团有限公司（CHINA POST GROUP）': '中国邮政集团有限公司（CHINA POST GROUP)', '国家能源投资集团有限责任公司（CHINA ENERGY INVESTMENT）': '国家能源投资集团有限责任公司（CHINA ENERGY INVESTMENT)', '厦门建发集团有限公司（XIAMEN C&D）': '厦门建发集团有限公司（XIAMEN C&D)', '上海汽车集团股份有限公司（SAIC MOTOR）': '上海汽车集团股份有限公司（SAIC MOTOR)', '华为投资控股有限公司（HUAWEI INVESTMENT & HOLDING）': '华为投资控股有限公司（HUAWEI INVESTMENT & HOLDING)', '中粮集团有限公司（COFCO）': '中粮集团有限公司（COFCO)', '中国电力建设集团有限公司（POWERCHINA）': '中国电力建设集团有限公司（POWERCHINA)', '中国医药集团有限公司（SINOPHARM）': '中国医药集团有限公司（SINOPHARM)', '中国第一汽车集团有限公司（CHINA FAW GROUP）': '中国第一汽车集团有限公司（CHINA FAW GROUP)', '中国电信集团有限公司（CHINA TELECOMMUNICATIONS）': '中国电信集团有限公司（CHINA TELECOMMUNICATIONS)', '浙江荣盛控股集团有限公司（ZHEJIANG RONGSHENG HOLDING GROUP）': '浙江荣盛控股集团有限公司（ZHEJIANG RONGSHENG HOLDING GROUP)', '腾讯控股有限公司（TENCENT HOLDINGS）': '腾讯控股有限公司（TENCENT HOLDINGS)', '厦门国贸控股集团有限公司（XIAMEN ITG HOLDING GROUP）': '厦门国贸控股集团有限公司（XIAMEN ITG HOLDING GROUP)', '比亚迪股份有限公司（BYD）': '比亚迪股份有限公司（BYD)', '中国航空工业集团有限公司（AVIATION INDUSTRY CORP. OF CHINA）': '中国航空工业集团有限公司（AVIATION INDUSTRY CORP. OF CHINA)', '物产中大集团股份有限公司（WUCHAN ZHONGDA GROUP）': '物产中大集团股份有限公司（WUCHAN ZHONGDA GROUP)', '交通银行股份有限公司（BANK OF COMMUNICATIONS）': '交通银行股份有限公司（BANK OF COMMUNICATIONS)', '江西铜业集团有限公司（JIANGXI COPPER）': '江西铜业集团有限公司（JIANGXI COPPER)', "中国人民保险集团股份有限公司（PEOPLE'S INSURANCE CO. OF CHINA）": "中国人民保险集团股份有限公司（PEOPLE'S INSURANCE CO. OF CHINA)", '中国兵器工业集团有限公司（CHINA NORTH INDUSTRIES GROUP）': '中国兵器工业集团有限公司（CHINA NORTH INDUSTRIES GROUP)', '太平洋建设集团有限公司（PACIFIC CONSTRUCTION GROUP）': '太平洋建设集团有限公司（PACIFIC CONSTRUCTION GROUP)', '陕西煤业化工集团有限责任公司（SHAANXI COAL & CHEMICAL INDUSTRY）': '陕西煤业化工集团有限责任公司（SHAANXI COAL & CHEMICAL INDUSTRY)', '盛虹控股集团有限公司（SHENGHONG HOLDING GROUP）': '盛虹控股集团有限公司（SHENGHONG HOLDING GROUP)', '中国保利集团有限公司（CHINA POLY GROUP）': '中国保利集团有限公司（CHINA POLY GROUP)', '山东魏桥创业集团有限公司（SHANDONG WEIQIAO PIONEERING GROUP）': '山东魏桥创业集团有限公司（SHANDONG WEIQIAO PIONEERING GROUP)', '招商银行股份有限公司（CHINA MERCHANTS BANK）': '招商银行股份有限公司（CHINA MERCHANTS BANK)', '广州汽车工业集团有限公司（GUANGZHOU AUTOMOBILE INDUSTRY GROUP）': '广州汽车工业集团有限公司（GUANGZHOU AUTOMOBILE INDUSTRY GROUP)', '浙江吉利控股集团有限公司（ZHEJIANG GEELY HOLDING GROUP）': '浙江吉利控股集团有限公司（ZHEJIANG GEELY HOLDING GROUP)', '台积公司（TAIWAN SEMICONDUCTOR MANUFACTURING）': '台积公司（TAIWAN SEMICONDUCTOR MANUFACTURING)', '厦门象屿集团有限公司（XMXYG）': '厦门象屿集团有限公司（XMXYG)', '北京汽车集团有限公司（BEIJING AUTOMOTIVE GROUP）': '北京汽车集团有限公司（BEIJING AUTOMOTIVE GROUP)', '万科企业股份有限公司（CHINA VANKE）': '万科企业股份有限公司（CHINA VANKE)', '晋能控股集团有限公司（JINNENG HOLDING GROUP）': '晋能控股集团有限公司（JINNENG HOLDING GROUP)', '中国铝业集团有限公司（ALUMINUM CORP. OF CHINA）': '中国铝业集团有限公司（ALUMINUM CORP. OF CHINA)', '兴业银行股份有限公司（INDUSTRIAL BANK）': '兴业银行股份有限公司（INDUSTRIAL BANK)', '中国华能集团有限公司（CHINA HUANENG GROUP）': '中国华能集团有限公司（CHINA HUANENG GROUP)', '中国能源建设集团有限公司（CHINA ENERGY ENGINEERING GROUP）': '中国能源建设集团有限公司（CHINA ENERGY ENGINEERING GROUP)', '东风汽车集团有限公司（DONGFENG MOTOR）': '东风汽车集团有限公司（DONGFENG MOTOR)', '浙江恒逸集团有限公司（ZHEJIANG HENGYI GROUP）': '浙江恒逸集团有限公司（ZHEJIANG HENGYI GROUP)', '联想集团有限公司（LENOVO GROUP）': '联想集团有限公司（LENOVO GROUP)', '河钢集团有限公司（HBIS GROUP）': '河钢集团有限公司（HBIS GROUP)', '宁德时代新能源科技股份有限公司（CONTEMPORARY AMPEREX TECHNOLOGY）': '宁德时代新能源科技股份有限公司（CONTEMPORARY AMPEREX TECHNOLOGY)', '中国电子科技集团有限公司（CHINA ELECTRONICS TECHNOLOGY GROUP）': '中国电子科技集团有限公司（CHINA ELECTRONICS TECHNOLOGY GROUP)', '国家电力投资集团有限公司（STATE POWER INVESTMENT）': '国家电力投资集团有限公司（STATE POWER INVESTMENT)', '青山控股集团有限公司（TSINGSHAN HOLDING GROUP）': '青山控股集团有限公司（TSINGSHAN HOLDING GROUP)', '中国远洋海运集团有限公司（COSCO SHIPPING）': '中国远洋海运集团有限公司（COSCO SHIPPING)', '美的集团股份有限公司（MIDEA GROUP）': '美的集团股份有限公司（MIDEA GROUP)', '中国联合网络通信股份有限公司（CHINA UNITED NETWORK COMMUNICATIONS）': '中国联合网络通信股份有限公司（CHINA UNITED NETWORK COMMUNICATIONS)', '陕西延长石油（集团）有限责任公司（SHAANXI YANCHANG PETROLEUM〈GROUP〉）': '陕西延长石油（集团）有限责任公司（SHAANXI YANCHANG PETROLEUM (GROUP))', '绿地控股集团股份有限公司（GREENLAND HOLDING GROUP）': '绿地控股集团股份有限公司（GREENLAND HOLDING GROUP)', '上海浦东发展银行股份有限公司（SHANGHAI PUDONG DEVELOPMENT BANK）': '上海浦东发展银行股份有限公司（SHANGHAI PUDONG DEVELOPMENT BANK)', '金川集团股份有限公司（JINCHUAN GROUP）': '金川集团股份有限公司（JINCHUAN GROUP)', '中国建材集团有限公司（CHINA NATIONAL BUILDING MATERIAL GROUP）': '中国建材集团有限公司（CHINA NATIONAL BUILDING MATERIAL GROUP)', '中国船舶集团有限公司（CHINA STATE SHIPBUILDING）': '中国船舶集团有限公司（CHINA STATE SHIPBUILDING)', '敬业集团有限公司（JINGYE GROUP）': '敬业集团有限公司（JINGYE GROUP)', '中国机械工业集团有限公司（SINOMACH）': '中国机械工业集团有限公司（SINOMACH)', '浙江省交通投资集团有限公司（ZHEJIANG COMMUNICATIONS INVESTMENT GROUP）': '浙江省交通投资集团有限公司（ZHEJIANG COMMUNICATIONS INVESTMENT GROUP)', '中国太平洋保险（集团）股份有限公司（CHINA PACIFIC INSURANCE〈GROUP〉）': '中国太平洋保险(集团)股份有限公司（CHINA PACIFIC INSURANCE (GROUP))', '中国华电集团有限公司（CHINA HUADIAN）': '中国华电集团有限公司（CHINA HUADIAN)', '泰康保险集团股份有限公司（TAIKANG INSURANCE GROUP）': '泰康保险集团股份有限公司（TAIKANG INSURANCE GROUP)', '广达电脑股份有限公司（QUANTA COMPUTER）': '广达电脑公司（QUANTA COMPUTER)', '中国电子信息产业集团有限公司（CHINA ELECTRONICS）': '中国电子信息产业集团有限公司（CHINA ELECTRONICS)', '中国民生银行股份有限公司（CHINA MINSHENG BANKING）': '中国民生银行股份有限公司（CHINA MINSHENG BANKING)', '广州医药集团有限公司（GUANGZHOU PHARMACEUTICAL HOLDINGS）': '广州医药集团有限公司（GUANGZHOU PHARMACEUTICAL HOLDINGS)', '中国核工业集团有限公司（CHINA NATIONAL NUCLEAR）': '中国核工业集团有限公司（CHINA NATIONAL NUCLEAR)', '上海建工集团股份有限公司（SHANGHAI CONSTRUCTION GROUP）': '上海建工集团股份有限公司（SHANGHAI CONSTRUCTION GROUP)', '鞍钢集团有限公司（ANSTEEL GROUP）': '鞍钢集团有限公司（ANSTEEL GROUP)', '深圳市投资控股有限公司（SHENZHEN INVESTMENT HOLDINGS）': '深圳市投资控股有限公司（SHENZHEN INVESTMENT HOLDINGS)', '蜀道投资集团有限责任公司（SHUDAO INVESTMENT GROUP）': '蜀道投资集团有限责任公司（SHUDAO INVESTMENT GROUP)', '中国大唐集团有限公司（CHINA DATANG）': '中国大唐集团有限公司（CHINA DATANG)', '铜陵有色金属集团控股有限公司（TONGLING NONFERROUS METALS GROUP）': '铜陵有色金属集团控股有限公司（TONGLING NONFERROUS METALS GROUP)', '广州工业投资控股集团有限公司（GUANGZHOU INDUSTRIAL INVESTMENT HOLDINGS）': '广州工业投资控股集团有限公司（GUANGZHOU INDUSTRIAL INVESTMENT HOLDINGS)', '美团（MEITUAN）': '美团（MEITUAN)', '奇瑞控股集团有限公司（CHERY HOLDING GROUP）': '奇瑞控股集团有限公司（CHERY HOLDING GROUP)', '杭州市实业投资集团有限公司（HANGZHOU INDUSTRIAL INVESTMENT GROUP）': '杭州市实业投资集团有限公司（HANGZHOU INDUSTRIAL INVESTMENT GROUP)', '中国中煤能源集团有限公司（CHINA NATIONAL COAL GROUP）': '中国中煤能源集团有限公司（CHINA NATIONAL COAL GROUP)', '陕西建工控股集团有限公司（SHAANXI CONSTRUCTION ENGINEERING HOLDING）': '陕西建工控股集团有限公司（SHAANXI CONSTRUCTION ENGINEERING HOLDING)', '中国航空油料集团有限公司（CHINA NATIONAL AVIATION FUEL GROUP）': '中国航空油料集团有限公司（CHINA NATIONAL AVIATION FUEL GROUP)', '海亮集团有限公司（HAILIANG GROUP）': '海亮集团有限公司（HAILIANG GROUP)', '紫金矿业集团股份有限公司（ZIJIN MINING GROUP）': '紫金矿业集团股份有限公司（ZIJIN MINING GROUP)', '上海医药集团股份有限公司（SHANGHAI PHARMACEUTICALS HOLDING）': '上海医药集团股份有限公司（SHANGHAI PHARMACEUTICALS HOLDING)', '中国兵器装备集团有限公司（CHINA SOUTH INDUSTRIES GROUP）': '中国兵器装备集团公司（CHINA SOUTH INDUSTRIES GROUP)', '新希望控股集团有限公司（NEW HOPE HOLDING GROUP）': '新希望控股集团有限公司（NEW HOPE HOLDING GROUP)', '拼多多控股公司（PDD HOLDINGS）': '拼多多控股公司（PDD HOLDINGS)', '和硕联合科技股份有限公司（PEGATRON）': '和硕（PEGATRON)', '中国中车集团有限公司（CRRC GROUP）': '中国中车集团有限公司（CRRC GROUP)', '山东高速集团有限公司（SHANDONG HI-SPEED GROUP）': '山东高速集团有限公司（SHANDONG HI-SPEED GROUP)', '广西投资集团有限公司（GUANGXI INVESTMENT GROUP）': '广西投资集团有限公司（GUANGXI INVESTMENT GROUP)', '立讯精密工业股份有限公司（LUXSHARE PRECISION INDUSTRY）': '立讯精密工业股份有限公司（LUXSHARE PRECISION INDUSTRY)', '友邦保险控股有限公司（AIA GROUP）': '友邦保险控股有限公司（AIA GROUP)', '首钢集团有限公司（SHOUGANG GROUP）': '首钢集团有限公司（SHOUGANG GROUP)', '北京建龙重工集团有限公司（BEIJING JIANLONG HEAVY INDUSTRY GROUP）': '北京建龙重工集团有限公司（BEIJING JIANLONG HEAVY INDUSTRY GROUP)', '上海德龙钢铁集团有限公司（SHANGHAI DELONG STEEL GROUP）': '上海德龙钢铁集团有限公司（SHANGHAI DELONG STEEL GROUP)'}
2026-08-07 15:46:45.020 | INFO     | eval.evaluation.evaluation:evaluate_single_query:275 - wide2deep_ws_zh_012, df_inner shape: (119, 10), answer_df shape: (133, 5), response_df shape: (148, 6)
2026-08-07 15:46:45.020 | DEBUG    | eval.evaluation.evaluation:metric_call:77 - metric_func_name exact_match score 1.0 msg exact match, response: 3, target: 3
2026-08-07 15:46:45.020 | DEBUG    | eval.evaluation.evaluation:metric_call:77 - metric_func_name exact_match score 1.0 msg exact match, response: 5, target: 5
2026-08-07 15:46:45.020 | DEBUG    | eval.evaluation.evaluation:metric_call:77 - metric_func_name exact_match score 1.0 msg exact match, response: 6, target: 6
2026-08-07 15:46:45.021 | DEBUG    | eval.evaluation.evaluation:metric_call:77 - metric_func_name exact_match score 1.0 msg exact match, response: 14, target: 14
2026-08-07 15:46:45.021 | DEBUG    | eval.evaluation.evaluation:metric_call:77 - metric_func_name exact_match score 1.0 msg exact match, response: 22, target: 22
2026-08-07 15:46:45.021 | DEBUG    | eval.evaluation.evaluation:metric_call:77 - metric_func_name exact_match score 1.0 msg exact match, response: 30, target: 30
2026-08-07 15:46:45.021 | DEBUG    | eval.evaluation.evaluation:metric_call:77 - metric_func_name exact_match score 1.0 msg exact match, response: 32, target: 32
2026-08-07 15:46:45.021 | DEBUG    | eval.evaluation.evaluation:metric_call:77 - metric_func_name exact_match score 1.0 msg exact match, response: 34, target: 34
2026-08-07 15:46:45.021 | DEBUG    | eval.evaluation.evaluation:metric_call:77 - metric_func_name exact_match score 1.0 msg exact match, response: 35, target: 35
2026-08-07 15:46:45.021 | DEBUG    | eval.evaluation.evaluation:metric_call:77 - metric_func_name exact_match score 1.0 msg exact match, response: 37, target: 37
2026-08-07 15:46:45.021 | DEBUG    | eval.evaluation.evaluation:metric_call:77 - metric_func_name exact_match score 1.0 msg exact match, response: 43, target: 43
2026-08-07 15:46:45.021 | DEBUG    | eval.evaluation.evaluation:metric_call:77 - metric_func_name exact_match score 1.0 msg exact match, response: 44, target: 44
2026-08-07 15:46:45.021 | DEBUG    | eval.evaluation.evaluation:metric_call:77 - metric_func_name exact_match score 1.0 msg exact match, response: 47, target: 47
2026-08-07 15:46:45.021 | DEBUG    | eval.evaluation.evaluation:metric_call:77 - metric_func_name exact_match score 1.0 msg exact match, response: 53, target: 53
2026-08-07 15:46:45.021 | DEBUG    | eval.evaluation.evaluation:metric_call:77 - metric_func_name exact_match score 1.0 msg exact match, response: 54, target: 54
2026-08-07 15:46:45.021 | DEBUG    | eval.evaluation.evaluation:metric_call:77 - metric_func_name exact_match score 1.0 msg exact match, response: 55, target: 55
2026-08-07 15:46:45.021 | DEBUG    | eval.evaluation.evaluation:metric_call:77 - metric_func_name exact_match score 1.0 msg exact match, response: 56, target: 56
2026-08-07 15:46:45.021 | DEBUG    | eval.evaluation.evaluation:metric_call:77 - metric_func_name exact_match score 1.0 msg exact match, response: 59, target: 59
2026-08-07 15:46:45.021 | DEBUG    | eval.evaluation.evaluation:metric_call:77 - metric_func_name exact_match score 1.0 msg exact match, response: 63, target: 63
2026-08-07 15:46:45.021 | DEBUG    | eval.evaluation.evaluation:metric_call:77 - metric_func_name exact_match score 1.0 msg exact match, response: 69, target: 69
2026-08-07 15:46:45.021 | DEBUG    | eval.evaluation.evaluation:metric_call:77 - metric_func_name exact_match score 1.0 msg exact match, response: 70, target: 70
2026-08-07 15:46:45.021 | DEBUG    | eval.evaluation.evaluation:metric_call:77 - metric_func_name exact_match score 1.0 msg exact match, response: 71, target: 71
2026-08-07 15:46:45.021 | DEBUG    | eval.evaluation.evaluation:metric_call:77 - metric_func_name exact_match score 1.0 msg exact match, response: 72, target: 72
2026-08-07 15:46:45.021 | DEBUG    | eval.evaluation.evaluation:metric_call:77 - metric_func_name exact_match score 1.0 msg exact match, response: 75, target: 75
2026-08-07 15:46:45.021 | DEBUG    | eval.evaluation.evaluation:metric_call:77 - metric_func_name exact_match score 1.0 msg exact match, response: 78, target: 78
2026-08-07 15:46:45.021 | DEBUG    | eval.evaluation.evaluation:metric_call:77 - metric_func_name exact_match score 1.0 msg exact match, response: 81, target: 81
2026-08-07 15:46:45.021 | DEBUG    | eval.evaluation.evaluation:metric_call:77 - metric_func_name exact_match score 1.0 msg exact match, response: 83, target: 83
2026-08-07 15:46:45.021 | DEBUG    | eval.evaluation.evaluation:metric_call:77 - metric_func_name exact_match score 1.0 msg exact match, response: 84, target: 84
2026-08-07 15:46:45.021 | DEBUG    | eval.evaluation.evaluation:metric_call:77 - metric_func_name exact_match score 1.0 msg exact match, response: 85, target: 85
2026-08-07 15:46:45.021 | DEBUG    | eval.evaluation.evaluation:metric_call:77 - metric_func_name exact_match score 1.0 msg exact match, response: 93, target: 93
2026-08-07 15:46:45.022 | DEBUG    | eval.evaluation.evaluation:metric_call:77 - metric_func_name exact_match score 1.0 msg exact match, response: 103, target: 103
2026-08-07 15:46:45.022 | DEBUG    | eval.evaluation.evaluation:metric_call:77 - metric_func_name exact_match score 1.0 msg exact match, response: 106, target: 106
2026-08-07 15:46:45.022 | DEBUG    | eval.evaluation.evaluation:metric_call:77 - metric_func_name exact_match score 1.0 msg exact match, response: 108, target: 108
2026-08-07 15:46:45.022 | DEBUG    | eval.evaluation.evaluation:metric_call:77 - metric_func_name exact_match score 1.0 msg exact match, response: 112, target: 112
2026-08-07 15:46:45.022 | DEBUG    | eval.evaluation.evaluation:metric_call:77 - metric_func_name exact_match score 1.0 msg exact match, response: 129, target: 129
2026-08-07 15:46:45.022 | DEBUG    | eval.evaluation.evaluation:metric_call:77 - metric_func_name exact_match score 1.0 msg exact match, response: 135, target: 135
2026-08-07 15:46:45.022 | DEBUG    | eval.evaluation.evaluation:metric_call:77 - metric_func_name exact_match score 1.0 msg exact match, response: 138, target: 138
2026-08-07 15:46:45.022 | DEBUG    | eval.evaluation.evaluation:metric_call:77 - metric_func_name exact_match score 1.0 msg exact match, response: 141, target: 141
2026-08-07 15:46:45.022 | DEBUG    | eval.evaluation.evaluation:metric_call:77 - metric_func_name exact_match score 1.0 msg exact match, response: 142, target: 142
2026-08-07 15:46:45.022 | DEBUG    | eval.evaluation.evaluation:metric_call:77 - metric_func_name exact_match score 1.0 msg exact match, response: 143, target: 143
2026-08-07 15:46:45.022 | DEBUG    | eval.evaluation.evaluation:metric_call:77 - metric_func_name exact_match score 1.0 msg exact match, response: 147, target: 147
2026-08-07 15:46:45.022 | DEBUG    | eval.evaluation.evaluation:metric_call:77 - metric_func_name exact_match score 1.0 msg exact match, response: 150, target: 150
2026-08-07 15:46:45.022 | DEBUG    | eval.evaluation.evaluation:metric_call:77 - metric_func_name exact_match score 1.0 msg exact match, response: 154, target: 154
2026-08-07 15:46:45.022 | DEBUG    | eval.evaluation.evaluation:metric_call:77 - metric_func_name exact_match score 1.0 msg exact match, response: 157, target: 157
2026-08-07 15:46:45.022 | DEBUG    | eval.evaluation.evaluation:metric_call:77 - metric_func_name exact_match score 1.0 msg exact match, response: 158, target: 158
2026-08-07 15:46:45.022 | DEBUG    | eval.evaluation.evaluation:metric_call:77 - metric_func_name exact_match score 1.0 msg exact match, response: 160, target: 160
2026-08-07 15:46:45.022 | DEBUG    | eval.evaluation.evaluation:metric_call:77 - metric_func_name exact_match score 1.0 msg exact match, response: 161, target: 161
2026-08-07 15:46:45.022 | DEBUG    | eval.evaluation.evaluation:metric_call:77 - metric_func_name exact_match score 1.0 msg exact match, response: 170, target: 170
2026-08-07 15:46:45.022 | DEBUG    | eval.evaluation.evaluation:metric_call:77 - metric_func_name exact_match score 1.0 msg exact match, response: 171, target: 171
2026-08-07 15:46:45.022 | DEBUG    | eval.evaluation.evaluation:metric_call:77 - metric_func_name exact_match score 1.0 msg exact match, response: 173, target: 173
2026-08-07 15:46:45.022 | DEBUG    | eval.evaluation.evaluation:metric_call:77 - metric_func_name exact_match score 1.0 msg exact match, response: 175, target: 175
2026-08-07 15:46:45.022 | DEBUG    | eval.evaluation.evaluation:metric_call:77 - metric_func_name exact_match score 1.0 msg exact match, response: 179, target: 179
2026-08-07 15:46:45.022 | DEBUG    | eval.evaluation.evaluation:metric_call:77 - metric_func_name exact_match score 1.0 msg exact match, response: 181, target: 181
2026-08-07 15:46:45.022 | DEBUG    | eval.evaluation.evaluation:metric_call:77 - metric_func_name exact_match score 1.0 msg exact match, response: 185, target: 185
2026-08-07 15:46:45.023 | DEBUG    | eval.evaluation.evaluation:metric_call:77 - metric_func_name exact_match score 1.0 msg exact match, response: 186, target: 186
2026-08-07 15:46:45.023 | DEBUG    | eval.evaluation.evaluation:metric_call:77 - metric_func_name exact_match score 1.0 msg exact match, response: 187, target: 187
2026-08-07 15:46:45.023 | DEBUG    | eval.evaluation.evaluation:metric_call:77 - metric_func_name exact_match score 1.0 msg exact match, response: 192, target: 192
2026-08-07 15:46:45.023 | DEBUG    | eval.evaluation.evaluation:metric_call:77 - metric_func_name exact_match score 1.0 msg exact match, response: 206, target: 206
2026-08-07 15:46:45.023 | DEBUG    | eval.evaluation.evaluation:metric_call:77 - metric_func_name exact_match score 1.0 msg exact match, response: 213, target: 213
2026-08-07 15:46:45.023 | DEBUG    | eval.evaluation.evaluation:metric_call:77 - metric_func_name exact_match score 1.0 msg exact match, response: 214, target: 214
2026-08-07 15:46:45.023 | DEBUG    | eval.evaluation.evaluation:metric_call:77 - metric_func_name exact_match score 1.0 msg exact match, response: 232, target: 232
2026-08-07 15:46:45.023 | DEBUG    | eval.evaluation.evaluation:metric_call:77 - metric_func_name exact_match score 1.0 msg exact match, response: 238, target: 238
2026-08-07 15:46:45.023 | DEBUG    | eval.evaluation.evaluation:metric_call:77 - metric_func_name exact_match score 1.0 msg exact match, response: 239, target: 239
2026-08-07 15:46:45.023 | DEBUG    | eval.evaluation.evaluation:metric_call:77 - metric_func_name exact_match score 1.0 msg exact match, response: 240, target: 240
2026-08-07 15:46:45.023 | DEBUG    | eval.evaluation.evaluation:metric_call:77 - metric_func_name exact_match score 1.0 msg exact match, response: 243, target: 243
2026-08-07 15:46:45.023 | DEBUG    | eval.evaluation.evaluation:metric_call:77 - metric_func_name exact_match score 1.0 msg exact match, response: 248, target: 248
2026-08-07 15:46:45.023 | DEBUG    | eval.evaluation.evaluation:metric_call:77 - metric_func_name exact_match score 1.0 msg exact match, response: 249, target: 249
2026-08-07 15:46:45.023 | DEBUG    | eval.evaluation.evaluation:metric_call:77 - metric_func_name exact_match score 1.0 msg exact match, response: 250, target: 250
2026-08-07 15:46:45.024 | DEBUG    | eval.evaluation.evaluation:metric_call:77 - metric_func_name exact_match score 1.0 msg exact match, response: 253, target: 253
2026-08-07 15:46:45.024 | DEBUG    | eval.evaluation.evaluation:metric_call:77 - metric_func_name exact_match score 1.0 msg exact match, response: 256, target: 256
2026-08-07 15:46:45.024 | DEBUG    | eval.evaluation.evaluation:metric_call:77 - metric_func_name exact_match score 1.0 msg exact match, response: 265, target: 265
2026-08-07 15:46:45.024 | DEBUG    | eval.evaluation.evaluation:metric_call:77 - metric_func_name exact_match score 1.0 msg exact match, response: 267, target: 267
2026-08-07 15:46:45.024 | DEBUG    | eval.evaluation.evaluation:metric_call:77 - metric_func_name exact_match score 1.0 msg exact match, response: 277, target: 277
2026-08-07 15:46:45.024 | DEBUG    | eval.evaluation.evaluation:metric_call:77 - metric_func_name exact_match score 1.0 msg exact match, response: 279, target: 279
2026-08-07 15:46:45.024 | DEBUG    | eval.evaluation.evaluation:metric_call:77 - metric_func_name exact_match score 1.0 msg exact match, response: 285, target: 285
2026-08-07 15:46:45.024 | DEBUG    | eval.evaluation.evaluation:metric_call:77 - metric_func_name exact_match score 1.0 msg exact match, response: 291, target: 291
2026-08-07 15:46:45.024 | DEBUG    | eval.evaluation.evaluation:metric_call:77 - metric_func_name exact_match score 1.0 msg exact match, response: 292, target: 292
2026-08-07 15:46:45.024 | DEBUG    | eval.evaluation.evaluation:metric_call:77 - metric_func_name exact_match score 1.0 msg exact match, response: 300, target: 300
2026-08-07 15:46:45.024 | DEBUG    | eval.evaluation.evaluation:metric_call:77 - metric_func_name exact_match score 1.0 msg exact match, response: 307, target: 307
2026-08-07 15:46:45.024 | DEBUG    | eval.evaluation.evaluation:metric_call:77 - metric_func_name exact_match score 1.0 msg exact match, response: 309, target: 309
2026-08-07 15:46:45.024 | DEBUG    | eval.evaluation.evaluation:metric_call:77 - metric_func_name exact_match score 1.0 msg exact match, response: 314, target: 314
2026-08-07 15:46:45.024 | DEBUG    | eval.evaluation.evaluation:metric_call:77 - metric_func_name exact_match score 1.0 msg exact match, response: 326, target: 326
2026-08-07 15:46:45.024 | DEBUG    | eval.evaluation.evaluation:metric_call:77 - metric_func_name exact_match score 1.0 msg exact match, response: 330, target: 330
2026-08-07 15:46:45.024 | DEBUG    | eval.evaluation.evaluation:metric_call:77 - metric_func_name exact_match score 1.0 msg exact match, response: 331, target: 331
2026-08-07 15:46:45.024 | DEBUG    | eval.evaluation.evaluation:metric_call:77 - metric_func_name exact_match score 1.0 msg exact match, response: 336, target: 336
2026-08-07 15:46:45.024 | DEBUG    | eval.evaluation.evaluation:metric_call:77 - metric_func_name exact_match score 0.0 msg exact not match, response: 417, target: 343
2026-08-07 15:46:45.024 | DEBUG    | eval.evaluation.evaluation:metric_call:77 - metric_func_name exact_match score 0.0 msg exact not match, response: 347, target: 351
2026-08-07 15:46:45.024 | DEBUG    | eval.evaluation.evaluation:metric_call:77 - metric_func_name exact_match score 0.0 msg exact not match, response: 359, target: 354
2026-08-07 15:46:45.024 | DEBUG    | eval.evaluation.evaluation:metric_call:77 - metric_func_name exact_match score 0.0 msg exact not match, response: 407, target: 364
2026-08-07 15:46:45.024 | DEBUG    | eval.evaluation.evaluation:metric_call:77 - metric_func_name exact_match score 0.0 msg exact not match, response: 367, target: 370
2026-08-07 15:46:45.024 | DEBUG    | eval.evaluation.evaluation:metric_call:77 - metric_func_name exact_match score 0.0 msg exact not match, response: 360, target: 371
2026-08-07 15:46:45.024 | DEBUG    | eval.evaluation.evaluation:metric_call:77 - metric_func_name exact_match score 0.0 msg exact not match, response: 430, target: 375
2026-08-07 15:46:45.024 | DEBUG    | eval.evaluation.evaluation:metric_call:77 - metric_func_name exact_match score 0.0 msg exact not match, response: 419, target: 378
2026-08-07 15:46:45.024 | DEBUG    | eval.evaluation.evaluation:metric_call:77 - metric_func_name exact_match score 0.0 msg exact not match, response: 354, target: 380
2026-08-07 15:46:45.024 | DEBUG    | eval.evaluation.evaluation:metric_call:77 - metric_func_name exact_match score 0.0 msg exact not match, response: 338, target: 381
2026-08-07 15:46:45.024 | DEBUG    | eval.evaluation.evaluation:metric_call:77 - metric_func_name exact_match score 1.0 msg exact match, response: 384, target: 384
2026-08-07 15:46:45.025 | DEBUG    | eval.evaluation.evaluation:metric_call:77 - metric_func_name exact_match score 1.0 msg exact match, response: 385, target: 385
2026-08-07 15:46:45.025 | DEBUG    | eval.evaluation.evaluation:metric_call:77 - metric_func_name exact_match score 0.0 msg exact not match, response: 378, target: 394
2026-08-07 15:46:45.025 | DEBUG    | eval.evaluation.evaluation:metric_call:77 - metric_func_name exact_match score 0.0 msg exact not match, response: 386, target: 402
2026-08-07 15:46:45.025 | DEBUG    | eval.evaluation.evaluation:metric_call:77 - metric_func_name exact_match score 0.0 msg exact not match, response: 409, target: 411
2026-08-07 15:46:45.025 | DEBUG    | eval.evaluation.evaluation:metric_call:77 - metric_func_name exact_match score 0.0 msg exact not match, response: 434, target: 412
2026-08-07 15:46:45.025 | DEBUG    | eval.evaluation.evaluation:metric_call:77 - metric_func_name exact_match score 0.0 msg exact not match, response: 353, target: 417
2026-08-07 15:46:45.025 | DEBUG    | eval.evaluation.evaluation:metric_call:77 - metric_func_name exact_match score 0.0 msg exact not match, response: 372, target: 418
2026-08-07 15:46:45.025 | DEBUG    | eval.evaluation.evaluation:metric_call:77 - metric_func_name exact_match score 0.0 msg exact not match, response: 401, target: 429
2026-08-07 15:46:45.025 | DEBUG    | eval.evaluation.evaluation:metric_call:77 - metric_func_name exact_match score 0.0 msg exact not match, response: 344, target: 435
2026-08-07 15:46:45.025 | DEBUG    | eval.evaluation.evaluation:metric_call:77 - metric_func_name exact_match score 0.0 msg exact not match, response: 369, target: 436
2026-08-07 15:46:45.025 | DEBUG    | eval.evaluation.evaluation:metric_call:77 - metric_func_name exact_match score 0.0 msg exact not match, response: 393, target: 437
2026-08-07 15:46:45.025 | DEBUG    | eval.evaluation.evaluation:metric_call:77 - metric_func_name exact_match score 0.0 msg exact not match, response: 377, target: 438
2026-08-07 15:46:45.025 | DEBUG    | eval.evaluation.evaluation:metric_call:77 - metric_func_name exact_match score 0.0 msg exact not match, response: 426, target: 442
2026-08-07 15:46:45.025 | DEBUG    | eval.evaluation.evaluation:metric_call:77 - metric_func_name exact_match score 0.0 msg exact not match, response: 342, target: 444
2026-08-07 15:46:45.025 | DEBUG    | eval.evaluation.evaluation:metric_call:77 - metric_func_name exact_match score 0.0 msg exact not match, response: 448, target: 446
2026-08-07 15:46:45.025 | DEBUG    | eval.evaluation.evaluation:metric_call:77 - metric_func_name exact_match score 0.0 msg exact not match, response: 432, target: 451
2026-08-07 15:46:45.025 | DEBUG    | eval.evaluation.evaluation:metric_call:77 - metric_func_name exact_match score 0.0 msg exact not match, response: 496, target: 452
2026-08-07 15:46:45.025 | DEBUG    | eval.evaluation.evaluation:metric_call:77 - metric_func_name exact_match score 0.0 msg exact not match, response: 479, target: 458
2026-08-07 15:46:45.025 | DEBUG    | eval.evaluation.evaluation:metric_call:77 - metric_func_name exact_match score 0.0 msg exact not match, response: 394, target: 460
2026-08-07 15:46:45.025 | DEBUG    | eval.evaluation.evaluation:metric_call:77 - metric_func_name exact_match score 0.0 msg exact not match, response: 474, target: 470
2026-08-07 15:46:45.025 | DEBUG    | eval.evaluation.evaluation:metric_call:77 - metric_func_name exact_match score 0.0 msg exact not match, response: 436, target: 472
2026-08-07 15:46:45.025 | DEBUG    | eval.evaluation.evaluation:metric_call:77 - metric_func_name exact_match score 0.0 msg exact not match, response: 397, target: 483
2026-08-07 15:46:45.025 | DEBUG    | eval.evaluation.evaluation:metric_call:77 - metric_func_name exact_match score 0.0 msg exact not match, response: 445, target: 488
2026-08-07 15:46:45.026 | DEBUG    | eval.evaluation.evaluation:evaluate_single_query:321 - wide2deep_ws_zh_012, col 排名, metric_func_name exact_match, score [1.0, 1.0, 1.0, 1.0, 1.0, 1.0, 1.0, 1.0, 1.0, 1.0, 1.0, 1.0, 1.0, 1.0, 1.0, 1.0, 1.0, 1.0, 1.0, 1.0, 1.0, 1.0, 1.0, 1.0, 1.0, 1.0, 1.0, 1.0, 1.0, 1.0, 1.0, 1.0, 1.0, 1.0, 1.0, 1.0, 1.0, 1.0, 1.0, 1.0, 1.0, 1.0, 1.0, 1.0, 1.0, 1.0, 1.0, 1.0, 1.0, 1.0, 1.0, 1.0, 1.0, 1.0, 1.0, 1.0, 1.0, 1.0, 1.0, 1.0, 1.0, 1.0, 1.0, 1.0, 1.0, 1.0, 1.0, 1.0, 1.0, 1.0, 1.0, 1.0, 1.0, 1.0, 1.0, 1.0, 1.0, 1.0, 1.0, 1.0, 1.0, 1.0, 1.0, 1.0, 1.0, 0.0, 0.0, 0.0, 0.0, 0.0, 0.0, 0.0, 0.0, 0.0, 0.0, 1.0, 1.0, 0.0, 0.0, 0.0, 0.0, 0.0, 0.0, 0.0, 0.0, 0.0, 0.0, 0.0, 0.0, 0.0, 0.0, 0.0, 0.0, 0.0, 0.0, 0.0, 0.0, 0.0, 0.0]
2026-08-07 15:46:45.027 | DEBUG    | eval.evaluation.evaluation:metric_call:77 - metric_func_name number_near score 1.0 msg number near in range 5.0%, response: 545947.5, target: 545947.5
2026-08-07 15:46:45.027 | DEBUG    | eval.evaluation.evaluation:metric_call:77 - metric_func_name number_near score 1.0 msg number near in range 5.0%, response: 429699.7, target: 429699.7
2026-08-07 15:46:45.027 | DEBUG    | eval.evaluation.evaluation:metric_call:77 - metric_func_name number_near score 1.0 msg number near in range 5.0%, response: 421713.6, target: 421713.6
2026-08-07 15:46:45.027 | DEBUG    | eval.evaluation.evaluation:metric_call:77 - metric_func_name number_near score 1.0 msg number near in range 5.0%, response: 320430.5, target: 320430.5
2026-08-07 15:46:45.027 | DEBUG    | eval.evaluation.evaluation:metric_call:77 - metric_func_name number_near score 1.0 msg number near in range 5.0%, response: 222484.2, target: 222484.2
2026-08-07 15:46:45.027 | DEBUG    | eval.evaluation.evaluation:metric_call:77 - metric_func_name number_near score 1.0 msg number near in range 5.0%, response: 199826.1, target: 199826.1
2026-08-07 15:46:45.027 | DEBUG    | eval.evaluation.evaluation:metric_call:77 - metric_func_name number_near score 1.0 msg number near in range 5.0%, response: 197876.0, target: 197876.0
2026-08-07 15:46:45.027 | DEBUG    | eval.evaluation.evaluation:metric_call:77 - metric_func_name number_near score 1.0 msg number near in range 5.0%, response: 192398.3, target: 192398.3
2026-08-07 15:46:45.027 | DEBUG    | eval.evaluation.evaluation:metric_call:77 - metric_func_name number_near score 1.0 msg number near in range 5.0%, response: 178562.9, target: 178562.9
2026-08-07 15:46:45.027 | DEBUG    | eval.evaluation.evaluation:metric_call:77 - metric_func_name number_near score 1.0 msg number near in range 5.0%, response: 172327.6, target: 172327.6
2026-08-07 15:46:45.027 | DEBUG    | eval.evaluation.evaluation:metric_call:77 - metric_func_name number_near score 1.0 msg number near in range 5.0%, response: 160847.4, target: 160847.4
2026-08-07 15:46:45.027 | DEBUG    | eval.evaluation.evaluation:metric_call:77 - metric_func_name number_near score 1.0 msg number near in range 5.0%, response: 157216.3, target: 157216.3
2026-08-07 15:46:45.027 | DEBUG    | eval.evaluation.evaluation:metric_call:77 - metric_func_name number_near score 1.0 msg number near in range 5.0%, response: 153217.4, target: 153217.4
2026-08-07 15:46:45.027 | DEBUG    | eval.evaluation.evaluation:metric_call:77 - metric_func_name number_near score 1.0 msg number near in range 5.0%, response: 145759.1, target: 145759.1
2026-08-07 15:46:45.027 | DEBUG    | eval.evaluation.evaluation:metric_call:77 - metric_func_name number_near score 1.0 msg number near in range 5.0%, response: 143240.0, target: 143240.0
2026-08-07 15:46:45.027 | DEBUG    | eval.evaluation.evaluation:metric_call:77 - metric_func_name number_near score 1.0 msg number near in range 5.0%, response: 142832.4, target: 142832.4
2026-08-07 15:46:45.027 | DEBUG    | eval.evaluation.evaluation:metric_call:77 - metric_func_name number_near score 1.0 msg number near in range 5.0%, response: 141731.8, target: 141731.8
2026-08-07 15:46:45.027 | DEBUG    | eval.evaluation.evaluation:metric_call:77 - metric_func_name number_near score 1.0 msg number near in range 5.0%, response: 139615.9, target: 139615.9
2026-08-07 15:46:45.027 | DEBUG    | eval.evaluation.evaluation:metric_call:77 - metric_func_name number_near score 1.0 msg number near in range 5.0%, response: 136670.7, target: 136670.7
2026-08-07 15:46:45.027 | DEBUG    | eval.evaluation.evaluation:metric_call:77 - metric_func_name number_near score 1.0 msg number near in range 5.0%, response: 132019.7, target: 132019.7
2026-08-07 15:46:45.027 | DEBUG    | eval.evaluation.evaluation:metric_call:77 - metric_func_name number_near score 1.0 msg number near in range 5.0%, response: 131337.9, target: 131337.9
2026-08-07 15:46:45.027 | DEBUG    | eval.evaluation.evaluation:metric_call:77 - metric_func_name number_near score 1.0 msg number near in range 5.0%, response: 131242.3, target: 131242.3
2026-08-07 15:46:45.027 | DEBUG    | eval.evaluation.evaluation:metric_call:77 - metric_func_name number_near score 1.0 msg number near in range 5.0%, response: 126169.5, target: 126169.5
2026-08-07 15:46:45.027 | DEBUG    | eval.evaluation.evaluation:metric_call:77 - metric_func_name number_near score 1.0 msg number near in range 5.0%, response: 122383.2, target: 122383.2
2026-08-07 15:46:45.028 | DEBUG    | eval.evaluation.evaluation:metric_call:77 - metric_func_name number_near score 1.0 msg number near in range 5.0%, response: 118813.5, target: 118813.5
2026-08-07 15:46:45.028 | DEBUG    | eval.evaluation.evaluation:metric_call:77 - metric_func_name number_near score 1.0 msg number near in range 5.0%, response: 114664.5, target: 114664.5
2026-08-07 15:46:45.028 | DEBUG    | eval.evaluation.evaluation:metric_call:77 - metric_func_name number_near score 1.0 msg number near in range 5.0%, response: 112778.5, target: 112778.5
2026-08-07 15:46:45.028 | DEBUG    | eval.evaluation.evaluation:metric_call:77 - metric_func_name number_near score 1.0 msg number near in range 5.0%, response: 112048.7, target: 112048.7
2026-08-07 15:46:45.028 | DEBUG    | eval.evaluation.evaluation:metric_call:77 - metric_func_name number_near score 1.0 msg number near in range 5.0%, response: 110665.6, target: 110665.6
2026-08-07 15:46:45.028 | DEBUG    | eval.evaluation.evaluation:metric_call:77 - metric_func_name number_near score 1.0 msg number near in range 5.0%, response: 105195.7, target: 105195.7
2026-08-07 15:46:45.028 | DEBUG    | eval.evaluation.evaluation:metric_call:77 - metric_func_name number_near score 1.0 msg number near in range 5.0%, response: 99470.3, target: 99470.3
2026-08-07 15:46:45.028 | DEBUG    | eval.evaluation.evaluation:metric_call:77 - metric_func_name number_near score 1.0 msg number near in range 5.0%, response: 97765.1, target: 97765.1
2026-08-07 15:46:45.028 | DEBUG    | eval.evaluation.evaluation:metric_call:77 - metric_func_name number_near score 1.0 msg number near in range 5.0%, response: 97034.9, target: 97034.9
2026-08-07 15:46:45.028 | DEBUG    | eval.evaluation.evaluation:metric_call:77 - metric_func_name number_near score 1.0 msg number near in range 5.0%, response: 96072.2, target: 96072.2
2026-08-07 15:46:45.028 | DEBUG    | eval.evaluation.evaluation:metric_call:77 - metric_func_name number_near score 1.0 msg number near in range 5.0%, response: 89485.0, target: 89485.0
2026-08-07 15:46:45.028 | DEBUG    | eval.evaluation.evaluation:metric_call:77 - metric_func_name number_near score 1.0 msg number near in range 5.0%, response: 87961.5, target: 87961.5
2026-08-07 15:46:45.028 | DEBUG    | eval.evaluation.evaluation:metric_call:77 - metric_func_name number_near score 1.0 msg number near in range 5.0%, response: 86535.6, target: 86535.6
2026-08-07 15:46:45.028 | DEBUG    | eval.evaluation.evaluation:metric_call:77 - metric_func_name number_near score 1.0 msg number near in range 5.0%, response: 86028.3, target: 86028.3
2026-08-07 15:46:45.028 | DEBUG    | eval.evaluation.evaluation:metric_call:77 - metric_func_name number_near score 1.0 msg number near in range 5.0%, response: 85818.8, target: 85818.8
2026-08-07 15:46:45.028 | DEBUG    | eval.evaluation.evaluation:metric_call:77 - metric_func_name number_near score 1.0 msg number near in range 5.0%, response: 85082.0, target: 85082.0
2026-08-07 15:46:45.028 | DEBUG    | eval.evaluation.evaluation:metric_call:77 - metric_func_name number_near score 1.0 msg number near in range 5.0%, response: 82654.1, target: 82654.1
2026-08-07 15:46:45.028 | DEBUG    | eval.evaluation.evaluation:metric_call:77 - metric_func_name number_near score 1.0 msg number near in range 5.0%, response: 81952.4, target: 81952.4
2026-08-07 15:46:45.028 | DEBUG    | eval.evaluation.evaluation:metric_call:77 - metric_func_name number_near score 1.0 msg number near in range 5.0%, response: 78757.1, target: 78757.1
2026-08-07 15:46:45.028 | DEBUG    | eval.evaluation.evaluation:metric_call:77 - metric_func_name number_near score 1.0 msg number near in range 5.0%, response: 78243.2, target: 78243.2
2026-08-07 15:46:45.028 | DEBUG    | eval.evaluation.evaluation:metric_call:77 - metric_func_name number_near score 1.0 msg number near in range 5.0%, response: 78181.7, target: 78181.7
2026-08-07 15:46:45.028 | DEBUG    | eval.evaluation.evaluation:metric_call:77 - metric_func_name number_near score 1.0 msg number near in range 5.0%, response: 76506.9, target: 76506.9
2026-08-07 15:46:45.028 | DEBUG    | eval.evaluation.evaluation:metric_call:77 - metric_func_name number_near score 1.0 msg number near in range 5.0%, response: 76433.0, target: 76433.0
2026-08-07 15:46:45.028 | DEBUG    | eval.evaluation.evaluation:metric_call:77 - metric_func_name number_near score 1.0 msg number near in range 5.0%, response: 74776.7, target: 74776.7
2026-08-07 15:46:45.028 | DEBUG    | eval.evaluation.evaluation:metric_call:77 - metric_func_name number_near score 1.0 msg number near in range 5.0%, response: 74700.8, target: 74700.8
2026-08-07 15:46:45.028 | DEBUG    | eval.evaluation.evaluation:metric_call:77 - metric_func_name number_near score 1.0 msg number near in range 5.0%, response: 73998.5, target: 73998.5
2026-08-07 15:46:45.028 | DEBUG    | eval.evaluation.evaluation:metric_call:77 - metric_func_name number_near score 1.0 msg number near in range 5.0%, response: 73484.5, target: 73484.5
2026-08-07 15:46:45.029 | DEBUG    | eval.evaluation.evaluation:metric_call:77 - metric_func_name number_near score 1.0 msg number near in range 5.0%, response: 71514.6, target: 71514.6
2026-08-07 15:46:45.029 | DEBUG    | eval.evaluation.evaluation:metric_call:77 - metric_func_name number_near score 1.0 msg number near in range 5.0%, response: 71386.1, target: 71386.1
2026-08-07 15:46:45.029 | DEBUG    | eval.evaluation.evaluation:metric_call:77 - metric_func_name number_near score 1.0 msg number near in range 5.0%, response: 70356.8, target: 70356.8
2026-08-07 15:46:45.029 | DEBUG    | eval.evaluation.evaluation:metric_call:77 - metric_func_name number_near score 1.0 msg number near in range 5.0%, response: 69415.8, target: 69415.8
2026-08-07 15:46:45.029 | DEBUG    | eval.evaluation.evaluation:metric_call:77 - metric_func_name number_near score 1.0 msg number near in range 5.0%, response: 69286.9, target: 69286.9
2026-08-07 15:46:45.029 | DEBUG    | eval.evaluation.evaluation:metric_call:77 - metric_func_name number_near score 1.0 msg number near in range 5.0%, response: 67852.2, target: 67852.2
2026-08-07 15:46:45.029 | DEBUG    | eval.evaluation.evaluation:metric_call:77 - metric_func_name number_near score 1.0 msg number near in range 5.0%, response: 65789.5, target: 65789.5
2026-08-07 15:46:45.029 | DEBUG    | eval.evaluation.evaluation:metric_call:77 - metric_func_name number_near score 1.0 msg number near in range 5.0%, response: 63639.8, target: 63639.8
2026-08-07 15:46:45.029 | DEBUG    | eval.evaluation.evaluation:metric_call:77 - metric_func_name number_near score 1.0 msg number near in range 5.0%, response: 63595.4, target: 63595.4
2026-08-07 15:46:45.029 | DEBUG    | eval.evaluation.evaluation:metric_call:77 - metric_func_name number_near score 1.0 msg number near in range 5.0%, response: 59152.3, target: 59152.3
2026-08-07 15:46:45.029 | DEBUG    | eval.evaluation.evaluation:metric_call:77 - metric_func_name number_near score 1.0 msg number near in range 5.0%, response: 57890.8, target: 57890.8
2026-08-07 15:46:45.029 | DEBUG    | eval.evaluation.evaluation:metric_call:77 - metric_func_name number_near score 1.0 msg number near in range 5.0%, response: 57708.1, target: 57708.1
2026-08-07 15:46:45.029 | DEBUG    | eval.evaluation.evaluation:metric_call:77 - metric_func_name number_near score 1.0 msg number near in range 5.0%, response: 57595.9, target: 57595.9
2026-08-07 15:46:45.029 | DEBUG    | eval.evaluation.evaluation:metric_call:77 - metric_func_name number_near score 1.0 msg number near in range 5.0%, response: 57468.0, target: 57468.0
2026-08-07 15:46:45.029 | DEBUG    | eval.evaluation.evaluation:metric_call:77 - metric_func_name number_near score 1.0 msg number near in range 5.0%, response: 56863.8, target: 56863.8
2026-08-07 15:46:45.029 | DEBUG    | eval.evaluation.evaluation:metric_call:77 - metric_func_name number_near score 1.0 msg number near in range 5.0%, response: 56728.3, target: 56728.3
2026-08-07 15:46:45.029 | DEBUG    | eval.evaluation.evaluation:metric_call:77 - metric_func_name number_near score 1.0 msg number near in range 5.0%, response: 56632.8, target: 56632.8
2026-08-07 15:46:45.029 | DEBUG    | eval.evaluation.evaluation:metric_call:77 - metric_func_name number_near score 1.0 msg number near in range 5.0%, response: 56083.8, target: 56083.8
2026-08-07 15:46:45.029 | DEBUG    | eval.evaluation.evaluation:metric_call:77 - metric_func_name number_near score 1.0 msg number near in range 5.0%, response: 54484.6, target: 54484.6
2026-08-07 15:46:45.029 | DEBUG    | eval.evaluation.evaluation:metric_call:77 - metric_func_name number_near score 1.0 msg number near in range 5.0%, response: 53980.0, target: 53980.0
2026-08-07 15:46:45.029 | DEBUG    | eval.evaluation.evaluation:metric_call:77 - metric_func_name number_near score 1.0 msg number near in range 5.0%, response: 53929.6, target: 53929.6
2026-08-07 15:46:45.029 | DEBUG    | eval.evaluation.evaluation:metric_call:77 - metric_func_name number_near score 1.0 msg number near in range 5.0%, response: 52789.6, target: 52789.6
2026-08-07 15:46:45.029 | DEBUG    | eval.evaluation.evaluation:metric_call:77 - metric_func_name number_near score 1.0 msg number near in range 5.0%, response: 52632.3, target: 52632.3
2026-08-07 15:46:45.029 | DEBUG    | eval.evaluation.evaluation:metric_call:77 - metric_func_name number_near score 1.0 msg number near in range 5.0%, response: 51525.9, target: 51525.9
2026-08-07 15:46:45.029 | DEBUG    | eval.evaluation.evaluation:metric_call:77 - metric_func_name number_near score 1.0 msg number near in range 5.0%, response: 50897.0, target: 50897.0
2026-08-07 15:46:45.029 | DEBUG    | eval.evaluation.evaluation:metric_call:77 - metric_func_name number_near score 1.0 msg number near in range 5.0%, response: 50864.5, target: 50864.5
2026-08-07 15:46:45.029 | DEBUG    | eval.evaluation.evaluation:metric_call:77 - metric_func_name number_near score 1.0 msg number near in range 5.0%, response: 49900.7, target: 49900.7
2026-08-07 15:46:45.030 | DEBUG    | eval.evaluation.evaluation:metric_call:77 - metric_func_name number_near score 1.0 msg number near in range 5.0%, response: 49088.8, target: 49088.8
2026-08-07 15:46:45.030 | DEBUG    | eval.evaluation.evaluation:metric_call:77 - metric_func_name number_near score 1.0 msg number near in range 5.0%, response: 48890.1, target: 48890.1
2026-08-07 15:46:45.030 | DEBUG    | eval.evaluation.evaluation:metric_call:77 - metric_func_name number_near score 1.0 msg number near in range 5.0%, response: 48120.0, target: 48120.0
2026-08-07 15:46:45.030 | DEBUG    | eval.evaluation.evaluation:metric_call:77 - metric_func_name number_near score 1.0 msg number near in range 5.0%, response: 46482.2, target: 46482.2
2026-08-07 15:46:45.030 | DEBUG    | eval.evaluation.evaluation:metric_call:77 - metric_func_name number_near score 1.0 msg number near in range 5.0%, response: 45772.0, target: 45772.0
2026-08-07 15:46:45.030 | DEBUG    | eval.evaluation.evaluation:metric_call:77 - metric_func_name number_near score 1.0 msg number near in range 5.0%, response: 45759.9, target: 45759.9
2026-08-07 15:46:45.030 | DEBUG    | eval.evaluation.evaluation:metric_call:77 - metric_func_name number_near score 1.0 msg number near in range 5.0%, response: 45534.1, target: 45534.1
2026-08-07 15:46:45.030 | DEBUG    | eval.evaluation.evaluation:metric_call:77 - metric_func_name number_near score 0.0 msg number not near, response: 36681.0, target: 44790.2
2026-08-07 15:46:45.030 | DEBUG    | eval.evaluation.evaluation:metric_call:77 - metric_func_name number_near score 1.0 msg number near in range 5.0%, response: 44565.1, target: 43553.6
2026-08-07 15:46:45.030 | DEBUG    | eval.evaluation.evaluation:metric_call:77 - metric_func_name number_near score 1.0 msg number near in range 5.0%, response: 43331.3, target: 43031.1
2026-08-07 15:46:45.030 | DEBUG    | eval.evaluation.evaluation:metric_call:77 - metric_func_name number_near score 0.0 msg number not near, response: 37552.6, target: 41445.6
2026-08-07 15:46:45.030 | DEBUG    | eval.evaluation.evaluation:metric_call:77 - metric_func_name number_near score 1.0 msg number near in range 5.0%, response: 42603.8, target: 41025.2
2026-08-07 15:46:45.030 | DEBUG    | eval.evaluation.evaluation:metric_call:77 - metric_func_name number_near score 0.0 msg number not near, response: 43295.3, target: 40684.6
2026-08-07 15:46:45.030 | DEBUG    | eval.evaluation.evaluation:metric_call:77 - metric_func_name number_near score 0.0 msg number not near, response: 34768.1, target: 40356.8
2026-08-07 15:46:45.030 | DEBUG    | eval.evaluation.evaluation:metric_call:77 - metric_func_name number_near score 0.0 msg number not near, response: 36544.7, target: 39988.0
2026-08-07 15:46:45.030 | DEBUG    | eval.evaluation.evaluation:metric_call:77 - metric_func_name number_near score 0.0 msg number not near, response: 43857.7, target: 39632.9
2026-08-07 15:46:45.030 | DEBUG    | eval.evaluation.evaluation:metric_call:77 - metric_func_name number_near score 0.0 msg number not near, response: 45455.7, target: 39411.6
2026-08-07 15:46:45.030 | DEBUG    | eval.evaluation.evaluation:metric_call:77 - metric_func_name number_near score 1.0 msg number near in range 5.0%, response: 39088.8, target: 39092.5
2026-08-07 15:46:45.030 | DEBUG    | eval.evaluation.evaluation:metric_call:77 - metric_func_name number_near score 1.0 msg number near in range 5.0%, response: 39091.7, target: 39091.7
2026-08-07 15:46:45.030 | DEBUG    | eval.evaluation.evaluation:metric_call:77 - metric_func_name number_near score 0.0 msg number not near, response: 41159.3, target: 38345.2
2026-08-07 15:46:45.030 | DEBUG    | eval.evaluation.evaluation:metric_call:77 - metric_func_name number_near score 1.0 msg number near in range 5.0%, response: 39058.7, target: 37398.0
2026-08-07 15:46:45.030 | DEBUG    | eval.evaluation.evaluation:metric_call:77 - metric_func_name number_near score 1.0 msg number near in range 5.0%, response: 37277.0, target: 36768.8
2026-08-07 15:46:45.030 | DEBUG    | eval.evaluation.evaluation:metric_call:77 - metric_func_name number_near score 0.0 msg number not near, response: 34454.7, target: 36743.8
2026-08-07 15:46:45.030 | DEBUG    | eval.evaluation.evaluation:metric_call:77 - metric_func_name number_near score 0.0 msg number not near, response: 43930.6, target: 36309.8
2026-08-07 15:46:45.030 | DEBUG    | eval.evaluation.evaluation:metric_call:77 - metric_func_name number_near score 0.0 msg number not near, response: 42168.5, target: 36266.4
2026-08-07 15:46:45.030 | DEBUG    | eval.evaluation.evaluation:metric_call:77 - metric_func_name number_near score 0.0 msg number not near, response: 37941.7, target: 35701.8
2026-08-07 15:46:45.030 | DEBUG    | eval.evaluation.evaluation:metric_call:77 - metric_func_name number_near score 0.0 msg number not near, response: 44850.7, target: 35390.9
2026-08-07 15:46:45.030 | DEBUG    | eval.evaluation.evaluation:metric_call:77 - metric_func_name number_near score 0.0 msg number not near, response: 42487.2, target: 35379.3
2026-08-07 15:46:45.031 | DEBUG    | eval.evaluation.evaluation:metric_call:77 - metric_func_name number_near score 0.0 msg number not near, response: 38591.7, target: 35364.0
2026-08-07 15:46:45.031 | DEBUG    | eval.evaluation.evaluation:metric_call:77 - metric_func_name number_near score 0.0 msg number not near, response: 41256.7, target: 35244.5
2026-08-07 15:46:45.031 | DEBUG    | eval.evaluation.evaluation:metric_call:77 - metric_func_name number_near score 1.0 msg number near in range 5.0%, response: 34981.1, target: 34981.1
2026-08-07 15:46:45.031 | DEBUG    | eval.evaluation.evaluation:metric_call:77 - metric_func_name number_near score 0.0 msg number not near, response: 44984.3, target: 34860.2
2026-08-07 15:46:45.031 | DEBUG    | eval.evaluation.evaluation:metric_call:77 - metric_func_name number_near score 0.0 msg number not near, response: 32406.0, target: 34851.0
2026-08-07 15:46:45.031 | DEBUG    | eval.evaluation.evaluation:metric_call:77 - metric_func_name number_near score 1.0 msg number near in range 5.0%, response: 34680.5, target: 34519.7
2026-08-07 15:46:45.031 | DEBUG    | eval.evaluation.evaluation:metric_call:77 - metric_func_name number_near score 0.0 msg number not near, response: 30204.7, target: 34399.5
2026-08-07 15:46:45.031 | DEBUG    | eval.evaluation.evaluation:metric_call:77 - metric_func_name number_near score 0.0 msg number not near, response: 30972.9, target: 34069.6
2026-08-07 15:46:45.031 | DEBUG    | eval.evaluation.evaluation:metric_call:77 - metric_func_name number_near score 0.0 msg number not near, response: 38549.3, target: 34060.9
2026-08-07 15:46:45.031 | DEBUG    | eval.evaluation.evaluation:metric_call:77 - metric_func_name number_near score 0.0 msg number not near, response: 31236.8, target: 33621.3
2026-08-07 15:46:45.031 | DEBUG    | eval.evaluation.evaluation:metric_call:77 - metric_func_name number_near score 1.0 msg number near in range 5.0%, response: 34296.7, target: 33428.1
2026-08-07 15:46:45.031 | DEBUG    | eval.evaluation.evaluation:metric_call:77 - metric_func_name number_near score 0.0 msg number not near, response: 38262.3, target: 32984.2
2026-08-07 15:46:45.031 | DEBUG    | eval.evaluation.evaluation:metric_call:77 - metric_func_name number_near score 1.0 msg number near in range 5.0%, response: 32565.9, target: 32758.5
2026-08-07 15:46:45.032 | DEBUG    | eval.evaluation.evaluation:evaluate_single_query:321 - wide2deep_ws_zh_012, col 营业收入（百万美元）, metric_func_name number_near, score [1.0, 1.0, 1.0, 1.0, 1.0, 1.0, 1.0, 1.0, 1.0, 1.0, 1.0, 1.0, 1.0, 1.0, 1.0, 1.0, 1.0, 1.0, 1.0, 1.0, 1.0, 1.0, 1.0, 1.0, 1.0, 1.0, 1.0, 1.0, 1.0, 1.0, 1.0, 1.0, 1.0, 1.0, 1.0, 1.0, 1.0, 1.0, 1.0, 1.0, 1.0, 1.0, 1.0, 1.0, 1.0, 1.0, 1.0, 1.0, 1.0, 1.0, 1.0, 1.0, 1.0, 1.0, 1.0, 1.0, 1.0, 1.0, 1.0, 1.0, 1.0, 1.0, 1.0, 1.0, 1.0, 1.0, 1.0, 1.0, 1.0, 1.0, 1.0, 1.0, 1.0, 1.0, 1.0, 1.0, 1.0, 1.0, 1.0, 1.0, 1.0, 1.0, 1.0, 1.0, 1.0, 0.0, 1.0, 1.0, 0.0, 1.0, 0.0, 0.0, 0.0, 0.0, 0.0, 1.0, 1.0, 0.0, 1.0, 1.0, 0.0, 0.0, 0.0, 0.0, 0.0, 0.0, 0.0, 0.0, 1.0, 0.0, 0.0, 1.0, 0.0, 0.0, 0.0, 0.0, 1.0, 0.0, 1.0]
2026-08-07 15:46:45.032 | DEBUG    | eval.evaluation.evaluation:metric_call:77 - metric_func_name number_near score 1.0 msg number near in range 5.0%, response: 9204.3, target: 9204.3
2026-08-07 15:46:45.032 | DEBUG    | eval.evaluation.evaluation:metric_call:77 - metric_func_name number_near score 1.0 msg number near in range 5.0%, response: 9393.4, target: 9393.4
2026-08-07 15:46:45.032 | DEBUG    | eval.evaluation.evaluation:metric_call:77 - metric_func_name number_near score 1.0 msg number near in range 5.0%, response: 21294.7, target: 21294.7
2026-08-07 15:46:45.032 | DEBUG    | eval.evaluation.evaluation:metric_call:77 - metric_func_name number_near score 1.0 msg number near in range 5.0%, response: 4272.5, target: 4371.5
2026-08-07 15:46:45.032 | DEBUG    | eval.evaluation.evaluation:metric_call:77 - metric_func_name number_near score 1.0 msg number near in range 5.0%, response: 51417.2, target: 51417.0
2026-08-07 15:46:45.032 | DEBUG    | eval.evaluation.evaluation:metric_call:77 - metric_func_name number_near score 1.0 msg number near in range 5.0%, response: 46990.0, target: 46990.0
2026-08-07 15:46:45.032 | DEBUG    | eval.evaluation.evaluation:metric_call:77 - metric_func_name number_near score 1.0 msg number near in range 5.0%, response: 4542.0, target: 4562.9
2026-08-07 15:46:45.032 | DEBUG    | eval.evaluation.evaluation:metric_call:77 - metric_func_name number_near score 1.0 msg number near in range 5.0%, response: 37995.0, target: 38048.7
2026-08-07 15:46:45.032 | DEBUG    | eval.evaluation.evaluation:metric_call:77 - metric_func_name number_near score 1.0 msg number near in range 5.0%, response: 2152.5, target: 2152.5
2026-08-07 15:46:45.032 | DEBUG    | eval.evaluation.evaluation:metric_call:77 - metric_func_name number_near score 1.0 msg number near in range 5.0%, response: 32758.3, target: 32758.3
2026-08-07 15:46:45.032 | DEBUG    | eval.evaluation.evaluation:metric_call:77 - metric_func_name number_near score 0.0 msg number not near, response: 1833.5, target: 1701.0
2026-08-07 15:46:45.032 | DEBUG    | eval.evaluation.evaluation:metric_call:77 - metric_func_name number_near score 1.0 msg number near in range 5.0%, response: 2494.1, target: 2493.8
2026-08-07 15:46:45.032 | DEBUG    | eval.evaluation.evaluation:metric_call:77 - metric_func_name number_near score 1.0 msg number near in range 5.0%, response: 3414.5, target: 3413.8
2026-08-07 15:46:45.032 | DEBUG    | eval.evaluation.evaluation:metric_call:77 - metric_func_name number_near score 1.0 msg number near in range 5.0%, response: 12115.6, target: 12100.9
2026-08-07 15:46:45.032 | DEBUG    | eval.evaluation.evaluation:metric_call:77 - metric_func_name number_near score 0.0 msg number not near, response: -307.7, target: -3666.0
2026-08-07 15:46:45.033 | DEBUG    | eval.evaluation.evaluation:metric_call:77 - metric_func_name number_near score 0.0 msg number not near, response: 18584.3, target: 15253.4
2026-08-07 15:46:45.033 | DEBUG    | eval.evaluation.evaluation:metric_call:77 - metric_func_name number_near score 0.0 msg number not near, response: 16893.8, target: 14559.2
2026-08-07 15:46:45.033 | DEBUG    | eval.evaluation.evaluation:metric_call:77 - metric_func_name number_near score 0.0 msg number not near, response: 3343.6, target: -841.2
2026-08-07 15:46:45.033 | DEBUG    | eval.evaluation.evaluation:metric_call:77 - metric_func_name number_near score 0.0 msg number not near, response: 1324.8, target: 1672.3
2026-08-07 15:46:45.033 | DEBUG    | eval.evaluation.evaluation:metric_call:77 - metric_func_name number_near score 0.0 msg number not near, response: 877.6, target: 766.0
2026-08-07 15:46:45.033 | DEBUG    | eval.evaluation.evaluation:metric_call:77 - metric_func_name number_near score 1.0 msg number near in range 5.0%, response: 11083.5, target: 11165.1
2026-08-07 15:46:45.033 | DEBUG    | eval.evaluation.evaluation:metric_call:77 - metric_func_name number_near score 0.0 msg number not near, response: 4651.9, target: 4124.6
2026-08-07 15:46:45.033 | DEBUG    | eval.evaluation.evaluation:metric_call:77 - metric_func_name number_near score 1.0 msg number near in range 5.0%, response: 3838.6, target: 3797.5
2026-08-07 15:46:45.033 | DEBUG    | eval.evaluation.evaluation:metric_call:77 - metric_func_name number_near score 0.0 msg number not near, response: 1679.8, target: 829.6
2026-08-07 15:46:45.033 | DEBUG    | eval.evaluation.evaluation:metric_call:77 - metric_func_name number_near score 0.0 msg number not near, response: 1642.7, target: 2342.2
2026-08-07 15:46:45.033 | DEBUG    | eval.evaluation.evaluation:metric_call:77 - metric_func_name number_near score 0.0 msg number not near, response: 2371.7, target: 980.8
2026-08-07 15:46:45.033 | DEBUG    | eval.evaluation.evaluation:metric_call:77 - metric_func_name number_near score 1.0 msg number near in range 5.0%, response: 5876.0, target: 5884.5
2026-08-07 15:46:45.033 | DEBUG    | eval.evaluation.evaluation:metric_call:77 - metric_func_name number_near score 1.0 msg number near in range 5.0%, response: 6316.0, target: 6339.1
2026-08-07 15:46:45.033 | DEBUG    | eval.evaluation.evaluation:metric_call:77 - metric_func_name number_near score 0.0 msg number not near, response: 454.4, target: 1057.6
2026-08-07 15:46:45.033 | DEBUG    | eval.evaluation.evaluation:metric_call:77 - metric_func_name number_near score 1.0 msg number near in range 5.0%, response: 1994.8, target: 1992.6
2026-08-07 15:46:45.033 | DEBUG    | eval.evaluation.evaluation:metric_call:77 - metric_func_name number_near score 1.0 msg number near in range 5.0%, response: 12347.8, target: 12274.4
2026-08-07 15:46:45.033 | DEBUG    | eval.evaluation.evaluation:metric_call:77 - metric_func_name number_near score 0.0 msg number not near, response: 1018.9, target: 1270.3
2026-08-07 15:46:45.033 | DEBUG    | eval.evaluation.evaluation:metric_call:77 - metric_func_name number_near score 0.0 msg number not near, response: 679.6, target: 775.9
2026-08-07 15:46:45.033 | DEBUG    | eval.evaluation.evaluation:metric_call:77 - metric_func_name number_near score 1.0 msg number near in range 5.0%, response: 1124.1, target: 1149.5
2026-08-07 15:46:45.033 | DEBUG    | eval.evaluation.evaluation:metric_call:77 - metric_func_name number_near score 0.0 msg number not near, response: 2532.0, target: 2864.2
2026-08-07 15:46:45.033 | DEBUG    | eval.evaluation.evaluation:metric_call:77 - metric_func_name number_near score 0.0 msg number not near, response: 2722.3, target: 2150.8
2026-08-07 15:46:45.033 | DEBUG    | eval.evaluation.evaluation:metric_call:77 - metric_func_name number_near score 0.0 msg number not near, response: 136.7, target: 74.6
2026-08-07 15:46:45.033 | DEBUG    | eval.evaluation.evaluation:metric_call:77 - metric_func_name number_near score 1.0 msg number near in range 5.0%, response: 16228.8, target: 16275.2
2026-08-07 15:46:45.033 | DEBUG    | eval.evaluation.evaluation:metric_call:77 - metric_func_name number_near score 0.0 msg number not near, response: 222.8, target: 178.9
2026-08-07 15:46:45.033 | DEBUG    | eval.evaluation.evaluation:metric_call:77 - metric_func_name number_near score 1.0 msg number near in range 5.0%, response: 4241.9, target: 4243.5
2026-08-07 15:46:45.033 | DEBUG    | eval.evaluation.evaluation:metric_call:77 - metric_func_name number_near score 0.0 msg number not near, response: 1083.7, target: 1644.1
2026-08-07 15:46:45.033 | DEBUG    | eval.evaluation.evaluation:metric_call:77 - metric_func_name number_near score 1.0 msg number near in range 5.0%, response: 507.0, target: 510.9
2026-08-07 15:46:45.033 | DEBUG    | eval.evaluation.evaluation:metric_call:77 - metric_func_name number_near score 1.0 msg number near in range 5.0%, response: 13009.7, target: 13098.6
2026-08-07 15:46:45.034 | DEBUG    | eval.evaluation.evaluation:metric_call:77 - metric_func_name number_near score 0.0 msg number not near, response: 470.0, target: 371.2
2026-08-07 15:46:45.034 | DEBUG    | eval.evaluation.evaluation:metric_call:77 - metric_func_name number_near score 1.0 msg number near in range 5.0%, response: 3156.5, target: 3153.2
2026-08-07 15:46:45.034 | DEBUG    | eval.evaluation.evaluation:metric_call:77 - metric_func_name number_near score 0.0 msg number not near, response: 1379.4, target: 1933.0
2026-08-07 15:46:45.034 | DEBUG    | eval.evaluation.evaluation:metric_call:77 - metric_func_name number_near score 1.0 msg number near in range 5.0%, response: 4959.2, target: 5035.3
2026-08-07 15:46:45.034 | DEBUG    | eval.evaluation.evaluation:metric_call:77 - metric_func_name number_near score 0.0 msg number not near, response: 941.0, target: 1113.7
2026-08-07 15:46:45.034 | DEBUG    | eval.evaluation.evaluation:metric_call:77 - metric_func_name number_near score 0.0 msg number not near, response: 743.5, target: 548.5
2026-08-07 15:46:45.034 | DEBUG    | eval.evaluation.evaluation:metric_call:77 - metric_func_name number_near score 0.0 msg number not near, response: 1413.7, target: 988.2
2026-08-07 15:46:45.034 | DEBUG    | eval.evaluation.evaluation:metric_call:77 - metric_func_name number_near score 0.0 msg number not near, response: 872.9, target: 1192.3
2026-08-07 15:46:45.034 | DEBUG    | eval.evaluation.evaluation:metric_call:77 - metric_func_name number_near score 1.0 msg number near in range 5.0%, response: 20750.2, target: 20708.7
2026-08-07 15:46:45.034 | DEBUG    | eval.evaluation.evaluation:metric_call:77 - metric_func_name number_near score 0.0 msg number not near, response: 630.2, target: 345.4
2026-08-07 15:46:45.034 | DEBUG    | eval.evaluation.evaluation:metric_call:77 - metric_func_name number_near score 0.0 msg number not near, response: 1550.6, target: 812.6
2026-08-07 15:46:45.034 | DEBUG    | eval.evaluation.evaluation:metric_call:77 - metric_func_name number_near score 1.0 msg number near in range 5.0%, response: 26916.5, target: 27350.4
2026-08-07 15:46:45.034 | DEBUG    | eval.evaluation.evaluation:metric_call:77 - metric_func_name number_near score 0.0 msg number not near, response: 216.9, target: 14.5
2026-08-07 15:46:45.034 | DEBUG    | eval.evaluation.evaluation:metric_call:77 - metric_func_name number_near score 0.0 msg number not near, response: 197.2, target: 328.1
2026-08-07 15:46:45.034 | DEBUG    | eval.evaluation.evaluation:metric_call:77 - metric_func_name number_near score 1.0 msg number near in range 5.0%, response: 1725.8, target: 1718.1
2026-08-07 15:46:45.034 | DEBUG    | eval.evaluation.evaluation:metric_call:77 - metric_func_name number_near score 0.0 msg number not near, response: 35.6, target: 993.6
2026-08-07 15:46:45.034 | DEBUG    | eval.evaluation.evaluation:metric_call:77 - metric_func_name number_near score 0.0 msg number not near, response: 1123.3, target: 876.5
2026-08-07 15:46:45.034 | DEBUG    | eval.evaluation.evaluation:metric_call:77 - metric_func_name number_near score 1.0 msg number near in range 5.0%, response: 10845.3, target: 10893.3
2026-08-07 15:46:45.034 | DEBUG    | eval.evaluation.evaluation:metric_call:77 - metric_func_name number_near score 0.0 msg number not near, response: 1348.1, target: 1632.1
2026-08-07 15:46:45.034 | DEBUG    | eval.evaluation.evaluation:metric_call:77 - metric_func_name number_near score 0.0 msg number not near, response: 549.7, target: 600.0
2026-08-07 15:46:45.034 | DEBUG    | eval.evaluation.evaluation:metric_call:77 - metric_func_name number_near score 0.0 msg number not near, response: -549.7, target: -391.6
2026-08-07 15:46:45.034 | DEBUG    | eval.evaluation.evaluation:metric_call:77 - metric_func_name number_near score 0.0 msg number not near, response: 45.0, target: 23.5
2026-08-07 15:46:45.034 | DEBUG    | eval.evaluation.evaluation:metric_call:77 - metric_func_name number_near score 1.0 msg number near in range 5.0%, response: 1011.5, target: 1010.5
2026-08-07 15:46:45.034 | DEBUG    | eval.evaluation.evaluation:metric_call:77 - metric_func_name number_near score 0.0 msg number not near, response: 271.9, target: 23.7
2026-08-07 15:46:45.034 | DEBUG    | eval.evaluation.evaluation:metric_call:77 - metric_func_name number_near score 1.0 msg number near in range 5.0%, response: 6210.0, target: 6232.5
2026-08-07 15:46:45.034 | DEBUG    | eval.evaluation.evaluation:metric_call:77 - metric_func_name number_near score 0.0 msg number not near, response: 2247.5, target: 2563.0
2026-08-07 15:46:45.034 | DEBUG    | eval.evaluation.evaluation:metric_call:77 - metric_func_name number_near score 0.0 msg number not near, response: 1016.1, target: 1615.9
2026-08-07 15:46:45.034 | DEBUG    | eval.evaluation.evaluation:metric_call:77 - metric_func_name number_near score 0.0 msg number not near, response: 1015.6, target: 1554.2
2026-08-07 15:46:45.035 | DEBUG    | eval.evaluation.evaluation:metric_call:77 - metric_func_name number_near score 0.0 msg number not near, response: 3209.2, target: 3584.4
2026-08-07 15:46:45.035 | DEBUG    | eval.evaluation.evaluation:metric_call:77 - metric_func_name number_near score 1.0 msg number near in range 5.0%, response: 4775.5, target: 4763.2
2026-08-07 15:46:45.035 | DEBUG    | eval.evaluation.evaluation:metric_call:77 - metric_func_name number_near score 1.0 msg number near in range 5.0%, response: 1154.4, target: 1154.5
2026-08-07 15:46:45.035 | DEBUG    | eval.evaluation.evaluation:metric_call:77 - metric_func_name number_near score 0.0 msg number not near, response: 510.5, target: 997.3
2026-08-07 15:46:45.035 | DEBUG    | eval.evaluation.evaluation:metric_call:77 - metric_func_name number_near score 1.0 msg number near in range 5.0%, response: -1346.1, target: -1349.9
2026-08-07 15:46:45.035 | DEBUG    | eval.evaluation.evaluation:metric_call:77 - metric_func_name number_near score 1.0 msg number near in range 5.0%, response: 5171.8, target: 5184.5
2026-08-07 15:46:45.035 | DEBUG    | eval.evaluation.evaluation:metric_call:77 - metric_func_name number_near score 0.0 msg number not near, response: 667.8, target: 1359.5
2026-08-07 15:46:45.035 | DEBUG    | eval.evaluation.evaluation:metric_call:77 - metric_func_name number_near score 0.0 msg number not near, response: 358.7, target: 198.2
2026-08-07 15:46:45.035 | DEBUG    | eval.evaluation.evaluation:metric_call:77 - metric_func_name number_near score 0.0 msg number not near, response: 1671.3, target: 2408.4
2026-08-07 15:46:45.035 | DEBUG    | eval.evaluation.evaluation:metric_call:77 - metric_func_name number_near score 0.0 msg number not near, response: 812.0, target: 248.9
2026-08-07 15:46:45.035 | DEBUG    | eval.evaluation.evaluation:metric_call:77 - metric_func_name number_near score 0.0 msg number not near, response: 554.7, target: 181.6
2026-08-07 15:46:45.035 | DEBUG    | eval.evaluation.evaluation:metric_call:77 - metric_func_name number_near score 0.0 msg number not near, response: 852.0, target: 763.6
2026-08-07 15:46:45.035 | DEBUG    | eval.evaluation.evaluation:metric_call:77 - metric_func_name number_near score 1.0 msg number near in range 5.0%, response: 3863.4, target: 3850.3
2026-08-07 15:46:45.035 | DEBUG    | eval.evaluation.evaluation:metric_call:77 - metric_func_name number_near score 0.0 msg number not near, response: 936.1, target: 1909.5
2026-08-07 15:46:45.035 | DEBUG    | eval.evaluation.evaluation:metric_call:77 - metric_func_name number_near score 0.0 msg number not near, response: 899.2, target: 1136.8
2026-08-07 15:46:45.035 | DEBUG    | eval.evaluation.evaluation:metric_call:77 - metric_func_name number_near score 1.0 msg number near in range 5.0%, response: 5076.8, target: 5060.3
2026-08-07 15:46:45.035 | DEBUG    | eval.evaluation.evaluation:metric_call:77 - metric_func_name number_near score 1.0 msg number near in range 5.0%, response: 220.7, target: 220.1
2026-08-07 15:46:45.035 | DEBUG    | eval.evaluation.evaluation:metric_call:77 - metric_func_name number_near score 1.0 msg number near in range 5.0%, response: 2992.0, target: 2983.3
2026-08-07 15:46:45.035 | DEBUG    | eval.evaluation.evaluation:metric_call:77 - metric_func_name number_near score 0.0 msg number not near, response: 1097.3, target: 1412.5
2026-08-07 15:46:45.035 | DEBUG    | eval.evaluation.evaluation:metric_call:77 - metric_func_name number_near score 0.0 msg number not near, response: -322.5, target: -83.1
2026-08-07 15:46:45.035 | DEBUG    | eval.evaluation.evaluation:metric_call:77 - metric_func_name number_near score 1.0 msg number near in range 5.0%, response: 505.4, target: 504.6
2026-08-07 15:46:45.035 | DEBUG    | eval.evaluation.evaluation:metric_call:77 - metric_func_name number_near score 0.0 msg number not near, response: -327.0, target: -93.0
2026-08-07 15:46:45.035 | DEBUG    | eval.evaluation.evaluation:metric_call:77 - metric_func_name number_near score 0.0 msg number not near, response: 1527.0, target: 1297.4
2026-08-07 15:46:45.035 | DEBUG    | eval.evaluation.evaluation:metric_call:77 - metric_func_name number_near score 0.0 msg number not near, response: 3210.0, target: 1786.1
2026-08-07 15:46:45.035 | DEBUG    | eval.evaluation.evaluation:metric_call:77 - metric_func_name number_near score 1.0 msg number near in range 5.0%, response: 1951.7, target: 1957.3
2026-08-07 15:46:45.035 | DEBUG    | eval.evaluation.evaluation:metric_call:77 - metric_func_name number_near score 0.0 msg number not near, response: 1629.2, target: 585.7
2026-08-07 15:46:45.035 | DEBUG    | eval.evaluation.evaluation:metric_call:77 - metric_func_name number_near score 0.0 msg number not near, response: 241.6, target: 150.7
2026-08-07 15:46:45.035 | DEBUG    | eval.evaluation.evaluation:metric_call:77 - metric_func_name number_near score 0.0 msg number not near, response: 310.8, target: 364.1
2026-08-07 15:46:45.035 | DEBUG    | eval.evaluation.evaluation:metric_call:77 - metric_func_name number_near score 1.0 msg number near in range 5.0%, response: 533.0, target: 532.3
2026-08-07 15:46:45.036 | DEBUG    | eval.evaluation.evaluation:metric_call:77 - metric_func_name number_near score 0.0 msg number not near, response: 735.0, target: 491.6
2026-08-07 15:46:45.036 | DEBUG    | eval.evaluation.evaluation:metric_call:77 - metric_func_name number_near score 0.0 msg number not near, response: 405.8, target: 324.0
2026-08-07 15:46:45.036 | DEBUG    | eval.evaluation.evaluation:metric_call:77 - metric_func_name number_near score 0.0 msg number not near, response: 453.6, target: 332.9
2026-08-07 15:46:45.036 | DEBUG    | eval.evaluation.evaluation:metric_call:77 - metric_func_name number_near score 0.0 msg number not near, response: 153.2, target: 32.2
2026-08-07 15:46:45.036 | DEBUG    | eval.evaluation.evaluation:metric_call:77 - metric_func_name number_near score 0.0 msg number not near, response: 136.4, target: 26.8
2026-08-07 15:46:45.036 | DEBUG    | eval.evaluation.evaluation:metric_call:77 - metric_func_name number_near score 0.0 msg number not near, response: 547.9, target: 685.9
2026-08-07 15:46:45.036 | DEBUG    | eval.evaluation.evaluation:metric_call:77 - metric_func_name number_near score 0.0 msg number not near, response: 1088.3, target: 2154.2
2026-08-07 15:46:45.036 | DEBUG    | eval.evaluation.evaluation:metric_call:77 - metric_func_name number_near score 0.0 msg number not near, response: 154.4, target: 59.7
2026-08-07 15:46:45.036 | DEBUG    | eval.evaluation.evaluation:metric_call:77 - metric_func_name number_near score 1.0 msg number near in range 5.0%, response: 8490.1, target: 8479.2
2026-08-07 15:46:45.036 | DEBUG    | eval.evaluation.evaluation:metric_call:77 - metric_func_name number_near score 1.0 msg number near in range 5.0%, response: 1308.9, target: 1274.1
2026-08-07 15:46:45.036 | DEBUG    | eval.evaluation.evaluation:metric_call:77 - metric_func_name number_near score 1.0 msg number near in range 5.0%, response: 3764.0, target: 3764.0
2026-08-07 15:46:45.036 | DEBUG    | eval.evaluation.evaluation:metric_call:77 - metric_func_name number_near score 0.0 msg number not near, response: 978.0, target: 861.5
2026-08-07 15:46:45.036 | DEBUG    | eval.evaluation.evaluation:metric_call:77 - metric_func_name number_near score 0.0 msg number not near, response: 289.4, target: 223.3
2026-08-07 15:46:45.036 | DEBUG    | eval.evaluation.evaluation:metric_call:77 - metric_func_name number_near score 0.0 msg number not near, response: 309.8, target: 138.9
2026-08-07 15:46:45.036 | DEBUG    | eval.evaluation.evaluation:metric_call:77 - metric_func_name number_near score 0.0 msg number not near, response: 263.5, target: 352.7
2026-08-07 15:46:45.036 | DEBUG    | eval.evaluation.evaluation:metric_call:77 - metric_func_name number_near score 0.0 msg number not near, response: 118.6, target: 343.8
2026-08-07 15:46:45.036 | DEBUG    | eval.evaluation.evaluation:metric_call:77 - metric_func_name number_near score 0.0 msg number not near, response: 216.7, target: 68.1
2026-08-07 15:46:45.036 | DEBUG    | eval.evaluation.evaluation:metric_call:77 - metric_func_name number_near score 0.0 msg number not near, response: 526.6, target: 98.8
2026-08-07 15:46:45.036 | DEBUG    | eval.evaluation.evaluation:metric_call:77 - metric_func_name number_near score 1.0 msg number near in range 5.0%, response: 1545.2, target: 1547.2
2026-08-07 15:46:45.037 | DEBUG    | eval.evaluation.evaluation:evaluate_single_query:321 - wide2deep_ws_zh_012, col 利润（百万美元）, metric_func_name number_near, score [1.0, 1.0, 1.0, 1.0, 1.0, 1.0, 1.0, 1.0, 1.0, 1.0, 0.0, 1.0, 1.0, 1.0, 0.0, 0.0, 0.0, 0.0, 0.0, 0.0, 1.0, 0.0, 1.0, 0.0, 0.0, 0.0, 1.0, 1.0, 0.0, 1.0, 1.0, 0.0, 0.0, 1.0, 0.0, 0.0, 0.0, 1.0, 0.0, 1.0, 0.0, 1.0, 1.0, 0.0, 1.0, 0.0, 1.0, 0.0, 0.0, 0.0, 0.0, 1.0, 0.0, 0.0, 1.0, 0.0, 0.0, 1.0, 0.0, 0.0, 1.0, 0.0, 0.0, 0.0, 0.0, 1.0, 0.0, 1.0, 0.0, 0.0, 0.0, 0.0, 1.0, 1.0, 0.0, 1.0, 1.0, 0.0, 0.0, 0.0, 0.0, 0.0, 0.0, 1.0, 0.0, 0.0, 1.0, 1.0, 1.0, 0.0, 0.0, 1.0, 0.0, 0.0, 0.0, 1.0, 0.0, 0.0, 0.0, 1.0, 0.0, 0.0, 0.0, 0.0, 0.0, 0.0, 0.0, 0.0, 1.0, 1.0, 1.0, 0.0, 0.0, 0.0, 0.0, 0.0, 0.0, 0.0, 1.0]
2026-08-07 15:47:01.454 | DEBUG    | eval.evaluation.evaluation:evaluate_single_query:321 - wide2deep_ws_zh_012, col 总部所在城市, metric_func_name llm_judge, score [1, 1, 1, 1, 1, 1, 1, 1, 1, 1, 1, 1, 1, 1, 1, 1, 1, 1, 1, 1, 1, 1, 1, 1, 1, 1, 1, 1, 1, 1, 1, 1, 1, 1, 1, 1, 1, 1, 1, 1, 1, 1, 1, 1, 1, 1, 1, 1, 1, 1, 1, 1, 1, 1, 1, 1, 1, 1, 1, 1, 1, 1, 1, 1, 1, 1, 1, 1, 1, 1, 1, 1, 1, 1, 1, 1, 1, 1, 1, 1, 1, 1, 1, 1, 1, 1, 1, 1, 1, 1, 1, 1, 1, 1, 1, 1, 1, 1, 1, 1, 1, 1, 1, 1, 1, 1, 1, 1, 1, 1, 1, 1, 1, 1, 1, 1, 1, 1, 0]
2026-08-07 15:47:01.463 | INFO     | eval.evaluation.evaluation:evaluate_single_query:380 - wide2deep_ws_zh_012, P/R/F1 by unique_columns: 0.8041/0.8947/0.8470
2026-08-07 15:47:01.463 | INFO     | eval.evaluation.evaluation:evaluate_single_query:383 - wide2deep_ws_zh_012, P/R/F1 by row: 0.2568/0.2857/0.2705
2026-08-07 15:47:01.463 | INFO     | eval.evaluation.evaluation:evaluate_single_query:386 - wide2deep_ws_zh_012, P/R/F1 by item: 0.6311/0.7023/0.6648
2026-08-07 15:47:01.473 | INFO     | eval.evaluation.evaluation:evaluate_single_query:398 - wide2deep_ws_zh_012, final table score: 0.0
{"event": "eval_done", "idx": 3, "instance_id": "wide2deep_ws_zh_012", "score": 0.0, "entity_acc": 1.0, "f1_by_row": 0.2704626334519573, "f1_by_item": 0.6647686832740213, "column_f1": 0.8469750889679715, "error": null, "elapsed_seconds": 50.815, "running_n": 3}
2026-08-07 15:47:04.330 | DEBUG    | eval.evaluation.data_loader:extract_dataframe:167 - find markdown_str 
| Year | Rank | Name | Net Worth (in USD billions) | Age | Sour ...
2026-08-07 15:47:07.842 | INFO     | eval.evaluation.metric_utils:primary_key_preprocess:246 - primary_key_preprocess result: ```json
{
  "Jeff Bezos": "Jeff Bezos",
  "Bill Gates": "Bill Gates",
  "Warren Buffett": "Warren Buffett",
  "Bernard Arnault & family": "Bernard Arnault & family",
  "Carlos Slim Helú & family": "Carlos Slim Helu & family",
  "Amancio Ortega": "Amancio Ortega",
  "Larry Ellison": "Larry Ellison",
  "Mark Zuckerberg": "Mark Zuckerberg",
  "Michael Bloomberg": "Michael Bloomberg",
  "Larry Page": "Larry Page",
  "Jim Walton": "Jim Walton",
  "Alice Walton": "Alice Walton",
  "Rob Walton": "Rob Walton",
  "Elon Musk": "Elon Musk",
  "Sergey Brin": "Sergey Brin",
  "Mukesh Ambani": "Mukesh Ambani",
  "Steve Ballmer": "Steve Ballmer"
}
```
2026-08-07 15:47:07.842 | INFO     | eval.evaluation.evaluation:evaluate_single_query:223 - col: name, primary_key_map {'Jeff Bezos': 'Jeff Bezos', 'Bill Gates': 'Bill Gates', 'Warren Buffett': 'Warren Buffett', 'Bernard Arnault & family': 'Bernard Arnault & family', 'Carlos Slim Helú & family': 'Carlos Slim Helu & family', 'Amancio Ortega': 'Amancio Ortega', 'Larry Ellison': 'Larry Ellison', 'Mark Zuckerberg': 'Mark Zuckerberg', 'Michael Bloomberg': 'Michael Bloomberg', 'Larry Page': 'Larry Page', 'Jim Walton': 'Jim Walton', 'Alice Walton': 'Alice Walton', 'Rob Walton': 'Rob Walton', 'Elon Musk': 'Elon Musk', 'Sergey Brin': 'Sergey Brin', 'Mukesh Ambani': 'Mukesh Ambani', 'Steve Ballmer': 'Steve Ballmer'}
2026-08-07 15:47:10.231 | INFO     | eval.evaluation.metric_utils:primary_key_preprocess:246 - primary_key_preprocess result: ```json
{
  "2019": "2019",
  "2020": "2020",
  "2021": "2021",
  "2022": "2022",
  "2023": "2023",
  "2024": "2024"
}
```
2026-08-07 15:47:10.232 | INFO     | eval.evaluation.evaluation:evaluate_single_query:223 - col: year, primary_key_map {'2019': '2019', '2020': '2020', '2021': '2021', '2022': '2022', '2023': '2023', '2024': '2024'}
2026-08-07 15:47:10.239 | INFO     | eval.evaluation.evaluation:evaluate_single_query:275 - wide2deep_ws_en_071, df_inner shape: (58, 12), answer_df shape: (60, 6), response_df shape: (60, 8)
2026-08-07 15:47:10.240 | DEBUG    | eval.evaluation.evaluation:metric_call:77 - metric_func_name exact_match score 1.0 msg exact match, response: 1, target: 1
2026-08-07 15:47:10.240 | DEBUG    | eval.evaluation.evaluation:metric_call:77 - metric_func_name exact_match score 1.0 msg exact match, response: 2, target: 2
2026-08-07 15:47:10.240 | DEBUG    | eval.evaluation.evaluation:metric_call:77 - metric_func_name exact_match score 1.0 msg exact match, response: 3, target: 3
2026-08-07 15:47:10.240 | DEBUG    | eval.evaluation.evaluation:metric_call:77 - metric_func_name exact_match score 1.0 msg exact match, response: 6, target: 6
2026-08-07 15:47:10.240 | DEBUG    | eval.evaluation.evaluation:metric_call:77 - metric_func_name exact_match score 1.0 msg exact match, response: 7, target: 7
2026-08-07 15:47:10.240 | DEBUG    | eval.evaluation.evaluation:metric_call:77 - metric_func_name exact_match score 1.0 msg exact match, response: 8, target: 8
2026-08-07 15:47:10.240 | DEBUG    | eval.evaluation.evaluation:metric_call:77 - metric_func_name exact_match score 1.0 msg exact match, response: 9, target: 9
2026-08-07 15:47:10.240 | DEBUG    | eval.evaluation.evaluation:metric_call:77 - metric_func_name exact_match score 1.0 msg exact match, response: 10, target: 10
2026-08-07 15:47:10.240 | DEBUG    | eval.evaluation.evaluation:metric_call:77 - metric_func_name exact_match score 1.0 msg exact match, response: 1, target: 1
2026-08-07 15:47:10.240 | DEBUG    | eval.evaluation.evaluation:metric_call:77 - metric_func_name exact_match score 1.0 msg exact match, response: 2, target: 2
2026-08-07 15:47:10.240 | DEBUG    | eval.evaluation.evaluation:metric_call:77 - metric_func_name exact_match score 1.0 msg exact match, response: 3, target: 3
2026-08-07 15:47:10.240 | DEBUG    | eval.evaluation.evaluation:metric_call:77 - metric_func_name exact_match score 1.0 msg exact match, response: 4, target: 4
2026-08-07 15:47:10.240 | DEBUG    | eval.evaluation.evaluation:metric_call:77 - metric_func_name exact_match score 1.0 msg exact match, response: 5, target: 5
2026-08-07 15:47:10.240 | DEBUG    | eval.evaluation.evaluation:metric_call:77 - metric_func_name exact_match score 1.0 msg exact match, response: 6, target: 6
2026-08-07 15:47:10.241 | DEBUG    | eval.evaluation.evaluation:metric_call:77 - metric_func_name exact_match score 1.0 msg exact match, response: 7, target: 7
2026-08-07 15:47:10.241 | DEBUG    | eval.evaluation.evaluation:metric_call:77 - metric_func_name exact_match score 1.0 msg exact match, response: 8, target: 8
2026-08-07 15:47:10.241 | DEBUG    | eval.evaluation.evaluation:metric_call:77 - metric_func_name exact_match score 1.0 msg exact match, response: 9, target: 9
2026-08-07 15:47:10.241 | DEBUG    | eval.evaluation.evaluation:metric_call:77 - metric_func_name exact_match score 1.0 msg exact match, response: 10, target: 10
2026-08-07 15:47:10.241 | DEBUG    | eval.evaluation.evaluation:metric_call:77 - metric_func_name exact_match score 1.0 msg exact match, response: 1, target: 1
2026-08-07 15:47:10.241 | DEBUG    | eval.evaluation.evaluation:metric_call:77 - metric_func_name exact_match score 1.0 msg exact match, response: 2, target: 2
2026-08-07 15:47:10.241 | DEBUG    | eval.evaluation.evaluation:metric_call:77 - metric_func_name exact_match score 1.0 msg exact match, response: 3, target: 3
2026-08-07 15:47:10.241 | DEBUG    | eval.evaluation.evaluation:metric_call:77 - metric_func_name exact_match score 1.0 msg exact match, response: 4, target: 4
2026-08-07 15:47:10.241 | DEBUG    | eval.evaluation.evaluation:metric_call:77 - metric_func_name exact_match score 1.0 msg exact match, response: 5, target: 5
2026-08-07 15:47:10.241 | DEBUG    | eval.evaluation.evaluation:metric_call:77 - metric_func_name exact_match score 1.0 msg exact match, response: 6, target: 6
2026-08-07 15:47:10.241 | DEBUG    | eval.evaluation.evaluation:metric_call:77 - metric_func_name exact_match score 1.0 msg exact match, response: 7, target: 7
2026-08-07 15:47:10.241 | DEBUG    | eval.evaluation.evaluation:metric_call:77 - metric_func_name exact_match score 1.0 msg exact match, response: 8, target: 8
2026-08-07 15:47:10.241 | DEBUG    | eval.evaluation.evaluation:metric_call:77 - metric_func_name exact_match score 1.0 msg exact match, response: 9, target: 9
2026-08-07 15:47:10.241 | DEBUG    | eval.evaluation.evaluation:metric_call:77 - metric_func_name exact_match score 1.0 msg exact match, response: 10, target: 10
2026-08-07 15:47:10.241 | DEBUG    | eval.evaluation.evaluation:metric_call:77 - metric_func_name exact_match score 1.0 msg exact match, response: 1, target: 1
2026-08-07 15:47:10.241 | DEBUG    | eval.evaluation.evaluation:metric_call:77 - metric_func_name exact_match score 1.0 msg exact match, response: 2, target: 2
2026-08-07 15:47:10.241 | DEBUG    | eval.evaluation.evaluation:metric_call:77 - metric_func_name exact_match score 1.0 msg exact match, response: 3, target: 3
2026-08-07 15:47:10.241 | DEBUG    | eval.evaluation.evaluation:metric_call:77 - metric_func_name exact_match score 1.0 msg exact match, response: 4, target: 4
2026-08-07 15:47:10.241 | DEBUG    | eval.evaluation.evaluation:metric_call:77 - metric_func_name exact_match score 1.0 msg exact match, response: 5, target: 5
2026-08-07 15:47:10.241 | DEBUG    | eval.evaluation.evaluation:metric_call:77 - metric_func_name exact_match score 1.0 msg exact match, response: 6, target: 6
2026-08-07 15:47:10.241 | DEBUG    | eval.evaluation.evaluation:metric_call:77 - metric_func_name exact_match score 1.0 msg exact match, response: 7, target: 7
2026-08-07 15:47:10.241 | DEBUG    | eval.evaluation.evaluation:metric_call:77 - metric_func_name exact_match score 1.0 msg exact match, response: 8, target: 8
2026-08-07 15:47:10.241 | DEBUG    | eval.evaluation.evaluation:metric_call:77 - metric_func_name exact_match score 1.0 msg exact match, response: 9, target: 9
2026-08-07 15:47:10.241 | DEBUG    | eval.evaluation.evaluation:metric_call:77 - metric_func_name exact_match score 1.0 msg exact match, response: 10, target: 10
2026-08-07 15:47:10.241 | DEBUG    | eval.evaluation.evaluation:metric_call:77 - metric_func_name exact_match score 1.0 msg exact match, response: 1, target: 1
2026-08-07 15:47:10.241 | DEBUG    | eval.evaluation.evaluation:metric_call:77 - metric_func_name exact_match score 1.0 msg exact match, response: 2, target: 2
2026-08-07 15:47:10.241 | DEBUG    | eval.evaluation.evaluation:metric_call:77 - metric_func_name exact_match score 1.0 msg exact match, response: 3, target: 3
2026-08-07 15:47:10.241 | DEBUG    | eval.evaluation.evaluation:metric_call:77 - metric_func_name exact_match score 1.0 msg exact match, response: 4, target: 4
2026-08-07 15:47:10.242 | DEBUG    | eval.evaluation.evaluation:metric_call:77 - metric_func_name exact_match score 1.0 msg exact match, response: 5, target: 5
2026-08-07 15:47:10.242 | DEBUG    | eval.evaluation.evaluation:metric_call:77 - metric_func_name exact_match score 1.0 msg exact match, response: 6, target: 6
2026-08-07 15:47:10.242 | DEBUG    | eval.evaluation.evaluation:metric_call:77 - metric_func_name exact_match score 1.0 msg exact match, response: 7, target: 7
2026-08-07 15:47:10.242 | DEBUG    | eval.evaluation.evaluation:metric_call:77 - metric_func_name exact_match score 1.0 msg exact match, response: 8, target: 8
2026-08-07 15:47:10.242 | DEBUG    | eval.evaluation.evaluation:metric_call:77 - metric_func_name exact_match score 1.0 msg exact match, response: 9, target: 9
2026-08-07 15:47:10.242 | DEBUG    | eval.evaluation.evaluation:metric_call:77 - metric_func_name exact_match score 1.0 msg exact match, response: 10, target: 10
2026-08-07 15:47:10.242 | DEBUG    | eval.evaluation.evaluation:metric_call:77 - metric_func_name exact_match score 1.0 msg exact match, response: 1, target: 1
2026-08-07 15:47:10.242 | DEBUG    | eval.evaluation.evaluation:metric_call:77 - metric_func_name exact_match score 1.0 msg exact match, response: 2, target: 2
2026-08-07 15:47:10.242 | DEBUG    | eval.evaluation.evaluation:metric_call:77 - metric_func_name exact_match score 1.0 msg exact match, response: 3, target: 3
2026-08-07 15:47:10.242 | DEBUG    | eval.evaluation.evaluation:metric_call:77 - metric_func_name exact_match score 1.0 msg exact match, response: 4, target: 4
2026-08-07 15:47:10.242 | DEBUG    | eval.evaluation.evaluation:metric_call:77 - metric_func_name exact_match score 1.0 msg exact match, response: 5, target: 5
2026-08-07 15:47:10.242 | DEBUG    | eval.evaluation.evaluation:metric_call:77 - metric_func_name exact_match score 1.0 msg exact match, response: 6, target: 6
2026-08-07 15:47:10.242 | DEBUG    | eval.evaluation.evaluation:metric_call:77 - metric_func_name exact_match score 1.0 msg exact match, response: 7, target: 7
2026-08-07 15:47:10.242 | DEBUG    | eval.evaluation.evaluation:metric_call:77 - metric_func_name exact_match score 1.0 msg exact match, response: 8, target: 8
2026-08-07 15:47:10.242 | DEBUG    | eval.evaluation.evaluation:metric_call:77 - metric_func_name exact_match score 1.0 msg exact match, response: 9, target: 9
2026-08-07 15:47:10.242 | DEBUG    | eval.evaluation.evaluation:metric_call:77 - metric_func_name exact_match score 1.0 msg exact match, response: 10, target: 10
2026-08-07 15:47:10.243 | DEBUG    | eval.evaluation.evaluation:evaluate_single_query:321 - wide2deep_ws_en_071, col rank, metric_func_name exact_match, score [1.0, 1.0, 1.0, 1.0, 1.0, 1.0, 1.0, 1.0, 1.0, 1.0, 1.0, 1.0, 1.0, 1.0, 1.0, 1.0, 1.0, 1.0, 1.0, 1.0, 1.0, 1.0, 1.0, 1.0, 1.0, 1.0, 1.0, 1.0, 1.0, 1.0, 1.0, 1.0, 1.0, 1.0, 1.0, 1.0, 1.0, 1.0, 1.0, 1.0, 1.0, 1.0, 1.0, 1.0, 1.0, 1.0, 1.0, 1.0, 1.0, 1.0, 1.0, 1.0, 1.0, 1.0, 1.0, 1.0, 1.0, 1.0]
2026-08-07 15:47:10.243 | DEBUG    | eval.evaluation.evaluation:metric_call:77 - metric_func_name number_near score 1.0 msg number near in range 5.0%, response: 131.0, target: 131.0
2026-08-07 15:47:10.243 | DEBUG    | eval.evaluation.evaluation:metric_call:77 - metric_func_name number_near score 1.0 msg number near in range 5.0%, response: 96.5, target: 96.5
2026-08-07 15:47:10.243 | DEBUG    | eval.evaluation.evaluation:metric_call:77 - metric_func_name number_near score 1.0 msg number near in range 5.0%, response: 82.5, target: 82.5
2026-08-07 15:47:10.243 | DEBUG    | eval.evaluation.evaluation:metric_call:77 - metric_func_name number_near score 1.0 msg number near in range 5.0%, response: 62.7, target: 62.7
2026-08-07 15:47:10.243 | DEBUG    | eval.evaluation.evaluation:metric_call:77 - metric_func_name number_near score 1.0 msg number near in range 5.0%, response: 62.5, target: 62.5
2026-08-07 15:47:10.243 | DEBUG    | eval.evaluation.evaluation:metric_call:77 - metric_func_name number_near score 1.0 msg number near in range 5.0%, response: 62.3, target: 62.3
2026-08-07 15:47:10.243 | DEBUG    | eval.evaluation.evaluation:metric_call:77 - metric_func_name number_near score 1.0 msg number near in range 5.0%, response: 55.5, target: 55.5
2026-08-07 15:47:10.243 | DEBUG    | eval.evaluation.evaluation:metric_call:77 - metric_func_name number_near score 1.0 msg number near in range 5.0%, response: 50.8, target: 50.8
2026-08-07 15:47:10.244 | DEBUG    | eval.evaluation.evaluation:metric_call:77 - metric_func_name number_near score 1.0 msg number near in range 5.0%, response: 113.0, target: 113.0
2026-08-07 15:47:10.244 | DEBUG    | eval.evaluation.evaluation:metric_call:77 - metric_func_name number_near score 1.0 msg number near in range 5.0%, response: 98.0, target: 98.0
2026-08-07 15:47:10.244 | DEBUG    | eval.evaluation.evaluation:metric_call:77 - metric_func_name number_near score 1.0 msg number near in range 5.0%, response: 76.0, target: 76.0
2026-08-07 15:47:10.244 | DEBUG    | eval.evaluation.evaluation:metric_call:77 - metric_func_name number_near score 1.0 msg number near in range 5.0%, response: 67.5, target: 67.5
2026-08-07 15:47:10.244 | DEBUG    | eval.evaluation.evaluation:metric_call:77 - metric_func_name number_near score 1.0 msg number near in range 5.0%, response: 59.0, target: 59.0
2026-08-07 15:47:10.244 | DEBUG    | eval.evaluation.evaluation:metric_call:77 - metric_func_name number_near score 1.0 msg number near in range 5.0%, response: 55.1, target: 55.1
2026-08-07 15:47:10.244 | DEBUG    | eval.evaluation.evaluation:metric_call:77 - metric_func_name number_near score 1.0 msg number near in range 5.0%, response: 54.7, target: 54.7
2026-08-07 15:47:10.244 | DEBUG    | eval.evaluation.evaluation:metric_call:77 - metric_func_name number_near score 1.0 msg number near in range 5.0%, response: 54.6, target: 54.6
2026-08-07 15:47:10.244 | DEBUG    | eval.evaluation.evaluation:metric_call:77 - metric_func_name number_near score 1.0 msg number near in range 5.0%, response: 54.4, target: 54.4
2026-08-07 15:47:10.244 | DEBUG    | eval.evaluation.evaluation:metric_call:77 - metric_func_name number_near score 1.0 msg number near in range 5.0%, response: 54.1, target: 54.1
2026-08-07 15:47:10.244 | DEBUG    | eval.evaluation.evaluation:metric_call:77 - metric_func_name number_near score 1.0 msg number near in range 5.0%, response: 177.0, target: 177.0
2026-08-07 15:47:10.244 | DEBUG    | eval.evaluation.evaluation:metric_call:77 - metric_func_name number_near score 1.0 msg number near in range 5.0%, response: 151.0, target: 151.0
2026-08-07 15:47:10.244 | DEBUG    | eval.evaluation.evaluation:metric_call:77 - metric_func_name number_near score 1.0 msg number near in range 5.0%, response: 150.0, target: 150.0
2026-08-07 15:47:10.244 | DEBUG    | eval.evaluation.evaluation:metric_call:77 - metric_func_name number_near score 1.0 msg number near in range 5.0%, response: 124.0, target: 124.0
2026-08-07 15:47:10.244 | DEBUG    | eval.evaluation.evaluation:metric_call:77 - metric_func_name number_near score 1.0 msg number near in range 5.0%, response: 97.0, target: 97.0
2026-08-07 15:47:10.244 | DEBUG    | eval.evaluation.evaluation:metric_call:77 - metric_func_name number_near score 1.0 msg number near in range 5.0%, response: 96.0, target: 96.0
2026-08-07 15:47:10.244 | DEBUG    | eval.evaluation.evaluation:metric_call:77 - metric_func_name number_near score 1.0 msg number near in range 5.0%, response: 93.0, target: 93.0
2026-08-07 15:47:10.244 | DEBUG    | eval.evaluation.evaluation:metric_call:77 - metric_func_name number_near score 1.0 msg number near in range 5.0%, response: 91.5, target: 91.5
2026-08-07 15:47:10.244 | DEBUG    | eval.evaluation.evaluation:metric_call:77 - metric_func_name number_near score 1.0 msg number near in range 5.0%, response: 89.0, target: 89.0
2026-08-07 15:47:10.244 | DEBUG    | eval.evaluation.evaluation:metric_call:77 - metric_func_name number_near score 1.0 msg number near in range 5.0%, response: 84.5, target: 84.5
2026-08-07 15:47:10.244 | DEBUG    | eval.evaluation.evaluation:metric_call:77 - metric_func_name number_near score 1.0 msg number near in range 5.0%, response: 219.0, target: 219.0
2026-08-07 15:47:10.244 | DEBUG    | eval.evaluation.evaluation:metric_call:77 - metric_func_name number_near score 1.0 msg number near in range 5.0%, response: 171.0, target: 171.0
2026-08-07 15:47:10.244 | DEBUG    | eval.evaluation.evaluation:metric_call:77 - metric_func_name number_near score 1.0 msg number near in range 5.0%, response: 158.0, target: 158.0
2026-08-07 15:47:10.244 | DEBUG    | eval.evaluation.evaluation:metric_call:77 - metric_func_name number_near score 1.0 msg number near in range 5.0%, response: 129.0, target: 129.0
2026-08-07 15:47:10.244 | DEBUG    | eval.evaluation.evaluation:metric_call:77 - metric_func_name number_near score 1.0 msg number near in range 5.0%, response: 118.0, target: 118.0
2026-08-07 15:47:10.244 | DEBUG    | eval.evaluation.evaluation:metric_call:77 - metric_func_name number_near score 1.0 msg number near in range 5.0%, response: 111.0, target: 111.0
2026-08-07 15:47:10.245 | DEBUG    | eval.evaluation.evaluation:metric_call:77 - metric_func_name number_near score 1.0 msg number near in range 5.0%, response: 107.0, target: 107.0
2026-08-07 15:47:10.245 | DEBUG    | eval.evaluation.evaluation:metric_call:77 - metric_func_name number_near score 1.0 msg number near in range 5.0%, response: 106.0, target: 106.0
2026-08-07 15:47:10.245 | DEBUG    | eval.evaluation.evaluation:metric_call:77 - metric_func_name number_near score 1.0 msg number near in range 5.0%, response: 91.4, target: 91.4
2026-08-07 15:47:10.245 | DEBUG    | eval.evaluation.evaluation:metric_call:77 - metric_func_name number_near score 1.0 msg number near in range 5.0%, response: 90.7, target: 90.7
2026-08-07 15:47:10.245 | DEBUG    | eval.evaluation.evaluation:metric_call:77 - metric_func_name number_near score 1.0 msg number near in range 5.0%, response: 211.0, target: 211.0
2026-08-07 15:47:10.245 | DEBUG    | eval.evaluation.evaluation:metric_call:77 - metric_func_name number_near score 1.0 msg number near in range 5.0%, response: 180.0, target: 180.0
2026-08-07 15:47:10.245 | DEBUG    | eval.evaluation.evaluation:metric_call:77 - metric_func_name number_near score 1.0 msg number near in range 5.0%, response: 114.0, target: 114.0
2026-08-07 15:47:10.245 | DEBUG    | eval.evaluation.evaluation:metric_call:77 - metric_func_name number_near score 1.0 msg number near in range 5.0%, response: 107.0, target: 107.0
2026-08-07 15:47:10.245 | DEBUG    | eval.evaluation.evaluation:metric_call:77 - metric_func_name number_near score 1.0 msg number near in range 5.0%, response: 106.0, target: 106.0
2026-08-07 15:47:10.245 | DEBUG    | eval.evaluation.evaluation:metric_call:77 - metric_func_name number_near score 1.0 msg number near in range 5.0%, response: 104.0, target: 104.0
2026-08-07 15:47:10.245 | DEBUG    | eval.evaluation.evaluation:metric_call:77 - metric_func_name number_near score 1.0 msg number near in range 5.0%, response: 94.5, target: 94.5
2026-08-07 15:47:10.245 | DEBUG    | eval.evaluation.evaluation:metric_call:77 - metric_func_name number_near score 1.0 msg number near in range 5.0%, response: 93.0, target: 93.0
2026-08-07 15:47:10.245 | DEBUG    | eval.evaluation.evaluation:metric_call:77 - metric_func_name number_near score 1.0 msg number near in range 5.0%, response: 83.4, target: 83.4
2026-08-07 15:47:10.245 | DEBUG    | eval.evaluation.evaluation:metric_call:77 - metric_func_name number_near score 1.0 msg number near in range 5.0%, response: 80.7, target: 80.7
2026-08-07 15:47:10.245 | DEBUG    | eval.evaluation.evaluation:metric_call:77 - metric_func_name number_near score 1.0 msg number near in range 5.0%, response: 233.0, target: 233.0
2026-08-07 15:47:10.245 | DEBUG    | eval.evaluation.evaluation:metric_call:77 - metric_func_name number_near score 1.0 msg number near in range 5.0%, response: 195.0, target: 195.0
2026-08-07 15:47:10.245 | DEBUG    | eval.evaluation.evaluation:metric_call:77 - metric_func_name number_near score 1.0 msg number near in range 5.0%, response: 194.0, target: 194.0
2026-08-07 15:47:10.245 | DEBUG    | eval.evaluation.evaluation:metric_call:77 - metric_func_name number_near score 1.0 msg number near in range 5.0%, response: 177.0, target: 177.0
2026-08-07 15:47:10.245 | DEBUG    | eval.evaluation.evaluation:metric_call:77 - metric_func_name number_near score 1.0 msg number near in range 5.0%, response: 141.0, target: 141.0
2026-08-07 15:47:10.245 | DEBUG    | eval.evaluation.evaluation:metric_call:77 - metric_func_name number_near score 1.0 msg number near in range 5.0%, response: 133.0, target: 133.0
2026-08-07 15:47:10.245 | DEBUG    | eval.evaluation.evaluation:metric_call:77 - metric_func_name number_near score 1.0 msg number near in range 5.0%, response: 128.0, target: 128.0
2026-08-07 15:47:10.245 | DEBUG    | eval.evaluation.evaluation:metric_call:77 - metric_func_name number_near score 1.0 msg number near in range 5.0%, response: 121.0, target: 121.0
2026-08-07 15:47:10.245 | DEBUG    | eval.evaluation.evaluation:metric_call:77 - metric_func_name number_near score 1.0 msg number near in range 5.0%, response: 116.0, target: 116.0
2026-08-07 15:47:10.245 | DEBUG    | eval.evaluation.evaluation:metric_call:77 - metric_func_name number_near score 1.0 msg number near in range 5.0%, response: 114.0, target: 114.0
2026-08-07 15:47:10.246 | DEBUG    | eval.evaluation.evaluation:evaluate_single_query:321 - wide2deep_ws_en_071, col networth(inusdbillions), metric_func_name number_near, score [1.0, 1.0, 1.0, 1.0, 1.0, 1.0, 1.0, 1.0, 1.0, 1.0, 1.0, 1.0, 1.0, 1.0, 1.0, 1.0, 1.0, 1.0, 1.0, 1.0, 1.0, 1.0, 1.0, 1.0, 1.0, 1.0, 1.0, 1.0, 1.0, 1.0, 1.0, 1.0, 1.0, 1.0, 1.0, 1.0, 1.0, 1.0, 1.0, 1.0, 1.0, 1.0, 1.0, 1.0, 1.0, 1.0, 1.0, 1.0, 1.0, 1.0, 1.0, 1.0, 1.0, 1.0, 1.0, 1.0, 1.0, 1.0]
2026-08-07 15:47:10.246 | DEBUG    | eval.evaluation.evaluation:metric_call:77 - metric_func_name exact_match score 1.0 msg exact match, response: 55, target: 55
2026-08-07 15:47:10.246 | DEBUG    | eval.evaluation.evaluation:metric_call:77 - metric_func_name exact_match score 1.0 msg exact match, response: 63, target: 63
2026-08-07 15:47:10.246 | DEBUG    | eval.evaluation.evaluation:metric_call:77 - metric_func_name exact_match score 1.0 msg exact match, response: 88, target: 88
2026-08-07 15:47:10.246 | DEBUG    | eval.evaluation.evaluation:metric_call:77 - metric_func_name exact_match score 1.0 msg exact match, response: 82, target: 82
2026-08-07 15:47:10.246 | DEBUG    | eval.evaluation.evaluation:metric_call:77 - metric_func_name exact_match score 1.0 msg exact match, response: 74, target: 74
2026-08-07 15:47:10.246 | DEBUG    | eval.evaluation.evaluation:metric_call:77 - metric_func_name exact_match score 1.0 msg exact match, response: 34, target: 34
2026-08-07 15:47:10.246 | DEBUG    | eval.evaluation.evaluation:metric_call:77 - metric_func_name exact_match score 1.0 msg exact match, response: 77, target: 77
2026-08-07 15:47:10.246 | DEBUG    | eval.evaluation.evaluation:metric_call:77 - metric_func_name exact_match score 1.0 msg exact match, response: 45, target: 45
2026-08-07 15:47:10.246 | DEBUG    | eval.evaluation.evaluation:metric_call:77 - metric_func_name exact_match score 1.0 msg exact match, response: 56, target: 56
2026-08-07 15:47:10.246 | DEBUG    | eval.evaluation.evaluation:metric_call:77 - metric_func_name exact_match score 1.0 msg exact match, response: 64, target: 64
2026-08-07 15:47:10.247 | DEBUG    | eval.evaluation.evaluation:metric_call:77 - metric_func_name exact_match score 1.0 msg exact match, response: 71, target: 71
2026-08-07 15:47:10.247 | DEBUG    | eval.evaluation.evaluation:metric_call:77 - metric_func_name exact_match score 1.0 msg exact match, response: 89, target: 89
2026-08-07 15:47:10.247 | DEBUG    | eval.evaluation.evaluation:metric_call:77 - metric_func_name exact_match score 1.0 msg exact match, response: 75, target: 75
2026-08-07 15:47:10.247 | DEBUG    | eval.evaluation.evaluation:metric_call:77 - metric_func_name exact_match score 1.0 msg exact match, response: 84, target: 84
2026-08-07 15:47:10.247 | DEBUG    | eval.evaluation.evaluation:metric_call:77 - metric_func_name exact_match score 1.0 msg exact match, response: 35, target: 35
2026-08-07 15:47:10.247 | DEBUG    | eval.evaluation.evaluation:metric_call:77 - metric_func_name exact_match score 1.0 msg exact match, response: 71, target: 71
2026-08-07 15:47:10.247 | DEBUG    | eval.evaluation.evaluation:metric_call:77 - metric_func_name exact_match score 1.0 msg exact match, response: 70, target: 70
2026-08-07 15:47:10.247 | DEBUG    | eval.evaluation.evaluation:metric_call:77 - metric_func_name exact_match score 1.0 msg exact match, response: 75, target: 75
2026-08-07 15:47:10.247 | DEBUG    | eval.evaluation.evaluation:metric_call:77 - metric_func_name exact_match score 1.0 msg exact match, response: 57, target: 57
2026-08-07 15:47:10.247 | DEBUG    | eval.evaluation.evaluation:metric_call:77 - metric_func_name exact_match score 1.0 msg exact match, response: 49, target: 49
2026-08-07 15:47:10.247 | DEBUG    | eval.evaluation.evaluation:metric_call:77 - metric_func_name exact_match score 1.0 msg exact match, response: 72, target: 72
2026-08-07 15:47:10.247 | DEBUG    | eval.evaluation.evaluation:metric_call:77 - metric_func_name exact_match score 1.0 msg exact match, response: 65, target: 65
2026-08-07 15:47:10.247 | DEBUG    | eval.evaluation.evaluation:metric_call:77 - metric_func_name exact_match score 1.0 msg exact match, response: 36, target: 36
2026-08-07 15:47:10.247 | DEBUG    | eval.evaluation.evaluation:metric_call:77 - metric_func_name exact_match score 1.0 msg exact match, response: 90, target: 90
2026-08-07 15:47:10.247 | DEBUG    | eval.evaluation.evaluation:metric_call:77 - metric_func_name exact_match score 1.0 msg exact match, response: 76, target: 76
2026-08-07 15:47:10.247 | DEBUG    | eval.evaluation.evaluation:metric_call:77 - metric_func_name exact_match score 1.0 msg exact match, response: 48, target: 48
2026-08-07 15:47:10.247 | DEBUG    | eval.evaluation.evaluation:metric_call:77 - metric_func_name exact_match score 1.0 msg exact match, response: 47, target: 47
2026-08-07 15:47:10.247 | DEBUG    | eval.evaluation.evaluation:metric_call:77 - metric_func_name exact_match score 1.0 msg exact match, response: 63, target: 63
2026-08-07 15:47:10.247 | DEBUG    | eval.evaluation.evaluation:metric_call:77 - metric_func_name exact_match score 1.0 msg exact match, response: 50, target: 50
2026-08-07 15:47:10.247 | DEBUG    | eval.evaluation.evaluation:metric_call:77 - metric_func_name exact_match score 1.0 msg exact match, response: 58, target: 58
2026-08-07 15:47:10.247 | DEBUG    | eval.evaluation.evaluation:metric_call:77 - metric_func_name exact_match score 1.0 msg exact match, response: 73, target: 73
2026-08-07 15:47:10.247 | DEBUG    | eval.evaluation.evaluation:metric_call:77 - metric_func_name exact_match score 1.0 msg exact match, response: 66, target: 66
2026-08-07 15:47:10.247 | DEBUG    | eval.evaluation.evaluation:metric_call:77 - metric_func_name exact_match score 1.0 msg exact match, response: 91, target: 91
2026-08-07 15:47:10.247 | DEBUG    | eval.evaluation.evaluation:metric_call:77 - metric_func_name exact_match score 1.0 msg exact match, response: 49, target: 49
2026-08-07 15:47:10.247 | DEBUG    | eval.evaluation.evaluation:metric_call:77 - metric_func_name exact_match score 1.0 msg exact match, response: 48, target: 48
2026-08-07 15:47:10.247 | DEBUG    | eval.evaluation.evaluation:metric_call:77 - metric_func_name exact_match score 1.0 msg exact match, response: 77, target: 77
2026-08-07 15:47:10.247 | DEBUG    | eval.evaluation.evaluation:metric_call:77 - metric_func_name exact_match score 1.0 msg exact match, response: 66, target: 66
2026-08-07 15:47:10.247 | DEBUG    | eval.evaluation.evaluation:metric_call:77 - metric_func_name exact_match score 1.0 msg exact match, response: 64, target: 64
2026-08-07 15:47:10.247 | DEBUG    | eval.evaluation.evaluation:metric_call:77 - metric_func_name exact_match score 1.0 msg exact match, response: 74, target: 74
2026-08-07 15:47:10.248 | DEBUG    | eval.evaluation.evaluation:metric_call:77 - metric_func_name exact_match score 1.0 msg exact match, response: 51, target: 51
2026-08-07 15:47:10.248 | DEBUG    | eval.evaluation.evaluation:metric_call:77 - metric_func_name exact_match score 1.0 msg exact match, response: 59, target: 59
2026-08-07 15:47:10.248 | DEBUG    | eval.evaluation.evaluation:metric_call:77 - metric_func_name exact_match score 1.0 msg exact match, response: 78, target: 78
2026-08-07 15:47:10.248 | DEBUG    | eval.evaluation.evaluation:metric_call:77 - metric_func_name exact_match score 1.0 msg exact match, response: 92, target: 92
2026-08-07 15:47:10.248 | DEBUG    | eval.evaluation.evaluation:metric_call:77 - metric_func_name exact_match score 1.0 msg exact match, response: 67, target: 67
2026-08-07 15:47:10.248 | DEBUG    | eval.evaluation.evaluation:metric_call:77 - metric_func_name exact_match score 1.0 msg exact match, response: 81, target: 81
2026-08-07 15:47:10.248 | DEBUG    | eval.evaluation.evaluation:metric_call:77 - metric_func_name exact_match score 1.0 msg exact match, response: 83, target: 83
2026-08-07 15:47:10.248 | DEBUG    | eval.evaluation.evaluation:metric_call:77 - metric_func_name exact_match score 1.0 msg exact match, response: 65, target: 65
2026-08-07 15:47:10.248 | DEBUG    | eval.evaluation.evaluation:metric_call:77 - metric_func_name exact_match score 1.0 msg exact match, response: 67, target: 67
2026-08-07 15:47:10.248 | DEBUG    | eval.evaluation.evaluation:metric_call:77 - metric_func_name exact_match score 1.0 msg exact match, response: 75, target: 75
2026-08-07 15:47:10.248 | DEBUG    | eval.evaluation.evaluation:metric_call:77 - metric_func_name exact_match score 1.0 msg exact match, response: 52, target: 52
2026-08-07 15:47:10.248 | DEBUG    | eval.evaluation.evaluation:metric_call:77 - metric_func_name exact_match score 1.0 msg exact match, response: 60, target: 60
2026-08-07 15:47:10.248 | DEBUG    | eval.evaluation.evaluation:metric_call:77 - metric_func_name exact_match score 1.0 msg exact match, response: 39, target: 39
2026-08-07 15:47:10.248 | DEBUG    | eval.evaluation.evaluation:metric_call:77 - metric_func_name exact_match score 1.0 msg exact match, response: 79, target: 79
2026-08-07 15:47:10.248 | DEBUG    | eval.evaluation.evaluation:metric_call:77 - metric_func_name exact_match score 1.0 msg exact match, response: 93, target: 93
2026-08-07 15:47:10.248 | DEBUG    | eval.evaluation.evaluation:metric_call:77 - metric_func_name exact_match score 1.0 msg exact match, response: 68, target: 68
2026-08-07 15:47:10.248 | DEBUG    | eval.evaluation.evaluation:metric_call:77 - metric_func_name exact_match score 1.0 msg exact match, response: 68, target: 68
2026-08-07 15:47:10.248 | DEBUG    | eval.evaluation.evaluation:metric_call:77 - metric_func_name exact_match score 1.0 msg exact match, response: 66, target: 66
2026-08-07 15:47:10.248 | DEBUG    | eval.evaluation.evaluation:metric_call:77 - metric_func_name exact_match score 1.0 msg exact match, response: 51, target: 51
2026-08-07 15:47:10.249 | DEBUG    | eval.evaluation.evaluation:evaluate_single_query:321 - wide2deep_ws_en_071, col age, metric_func_name exact_match, score [1.0, 1.0, 1.0, 1.0, 1.0, 1.0, 1.0, 1.0, 1.0, 1.0, 1.0, 1.0, 1.0, 1.0, 1.0, 1.0, 1.0, 1.0, 1.0, 1.0, 1.0, 1.0, 1.0, 1.0, 1.0, 1.0, 1.0, 1.0, 1.0, 1.0, 1.0, 1.0, 1.0, 1.0, 1.0, 1.0, 1.0, 1.0, 1.0, 1.0, 1.0, 1.0, 1.0, 1.0, 1.0, 1.0, 1.0, 1.0, 1.0, 1.0, 1.0, 1.0, 1.0, 1.0, 1.0, 1.0, 1.0, 1.0]
2026-08-07 15:47:16.655 | DEBUG    | eval.evaluation.evaluation:evaluate_single_query:321 - wide2deep_ws_en_071, col sourceofwealth, metric_func_name llm_judge, score [1, 1, 1, 1, 0, 1, 1, 1, 1, 1, 1, 1, 0, 1, 1, 1, 1, 1, 1, 1, 1, 1, 1, 1, 0, 1, 1, 0, 1, 1, 1, 1, 1, 1, 1, 0, 1, 0, 1, 1, 1, 1, 1, 1, 1, 1, 0, 1, 1, 0, 1, 1, 1, 1, 1, 1, 0, 1]
2026-08-07 15:47:16.662 | INFO     | eval.evaluation.evaluation:evaluate_single_query:380 - wide2deep_ws_en_071, P/R/F1 by unique_columns: 0.9667/0.9667/0.9667
2026-08-07 15:47:16.663 | INFO     | eval.evaluation.evaluation:evaluate_single_query:383 - wide2deep_ws_en_071, P/R/F1 by row: 0.8167/0.8167/0.8167
2026-08-07 15:47:16.663 | INFO     | eval.evaluation.evaluation:evaluate_single_query:386 - wide2deep_ws_en_071, P/R/F1 by item: 0.9417/0.9417/0.9417
2026-08-07 15:47:16.669 | INFO     | eval.evaluation.evaluation:evaluate_single_query:398 - wide2deep_ws_en_071, final table score: 0.0
{"event": "eval_done", "idx": 4, "instance_id": "wide2deep_ws_en_071", "score": 0.0, "entity_acc": 1.0, "f1_by_row": 0.8166666666666667, "f1_by_item": 0.9416666666666667, "column_f1": 0.9666666666666667, "error": null, "elapsed_seconds": 15.179, "running_n": 4}
2026-08-07 15:47:17.837 | DEBUG    | eval.evaluation.data_loader:extract_dataframe:167 - find markdown_str 
| League | Season | Champion Club | MVP Player | Club | Rating  ...
2026-08-07 15:47:20.987 | INFO     | eval.evaluation.metric_utils:primary_key_preprocess:246 - primary_key_preprocess result: ```json
{
  "Premier League": "Premier League",
  "La Liga": "La Liga",
  "Bundesliga": "Bundesliga",
  "Serie A": "Serie A",
  "Ligue 1": "Ligue 1"
}
```
2026-08-07 15:47:20.987 | INFO     | eval.evaluation.evaluation:evaluate_single_query:223 - col: league, primary_key_map {'Premier League': 'Premier League', 'La Liga': 'La Liga', 'Bundesliga': 'Bundesliga', 'Serie A': 'Serie A', 'Ligue 1': 'Ligue 1'}
2026-08-07 15:47:22.676 | INFO     | eval.evaluation.metric_utils:primary_key_preprocess:246 - primary_key_preprocess result: ```json
{
  "2020–21": "2020-21",
  "2021–22": "2021-22",
  "2022–23": "2022-23",
  "2023–24": "2023-24",
  "2024–25": "2024-25"
}
```
2026-08-07 15:47:22.676 | INFO     | eval.evaluation.evaluation:evaluate_single_query:223 - col: season, primary_key_map {'2020–21': '2020-21', '2021–22': '2021-22', '2022–23': '2022-23', '2023–24': '2023-24', '2024–25': '2024-25'}
2026-08-07 15:47:22.683 | INFO     | eval.evaluation.evaluation:evaluate_single_query:275 - wide2deep_ws_en_083, df_inner shape: (25, 12), answer_df shape: (25, 6), response_df shape: (25, 8)
2026-08-07 15:47:26.942 | DEBUG    | eval.evaluation.evaluation:evaluate_single_query:321 - wide2deep_ws_en_083, col championclub, metric_func_name llm_judge, score [1, 1, 1, 1, 1, 1, 1, 1, 1, 1, 1, 1, 1, 1, 1, 1, 1, 1, 1, 1, 1, 1, 1, 1, 1]
2026-08-07 15:47:31.181 | DEBUG    | eval.evaluation.evaluation:evaluate_single_query:321 - wide2deep_ws_en_083, col mvpplayer, metric_func_name llm_judge, score [1, 0, 0, 1, 0, 0, 1, 1, 1, 0, 1, 1, 1, 1, 0, 1, 1, 1, 1, 1, 0, 1, 0, 0, 0]
2026-08-07 15:47:36.628 | DEBUG    | eval.evaluation.evaluation:evaluate_single_query:321 - wide2deep_ws_en_083, col club, metric_func_name llm_judge, score [1, 1, 0, 1, 1, 0, 1, 1, 1, 0, 1, 1, 1, 1, 0, 1, 1, 1, 1, 1, 0, 1, 0, 1, 0]
2026-08-07 15:47:36.629 | DEBUG    | eval.evaluation.evaluation:metric_call:77 - metric_func_name exact_match score 0.0 msg exact not match, response: 8.07, target: 7.83
2026-08-07 15:47:36.629 | DEBUG    | eval.evaluation.evaluation:metric_call:77 - metric_func_name exact_match score 0.0 msg exact not match, response: 7.89, target: 7.79
2026-08-07 15:47:36.629 | DEBUG    | eval.evaluation.evaluation:metric_call:77 - metric_func_name exact_match score 0.0 msg exact not match, response: 7.7, target: 7.73
2026-08-07 15:47:36.629 | DEBUG    | eval.evaluation.evaluation:metric_call:77 - metric_func_name exact_match score 0.0 msg exact not match, response: 8.07, target: 7.76
2026-08-07 15:47:36.629 | DEBUG    | eval.evaluation.evaluation:metric_call:77 - metric_func_name exact_match score 0.0 msg exact not match, response: 7.92, target: 7.91
2026-08-07 15:47:36.629 | DEBUG    | eval.evaluation.evaluation:metric_call:77 - metric_func_name exact_match score 0.0 msg exact not match, response: 7.68, target: 7.59
2026-08-07 15:47:36.629 | DEBUG    | eval.evaluation.evaluation:metric_call:77 - metric_func_name exact_match score 0.0 msg exact not match, response: 8.04, target: 7.77
2026-08-07 15:47:36.629 | DEBUG    | eval.evaluation.evaluation:metric_call:77 - metric_func_name exact_match score 1.0 msg exact match, response: 8.11, target: 8.11
2026-08-07 15:47:36.629 | DEBUG    | eval.evaluation.evaluation:metric_call:77 - metric_func_name exact_match score 1.0 msg exact match, response: 7.89, target: 7.89
2026-08-07 15:47:36.629 | DEBUG    | eval.evaluation.evaluation:metric_call:77 - metric_func_name exact_match score 0.0 msg exact not match, response: 7.8, target: 7.76
2026-08-07 15:47:36.629 | DEBUG    | eval.evaluation.evaluation:metric_call:77 - metric_func_name exact_match score 1.0 msg exact match, response: 8.33, target: 8.33
2026-08-07 15:47:36.629 | DEBUG    | eval.evaluation.evaluation:metric_call:77 - metric_func_name exact_match score 0.0 msg exact not match, response: 7.69, target: 7.73
2026-08-07 15:47:36.629 | DEBUG    | eval.evaluation.evaluation:metric_call:77 - metric_func_name exact_match score 0.0 msg exact not match, response: 7.77, target: 7.74
2026-08-07 15:47:36.629 | DEBUG    | eval.evaluation.evaluation:metric_call:77 - metric_func_name exact_match score 0.0 msg exact not match, response: 7.97, target: 8.05
2026-08-07 15:47:36.629 | DEBUG    | eval.evaluation.evaluation:metric_call:77 - metric_func_name exact_match score 1.0 msg exact match, response: 7.8, target: 7.8
2026-08-07 15:47:36.629 | DEBUG    | eval.evaluation.evaluation:metric_call:77 - metric_func_name exact_match score 0.0 msg exact not match, response: 7.79, target: 7.63
2026-08-07 15:47:36.629 | DEBUG    | eval.evaluation.evaluation:metric_call:77 - metric_func_name exact_match score 0.0 msg exact not match, response: 7.81, target: 7.78
2026-08-07 15:47:36.629 | DEBUG    | eval.evaluation.evaluation:metric_call:77 - metric_func_name exact_match score 0.0 msg exact not match, response: 7.76, target: 7.78
2026-08-07 15:47:36.629 | DEBUG    | eval.evaluation.evaluation:metric_call:77 - metric_func_name exact_match score 0.0 msg exact not match, response: 7.91, target: 8.01
2026-08-07 15:47:36.629 | DEBUG    | eval.evaluation.evaluation:metric_call:77 - metric_func_name exact_match score 1.0 msg exact match, response: 7.78, target: 7.78
2026-08-07 15:47:36.629 | DEBUG    | eval.evaluation.evaluation:metric_call:77 - metric_func_name exact_match score 0.0 msg exact not match, response: 7.61, target: 7.55
2026-08-07 15:47:36.629 | DEBUG    | eval.evaluation.evaluation:metric_call:77 - metric_func_name exact_match score 0.0 msg exact not match, response: 7.73, target: 7.59
2026-08-07 15:47:36.629 | DEBUG    | eval.evaluation.evaluation:metric_call:77 - metric_func_name exact_match score 0.0 msg exact not match, response: 7.43, target: 7.31
2026-08-07 15:47:36.629 | DEBUG    | eval.evaluation.evaluation:metric_call:77 - metric_func_name exact_match score 0.0 msg exact not match, response: 7.51, target: 7.68
2026-08-07 15:47:36.629 | DEBUG    | eval.evaluation.evaluation:metric_call:77 - metric_func_name exact_match score 0.0 msg exact not match, response: 7.47, target: 7.34
2026-08-07 15:47:36.630 | DEBUG    | eval.evaluation.evaluation:evaluate_single_query:321 - wide2deep_ws_en_083, col rating, metric_func_name exact_match, score [0.0, 0.0, 0.0, 0.0, 0.0, 0.0, 0.0, 1.0, 1.0, 0.0, 1.0, 0.0, 0.0, 0.0, 1.0, 0.0, 0.0, 0.0, 0.0, 1.0, 0.0, 0.0, 0.0, 0.0, 0.0]
2026-08-07 15:47:36.635 | INFO     | eval.evaluation.evaluation:evaluate_single_query:380 - wide2deep_ws_en_083, P/R/F1 by unique_columns: 1.0000/1.0000/1.0000
2026-08-07 15:47:36.635 | INFO     | eval.evaluation.evaluation:evaluate_single_query:383 - wide2deep_ws_en_083, P/R/F1 by row: 0.1600/0.1600/0.1600
2026-08-07 15:47:36.635 | INFO     | eval.evaluation.evaluation:evaluate_single_query:386 - wide2deep_ws_en_083, P/R/F1 by item: 0.7533/0.7533/0.7533
2026-08-07 15:47:36.638 | INFO     | eval.evaluation.evaluation:evaluate_single_query:398 - wide2deep_ws_en_083, final table score: 0.0
{"event": "eval_done", "idx": 5, "instance_id": "wide2deep_ws_en_083", "score": 0.0, "entity_acc": 1.0, "f1_by_row": 0.16, "f1_by_item": 0.7533333333333333, "column_f1": 1.0, "error": null, "elapsed_seconds": 19.953, "running_n": 5}
2026-08-07 15:48:06.809 | DEBUG    | eval.evaluation.data_loader:extract_dataframe:167 - find markdown_str 
| 年份 | 赛事 | 地点 | 进攻 | 拦网 | 发球 | 总计 | 名次 |
| --- | --- | --- | - ...
2026-08-07 15:48:11.424 | INFO     | eval.evaluation.metric_utils:primary_key_preprocess:246 - primary_key_preprocess result: ```json
{
  "世界女子排球锦标赛": "女排世锦赛",
  "女排世界杯": "女排世界杯",
  "里约奥运会女子排球赛": "奥运会",
  "世界女排锦标赛": "女排世锦赛",
  "世界女排联赛": "世界女排联赛（替补）",
  "东京奥运会女子排球赛": "奥运会"
}
```
2026-08-07 15:48:11.424 | INFO     | eval.evaluation.evaluation:evaluate_single_query:223 - col: 赛事, primary_key_map {'世界女子排球锦标赛': '女排世锦赛', '女排世界杯': '女排世界杯', '里约奥运会女子排球赛': '奥运会', '世界女排锦标赛': '女排世锦赛', '世界女排联赛': '世界女排联赛（替补）', '东京奥运会女子排球赛': '奥运会'}
2026-08-07 15:48:11.471 | INFO     | eval.evaluation.evaluation:evaluate_single_query:275 - deep2wide_result_12_张常宁, df_inner shape: (4, 15), answer_df shape: (5, 8), response_df shape: (10, 9)
2026-08-07 15:48:14.251 | DEBUG    | eval.evaluation.evaluation:evaluate_single_query:321 - deep2wide_result_12_张常宁, col 地点, metric_func_name llm_judge, score [1, 1, 1, 1]
2026-08-07 15:48:14.251 | DEBUG    | eval.evaluation.evaluation:metric_call:77 - metric_func_name number_near score 0.0 msg number not convertable, response: None, target: 47.0
2026-08-07 15:48:14.251 | DEBUG    | eval.evaluation.evaluation:metric_call:77 - metric_func_name number_near score 0.0 msg number not convertable, response: None, target: 67.0
2026-08-07 15:48:14.251 | DEBUG    | eval.evaluation.evaluation:metric_call:77 - metric_func_name number_near score 0.0 msg number not near, response: 109.0, target: 97.0
2026-08-07 15:48:14.251 | DEBUG    | eval.evaluation.evaluation:metric_call:77 - metric_func_name number_near score 0.0 msg number not convertable, response: None, target: 48.0
2026-08-07 15:48:14.252 | DEBUG    | eval.evaluation.evaluation:evaluate_single_query:321 - deep2wide_result_12_张常宁, col 进攻, metric_func_name number_near, score [0.0, 0.0, 0.0, 0.0]
2026-08-07 15:48:14.252 | DEBUG    | eval.evaluation.evaluation:metric_call:77 - metric_func_name number_near score 0.0 msg number not convertable, response: None, target: 4.0
2026-08-07 15:48:14.252 | DEBUG    | eval.evaluation.evaluation:metric_call:77 - metric_func_name number_near score 0.0 msg number not convertable, response: None, target: 15.0
2026-08-07 15:48:14.252 | DEBUG    | eval.evaluation.evaluation:metric_call:77 - metric_func_name number_near score 0.0 msg number not near, response: 7.0, target: 10.0
2026-08-07 15:48:14.252 | DEBUG    | eval.evaluation.evaluation:metric_call:77 - metric_func_name number_near score 0.0 msg number not convertable, response: None, target: 8.0
2026-08-07 15:48:14.253 | DEBUG    | eval.evaluation.evaluation:evaluate_single_query:321 - deep2wide_result_12_张常宁, col 拦网, metric_func_name number_near, score [0.0, 0.0, 0.0, 0.0]
2026-08-07 15:48:14.253 | DEBUG    | eval.evaluation.evaluation:metric_call:77 - metric_func_name number_near score 0.0 msg number not convertable, response: None, target: 5.0
2026-08-07 15:48:14.253 | DEBUG    | eval.evaluation.evaluation:metric_call:77 - metric_func_name number_near score 0.0 msg number not convertable, response: None, target: 1.0
2026-08-07 15:48:14.253 | DEBUG    | eval.evaluation.evaluation:metric_call:77 - metric_func_name number_near score 0.0 msg number not near, response: 11.0, target: 10.0
2026-08-07 15:48:14.253 | DEBUG    | eval.evaluation.evaluation:metric_call:77 - metric_func_name number_near score 0.0 msg number not convertable, response: None, target: 4.0
2026-08-07 15:48:14.254 | DEBUG    | eval.evaluation.evaluation:evaluate_single_query:321 - deep2wide_result_12_张常宁, col 发球, metric_func_name number_near, score [0.0, 0.0, 0.0, 0.0]
2026-08-07 15:48:14.254 | DEBUG    | eval.evaluation.evaluation:metric_call:77 - metric_func_name number_near score 0.0 msg number not convertable, response: None, target: 56.0
2026-08-07 15:48:14.254 | DEBUG    | eval.evaluation.evaluation:metric_call:77 - metric_func_name number_near score 0.0 msg number not convertable, response: None, target: 83.0
2026-08-07 15:48:14.254 | DEBUG    | eval.evaluation.evaluation:metric_call:77 - metric_func_name number_near score 0.0 msg number not near, response: 127.0, target: 117.0
2026-08-07 15:48:14.254 | DEBUG    | eval.evaluation.evaluation:metric_call:77 - metric_func_name number_near score 0.0 msg number not convertable, response: None, target: 60.0
2026-08-07 15:48:14.255 | DEBUG    | eval.evaluation.evaluation:evaluate_single_query:321 - deep2wide_result_12_张常宁, col 总计, metric_func_name number_near, score [0.0, 0.0, 0.0, 0.0]
2026-08-07 15:48:14.255 | DEBUG    | eval.evaluation.evaluation:metric_call:77 - metric_func_name exact_match score 0.0 msg exact not match, response: 冠军, target: 第一名
2026-08-07 15:48:14.255 | DEBUG    | eval.evaluation.evaluation:metric_call:77 - metric_func_name exact_match score 0.0 msg exact not match, response: 季军, target: 第三名
2026-08-07 15:48:14.255 | DEBUG    | eval.evaluation.evaluation:metric_call:77 - metric_func_name exact_match score 0.0 msg exact not match, response: 冠军, target: 第四名
2026-08-07 15:48:14.255 | DEBUG    | eval.evaluation.evaluation:metric_call:77 - metric_func_name exact_match score 0.0 msg exact not match, response: 第9名, target: 第九名
2026-08-07 15:48:14.256 | DEBUG    | eval.evaluation.evaluation:evaluate_single_query:321 - deep2wide_result_12_张常宁, col 名次, metric_func_name exact_match, score [0.0, 0.0, 0.0, 0.0]
2026-08-07 15:48:14.260 | INFO     | eval.evaluation.evaluation:evaluate_single_query:380 - deep2wide_result_12_张常宁, P/R/F1 by unique_columns: 0.4000/0.8000/0.5333
2026-08-07 15:48:14.260 | INFO     | eval.evaluation.evaluation:evaluate_single_query:383 - deep2wide_result_12_张常宁, P/R/F1 by row: 0.0000/0.0000/0.0000
2026-08-07 15:48:14.260 | INFO     | eval.evaluation.evaluation:evaluate_single_query:386 - deep2wide_result_12_张常宁, P/R/F1 by item: 0.1500/0.3000/0.2000
2026-08-07 15:48:14.262 | INFO     | eval.evaluation.evaluation:evaluate_single_query:398 - deep2wide_result_12_张常宁, final table score: 0.0
{"event": "eval_done", "idx": 6, "instance_id": "deep2wide_result_12_张常宁", "score": 0.0, "entity_acc": 1.0, "f1_by_row": 0.0, "f1_by_item": 0.2, "column_f1": 0.5333333333333333, "error": null, "elapsed_seconds": 37.605, "running_n": 6}
{"event": "eval_done", "idx": 7, "instance_id": "deep2wide_result_18_路易斯·布努埃尔", "score": 0.0, "entity_acc": 0.0, "f1_by_row": 0.0, "f1_by_item": 0.0, "column_f1": 0.0, "error": null, "elapsed_seconds": 7.012, "running_n": 7}
SUMMARY {"n": 7, "valid_n": 7, "errors": 0, "complete": true, "judge_calls_current_process": 26, "score": 0.0, "entity_acc": 0.8571428571428571, "precision_by_row": 0.28334620334620336, "recall_by_row": 0.27924123495552067, "f1_by_row": 0.28101847144551767, "precision_by_item": 0.5206354897171224, "recall_by_item": 0.5036822794271648, "f1_by_item": 0.49789749539073913, "column_precision": 0.6417356131641846, "column_recall": 0.6485368161010756, "column_f1": 0.6210966919077051}
