INFO: Pandarallel will run on 8 workers.
INFO: Pandarallel will use Memory file system to transfer data between the main process and workers.
{"event": "eval_start", "selected": 7, "resume_committed": 0, "committed_errors": 0, "crash_only_resume": false}
2026-08-07 15:45:42.675 | DEBUG    | eval.evaluation.data_loader:extract_dataframe:167 - find markdown_str 
| 年份 | 网络基础设施类别 | 新增数量/长度(万个/万公里) | 总计数量/长度(万个/万公里) |
| --- | - ...
2026-08-07 15:45:45.224 | INFO     | eval.evaluation.metric_utils:primary_key_preprocess:246 - primary_key_preprocess result: ```json
{
  "2015": "2015",
  "2016": "2016",
  "2017": "2017",
  "2018": "2018",
  "2019": "2019",
  "2020": "2020",
  "2021": "2021",
  "2022": "2022",
  "2023": "2023",
  "2024": "2024"
}
```
2026-08-07 15:45:45.225 | INFO     | eval.evaluation.evaluation:evaluate_single_query:223 - col: 年份, primary_key_map {'2015': '2015', '2016': '2016', '2017': '2017', '2018': '2018', '2019': '2019', '2020': '2020', '2021': '2021', '2022': '2022', '2023': '2023', '2024': '2024'}
2026-08-07 15:45:48.164 | INFO     | eval.evaluation.metric_utils:primary_key_preprocess:246 - primary_key_preprocess result: ```json
{
  "移动通信基站": "移动通信基站",
  "4G基站数": "4G基站",
  "5G基站数": "5G基站",
  "光缆线路": "光缆线路"
}
```
2026-08-07 15:45:48.164 | INFO     | eval.evaluation.evaluation:evaluate_single_query:223 - col: 网络基础设施类别, primary_key_map {'移动通信基站': '移动通信基站', '4G基站数': '4G基站', '5G基站数': '5G基站', '光缆线路': '光缆线路'}
2026-08-07 15:45:48.171 | INFO     | eval.evaluation.evaluation:evaluate_single_query:275 - wide2deep_ws_zh_094, df_inner shape: (40, 8), answer_df shape: (40, 4), response_df shape: (40, 6)
2026-08-07 15:45:48.172 | DEBUG    | eval.evaluation.evaluation:metric_call:77 - metric_func_name number_near score 1.0 msg number near in range 5.0%, response: 127.1, target: 127.1
2026-08-07 15:45:48.172 | DEBUG    | eval.evaluation.evaluation:metric_call:77 - metric_func_name number_near score 1.0 msg number near in range 5.0%, response: 92.2, target: 92.2
2026-08-07 15:45:48.173 | DEBUG    | eval.evaluation.evaluation:metric_call:77 - metric_func_name number_near score 1.0 msg number equal, response: NULL, target: NULL
2026-08-07 15:45:48.173 | DEBUG    | eval.evaluation.evaluation:metric_call:77 - metric_func_name number_near score 1.0 msg number near in range 5.0%, response: 441.3, target: 441.3
2026-08-07 15:45:48.173 | DEBUG    | eval.evaluation.evaluation:metric_call:77 - metric_func_name number_near score 1.0 msg number near in range 5.0%, response: 92.6, target: 92.6
2026-08-07 15:45:48.173 | DEBUG    | eval.evaluation.evaluation:metric_call:77 - metric_func_name number_near score 1.0 msg number near in range 5.0%, response: 86.1, target: 86.1
2026-08-07 15:45:48.173 | DEBUG    | eval.evaluation.evaluation:metric_call:77 - metric_func_name number_near score 1.0 msg number equal, response: NULL, target: NULL
2026-08-07 15:45:48.173 | DEBUG    | eval.evaluation.evaluation:metric_call:77 - metric_func_name number_near score 1.0 msg number near in range 5.0%, response: 554.0, target: 554.0
2026-08-07 15:45:48.173 | DEBUG    | eval.evaluation.evaluation:metric_call:77 - metric_func_name number_near score 1.0 msg number near in range 5.0%, response: 60.0, target: 59.3
2026-08-07 15:45:48.173 | DEBUG    | eval.evaluation.evaluation:metric_call:77 - metric_func_name number_near score 1.0 msg number near in range 5.0%, response: 65.2, target: 65.2
2026-08-07 15:45:48.173 | DEBUG    | eval.evaluation.evaluation:metric_call:77 - metric_func_name number_near score 1.0 msg number equal, response: NULL, target: NULL
2026-08-07 15:45:48.173 | DEBUG    | eval.evaluation.evaluation:metric_call:77 - metric_func_name number_near score 1.0 msg number near in range 5.0%, response: 705.0, target: 705.0
2026-08-07 15:45:48.173 | DEBUG    | eval.evaluation.evaluation:metric_call:77 - metric_func_name number_near score 1.0 msg number near in range 5.0%, response: 29.0, target: 29.0
2026-08-07 15:45:48.173 | DEBUG    | eval.evaluation.evaluation:metric_call:77 - metric_func_name number_near score 1.0 msg number near in range 5.0%, response: 43.9, target: 43.9
2026-08-07 15:45:48.173 | DEBUG    | eval.evaluation.evaluation:metric_call:77 - metric_func_name number_near score 1.0 msg number equal, response: NULL, target: NULL
2026-08-07 15:45:48.173 | DEBUG    | eval.evaluation.evaluation:metric_call:77 - metric_func_name number_near score 1.0 msg number near in range 5.0%, response: 578.0, target: 578.0
2026-08-07 15:45:48.173 | DEBUG    | eval.evaluation.evaluation:metric_call:77 - metric_func_name number_near score 1.0 msg number near in range 5.0%, response: 174.0, target: 174.0
2026-08-07 15:45:48.173 | DEBUG    | eval.evaluation.evaluation:metric_call:77 - metric_func_name number_near score 1.0 msg number near in range 5.0%, response: 172.0, target: 172.0
2026-08-07 15:45:48.173 | DEBUG    | eval.evaluation.evaluation:metric_call:77 - metric_func_name number_near score 1.0 msg number near in range 5.0%, response: 13.0, target: 13.0
2026-08-07 15:45:48.173 | DEBUG    | eval.evaluation.evaluation:metric_call:77 - metric_func_name number_near score 1.0 msg number near in range 5.0%, response: 434.0, target: 434.0
2026-08-07 15:45:48.173 | DEBUG    | eval.evaluation.evaluation:metric_call:77 - metric_func_name number_near score 1.0 msg number near in range 5.0%, response: 90.0, target: 90.0
2026-08-07 15:45:48.173 | DEBUG    | eval.evaluation.evaluation:metric_call:77 - metric_func_name number_near score 1.0 msg number near in range 5.0%, response: 31.0, target: 31.0
2026-08-07 15:45:48.173 | DEBUG    | eval.evaluation.evaluation:metric_call:77 - metric_func_name number_near score 1.0 msg number near in range 5.0%, response: 58.8, target: 60.0
2026-08-07 15:45:48.173 | DEBUG    | eval.evaluation.evaluation:metric_call:77 - metric_func_name number_near score 1.0 msg number near in range 5.0%, response: 428.0, target: 428.0
2026-08-07 15:45:48.173 | DEBUG    | eval.evaluation.evaluation:metric_call:77 - metric_func_name number_near score 1.0 msg number near in range 5.0%, response: 65.0, target: 65.0
2026-08-07 15:45:48.173 | DEBUG    | eval.evaluation.evaluation:metric_call:77 - metric_func_name number_near score 1.0 msg number near in range 5.0%, response: 15.0, target: 15.0
2026-08-07 15:45:48.174 | DEBUG    | eval.evaluation.evaluation:metric_call:77 - metric_func_name number_near score 1.0 msg number near in range 5.0%, response: 65.4, target: 65.0
2026-08-07 15:45:48.174 | DEBUG    | eval.evaluation.evaluation:metric_call:77 - metric_func_name number_near score 1.0 msg number near in range 5.0%, response: 319.0, target: 319.0
2026-08-07 15:45:48.174 | DEBUG    | eval.evaluation.evaluation:metric_call:77 - metric_func_name number_near score 1.0 msg number near in range 5.0%, response: 87.0, target: 87.0
2026-08-07 15:45:48.174 | DEBUG    | eval.evaluation.evaluation:metric_call:77 - metric_func_name number_near score 1.0 msg number near in range 5.0%, response: 13.0, target: 13.0
2026-08-07 15:45:48.174 | DEBUG    | eval.evaluation.evaluation:metric_call:77 - metric_func_name number_near score 1.0 msg number near in range 5.0%, response: 88.7, target: 88.7
2026-08-07 15:45:48.174 | DEBUG    | eval.evaluation.evaluation:metric_call:77 - metric_func_name number_near score 1.0 msg number near in range 5.0%, response: 477.2, target: 477.2
2026-08-07 15:45:48.174 | DEBUG    | eval.evaluation.evaluation:metric_call:77 - metric_func_name number_near score 1.0 msg number near in range 5.0%, response: 79.0, target: 79.0
2026-08-07 15:45:48.174 | DEBUG    | eval.evaluation.evaluation:metric_call:77 - metric_func_name number_near score 1.0 msg number near in range 5.0%, response: 26.3, target: 26.8
2026-08-07 15:45:48.174 | DEBUG    | eval.evaluation.evaluation:metric_call:77 - metric_func_name number_near score 1.0 msg number near in range 5.0%, response: 106.6, target: 106.1
2026-08-07 15:45:48.174 | DEBUG    | eval.evaluation.evaluation:metric_call:77 - metric_func_name number_near score 1.0 msg number near in range 5.0%, response: 474.8, target: 473.8
2026-08-07 15:45:48.174 | DEBUG    | eval.evaluation.evaluation:metric_call:77 - metric_func_name number_near score 1.0 msg number near in range 5.0%, response: 102.6, target: 102.6
2026-08-07 15:45:48.174 | DEBUG    | eval.evaluation.evaluation:metric_call:77 - metric_func_name number_near score 1.0 msg number near in range 5.0%, response: 81.8, target: 81.8
2026-08-07 15:45:48.174 | DEBUG    | eval.evaluation.evaluation:metric_call:77 - metric_func_name number_near score 1.0 msg number near in range 5.0%, response: 87.4, target: 87.4
2026-08-07 15:45:48.174 | DEBUG    | eval.evaluation.evaluation:metric_call:77 - metric_func_name number_near score 1.0 msg number near in range 5.0%, response: 856.2, target: 856.2
2026-08-07 15:45:48.175 | DEBUG    | eval.evaluation.evaluation:evaluate_single_query:321 - wide2deep_ws_zh_094, col 新增数量/长度(万个/万公里), metric_func_name number_near, score [1.0, 1.0, 1.0, 1.0, 1.0, 1.0, 1.0, 1.0, 1.0, 1.0, 1.0, 1.0, 1.0, 1.0, 1.0, 1.0, 1.0, 1.0, 1.0, 1.0, 1.0, 1.0, 1.0, 1.0, 1.0, 1.0, 1.0, 1.0, 1.0, 1.0, 1.0, 1.0, 1.0, 1.0, 1.0, 1.0, 1.0, 1.0, 1.0, 1.0]
2026-08-07 15:45:48.175 | DEBUG    | eval.evaluation.evaluation:metric_call:77 - metric_func_name number_near score 1.0 msg number near in range 5.0%, response: 466.8, target: 466.8
2026-08-07 15:45:48.175 | DEBUG    | eval.evaluation.evaluation:metric_call:77 - metric_func_name number_near score 1.0 msg number near in range 5.0%, response: 177.1, target: 177.1
2026-08-07 15:45:48.175 | DEBUG    | eval.evaluation.evaluation:metric_call:77 - metric_func_name number_near score 1.0 msg number equal, response: NULL, target: NULL
2026-08-07 15:45:48.175 | DEBUG    | eval.evaluation.evaluation:metric_call:77 - metric_func_name number_near score 1.0 msg number near in range 5.0%, response: 2487.3, target: 2487.3
2026-08-07 15:45:48.175 | DEBUG    | eval.evaluation.evaluation:metric_call:77 - metric_func_name number_near score 1.0 msg number near in range 5.0%, response: 559.4, target: 559.0
2026-08-07 15:45:48.175 | DEBUG    | eval.evaluation.evaluation:metric_call:77 - metric_func_name number_near score 1.0 msg number near in range 5.0%, response: 263.0, target: 263.0
2026-08-07 15:45:48.175 | DEBUG    | eval.evaluation.evaluation:metric_call:77 - metric_func_name number_near score 1.0 msg number equal, response: NULL, target: NULL
2026-08-07 15:45:48.175 | DEBUG    | eval.evaluation.evaluation:metric_call:77 - metric_func_name number_near score 1.0 msg number near in range 5.0%, response: 3041.0, target: 3041.0
2026-08-07 15:45:48.175 | DEBUG    | eval.evaluation.evaluation:metric_call:77 - metric_func_name number_near score 1.0 msg number near in range 5.0%, response: 619.0, target: 619.0
2026-08-07 15:45:48.175 | DEBUG    | eval.evaluation.evaluation:metric_call:77 - metric_func_name number_near score 1.0 msg number near in range 5.0%, response: 328.0, target: 328.0
2026-08-07 15:45:48.175 | DEBUG    | eval.evaluation.evaluation:metric_call:77 - metric_func_name number_near score 1.0 msg number equal, response: NULL, target: NULL
2026-08-07 15:45:48.175 | DEBUG    | eval.evaluation.evaluation:metric_call:77 - metric_func_name number_near score 1.0 msg number near in range 5.0%, response: 3747.0, target: 3747.0
2026-08-07 15:45:48.175 | DEBUG    | eval.evaluation.evaluation:metric_call:77 - metric_func_name number_near score 1.0 msg number near in range 5.0%, response: 648.0, target: 648.0
2026-08-07 15:45:48.175 | DEBUG    | eval.evaluation.evaluation:metric_call:77 - metric_func_name number_near score 1.0 msg number near in range 5.0%, response: 372.0, target: 372.0
2026-08-07 15:45:48.175 | DEBUG    | eval.evaluation.evaluation:metric_call:77 - metric_func_name number_near score 1.0 msg number equal, response: NULL, target: NULL
2026-08-07 15:45:48.176 | DEBUG    | eval.evaluation.evaluation:metric_call:77 - metric_func_name number_near score 1.0 msg number near in range 5.0%, response: 4358.0, target: 4358.0
2026-08-07 15:45:48.176 | DEBUG    | eval.evaluation.evaluation:metric_call:77 - metric_func_name number_near score 1.0 msg number near in range 5.0%, response: 841.0, target: 841.0
2026-08-07 15:45:48.176 | DEBUG    | eval.evaluation.evaluation:metric_call:77 - metric_func_name number_near score 1.0 msg number near in range 5.0%, response: 544.0, target: 544.0
2026-08-07 15:45:48.176 | DEBUG    | eval.evaluation.evaluation:metric_call:77 - metric_func_name number_near score 0.0 msg number not convertable, response: 13.0, target: None
2026-08-07 15:45:48.176 | DEBUG    | eval.evaluation.evaluation:metric_call:77 - metric_func_name number_near score 1.0 msg number near in range 5.0%, response: 4750.0, target: 4750.0
2026-08-07 15:45:48.176 | DEBUG    | eval.evaluation.evaluation:metric_call:77 - metric_func_name number_near score 1.0 msg number near in range 5.0%, response: 931.0, target: 931.0
2026-08-07 15:45:48.176 | DEBUG    | eval.evaluation.evaluation:metric_call:77 - metric_func_name number_near score 1.0 msg number near in range 5.0%, response: 575.0, target: 575.0
2026-08-07 15:45:48.176 | DEBUG    | eval.evaluation.evaluation:metric_call:77 - metric_func_name number_near score 1.0 msg number near in range 5.0%, response: 71.8, target: 71.8
2026-08-07 15:45:48.176 | DEBUG    | eval.evaluation.evaluation:metric_call:77 - metric_func_name number_near score 1.0 msg number near in range 5.0%, response: 5169.0, target: 5169.0
2026-08-07 15:45:48.176 | DEBUG    | eval.evaluation.evaluation:metric_call:77 - metric_func_name number_near score 1.0 msg number near in range 5.0%, response: 996.0, target: 996.0
2026-08-07 15:45:48.176 | DEBUG    | eval.evaluation.evaluation:metric_call:77 - metric_func_name number_near score 1.0 msg number near in range 5.0%, response: 590.0, target: 590.0
2026-08-07 15:45:48.176 | DEBUG    | eval.evaluation.evaluation:metric_call:77 - metric_func_name number_near score 1.0 msg number near in range 5.0%, response: 142.5, target: 142.5
2026-08-07 15:45:48.176 | DEBUG    | eval.evaluation.evaluation:metric_call:77 - metric_func_name number_near score 1.0 msg number near in range 5.0%, response: 5481.0, target: 5488.0
2026-08-07 15:45:48.176 | DEBUG    | eval.evaluation.evaluation:metric_call:77 - metric_func_name number_near score 1.0 msg number near in range 5.0%, response: 1083.0, target: 1083.0
2026-08-07 15:45:48.176 | DEBUG    | eval.evaluation.evaluation:metric_call:77 - metric_func_name number_near score 1.0 msg number near in range 5.0%, response: 603.0, target: 603.0
2026-08-07 15:45:48.176 | DEBUG    | eval.evaluation.evaluation:metric_call:77 - metric_func_name number_near score 1.0 msg number near in range 5.0%, response: 231.2, target: 231.2
2026-08-07 15:45:48.176 | DEBUG    | eval.evaluation.evaluation:metric_call:77 - metric_func_name number_near score 1.0 msg number near in range 5.0%, response: 5958.0, target: 5958.0
2026-08-07 15:45:48.176 | DEBUG    | eval.evaluation.evaluation:metric_call:77 - metric_func_name number_near score 1.0 msg number near in range 5.0%, response: 1162.0, target: 1162.0
2026-08-07 15:45:48.176 | DEBUG    | eval.evaluation.evaluation:metric_call:77 - metric_func_name number_near score 1.0 msg number near in range 5.0%, response: 629.5, target: 629.5
2026-08-07 15:45:48.176 | DEBUG    | eval.evaluation.evaluation:metric_call:77 - metric_func_name number_near score 1.0 msg number near in range 5.0%, response: 337.7, target: 337.7
2026-08-07 15:45:48.176 | DEBUG    | eval.evaluation.evaluation:metric_call:77 - metric_func_name number_near score 1.0 msg number near in range 5.0%, response: 6432.0, target: 6432.0
2026-08-07 15:45:48.176 | DEBUG    | eval.evaluation.evaluation:metric_call:77 - metric_func_name number_near score 1.0 msg number near in range 5.0%, response: 1265.0, target: 1265.0
2026-08-07 15:45:48.176 | DEBUG    | eval.evaluation.evaluation:metric_call:77 - metric_func_name number_near score 1.0 msg number near in range 5.0%, response: 711.2, target: 711.2
2026-08-07 15:45:48.176 | DEBUG    | eval.evaluation.evaluation:metric_call:77 - metric_func_name number_near score 1.0 msg number near in range 5.0%, response: 425.1, target: 425.1
2026-08-07 15:45:48.176 | DEBUG    | eval.evaluation.evaluation:metric_call:77 - metric_func_name number_near score 1.0 msg number near in range 5.0%, response: 7288.0, target: 7288.0
2026-08-07 15:45:48.177 | DEBUG    | eval.evaluation.evaluation:evaluate_single_query:321 - wide2deep_ws_zh_094, col 总计数量/长度(万个/万公里), metric_func_name number_near, score [1.0, 1.0, 1.0, 1.0, 1.0, 1.0, 1.0, 1.0, 1.0, 1.0, 1.0, 1.0, 1.0, 1.0, 1.0, 1.0, 1.0, 1.0, 0.0, 1.0, 1.0, 1.0, 1.0, 1.0, 1.0, 1.0, 1.0, 1.0, 1.0, 1.0, 1.0, 1.0, 1.0, 1.0, 1.0, 1.0, 1.0, 1.0, 1.0, 1.0]
2026-08-07 15:45:48.183 | INFO     | eval.evaluation.evaluation:evaluate_single_query:380 - wide2deep_ws_zh_094, P/R/F1 by unique_columns: 1.0000/1.0000/1.0000
2026-08-07 15:45:48.183 | INFO     | eval.evaluation.evaluation:evaluate_single_query:383 - wide2deep_ws_zh_094, P/R/F1 by row: 0.9750/0.9750/0.9750
2026-08-07 15:45:48.183 | INFO     | eval.evaluation.evaluation:evaluate_single_query:386 - wide2deep_ws_zh_094, P/R/F1 by item: 0.9938/0.9938/0.9938
2026-08-07 15:45:48.188 | INFO     | eval.evaluation.evaluation:evaluate_single_query:398 - wide2deep_ws_zh_094, final table score: 0.0
{"event": "eval_done", "idx": 1, "instance_id": "wide2deep_ws_zh_094", "score": 0.0, "entity_acc": 1.0, "f1_by_row": 0.975, "f1_by_item": 0.99375, "column_f1": 1.0, "error": null, "elapsed_seconds": 9.396, "running_n": 1}
2026-08-07 15:45:50.921 | DEBUG    | eval.evaluation.data_loader:extract_dataframe:167 - find markdown_str 
| Country | location name | type | location | area | year of re ...
2026-08-07 15:45:52.195 | INFO     | eval.evaluation.metric_utils:primary_key_preprocess:246 - primary_key_preprocess result: ```json
{
  "country": "country",
  "locationname": "nameoftheheritagesite",
  "type": "typeofheritage",
  "location": "location",
  "area": "area",
  "yearofrecognition": "yearofrecognition"
}
```
2026-08-07 15:45:52.195 | INFO     | eval.evaluation.evaluation:evaluate_single_query:172 - column map: {'country': 'country', 'locationname': 'nameoftheheritagesite', 'type': 'typeofheritage', 'location': 'location', 'area': 'area', 'yearofrecognition': 'yearofrecognition'}
2026-08-07 15:45:52.196 | INFO     | eval.evaluation.evaluation:evaluate_single_query:173 - befor mapping: Index(['country', 'locationname', 'type', 'location', 'area',
       'yearofrecognition'],
      dtype='object')
2026-08-07 15:45:52.196 | INFO     | eval.evaluation.evaluation:evaluate_single_query:175 - after mapping: Index(['country', 'nameoftheheritagesite', 'typeofheritage', 'location',
       'area', 'yearofrecognition'],
      dtype='object')
2026-08-07 15:45:57.958 | INFO     | eval.evaluation.metric_utils:primary_key_preprocess:246 - primary_key_preprocess result: ```json
{
  "Nahanni National Park": "Nahanni National Park",
  "Dinosaur Provincial Park": "Dinosaur Provincial Park",
  "Kluane / Wrangell-St. Elias / Glacier Bay / Tatshenshini-Alsek": "Kluane / Wrangell-St. Elias / Glacier Bay / Tatshenshini-Alsek ",
  "Wood Buffalo National Park": "Wood Buffalo National Park",
  "Canadian Rocky Mountain Parks": "Canadian Rocky Mountain Parks",
  "Gros Morne National Park": "Gros Morne National Park",
  "Waterton-Glacier International Peace Park": "Waterton Glacier International Peace Park ",
  "Miguasha National Park": "Miguasha National Park",
  "Joggins Fossil Cliffs": "Joggins Fossil Cliffs",
  "Mistaken Point": "Mistaken Point",
  "Anticosti": "Anticosti",
  "Sian Ka'an": "Sian Ka'an",
  "Whale Sanctuary of El Vizcaino": "Whale Sanctuary of El Vizcaino",
  "Islands and Protected Areas of the Gulf of California": "Islands and Protected Areas of the Gulf of California",
  "Monarch Butterfly Biosphere Reserve": "Monarch Butterfly Biosphere Reserve",
  "El Pinacate and Gran Desierto de Altar Biosphere Reserve": "El Pinacate and Gran Desierto de Altar Biosphere Reserve",
  "Archipiélago de Revillagigedo": "Archipiélago de Revillagigedo",
  "Yellowstone National Park": "Yellowstone National Park",
  "Grand Canyon National Park": "Grand Canyon National Park",
  "Everglades National Park": "Everglades National Park",
  "Redwood National and State Parks": "Redwood National and State Parks",
  "Mammoth Cave National Park": "Mammoth Cave National Park",
  "Olympic National Park": "Olympic National Park",
  "Great Smoky Mountains National Park": "Great Smoky Mountains National Park",
  "Yosemite National Park": "Yosemite National Park",
  "Hawaiʻi Volcanoes National Park": "Hawaii Volcanoes National Park",
  "Carlsbad Caverns National Park": "Carlsbad Caverns National Park"
}
```
2026-08-07 15:45:57.958 | INFO     | eval.evaluation.evaluation:evaluate_single_query:223 - col: nameoftheheritagesite, primary_key_map {'Nahanni National Park': 'Nahanni National Park', 'Dinosaur Provincial Park': 'Dinosaur Provincial Park', 'Kluane / Wrangell-St. Elias / Glacier Bay / Tatshenshini-Alsek': 'Kluane / Wrangell-St. Elias / Glacier Bay / Tatshenshini-Alsek ', 'Wood Buffalo National Park': 'Wood Buffalo National Park', 'Canadian Rocky Mountain Parks': 'Canadian Rocky Mountain Parks', 'Gros Morne National Park': 'Gros Morne National Park', 'Waterton-Glacier International Peace Park': 'Waterton Glacier International Peace Park ', 'Miguasha National Park': 'Miguasha National Park', 'Joggins Fossil Cliffs': 'Joggins Fossil Cliffs', 'Mistaken Point': 'Mistaken Point', 'Anticosti': 'Anticosti', "Sian Ka'an": "Sian Ka'an", 'Whale Sanctuary of El Vizcaino': 'Whale Sanctuary of El Vizcaino', 'Islands and Protected Areas of the Gulf of California': 'Islands and Protected Areas of the Gulf of California', 'Monarch Butterfly Biosphere Reserve': 'Monarch Butterfly Biosphere Reserve', 'El Pinacate and Gran Desierto de Altar Biosphere Reserve': 'El Pinacate and Gran Desierto de Altar Biosphere Reserve', 'Archipiélago de Revillagigedo': 'Archipiélago de Revillagigedo', 'Yellowstone National Park': 'Yellowstone National Park', 'Grand Canyon National Park': 'Grand Canyon National Park', 'Everglades National Park': 'Everglades National Park', 'Redwood National and State Parks': 'Redwood National and State Parks', 'Mammoth Cave National Park': 'Mammoth Cave National Park', 'Olympic National Park': 'Olympic National Park', 'Great Smoky Mountains National Park': 'Great Smoky Mountains National Park', 'Yosemite National Park': 'Yosemite National Park', 'Hawaiʻi Volcanoes National Park': 'Hawaii Volcanoes National Park', 'Carlsbad Caverns National Park': 'Carlsbad Caverns National Park'}
2026-08-07 15:45:57.965 | INFO     | eval.evaluation.evaluation:evaluate_single_query:275 - wide2deep_ws_en_020, df_inner shape: (27, 12), answer_df shape: (81, 6), response_df shape: (27, 7)
2026-08-07 15:46:06.581 | DEBUG    | eval.evaluation.evaluation:evaluate_single_query:321 - wide2deep_ws_en_020, col country, metric_func_name llm_judge, score [1, 1, 1, 1, 1, 0, 1, 1, 1, 1, 1, 1, 1, 1, 1, 1, 1, 1, 1, 0, 1, 1, 1, 1, 1, 1, 1]
2026-08-07 15:46:11.570 | DEBUG    | eval.evaluation.evaluation:evaluate_single_query:321 - wide2deep_ws_en_020, col typeofheritage, metric_func_name llm_judge, score [1, 1, 1, 1, 1, 1, 1, 1, 1, 1, 1, 1, 1, 1, 1, 1, 1, 1, 1, 1, 1, 1, 1, 1, 1, 1, 1]
2026-08-07 15:46:21.065 | DEBUG    | eval.evaluation.evaluation:evaluate_single_query:321 - wide2deep_ws_en_020, col location, metric_func_name llm_judge, score [1, 1, 1, 1, 1, 1, 1, 1, 1, 1, 0, 1, 1, 0, 1, 0, 0, 1, 1, 0, 1, 1, 1, 0, 1, 1, 1]
2026-08-07 15:46:21.065 | DEBUG    | eval.evaluation.evaluation:metric_call:77 - metric_func_name number_near score 1.0 msg number near in range 5.0%, response: 476560.0, target: 476560.0
2026-08-07 15:46:21.065 | DEBUG    | eval.evaluation.evaluation:metric_call:77 - metric_func_name number_near score 1.0 msg number near in range 5.0%, response: 7493.0, target: 7825.0
2026-08-07 15:46:21.065 | DEBUG    | eval.evaluation.evaluation:metric_call:77 - metric_func_name number_near score 1.0 msg number near in range 5.0%, response: 4480000.0, target: 4480000.0
2026-08-07 15:46:21.065 | DEBUG    | eval.evaluation.evaluation:metric_call:77 - metric_func_name number_near score 1.0 msg number near in range 5.0%, response: 2306884.0, target: 2360000.0
2026-08-07 15:46:21.066 | DEBUG    | eval.evaluation.evaluation:metric_call:77 - metric_func_name number_near score 1.0 msg number near in range 5.0%, response: 180500.0, target: 180500.0
2026-08-07 15:46:21.066 | DEBUG    | eval.evaluation.evaluation:metric_call:77 - metric_func_name number_near score 1.0 msg number near in range 5.0%, response: 457614.0, target: 457614.0
2026-08-07 15:46:21.066 | DEBUG    | eval.evaluation.evaluation:metric_call:77 - metric_func_name number_near score 1.0 msg number near in range 5.0%, response: 87.0, target: 87.3
2026-08-07 15:46:21.066 | DEBUG    | eval.evaluation.evaluation:metric_call:77 - metric_func_name number_near score 1.0 msg number near in range 5.0%, response: 689.0, target: 689.0
2026-08-07 15:46:21.066 | DEBUG    | eval.evaluation.evaluation:metric_call:77 - metric_func_name number_near score 1.0 msg number near in range 5.0%, response: 146.0, target: 146.0
2026-08-07 15:46:21.066 | DEBUG    | eval.evaluation.evaluation:metric_call:77 - metric_func_name number_near score 1.0 msg number near in range 5.0%, response: 18240.0, target: 18240.0
2026-08-07 15:46:21.066 | DEBUG    | eval.evaluation.evaluation:metric_call:77 - metric_func_name number_near score 1.0 msg number near in range 5.0%, response: 528148.0, target: 528000.0
2026-08-07 15:46:21.066 | DEBUG    | eval.evaluation.evaluation:metric_call:77 - metric_func_name number_near score 1.0 msg number near in range 5.0%, response: 369631.0, target: 369631.0
2026-08-07 15:46:21.066 | DEBUG    | eval.evaluation.evaluation:metric_call:77 - metric_func_name number_near score 1.0 msg number near in range 5.0%, response: 688558.0, target: 688558.0
2026-08-07 15:46:21.066 | DEBUG    | eval.evaluation.evaluation:metric_call:77 - metric_func_name number_near score 1.0 msg number near in range 5.0%, response: 13552.0, target: 13551.552
2026-08-07 15:46:21.066 | DEBUG    | eval.evaluation.evaluation:metric_call:77 - metric_func_name number_near score 1.0 msg number near in range 5.0%, response: 714566.0, target: 714566.0
2026-08-07 15:46:21.066 | DEBUG    | eval.evaluation.evaluation:metric_call:77 - metric_func_name number_near score 1.0 msg number near in range 5.0%, response: 636685.0, target: 636685.375
2026-08-07 15:46:21.066 | DEBUG    | eval.evaluation.evaluation:metric_call:77 - metric_func_name number_near score 1.0 msg number near in range 5.0%, response: 898349.0, target: 898349.0
2026-08-07 15:46:21.066 | DEBUG    | eval.evaluation.evaluation:metric_call:77 - metric_func_name number_near score 1.0 msg number near in range 5.0%, response: 592920.0, target: 567017.0
2026-08-07 15:46:21.066 | DEBUG    | eval.evaluation.evaluation:metric_call:77 - metric_func_name number_near score 1.0 msg number near in range 5.0%, response: 493077.0, target: 493270.0
2026-08-07 15:46:21.066 | DEBUG    | eval.evaluation.evaluation:metric_call:77 - metric_func_name number_near score 1.0 msg number near in range 5.0%, response: 9839121.0, target: 9839121.0
2026-08-07 15:46:21.066 | DEBUG    | eval.evaluation.evaluation:metric_call:77 - metric_func_name number_near score 1.0 msg number near in range 5.0%, response: 41571.0, target: 41571.0
2026-08-07 15:46:21.066 | DEBUG    | eval.evaluation.evaluation:metric_call:77 - metric_func_name number_near score 1.0 msg number near in range 5.0%, response: 21191.0, target: 21191.0
2026-08-07 15:46:21.066 | DEBUG    | eval.evaluation.evaluation:metric_call:77 - metric_func_name number_near score 1.0 msg number near in range 5.0%, response: 369660.0, target: 369659.8
2026-08-07 15:46:21.066 | DEBUG    | eval.evaluation.evaluation:metric_call:77 - metric_func_name number_near score 1.0 msg number near in range 5.0%, response: 209000.0, target: 209000.0
2026-08-07 15:46:21.066 | DEBUG    | eval.evaluation.evaluation:metric_call:77 - metric_func_name number_near score 1.0 msg number near in range 5.0%, response: 308283.0, target: 307934.0
2026-08-07 15:46:21.066 | DEBUG    | eval.evaluation.evaluation:metric_call:77 - metric_func_name number_near score 1.0 msg number near in range 5.0%, response: 87940.0, target: 87940.0
2026-08-07 15:46:21.066 | DEBUG    | eval.evaluation.evaluation:metric_call:77 - metric_func_name number_near score 1.0 msg number near in range 5.0%, response: 18926.0, target: 18926.0
2026-08-07 15:46:21.067 | DEBUG    | eval.evaluation.evaluation:evaluate_single_query:321 - wide2deep_ws_en_020, col area, metric_func_name number_near, score [1.0, 1.0, 1.0, 1.0, 1.0, 1.0, 1.0, 1.0, 1.0, 1.0, 1.0, 1.0, 1.0, 1.0, 1.0, 1.0, 1.0, 1.0, 1.0, 1.0, 1.0, 1.0, 1.0, 1.0, 1.0, 1.0, 1.0]
2026-08-07 15:46:21.067 | DEBUG    | eval.evaluation.evaluation:metric_call:77 - metric_func_name exact_match score 1.0 msg exact match, response: 1978, target: 1978
2026-08-07 15:46:21.067 | DEBUG    | eval.evaluation.evaluation:metric_call:77 - metric_func_name exact_match score 1.0 msg exact match, response: 1979, target: 1979
2026-08-07 15:46:21.067 | DEBUG    | eval.evaluation.evaluation:metric_call:77 - metric_func_name exact_match score 1.0 msg exact match, response: 1983, target: 1983
2026-08-07 15:46:21.067 | DEBUG    | eval.evaluation.evaluation:metric_call:77 - metric_func_name exact_match score 1.0 msg exact match, response: 1984, target: 1984
2026-08-07 15:46:21.067 | DEBUG    | eval.evaluation.evaluation:metric_call:77 - metric_func_name exact_match score 1.0 msg exact match, response: 1987, target: 1987
2026-08-07 15:46:21.067 | DEBUG    | eval.evaluation.evaluation:metric_call:77 - metric_func_name exact_match score 1.0 msg exact match, response: 1995, target: 1995
2026-08-07 15:46:21.067 | DEBUG    | eval.evaluation.evaluation:metric_call:77 - metric_func_name exact_match score 1.0 msg exact match, response: 1999, target: 1999
2026-08-07 15:46:21.067 | DEBUG    | eval.evaluation.evaluation:metric_call:77 - metric_func_name exact_match score 1.0 msg exact match, response: 2008, target: 2008
2026-08-07 15:46:21.068 | DEBUG    | eval.evaluation.evaluation:metric_call:77 - metric_func_name exact_match score 1.0 msg exact match, response: 2016, target: 2016
2026-08-07 15:46:21.068 | DEBUG    | eval.evaluation.evaluation:metric_call:77 - metric_func_name exact_match score 1.0 msg exact match, response: 2023, target: 2023
2026-08-07 15:46:21.068 | DEBUG    | eval.evaluation.evaluation:metric_call:77 - metric_func_name exact_match score 1.0 msg exact match, response: 1987, target: 1987
2026-08-07 15:46:21.068 | DEBUG    | eval.evaluation.evaluation:metric_call:77 - metric_func_name exact_match score 1.0 msg exact match, response: 1993, target: 1993
2026-08-07 15:46:21.068 | DEBUG    | eval.evaluation.evaluation:metric_call:77 - metric_func_name exact_match score 1.0 msg exact match, response: 2005, target: 2005
2026-08-07 15:46:21.068 | DEBUG    | eval.evaluation.evaluation:metric_call:77 - metric_func_name exact_match score 1.0 msg exact match, response: 2008, target: 2008
2026-08-07 15:46:21.068 | DEBUG    | eval.evaluation.evaluation:metric_call:77 - metric_func_name exact_match score 1.0 msg exact match, response: 2013, target: 2013
2026-08-07 15:46:21.068 | DEBUG    | eval.evaluation.evaluation:metric_call:77 - metric_func_name exact_match score 1.0 msg exact match, response: 2016, target: 2016
2026-08-07 15:46:21.068 | DEBUG    | eval.evaluation.evaluation:metric_call:77 - metric_func_name exact_match score 1.0 msg exact match, response: 1978, target: 1978
2026-08-07 15:46:21.068 | DEBUG    | eval.evaluation.evaluation:metric_call:77 - metric_func_name exact_match score 1.0 msg exact match, response: 1979, target: 1979
2026-08-07 15:46:21.068 | DEBUG    | eval.evaluation.evaluation:metric_call:77 - metric_func_name exact_match score 1.0 msg exact match, response: 1979, target: 1979
2026-08-07 15:46:21.068 | DEBUG    | eval.evaluation.evaluation:metric_call:77 - metric_func_name exact_match score 1.0 msg exact match, response: 1979, target: 1979
2026-08-07 15:46:21.068 | DEBUG    | eval.evaluation.evaluation:metric_call:77 - metric_func_name exact_match score 1.0 msg exact match, response: 1980, target: 1980
2026-08-07 15:46:21.068 | DEBUG    | eval.evaluation.evaluation:metric_call:77 - metric_func_name exact_match score 1.0 msg exact match, response: 1981, target: 1981
2026-08-07 15:46:21.068 | DEBUG    | eval.evaluation.evaluation:metric_call:77 - metric_func_name exact_match score 1.0 msg exact match, response: 1981, target: 1981
2026-08-07 15:46:21.068 | DEBUG    | eval.evaluation.evaluation:metric_call:77 - metric_func_name exact_match score 1.0 msg exact match, response: 1983, target: 1983
2026-08-07 15:46:21.068 | DEBUG    | eval.evaluation.evaluation:metric_call:77 - metric_func_name exact_match score 1.0 msg exact match, response: 1984, target: 1984
2026-08-07 15:46:21.068 | DEBUG    | eval.evaluation.evaluation:metric_call:77 - metric_func_name exact_match score 1.0 msg exact match, response: 1987, target: 1987
2026-08-07 15:46:21.068 | DEBUG    | eval.evaluation.evaluation:metric_call:77 - metric_func_name exact_match score 1.0 msg exact match, response: 1995, target: 1995
2026-08-07 15:46:21.069 | DEBUG    | eval.evaluation.evaluation:evaluate_single_query:321 - wide2deep_ws_en_020, col yearofrecognition, metric_func_name exact_match, score [1.0, 1.0, 1.0, 1.0, 1.0, 1.0, 1.0, 1.0, 1.0, 1.0, 1.0, 1.0, 1.0, 1.0, 1.0, 1.0, 1.0, 1.0, 1.0, 1.0, 1.0, 1.0, 1.0, 1.0, 1.0, 1.0, 1.0]
2026-08-07 15:46:21.074 | INFO     | eval.evaluation.evaluation:evaluate_single_query:380 - wide2deep_ws_en_020, P/R/F1 by unique_columns: 1.0000/0.3333/0.5000
2026-08-07 15:46:21.076 | INFO     | eval.evaluation.evaluation:evaluate_single_query:383 - wide2deep_ws_en_020, P/R/F1 by row: 0.7407/0.2469/0.3704
2026-08-07 15:46:21.076 | INFO     | eval.evaluation.evaluation:evaluate_single_query:386 - wide2deep_ws_en_020, P/R/F1 by item: 0.9506/0.3169/0.4753
2026-08-07 15:46:21.079 | INFO     | eval.evaluation.evaluation:evaluate_single_query:398 - wide2deep_ws_en_020, final table score: 0.0
{"event": "eval_done", "idx": 2, "instance_id": "wide2deep_ws_en_020", "score": 0.0, "entity_acc": 1.0, "f1_by_row": 0.37037037037037035, "f1_by_item": 0.47530864197530864, "column_f1": 0.5, "error": null, "elapsed_seconds": 32.875, "running_n": 2}
2026-08-07 15:46:24.224 | DEBUG    | eval.evaluation.data_loader:extract_dataframe:167 - find markdown_str 
| Film Name | Release Date | Nominations | Awards |
| --- | --- ...
2026-08-07 15:46:27.245 | INFO     | eval.evaluation.metric_utils:primary_key_preprocess:246 - primary_key_preprocess result: ```json
{
  "filmname": "filmtitle",
  "releasedate": "releasedate",
  "nominations": "nominations",
  "awards": "awards"
}
```
2026-08-07 15:46:27.245 | INFO     | eval.evaluation.evaluation:evaluate_single_query:172 - column map: {'filmname': 'filmtitle', 'releasedate': 'releasedate', 'nominations': 'nominations', 'awards': 'awards'}
2026-08-07 15:46:27.246 | INFO     | eval.evaluation.evaluation:evaluate_single_query:173 - befor mapping: Index(['filmname', 'releasedate', 'nominations', 'awards'], dtype='object')
2026-08-07 15:46:27.246 | INFO     | eval.evaluation.evaluation:evaluate_single_query:175 - after mapping: Index(['filmtitle', 'releasedate', 'nominations', 'awards'], dtype='object')
2026-08-07 15:46:30.205 | INFO     | eval.evaluation.metric_utils:primary_key_preprocess:246 - primary_key_preprocess result: ```json
{
  "Fantasia 2000": "Fantasia 2000",
  "Dinosaur": "Dinosaur",
  "The Emperor's New Groove": "The Emperor's New Groove",
  "Atlantis: The Lost Empire": "Atlantis: The Lost Empire",
  "Lilo & Stitch": "Lilo & Stitch",
  "Treasure Planet": "Treasure Planet",
  "Brother Bear": "Brother Bear",
  "Home on the Range": "Home on the Range",
  "Chicken Little": "Chicken Little",
  "Meet the Robinsons": "Meet the Robinsons",
  "Bolt": "Bolt",
  "The Princess and the Frog": "The Princess and the Frog",
  "Tangled": "Tangled",
  "Winnie the Pooh": "Winnie the Pooh",
  "Wreck-It Ralph": "Wreck-It Ralph",
  "Frozen": "Frozen",
  "Big Hero 6": "Big Hero 6",
  "Zootopia": "Zootopia",
  "Moana": "Moana",
  "Ralph Breaks the Internet": "Ralph Breaks the Internet",
  "Frozen II": "Frozen II",
  "Raya and the Last Dragon": "Raya and the Last Dragon",
  "Encanto": "Encanto",
  "Strange World": "Strange World",
  "Wish": "Wish",
  "Moana 2": "Moana 2"
}
```
2026-08-07 15:46:30.205 | INFO     | eval.evaluation.evaluation:evaluate_single_query:223 - col: filmtitle, primary_key_map {'Fantasia 2000': 'Fantasia 2000', 'Dinosaur': 'Dinosaur', "The Emperor's New Groove": "The Emperor's New Groove", 'Atlantis: The Lost Empire': 'Atlantis: The Lost Empire', 'Lilo & Stitch': 'Lilo & Stitch', 'Treasure Planet': 'Treasure Planet', 'Brother Bear': 'Brother Bear', 'Home on the Range': 'Home on the Range', 'Chicken Little': 'Chicken Little', 'Meet the Robinsons': 'Meet the Robinsons', 'Bolt': 'Bolt', 'The Princess and the Frog': 'The Princess and the Frog', 'Tangled': 'Tangled', 'Winnie the Pooh': 'Winnie the Pooh', 'Wreck-It Ralph': 'Wreck-It Ralph', 'Frozen': 'Frozen', 'Big Hero 6': 'Big Hero 6', 'Zootopia': 'Zootopia', 'Moana': 'Moana', 'Ralph Breaks the Internet': 'Ralph Breaks the Internet', 'Frozen II': 'Frozen II', 'Raya and the Last Dragon': 'Raya and the Last Dragon', 'Encanto': 'Encanto', 'Strange World': 'Strange World', 'Wish': 'Wish', 'Moana 2': 'Moana 2'}
2026-08-07 15:46:30.301 | INFO     | eval.evaluation.evaluation:evaluate_single_query:275 - wide2deep_ws_en_057, df_inner shape: (26, 8), answer_df shape: (26, 4), response_df shape: (26, 5)
2026-08-07 15:46:30.304 | DEBUG    | eval.evaluation.evaluation:metric_call:77 - metric_func_name date_near score 1.0 msg date near, response: 2000-05-19 00:00:00, target: 2000-05-19 00:00:00
2026-08-07 15:46:30.306 | DEBUG    | eval.evaluation.evaluation:metric_call:77 - metric_func_name date_near score 1.0 msg date near, response: 2000-12-15 00:00:00, target: 2000-12-15 00:00:00
2026-08-07 15:46:30.308 | DEBUG    | eval.evaluation.evaluation:metric_call:77 - metric_func_name date_near score 1.0 msg date near, response: 2001-06-15 00:00:00, target: 2001-06-15 00:00:00
2026-08-07 15:46:30.310 | DEBUG    | eval.evaluation.evaluation:metric_call:77 - metric_func_name date_near score 1.0 msg date near, response: 2002-06-21 00:00:00, target: 2002-06-21 00:00:00
2026-08-07 15:46:30.312 | DEBUG    | eval.evaluation.evaluation:metric_call:77 - metric_func_name date_near score 1.0 msg date near, response: 2002-11-27 00:00:00, target: 2002-11-27 00:00:00
2026-08-07 15:46:30.314 | DEBUG    | eval.evaluation.evaluation:metric_call:77 - metric_func_name date_near score 1.0 msg date near, response: 2003-11-01 00:00:00, target: 2003-11-01 00:00:00
2026-08-07 15:46:30.316 | DEBUG    | eval.evaluation.evaluation:metric_call:77 - metric_func_name date_near score 1.0 msg date near, response: 2004-04-02 00:00:00, target: 2004-04-02 00:00:00
2026-08-07 15:46:30.318 | DEBUG    | eval.evaluation.evaluation:metric_call:77 - metric_func_name date_near score 1.0 msg date near, response: 2005-11-04 00:00:00, target: 2005-11-04 00:00:00
2026-08-07 15:46:30.320 | DEBUG    | eval.evaluation.evaluation:metric_call:77 - metric_func_name date_near score 1.0 msg date near, response: 2007-03-30 00:00:00, target: 2007-03-30 00:00:00
2026-08-07 15:46:30.322 | DEBUG    | eval.evaluation.evaluation:metric_call:77 - metric_func_name date_near score 1.0 msg date near, response: 2008-11-21 00:00:00, target: 2008-11-21 00:00:00
2026-08-07 15:46:30.325 | DEBUG    | eval.evaluation.evaluation:metric_call:77 - metric_func_name date_near score 1.0 msg date near, response: 2009-12-11 00:00:00, target: 2009-12-11 00:00:00
2026-08-07 15:46:30.327 | DEBUG    | eval.evaluation.evaluation:metric_call:77 - metric_func_name date_near score 1.0 msg date near, response: 2010-11-24 00:00:00, target: 2010-11-24 00:00:00
2026-08-07 15:46:30.329 | DEBUG    | eval.evaluation.evaluation:metric_call:77 - metric_func_name date_near score 1.0 msg date near, response: 2011-07-15 00:00:00, target: 2011-07-15 00:00:00
2026-08-07 15:46:30.331 | DEBUG    | eval.evaluation.evaluation:metric_call:77 - metric_func_name date_near score 1.0 msg date near, response: 2012-11-02 00:00:00, target: 2012-11-02 00:00:00
2026-08-07 15:46:30.333 | DEBUG    | eval.evaluation.evaluation:metric_call:77 - metric_func_name date_near score 1.0 msg date near, response: 2013-11-27 00:00:00, target: 2013-11-27 00:00:00
2026-08-07 15:46:30.335 | DEBUG    | eval.evaluation.evaluation:metric_call:77 - metric_func_name date_near score 1.0 msg date near, response: 2014-11-07 00:00:00, target: 2014-11-07 00:00:00
2026-08-07 15:46:30.337 | DEBUG    | eval.evaluation.evaluation:metric_call:77 - metric_func_name date_near score 1.0 msg date near, response: 2016-03-04 00:00:00, target: 2016-03-04 00:00:00
2026-08-07 15:46:30.339 | DEBUG    | eval.evaluation.evaluation:metric_call:77 - metric_func_name date_near score 1.0 msg date near, response: 2016-11-23 00:00:00, target: 2016-11-23 00:00:00
2026-08-07 15:46:30.341 | DEBUG    | eval.evaluation.evaluation:metric_call:77 - metric_func_name date_near score 1.0 msg date near, response: 2018-11-21 00:00:00, target: 2018-11-21 00:00:00
2026-08-07 15:46:30.343 | DEBUG    | eval.evaluation.evaluation:metric_call:77 - metric_func_name date_near score 1.0 msg date near, response: 2019-11-22 00:00:00, target: 2019-11-22 00:00:00
2026-08-07 15:46:30.345 | DEBUG    | eval.evaluation.evaluation:metric_call:77 - metric_func_name date_near score 1.0 msg date near, response: 2021-03-05 00:00:00, target: 2021-03-05 00:00:00
2026-08-07 15:46:30.347 | DEBUG    | eval.evaluation.evaluation:metric_call:77 - metric_func_name date_near score 1.0 msg date near, response: 2021-11-24 00:00:00, target: 2021-11-24 00:00:00
2026-08-07 15:46:30.349 | DEBUG    | eval.evaluation.evaluation:metric_call:77 - metric_func_name date_near score 1.0 msg date near, response: 2022-11-23 00:00:00, target: 2022-11-23 00:00:00
2026-08-07 15:46:30.351 | DEBUG    | eval.evaluation.evaluation:metric_call:77 - metric_func_name date_near score 1.0 msg date near, response: 2023-11-22 00:00:00, target: 2023-11-22 00:00:00
2026-08-07 15:46:30.353 | DEBUG    | eval.evaluation.evaluation:metric_call:77 - metric_func_name date_near score 1.0 msg date near, response: 2024-11-27 00:00:00, target: 2024-11-27 00:00:00
2026-08-07 15:46:30.356 | DEBUG    | eval.evaluation.evaluation:metric_call:77 - metric_func_name date_near score 1.0 msg date near, response: 2000-06-16 00:00:00, target: 2000-06-16 00:00:00
2026-08-07 15:46:30.356 | DEBUG    | eval.evaluation.evaluation:evaluate_single_query:321 - wide2deep_ws_en_057, col releasedate, metric_func_name date_near, score [1.0, 1.0, 1.0, 1.0, 1.0, 1.0, 1.0, 1.0, 1.0, 1.0, 1.0, 1.0, 1.0, 1.0, 1.0, 1.0, 1.0, 1.0, 1.0, 1.0, 1.0, 1.0, 1.0, 1.0, 1.0, 1.0]
2026-08-07 15:46:41.372 | DEBUG    | eval.evaluation.evaluation:evaluate_single_query:321 - wide2deep_ws_en_057, col nominations, metric_func_name llm_judge, score [1, 1, 0, 1, 0, 1, 0, 1, 0, 1, 1, 1, 0, 1, 0, 1, 0, 1, 1, 1, 1, 1, 0, 1, 1, 1]
2026-08-07 15:46:46.608 | DEBUG    | eval.evaluation.evaluation:evaluate_single_query:321 - wide2deep_ws_en_057, col awards, metric_func_name llm_judge, score [0, 0, 1, 0, 1, 1, 1, 0, 1, 1, 1, 0, 1, 0, 0, 0, 0, 0, 0, 0, 0, 0, 1, 0, 0, 0]
2026-08-07 15:46:46.612 | INFO     | eval.evaluation.evaluation:evaluate_single_query:380 - wide2deep_ws_en_057, P/R/F1 by unique_columns: 1.0000/1.0000/1.0000
2026-08-07 15:46:46.612 | INFO     | eval.evaluation.evaluation:evaluate_single_query:383 - wide2deep_ws_en_057, P/R/F1 by row: 0.1154/0.1154/0.1154
2026-08-07 15:46:46.613 | INFO     | eval.evaluation.evaluation:evaluate_single_query:386 - wide2deep_ws_en_057, P/R/F1 by item: 0.7596/0.7596/0.7596
2026-08-07 15:46:46.614 | INFO     | eval.evaluation.evaluation:evaluate_single_query:398 - wide2deep_ws_en_057, final table score: 0.0
{"event": "eval_done", "idx": 3, "instance_id": "wide2deep_ws_en_057", "score": 0.0, "entity_acc": 1.0, "f1_by_row": 0.11538461538461539, "f1_by_item": 0.7596153846153846, "column_f1": 1.0, "error": null, "elapsed_seconds": 25.515, "running_n": 3}
2026-08-07 15:46:48.148 | DEBUG    | eval.evaluation.data_loader:extract_dataframe:167 - find markdown_str 
| 时间 | 全国旅客总发送量/万人 | 全国旅客总发送量相比上年同期增长% | 全国旅客总周转量/亿人公里 | 全国旅客总周 ...
2026-08-07 15:46:52.320 | INFO     | eval.evaluation.metric_utils:primary_key_preprocess:246 - primary_key_preprocess result: ```json
{
  "2024年1月": "2024年1月",
  "2024年2月": "2024年2月",
  "2024年3月": "2024年3月",
  "2024年4月": "2024年4月",
  "2024年5月": "2024年5月",
  "2024年6月": "2024年6月",
  "2024年7月": "2024年7月",
  "2024年8月": "2024年8月",
  "2024年9月": "2024年9月",
  "2024年10月": "2024年10月",
  "2024年11月": "2024年11月",
  "2024年12月": "2024年12月"
}
```
2026-08-07 15:46:52.320 | INFO     | eval.evaluation.evaluation:evaluate_single_query:223 - col: 时间, primary_key_map {'2024年1月': '2024年1月', '2024年2月': '2024年2月', '2024年3月': '2024年3月', '2024年4月': '2024年4月', '2024年5月': '2024年5月', '2024年6月': '2024年6月', '2024年7月': '2024年7月', '2024年8月': '2024年8月', '2024年9月': '2024年9月', '2024年10月': '2024年10月', '2024年11月': '2024年11月', '2024年12月': '2024年12月'}
2026-08-07 15:46:52.327 | INFO     | eval.evaluation.evaluation:evaluate_single_query:275 - wide2deep_ws_zh_017, df_inner shape: (12, 18), answer_df shape: (37, 9), response_df shape: (12, 10)
2026-08-07 15:46:52.327 | DEBUG    | eval.evaluation.evaluation:metric_call:77 - metric_func_name number_near score 0.0 msg number not convertable, response: None, target: 32876.0
2026-08-07 15:46:52.327 | DEBUG    | eval.evaluation.evaluation:metric_call:77 - metric_func_name number_near score 0.0 msg number not convertable, response: None, target: 36437.0
2026-08-07 15:46:52.327 | DEBUG    | eval.evaluation.evaluation:metric_call:77 - metric_func_name number_near score 0.0 msg number not convertable, response: None, target: 32120.0
2026-08-07 15:46:52.327 | DEBUG    | eval.evaluation.evaluation:metric_call:77 - metric_func_name number_near score 0.0 msg number not convertable, response: None, target: 36015.0
2026-08-07 15:46:52.327 | DEBUG    | eval.evaluation.evaluation:metric_call:77 - metric_func_name number_near score 0.0 msg number not convertable, response: None, target: 36091.0
2026-08-07 15:46:52.328 | DEBUG    | eval.evaluation.evaluation:metric_call:77 - metric_func_name number_near score 0.0 msg number not convertable, response: None, target: 36030.0
2026-08-07 15:46:52.328 | DEBUG    | eval.evaluation.evaluation:metric_call:77 - metric_func_name number_near score 0.0 msg number not convertable, response: None, target: 42670.0
2026-08-07 15:46:52.328 | DEBUG    | eval.evaluation.evaluation:metric_call:77 - metric_func_name number_near score 0.0 msg number not convertable, response: None, target: 47395.0
2026-08-07 15:46:52.328 | DEBUG    | eval.evaluation.evaluation:metric_call:77 - metric_func_name number_near score 0.0 msg number not convertable, response: None, target: 34166.0
2026-08-07 15:46:52.328 | DEBUG    | eval.evaluation.evaluation:metric_call:77 - metric_func_name number_near score 0.0 msg number not convertable, response: None, target: 37269.0
2026-08-07 15:46:52.328 | DEBUG    | eval.evaluation.evaluation:metric_call:77 - metric_func_name number_near score 0.0 msg number not convertable, response: None, target: 30423.0
2026-08-07 15:46:52.328 | DEBUG    | eval.evaluation.evaluation:metric_call:77 - metric_func_name number_near score 0.0 msg number not near, response: 431200.0, target: 29747.0
2026-08-07 15:46:52.328 | DEBUG    | eval.evaluation.evaluation:evaluate_single_query:321 - wide2deep_ws_zh_017, col 全国旅客总发送量/万人, metric_func_name number_near, score [0.0, 0.0, 0.0, 0.0, 0.0, 0.0, 0.0, 0.0, 0.0, 0.0, 0.0, 0.0]
2026-08-07 15:46:52.328 | DEBUG    | eval.evaluation.evaluation:metric_call:77 - metric_func_name number_near score 0.0 msg number not convertable, response: None, target: 39.3
2026-08-07 15:46:52.329 | DEBUG    | eval.evaluation.evaluation:metric_call:77 - metric_func_name number_near score 0.0 msg number not convertable, response: None, target: 33.5
2026-08-07 15:46:52.329 | DEBUG    | eval.evaluation.evaluation:metric_call:77 - metric_func_name number_near score 0.0 msg number not convertable, response: None, target: 14.6
2026-08-07 15:46:52.329 | DEBUG    | eval.evaluation.evaluation:metric_call:77 - metric_func_name number_near score 0.0 msg number not convertable, response: None, target: 9.6
2026-08-07 15:46:52.329 | DEBUG    | eval.evaluation.evaluation:metric_call:77 - metric_func_name number_near score 0.0 msg number not convertable, response: None, target: 10.8
2026-08-07 15:46:52.329 | DEBUG    | eval.evaluation.evaluation:metric_call:77 - metric_func_name number_near score 0.0 msg number not convertable, response: None, target: 10.2
2026-08-07 15:46:52.329 | DEBUG    | eval.evaluation.evaluation:metric_call:77 - metric_func_name number_near score 0.0 msg number not convertable, response: None, target: 4.3
2026-08-07 15:46:52.329 | DEBUG    | eval.evaluation.evaluation:metric_call:77 - metric_func_name number_near score 0.0 msg number not convertable, response: None, target: 10.6
2026-08-07 15:46:52.329 | DEBUG    | eval.evaluation.evaluation:metric_call:77 - metric_func_name number_near score 0.0 msg number not convertable, response: None, target: 5.1
2026-08-07 15:46:52.329 | DEBUG    | eval.evaluation.evaluation:metric_call:77 - metric_func_name number_near score 0.0 msg number not convertable, response: None, target: 6.0
2026-08-07 15:46:52.329 | DEBUG    | eval.evaluation.evaluation:metric_call:77 - metric_func_name number_near score 0.0 msg number not convertable, response: None, target: 8.8
2026-08-07 15:46:52.329 | DEBUG    | eval.evaluation.evaluation:metric_call:77 - metric_func_name number_near score 0.0 msg number not near, response: 11.9, target: 2.6
2026-08-07 15:46:52.330 | DEBUG    | eval.evaluation.evaluation:evaluate_single_query:321 - wide2deep_ws_zh_017, col 全国旅客总发送量相比上年同期增长%, metric_func_name number_near, score [0.0, 0.0, 0.0, 0.0, 0.0, 0.0, 0.0, 0.0, 0.0, 0.0, 0.0, 0.0]
2026-08-07 15:46:52.330 | DEBUG    | eval.evaluation.evaluation:metric_call:77 - metric_func_name number_near score 0.0 msg number not convertable, response: None, target: 1229.38
2026-08-07 15:46:52.330 | DEBUG    | eval.evaluation.evaluation:metric_call:77 - metric_func_name number_near score 0.0 msg number not convertable, response: None, target: 1585.37
2026-08-07 15:46:52.330 | DEBUG    | eval.evaluation.evaluation:metric_call:77 - metric_func_name number_near score 0.0 msg number not convertable, response: None, target: 1136.21
2026-08-07 15:46:52.330 | DEBUG    | eval.evaluation.evaluation:metric_call:77 - metric_func_name number_near score 0.0 msg number not convertable, response: None, target: 1283.65
2026-08-07 15:46:52.330 | DEBUG    | eval.evaluation.evaluation:metric_call:77 - metric_func_name number_near score 0.0 msg number not convertable, response: None, target: 1276.19
2026-08-07 15:46:52.330 | DEBUG    | eval.evaluation.evaluation:metric_call:77 - metric_func_name number_near score 0.0 msg number not convertable, response: None, target: 1268.7
2026-08-07 15:46:52.330 | DEBUG    | eval.evaluation.evaluation:metric_call:77 - metric_func_name number_near score 0.0 msg number not convertable, response: None, target: 1675.02
2026-08-07 15:46:52.330 | DEBUG    | eval.evaluation.evaluation:metric_call:77 - metric_func_name number_near score 0.0 msg number not convertable, response: None, target: 1871.74
2026-08-07 15:46:52.330 | DEBUG    | eval.evaluation.evaluation:metric_call:77 - metric_func_name number_near score 0.0 msg number not convertable, response: None, target: 1229.46
2026-08-07 15:46:52.330 | DEBUG    | eval.evaluation.evaluation:metric_call:77 - metric_func_name number_near score 0.0 msg number not convertable, response: None, target: 1303.52
2026-08-07 15:46:52.330 | DEBUG    | eval.evaluation.evaluation:metric_call:77 - metric_func_name number_near score 0.0 msg number not convertable, response: None, target: 981.35
2026-08-07 15:46:52.330 | DEBUG    | eval.evaluation.evaluation:metric_call:77 - metric_func_name number_near score 0.0 msg number not near, response: 15799.0, target: 958.49
2026-08-07 15:46:52.331 | DEBUG    | eval.evaluation.evaluation:evaluate_single_query:321 - wide2deep_ws_zh_017, col 全国旅客总周转量/亿人公里, metric_func_name number_near, score [0.0, 0.0, 0.0, 0.0, 0.0, 0.0, 0.0, 0.0, 0.0, 0.0, 0.0, 0.0]
2026-08-07 15:46:52.331 | DEBUG    | eval.evaluation.evaluation:metric_call:77 - metric_func_name number_near score 0.0 msg number not convertable, response: None, target: 19.2
2026-08-07 15:46:52.331 | DEBUG    | eval.evaluation.evaluation:metric_call:77 - metric_func_name number_near score 0.0 msg number not convertable, response: None, target: 43.2
2026-08-07 15:46:52.331 | DEBUG    | eval.evaluation.evaluation:metric_call:77 - metric_func_name number_near score 0.0 msg number not convertable, response: None, target: 8.9
2026-08-07 15:46:52.331 | DEBUG    | eval.evaluation.evaluation:metric_call:77 - metric_func_name number_near score 0.0 msg number not convertable, response: None, target: 4.9
2026-08-07 15:46:52.331 | DEBUG    | eval.evaluation.evaluation:metric_call:77 - metric_func_name number_near score 0.0 msg number not convertable, response: None, target: 6.2
2026-08-07 15:46:52.331 | DEBUG    | eval.evaluation.evaluation:metric_call:77 - metric_func_name number_near score 0.0 msg number not convertable, response: None, target: 5.0
2026-08-07 15:46:52.331 | DEBUG    | eval.evaluation.evaluation:metric_call:77 - metric_func_name number_near score 0.0 msg number not convertable, response: None, target: -3.2
2026-08-07 15:46:52.331 | DEBUG    | eval.evaluation.evaluation:metric_call:77 - metric_func_name number_near score 0.0 msg number not convertable, response: None, target: 6.7
2026-08-07 15:46:52.331 | DEBUG    | eval.evaluation.evaluation:metric_call:77 - metric_func_name number_near score 0.0 msg number not convertable, response: None, target: -1.3
2026-08-07 15:46:52.331 | DEBUG    | eval.evaluation.evaluation:metric_call:77 - metric_func_name number_near score 0.0 msg number not convertable, response: None, target: 2.8
2026-08-07 15:46:52.331 | DEBUG    | eval.evaluation.evaluation:metric_call:77 - metric_func_name number_near score 0.0 msg number not convertable, response: None, target: 2.5
2026-08-07 15:46:52.331 | DEBUG    | eval.evaluation.evaluation:metric_call:77 - metric_func_name number_near score 0.0 msg number not near, response: 7.3, target: 0.0
2026-08-07 15:46:52.332 | DEBUG    | eval.evaluation.evaluation:evaluate_single_query:321 - wide2deep_ws_zh_017, col 全国旅客总周转量相比上年同期增长%, metric_func_name number_near, score [0.0, 0.0, 0.0, 0.0, 0.0, 0.0, 0.0, 0.0, 0.0, 0.0, 0.0, 0.0]
2026-08-07 15:46:52.332 | DEBUG    | eval.evaluation.evaluation:metric_call:77 - metric_func_name number_near score 0.0 msg number not convertable, response: None, target: 43486.0
2026-08-07 15:46:52.332 | DEBUG    | eval.evaluation.evaluation:metric_call:77 - metric_func_name number_near score 0.0 msg number not convertable, response: None, target: 37101.0
2026-08-07 15:46:52.332 | DEBUG    | eval.evaluation.evaluation:metric_call:77 - metric_func_name number_near score 0.0 msg number not convertable, response: None, target: 43502.0
2026-08-07 15:46:52.332 | DEBUG    | eval.evaluation.evaluation:metric_call:77 - metric_func_name number_near score 0.0 msg number not convertable, response: None, target: 40759.0
2026-08-07 15:46:52.333 | DEBUG    | eval.evaluation.evaluation:metric_call:77 - metric_func_name number_near score 0.0 msg number not convertable, response: None, target: 43669.0
2026-08-07 15:46:52.333 | DEBUG    | eval.evaluation.evaluation:metric_call:77 - metric_func_name number_near score 0.0 msg number not convertable, response: None, target: 42782.0
2026-08-07 15:46:52.333 | DEBUG    | eval.evaluation.evaluation:metric_call:77 - metric_func_name number_near score 0.0 msg number not convertable, response: None, target: 43229.0
2026-08-07 15:46:52.333 | DEBUG    | eval.evaluation.evaluation:metric_call:77 - metric_func_name number_near score 0.0 msg number not convertable, response: None, target: 43285.0
2026-08-07 15:46:52.333 | DEBUG    | eval.evaluation.evaluation:metric_call:77 - metric_func_name number_near score 0.0 msg number not convertable, response: None, target: 42701.0
2026-08-07 15:46:52.333 | DEBUG    | eval.evaluation.evaluation:metric_call:77 - metric_func_name number_near score 0.0 msg number not convertable, response: None, target: 45537.0
2026-08-07 15:46:52.333 | DEBUG    | eval.evaluation.evaluation:metric_call:77 - metric_func_name number_near score 0.0 msg number not convertable, response: None, target: 45496.0
2026-08-07 15:46:52.333 | DEBUG    | eval.evaluation.evaluation:metric_call:77 - metric_func_name number_near score 0.0 msg number not near, response: 517500.0, target: 45929.0
2026-08-07 15:46:52.333 | DEBUG    | eval.evaluation.evaluation:evaluate_single_query:321 - wide2deep_ws_zh_017, col 全国货运总发送量/万吨, metric_func_name number_near, score [0.0, 0.0, 0.0, 0.0, 0.0, 0.0, 0.0, 0.0, 0.0, 0.0, 0.0, 0.0]
2026-08-07 15:46:52.334 | DEBUG    | eval.evaluation.evaluation:metric_call:77 - metric_func_name number_near score 0.0 msg number not convertable, response: None, target: 5.3
2026-08-07 15:46:52.334 | DEBUG    | eval.evaluation.evaluation:metric_call:77 - metric_func_name number_near score 0.0 msg number not convertable, response: None, target: -6.5
2026-08-07 15:46:52.334 | DEBUG    | eval.evaluation.evaluation:metric_call:77 - metric_func_name number_near score 0.0 msg number not convertable, response: None, target: -2.7
2026-08-07 15:46:52.334 | DEBUG    | eval.evaluation.evaluation:metric_call:77 - metric_func_name number_near score 0.0 msg number not convertable, response: None, target: -1.9
2026-08-07 15:46:52.334 | DEBUG    | eval.evaluation.evaluation:metric_call:77 - metric_func_name number_near score 0.0 msg number not convertable, response: None, target: 3.4
2026-08-07 15:46:52.334 | DEBUG    | eval.evaluation.evaluation:metric_call:77 - metric_func_name number_near score 0.0 msg number not convertable, response: None, target: 6.4
2026-08-07 15:46:52.334 | DEBUG    | eval.evaluation.evaluation:metric_call:77 - metric_func_name number_near score 0.0 msg number not convertable, response: None, target: 4.2
2026-08-07 15:46:52.334 | DEBUG    | eval.evaluation.evaluation:metric_call:77 - metric_func_name number_near score 0.0 msg number not convertable, response: None, target: 5.4
2026-08-07 15:46:52.334 | DEBUG    | eval.evaluation.evaluation:metric_call:77 - metric_func_name number_near score 0.0 msg number not convertable, response: None, target: 3.4
2026-08-07 15:46:52.334 | DEBUG    | eval.evaluation.evaluation:metric_call:77 - metric_func_name number_near score 0.0 msg number not convertable, response: None, target: 4.3
2026-08-07 15:46:52.334 | DEBUG    | eval.evaluation.evaluation:metric_call:77 - metric_func_name number_near score 0.0 msg number not convertable, response: None, target: 6.4
2026-08-07 15:46:52.334 | DEBUG    | eval.evaluation.evaluation:metric_call:77 - metric_func_name number_near score 0.0 msg number not near, response: 2.8, target: 5.4
2026-08-07 15:46:52.335 | DEBUG    | eval.evaluation.evaluation:evaluate_single_query:321 - wide2deep_ws_zh_017, col 全国货运总发送量相比上年同期增长%, metric_func_name number_near, score [0.0, 0.0, 0.0, 0.0, 0.0, 0.0, 0.0, 0.0, 0.0, 0.0, 0.0, 0.0]
2026-08-07 15:46:52.335 | DEBUG    | eval.evaluation.evaluation:metric_call:77 - metric_func_name number_near score 0.0 msg number not convertable, response: None, target: 3125.51
2026-08-07 15:46:52.335 | DEBUG    | eval.evaluation.evaluation:metric_call:77 - metric_func_name number_near score 0.0 msg number not convertable, response: None, target: 2562.11
2026-08-07 15:46:52.335 | DEBUG    | eval.evaluation.evaluation:metric_call:77 - metric_func_name number_near score 0.0 msg number not convertable, response: None, target: 3039.45
2026-08-07 15:46:52.335 | DEBUG    | eval.evaluation.evaluation:metric_call:77 - metric_func_name number_near score 0.0 msg number not convertable, response: None, target: 2785.95
2026-08-07 15:46:52.335 | DEBUG    | eval.evaluation.evaluation:metric_call:77 - metric_func_name number_near score 0.0 msg number not convertable, response: None, target: 3013.68
2026-08-07 15:46:52.335 | DEBUG    | eval.evaluation.evaluation:metric_call:77 - metric_func_name number_near score 0.0 msg number not convertable, response: None, target: 2944.4
2026-08-07 15:46:52.335 | DEBUG    | eval.evaluation.evaluation:metric_call:77 - metric_func_name number_near score 0.0 msg number not convertable, response: None, target: 2857.21
2026-08-07 15:46:52.335 | DEBUG    | eval.evaluation.evaluation:metric_call:77 - metric_func_name number_near score 0.0 msg number not convertable, response: None, target: 2911.91
2026-08-07 15:46:52.335 | DEBUG    | eval.evaluation.evaluation:metric_call:77 - metric_func_name number_near score 0.0 msg number not convertable, response: None, target: 2922.98
2026-08-07 15:46:52.335 | DEBUG    | eval.evaluation.evaluation:metric_call:77 - metric_func_name number_near score 0.0 msg number not convertable, response: None, target: 3194.46
2026-08-07 15:46:52.335 | DEBUG    | eval.evaluation.evaluation:metric_call:77 - metric_func_name number_near score 0.0 msg number not convertable, response: None, target: 3245.21
2026-08-07 15:46:52.335 | DEBUG    | eval.evaluation.evaluation:metric_call:77 - metric_func_name number_near score 0.0 msg number not near, response: 35862.0, target: 3259.03
2026-08-07 15:46:52.336 | DEBUG    | eval.evaluation.evaluation:evaluate_single_query:321 - wide2deep_ws_zh_017, col 全国货运总周转量/亿吨公里, metric_func_name number_near, score [0.0, 0.0, 0.0, 0.0, 0.0, 0.0, 0.0, 0.0, 0.0, 0.0, 0.0, 0.0]
2026-08-07 15:46:52.336 | DEBUG    | eval.evaluation.evaluation:metric_call:77 - metric_func_name number_near score 0.0 msg number not convertable, response: None, target: 4.0
2026-08-07 15:46:52.336 | DEBUG    | eval.evaluation.evaluation:metric_call:77 - metric_func_name number_near score 0.0 msg number not convertable, response: None, target: -12.0
2026-08-07 15:46:52.336 | DEBUG    | eval.evaluation.evaluation:metric_call:77 - metric_func_name number_near score 0.0 msg number not convertable, response: None, target: -6.6
2026-08-07 15:46:52.336 | DEBUG    | eval.evaluation.evaluation:metric_call:77 - metric_func_name number_near score 0.0 msg number not convertable, response: None, target: -6.4
2026-08-07 15:46:52.336 | DEBUG    | eval.evaluation.evaluation:metric_call:77 - metric_func_name number_near score 0.0 msg number not convertable, response: None, target: 0.1
2026-08-07 15:46:52.336 | DEBUG    | eval.evaluation.evaluation:metric_call:77 - metric_func_name number_near score 0.0 msg number not convertable, response: None, target: 4.1
2026-08-07 15:46:52.336 | DEBUG    | eval.evaluation.evaluation:metric_call:77 - metric_func_name number_near score 0.0 msg number not convertable, response: None, target: -4.2
2026-08-07 15:46:52.336 | DEBUG    | eval.evaluation.evaluation:metric_call:77 - metric_func_name number_near score 0.0 msg number not convertable, response: None, target: -2.3
2026-08-07 15:46:52.336 | DEBUG    | eval.evaluation.evaluation:metric_call:77 - metric_func_name number_near score 0.0 msg number not convertable, response: None, target: -2.5
2026-08-07 15:46:52.336 | DEBUG    | eval.evaluation.evaluation:metric_call:77 - metric_func_name number_near score 0.0 msg number not convertable, response: None, target: 0.2
2026-08-07 15:46:52.336 | DEBUG    | eval.evaluation.evaluation:metric_call:77 - metric_func_name number_near score 0.0 msg number not convertable, response: None, target: 2.4
2026-08-07 15:46:52.337 | DEBUG    | eval.evaluation.evaluation:metric_call:77 - metric_func_name number_near score 0.0 msg number not near, response: -1.6, target: 3.3
2026-08-07 15:46:52.338 | DEBUG    | eval.evaluation.evaluation:evaluate_single_query:321 - wide2deep_ws_zh_017, col 全国货运总周转量相比上年同期增长%, metric_func_name number_near, score [0.0, 0.0, 0.0, 0.0, 0.0, 0.0, 0.0, 0.0, 0.0, 0.0, 0.0, 0.0]
2026-08-07 15:46:52.342 | INFO     | eval.evaluation.evaluation:evaluate_single_query:380 - wide2deep_ws_zh_017, P/R/F1 by unique_columns: 1.0000/0.3243/0.4898
2026-08-07 15:46:52.342 | INFO     | eval.evaluation.evaluation:evaluate_single_query:383 - wide2deep_ws_zh_017, P/R/F1 by row: 0.0000/0.0000/0.0000
2026-08-07 15:46:52.342 | INFO     | eval.evaluation.evaluation:evaluate_single_query:386 - wide2deep_ws_zh_017, P/R/F1 by item: 0.1111/0.0360/0.0544
2026-08-07 15:46:52.346 | INFO     | eval.evaluation.evaluation:evaluate_single_query:398 - wide2deep_ws_zh_017, final table score: 0.0
{"event": "eval_done", "idx": 4, "instance_id": "wide2deep_ws_zh_017", "score": 0.0, "entity_acc": 1.0, "f1_by_row": 0.0, "f1_by_item": 0.054421768707483, "column_f1": 0.489795918367347, "error": null, "elapsed_seconds": 5.715, "running_n": 4}
2026-08-07 15:46:55.000 | DEBUG    | eval.evaluation.data_loader:extract_dataframe:167 - find markdown_str 
| 案件发生日期 | 所在州 | 发生场所(学校) | 凶手姓名 | 凶手身份 | 凶手年龄(行凶时) | 凶手结局 | 死亡 ...
2026-08-07 15:47:05.470 | INFO     | eval.evaluation.metric_utils:primary_key_preprocess:246 - primary_key_preprocess result: ```json
{
  "2010/02/12": "2010/02/12",
  "2011/01/05": "2011/01/05",
  "2011/12/08": "2011/12/08",
  "2012/02/27": "2012/02/27",
  "2012/04/02": "2012/04/02",
  "2012/12/14": "2012/12/14",
  "2013/01/15": "2013/01/15",
  "2013/06/07": "2013/06/07",
  "2013/10/21": "2013/10/21",
  "2014/01/21": "2014/01/21",
  "2014/06/05": "2014/06/05",
  "2014/06/10": "2014/06/10",
  "2014/10/24": "2014/10/24",
  "2015/10/01": "2015/10/01",
  "2015/10/09": "2015/10/09",
  "2017/04/10": "2017/04/10",
  "2017/09/13": "2017/09/13",
  "2017/12/07": "2017/12/07",
  "2018/01/23": "2018/01/23",
  "2018/02/14": "2018/02/14",
  "2018/03/02": "2018/03/02",
  "2018/05/18": "2018/05/18",
  "2018/10/29": "2018/10/29",
  "2019/04/30": "2019/04/30",
  "2019/05/07": "2019/05/07",
  "2019/11/14": "2019/11/14",
  "2020/02/03": "2020/02/03",
  "2021/04/12": "2021/04/12",
  "2021/11/30": "2021/11/30",
  "2022/02/01": "2022/02/01",
  "2022/05/24": "2022/05/24",
  "2022/09/30": "2022/09/30",
  "2022/10/24": "2022/10/24",
  "2022/11/13": "2022/11/13",
  "2023/02/13": "2023/02/13",
  "2023/03/27": "2023/03/27",
  "2023/08/28": "2023/08/28",
  "2024/01/04": "2024/01/04",
  "2024/09/04": "2024/09/04"
}
```
2026-08-07 15:47:05.471 | INFO     | eval.evaluation.evaluation:evaluate_single_query:223 - col: 案件发生日期, primary_key_map {'2010/02/12': '2010/02/12', '2011/01/05': '2011/01/05', '2011/12/08': '2011/12/08', '2012/02/27': '2012/02/27', '2012/04/02': '2012/04/02', '2012/12/14': '2012/12/14', '2013/01/15': '2013/01/15', '2013/06/07': '2013/06/07', '2013/10/21': '2013/10/21', '2014/01/21': '2014/01/21', '2014/06/05': '2014/06/05', '2014/06/10': '2014/06/10', '2014/10/24': '2014/10/24', '2015/10/01': '2015/10/01', '2015/10/09': '2015/10/09', '2017/04/10': '2017/04/10', '2017/09/13': '2017/09/13', '2017/12/07': '2017/12/07', '2018/01/23': '2018/01/23', '2018/02/14': '2018/02/14', '2018/03/02': '2018/03/02', '2018/05/18': '2018/05/18', '2018/10/29': '2018/10/29', '2019/04/30': '2019/04/30', '2019/05/07': '2019/05/07', '2019/11/14': '2019/11/14', '2020/02/03': '2020/02/03', '2021/04/12': '2021/04/12', '2021/11/30': '2021/11/30', '2022/02/01': '2022/02/01', '2022/05/24': '2022/05/24', '2022/09/30': '2022/09/30', '2022/10/24': '2022/10/24', '2022/11/13': '2022/11/13', '2023/02/13': '2023/02/13', '2023/03/27': '2023/03/27', '2023/08/28': '2023/08/28', '2024/01/04': '2024/01/04', '2024/09/04': '2024/09/04'}
2026-08-07 15:47:27.856 | INFO     | eval.evaluation.metric_utils:primary_key_preprocess:246 - primary_key_preprocess result: ```json
{
  "阿拉巴马大学亨茨维尔分校": "阿拉巴马大学亨茨维尔分校",
  "米勒德南高中（Millard South High School）": "米拉德南部高中",
  "弗吉尼亚理工学院暨州立大学": "弗吉尼亚理工大学",
  "查ardon高中（Chardon High School）": "查顿高中",
  "奥伊科斯大学（Oikos University）": "奥伊科斯大学",
  "桑迪胡克小学（Sandy Hook Elementary School）": "桑迪胡克小学",
  "哈泽德社区与技术学院（Hazard Community and Technical College）": "哈泽德社区与技术学院",
  "圣莫尼卡学院": "圣莫尼卡学院",
  "斯帕克斯中学（Sparks Middle School）": "美国内华达Sparks中学",
  "普渡大学": "普渡大学",
  "西雅图太平洋大学": "西雅图太平洋大学",
  "雷诺兹高中（Reynolds High School）": "美国西北部俄勒冈州雷诺兹中学",
  "玛丽斯维尔－皮尔查克高中（Marysville Pilchuck High School）": "美国西北部华盛顿州西雅图市以北的Marysville-Pilchuck中学",
  "安普夸社区学院（Umpqua Community College）": "安普夸社区学院",
  "北亚利桑那大学": "北亚利桑那大学",
  "北园小学（North Park Elementary School）": "加利福尼亚州圣贝纳迪诺北园小学",
  "弗里曼高中（Freeman High School）": "佛里曼高中",
  "阿兹特克高中（Aztec High School）": "阿兹特克高中",
  "马歇尔县高中（Marshall County High School）": "马歇尔高级中学",
  "玛乔丽·斯通曼·道格拉斯高中（Marjory Stoneman Douglas High School）": "帕克兰道格拉斯高中",
  "中密歇根大学": "中密歇根大学",
  "圣菲高中（Santa Fe High School）": "圣达菲高中",
  "巴特勒高中（Butler High School）": "巴特勒高中",
  "北卡罗来纳大学夏洛特分校": "美国北卡罗来纳大学夏洛特分校",
  "STEM学校高地牧场校区（STEM School Highlands Ranch）": "高地牧场STEM学校",
  "索格斯高中（Saugus High School）": "索格斯高中",
  "得克萨斯农工大学康莫斯分校": "农工大学康莫斯分校的宿舍楼内",
  "奥斯汀－伊斯特磁石高中（Austin-East Magnet High School）": "诺克斯维尔市一所高中",
  "牛津高中（Oxford High School）": "美国密歇根州牛津一所中学",
  "布里奇沃特学院": "弗吉尼亚桥水学院Bridgewater College in Virginia",
  "罗布小学（Robb Elementary School）": "尤瓦尔迪罗布小学",
  "麦克莱恩高中（McLain High School）": "麦克莱恩高中",
  "中央视觉与表演艺术高中（Central Visual and Performing Arts High School）": "中央视觉与表演艺术高中",
  "弗吉尼亚大学": "弗吉尼亚大学",
  "密歇根州立大学": "密歇根州立大学",
  "圣约学校（The Covenant School）": "圣约学校",
  "北卡罗来纳大学教堂山分校": "北卡罗莱纳大学教堂山分校考迪尔实验室",
  "佩里高中（Perry High School）": "佩里高中",
  "阿巴拉契高中（Apalachee High School）": "阿巴拉契高中",
  "丰盛生命基督教学校（Abundant Life Christian School）": "丰盛生命基督教学校"
}
```
2026-08-07 15:47:27.857 | INFO     | eval.evaluation.evaluation:evaluate_single_query:223 - col: 发生场所(学校), primary_key_map {'阿拉巴马大学亨茨维尔分校': '阿拉巴马大学亨茨维尔分校', '米勒德南高中（Millard South High School）': '米拉德南部高中', '弗吉尼亚理工学院暨州立大学': '弗吉尼亚理工大学', '查ardon高中（Chardon High School）': '查顿高中', '奥伊科斯大学（Oikos University）': '奥伊科斯大学', '桑迪胡克小学（Sandy Hook Elementary School）': '桑迪胡克小学', '哈泽德社区与技术学院（Hazard Community and Technical College）': '哈泽德社区与技术学院', '圣莫尼卡学院': '圣莫尼卡学院', '斯帕克斯中学（Sparks Middle School）': '美国内华达Sparks中学', '普渡大学': '普渡大学', '西雅图太平洋大学': '西雅图太平洋大学', '雷诺兹高中（Reynolds High School）': '美国西北部俄勒冈州雷诺兹中学', '玛丽斯维尔－皮尔查克高中（Marysville Pilchuck High School）': '美国西北部华盛顿州西雅图市以北的Marysville-Pilchuck中学', '安普夸社区学院（Umpqua Community College）': '安普夸社区学院', '北亚利桑那大学': '北亚利桑那大学', '北园小学（North Park Elementary School）': '加利福尼亚州圣贝纳迪诺北园小学', '弗里曼高中（Freeman High School）': '佛里曼高中', '阿兹特克高中（Aztec High School）': '阿兹特克高中', '马歇尔县高中（Marshall County High School）': '马歇尔高级中学', '玛乔丽·斯通曼·道格拉斯高中（Marjory Stoneman Douglas High School）': '帕克兰道格拉斯高中', '中密歇根大学': '中密歇根大学', '圣菲高中（Santa Fe High School）': '圣达菲高中', '巴特勒高中（Butler High School）': '巴特勒高中', '北卡罗来纳大学夏洛特分校': '美国北卡罗来纳大学夏洛特分校', 'STEM学校高地牧场校区（STEM School Highlands Ranch）': '高地牧场STEM学校', '索格斯高中（Saugus High School）': '索格斯高中', '得克萨斯农工大学康莫斯分校': '农工大学康莫斯分校的宿舍楼内', '奥斯汀－伊斯特磁石高中（Austin-East Magnet High School）': '诺克斯维尔市一所高中', '牛津高中（Oxford High School）': '美国密歇根州牛津一所中学', '布里奇沃特学院': '弗吉尼亚桥水学院Bridgewater College in Virginia', '罗布小学（Robb Elementary School）': '尤瓦尔迪罗布小学', '麦克莱恩高中（McLain High School）': '麦克莱恩高中', '中央视觉与表演艺术高中（Central Visual and Performing Arts High School）': '中央视觉与表演艺术高中', '弗吉尼亚大学': '弗吉尼亚大学', '密歇根州立大学': '密歇根州立大学', '圣约学校（The Covenant School）': '圣约学校', '北卡罗来纳大学教堂山分校': '北卡罗莱纳大学教堂山分校考迪尔实验室', '佩里高中（Perry High School）': '佩里高中', '阿巴拉契高中（Apalachee High School）': '阿巴拉契高中', '丰盛生命基督教学校（Abundant Life Christian School）': '丰盛生命基督教学校'}
2026-08-07 15:47:27.866 | INFO     | eval.evaluation.evaluation:evaluate_single_query:275 - wide2deep_ws_zh_040, df_inner shape: (39, 16), answer_df shape: (59, 8), response_df shape: (54, 10)
2026-08-07 15:47:31.787 | DEBUG    | eval.evaluation.evaluation:evaluate_single_query:321 - wide2deep_ws_zh_040, col 所在州, metric_func_name llm_judge, score [1, 1, 1, 1, 1, 1, 1, 1, 1, 1, 1, 1, 1, 1, 1, 1, 1, 1, 1, 1, 1, 1, 1, 1, 1, 1, 1, 1, 1, 1, 1, 1, 1, 1, 1, 1, 1, 1, 1]
2026-08-07 15:47:40.213 | DEBUG    | eval.evaluation.evaluation:evaluate_single_query:321 - wide2deep_ws_zh_040, col 凶手姓名, metric_func_name llm_judge, score [1, 1, 1, 1, 1, 1, 1, 1, 1, 0, 1, 1, 1, 1, 0, 1, 1, 1, 1, 0, 1, 1, 1, 1, 1, 0, 1, 1, 1, 1, 0, 1, 1, 1, 1, 1, 1, 1, 1]
2026-08-07 15:48:00.522 | DEBUG    | eval.evaluation.evaluation:evaluate_single_query:321 - wide2deep_ws_zh_040, col 凶手身份, metric_func_name llm_judge, score [1, 1, 1, 0, 0, 0, 1, 0, 1, 0, 0, 1, 1, 0, 1, 1, 1, 1, 1, 0, 1, 1, 1, 1, 1, 0, 1, 0, 0, 1, 0, 0, 1, 1, 1, 1, 1, 1, 1]
2026-08-07 15:48:05.374 | DEBUG    | eval.evaluation.evaluation:evaluate_single_query:321 - wide2deep_ws_zh_040, col 凶手年龄(行凶时), metric_func_name llm_judge, score [1, 1, 1, 1, 1, 1, 1, 1, 1, 0, 1, 1, 0, 1, 0, 1, 1, 1, 1, 0, 1, 1, 1, 1, 1, 0, 1, 1, 1, 1, 0, 1, 1, 1, 1, 1, 1, 1, 1]
2026-08-07 15:48:14.240 | DEBUG    | eval.evaluation.evaluation:evaluate_single_query:321 - wide2deep_ws_zh_040, col 凶手结局, metric_func_name llm_judge, score [1, 1, 1, 1, 1, 1, 1, 0, 0, 1, 1, 1, 0, 1, 1, 1, 1, 1, 0, 1, 0, 1, 1, 1, 1, 1, 0, 1, 1, 1, 0, 1, 1, 1, 0, 1, 1, 1, 1]
2026-08-07 15:48:14.240 | DEBUG    | eval.evaluation.evaluation:metric_call:77 - metric_func_name number_near score 1.0 msg number near in range 10.0%, response: 4.0, target: 4.0
2026-08-07 15:48:14.240 | DEBUG    | eval.evaluation.evaluation:metric_call:77 - metric_func_name number_near score 1.0 msg number near in range 10.0%, response: 1.0, target: 1.0
2026-08-07 15:48:14.240 | DEBUG    | eval.evaluation.evaluation:metric_call:77 - metric_func_name number_near score 1.0 msg number near in range 10.0%, response: 6.0, target: 6.0
2026-08-07 15:48:14.240 | DEBUG    | eval.evaluation.evaluation:metric_call:77 - metric_func_name number_near score 1.0 msg number near in range 10.0%, response: 3.0, target: 3.0
2026-08-07 15:48:14.240 | DEBUG    | eval.evaluation.evaluation:metric_call:77 - metric_func_name number_near score 1.0 msg number near in range 10.0%, response: 21.0, target: 21.0
2026-08-07 15:48:14.240 | DEBUG    | eval.evaluation.evaluation:metric_call:77 - metric_func_name number_near score 1.0 msg number near in range 10.0%, response: 2.0, target: 2.0
2026-08-07 15:48:14.240 | DEBUG    | eval.evaluation.evaluation:metric_call:77 - metric_func_name number_near score 1.0 msg number near in range 10.0%, response: 3.0, target: 3.0
2026-08-07 15:48:14.240 | DEBUG    | eval.evaluation.evaluation:metric_call:77 - metric_func_name number_near score 1.0 msg number near in range 10.0%, response: 1.0, target: 1.0
2026-08-07 15:48:14.240 | DEBUG    | eval.evaluation.evaluation:metric_call:77 - metric_func_name number_near score 1.0 msg number near in range 10.0%, response: 4.0, target: 4.0
2026-08-07 15:48:14.240 | DEBUG    | eval.evaluation.evaluation:metric_call:77 - metric_func_name number_near score 1.0 msg number near in range 10.0%, response: 1.0, target: 1.0
2026-08-07 15:48:14.241 | DEBUG    | eval.evaluation.evaluation:metric_call:77 - metric_func_name number_near score 1.0 msg number near in range 10.0%, response: 2.0, target: 2.0
2026-08-07 15:48:14.241 | DEBUG    | eval.evaluation.evaluation:metric_call:77 - metric_func_name number_near score 1.0 msg number near in range 10.0%, response: 2.0, target: 2.0
2026-08-07 15:48:14.241 | DEBUG    | eval.evaluation.evaluation:metric_call:77 - metric_func_name number_near score 1.0 msg number near in range 10.0%, response: 1.0, target: 1.0
2026-08-07 15:48:14.241 | DEBUG    | eval.evaluation.evaluation:metric_call:77 - metric_func_name number_near score 1.0 msg number near in range 10.0%, response: 2.0, target: 2.0
2026-08-07 15:48:14.241 | DEBUG    | eval.evaluation.evaluation:metric_call:77 - metric_func_name number_near score 1.0 msg number near in range 10.0%, response: 1.0, target: 1.0
2026-08-07 15:48:14.241 | DEBUG    | eval.evaluation.evaluation:metric_call:77 - metric_func_name number_near score 1.0 msg number near in range 10.0%, response: 10.0, target: 10.0
2026-08-07 15:48:14.241 | DEBUG    | eval.evaluation.evaluation:metric_call:77 - metric_func_name number_near score 1.0 msg number near in range 10.0%, response: 17.0, target: 17.0
2026-08-07 15:48:14.241 | DEBUG    | eval.evaluation.evaluation:metric_call:77 - metric_func_name number_near score 1.0 msg number near in range 10.0%, response: 2.0, target: 2.0
2026-08-07 15:48:14.241 | DEBUG    | eval.evaluation.evaluation:metric_call:77 - metric_func_name number_near score 1.0 msg number near in range 10.0%, response: 2.0, target: 2.0
2026-08-07 15:48:14.241 | DEBUG    | eval.evaluation.evaluation:metric_call:77 - metric_func_name number_near score 1.0 msg number near in range 10.0%, response: 2.0, target: 2.0
2026-08-07 15:48:14.241 | DEBUG    | eval.evaluation.evaluation:metric_call:77 - metric_func_name number_near score 1.0 msg number near in range 10.0%, response: 1.0, target: 1.0
2026-08-07 15:48:14.241 | DEBUG    | eval.evaluation.evaluation:metric_call:77 - metric_func_name number_near score 1.0 msg number near in range 10.0%, response: 2.0, target: 2.0
2026-08-07 15:48:14.241 | DEBUG    | eval.evaluation.evaluation:metric_call:77 - metric_func_name number_near score 1.0 msg number near in range 10.0%, response: 9.0, target: 9.0
2026-08-07 15:48:14.241 | DEBUG    | eval.evaluation.evaluation:metric_call:77 - metric_func_name number_near score 1.0 msg number near in range 10.0%, response: 1.0, target: 1.0
2026-08-07 15:48:14.241 | DEBUG    | eval.evaluation.evaluation:metric_call:77 - metric_func_name number_near score 1.0 msg number near in range 10.0%, response: 4.0, target: 4.0
2026-08-07 15:48:14.241 | DEBUG    | eval.evaluation.evaluation:metric_call:77 - metric_func_name number_near score 1.0 msg number near in range 10.0%, response: 1.0, target: 1.0
2026-08-07 15:48:14.241 | DEBUG    | eval.evaluation.evaluation:metric_call:77 - metric_func_name number_near score 1.0 msg number near in range 10.0%, response: 1.0, target: 1.0
2026-08-07 15:48:14.241 | DEBUG    | eval.evaluation.evaluation:metric_call:77 - metric_func_name number_near score 1.0 msg number near in range 10.0%, response: 1.0, target: 1.0
2026-08-07 15:48:14.241 | DEBUG    | eval.evaluation.evaluation:metric_call:77 - metric_func_name number_near score 1.0 msg number near in range 10.0%, response: 5.0, target: 5.0
2026-08-07 15:48:14.241 | DEBUG    | eval.evaluation.evaluation:metric_call:77 - metric_func_name number_near score 1.0 msg number near in range 10.0%, response: 1.0, target: 1.0
2026-08-07 15:48:14.241 | DEBUG    | eval.evaluation.evaluation:metric_call:77 - metric_func_name number_near score 1.0 msg number near in range 10.0%, response: 2.0, target: 2.0
2026-08-07 15:48:14.241 | DEBUG    | eval.evaluation.evaluation:metric_call:77 - metric_func_name number_near score 1.0 msg number near in range 10.0%, response: 26.0, target: 26.0
2026-08-07 15:48:14.241 | DEBUG    | eval.evaluation.evaluation:metric_call:77 - metric_func_name number_near score 0.0 msg number not near, response: 2.0, target: 1.0
2026-08-07 15:48:14.241 | DEBUG    | eval.evaluation.evaluation:metric_call:77 - metric_func_name number_near score 1.0 msg number near in range 10.0%, response: 2.0, target: 2.0
2026-08-07 15:48:14.241 | DEBUG    | eval.evaluation.evaluation:metric_call:77 - metric_func_name number_near score 1.0 msg number near in range 10.0%, response: 7.0, target: 7.0
2026-08-07 15:48:14.241 | DEBUG    | eval.evaluation.evaluation:metric_call:77 - metric_func_name number_near score 1.0 msg number near in range 10.0%, response: 3.0, target: 3.0
2026-08-07 15:48:14.241 | DEBUG    | eval.evaluation.evaluation:metric_call:77 - metric_func_name number_near score 1.0 msg number near in range 10.0%, response: 1.0, target: 1.0
2026-08-07 15:48:14.241 | DEBUG    | eval.evaluation.evaluation:metric_call:77 - metric_func_name number_near score 1.0 msg number near in range 10.0%, response: 1.0, target: 1.0
2026-08-07 15:48:14.241 | DEBUG    | eval.evaluation.evaluation:metric_call:77 - metric_func_name number_near score 1.0 msg number near in range 10.0%, response: 3.0, target: 3.0
2026-08-07 15:48:14.242 | DEBUG    | eval.evaluation.evaluation:evaluate_single_query:321 - wide2deep_ws_zh_040, col 死亡人数, metric_func_name number_near, score [1.0, 1.0, 1.0, 1.0, 1.0, 1.0, 1.0, 1.0, 1.0, 1.0, 1.0, 1.0, 1.0, 1.0, 1.0, 1.0, 1.0, 1.0, 1.0, 1.0, 1.0, 1.0, 1.0, 1.0, 1.0, 1.0, 1.0, 1.0, 1.0, 1.0, 1.0, 1.0, 0.0, 1.0, 1.0, 1.0, 1.0, 1.0, 1.0]
2026-08-07 15:48:14.249 | INFO     | eval.evaluation.evaluation:evaluate_single_query:380 - wide2deep_ws_zh_040, P/R/F1 by unique_columns: 0.7222/0.6610/0.6903
2026-08-07 15:48:14.249 | INFO     | eval.evaluation.evaluation:evaluate_single_query:383 - wide2deep_ws_zh_040, P/R/F1 by row: 0.3333/0.3051/0.3186
2026-08-07 15:48:14.249 | INFO     | eval.evaluation.evaluation:evaluate_single_query:386 - wide2deep_ws_zh_040, P/R/F1 by item: 0.6458/0.5911/0.6173
2026-08-07 15:48:14.253 | INFO     | eval.evaluation.evaluation:evaluate_single_query:398 - wide2deep_ws_zh_040, final table score: 0.0
{"event": "eval_done", "idx": 5, "instance_id": "wide2deep_ws_zh_040", "score": 0.0, "entity_acc": 1.0, "f1_by_row": 0.3185840707964602, "f1_by_item": 0.6172566371681416, "column_f1": 0.6902654867256637, "error": null, "elapsed_seconds": 81.89, "running_n": 5}
2026-08-07 15:48:17.695 | DEBUG    | eval.evaluation.data_loader:extract_dataframe:167 - find markdown_str 
| Movie Title | Director | Leading Actress | Year of Premiere | ...
2026-08-07 15:48:21.693 | INFO     | eval.evaluation.metric_utils:primary_key_preprocess:246 - primary_key_preprocess result: ```json
{
  "Tokyo Raiders": "Tokyo Raiders",
  "Healing Hearts": "Healing Hearts",
  "In the Mood for Love": "In the Mood for Love",
  "Fighting for Love": "Fighting for Love",
  "Chinese Odyssey 2002": "Chinese Odyssey 2002",
  "Hero": "Hero",
  "Infernal Affairs": "Infernal Affairs",
  "My Lucky Star": "My Lucky Star",
  "Sound of Colors": "Sound of Colors",
  "Infernal Affairs III": "Infernal Affairs III: The Final Insurrection",
  "2046": "2046",
  "Seoul Raiders": "Seoul Raiders",
  "Confession of Pain": "Confession of Pain",
  "Lust, Caution": "Lust, Caution",
  "Red Cliff": "Red Cliff (Part 1)",
  "Red Cliff II": "Red Cliff (Part 2)",
  "The Great Magician": "The Great Magician",
  "The Silent War": "The Silent War",
  "The Grandmaster": "The Grandmaster",
  "See You Tomorrow": "See You Tomorrow",
  "Monster Hunt 2": "Monster Hunt 2",
  "Europe Raiders": "Europe Raiders",
  "Shang-Chi and the Legend of the Ten Rings": "Shang-Chi and the Legend of the Ten Rings",
  "Where the Wind Blows": "Where the Wind Blows",
  "Hidden Blade": "Hidden Blade",
  "The Goldfinger": "The Goldfinger"
}
```
2026-08-07 15:48:21.693 | INFO     | eval.evaluation.evaluation:evaluate_single_query:223 - col: movietitle, primary_key_map {'Tokyo Raiders': 'Tokyo Raiders', 'Healing Hearts': 'Healing Hearts', 'In the Mood for Love': 'In the Mood for Love', 'Fighting for Love': 'Fighting for Love', 'Chinese Odyssey 2002': 'Chinese Odyssey 2002', 'Hero': 'Hero', 'Infernal Affairs': 'Infernal Affairs', 'My Lucky Star': 'My Lucky Star', 'Sound of Colors': 'Sound of Colors', 'Infernal Affairs III': 'Infernal Affairs III: The Final Insurrection', '2046': '2046', 'Seoul Raiders': 'Seoul Raiders', 'Confession of Pain': 'Confession of Pain', 'Lust, Caution': 'Lust, Caution', 'Red Cliff': 'Red Cliff (Part 1)', 'Red Cliff II': 'Red Cliff (Part 2)', 'The Great Magician': 'The Great Magician', 'The Silent War': 'The Silent War', 'The Grandmaster': 'The Grandmaster', 'See You Tomorrow': 'See You Tomorrow', 'Monster Hunt 2': 'Monster Hunt 2', 'Europe Raiders': 'Europe Raiders', 'Shang-Chi and the Legend of the Ten Rings': 'Shang-Chi and the Legend of the Ten Rings', 'Where the Wind Blows': 'Where the Wind Blows', 'Hidden Blade': 'Hidden Blade', 'The Goldfinger': 'The Goldfinger'}
2026-08-07 15:48:21.700 | INFO     | eval.evaluation.evaluation:evaluate_single_query:275 - wide2deep_ws_en_097, df_inner shape: (26, 12), answer_df shape: (29, 6), response_df shape: (27, 7)
2026-08-07 15:48:26.936 | DEBUG    | eval.evaluation.evaluation:evaluate_single_query:321 - wide2deep_ws_en_097, col director, metric_func_name llm_judge, score [1, 1, 1, 1, 1, 1, 1, 1, 1, 1, 1, 1, 1, 1, 1, 1, 1, 1, 1, 1, 1, 1, 1, 1, 1, 1]
2026-08-07 15:48:33.332 | DEBUG    | eval.evaluation.evaluation:evaluate_single_query:321 - wide2deep_ws_en_097, col leadingactress, metric_func_name llm_judge, score [1, 1, 1, 1, 1, 1, 1, 1, 0, 1, 0, 1, 0, 1, 1, 1, 1, 1, 1, 0, 1, 1, 1, 1, 1, 1]
2026-08-07 15:48:33.332 | DEBUG    | eval.evaluation.evaluation:metric_call:77 - metric_func_name exact_match score 1.0 msg exact match, response: 2000, target: 2000
2026-08-07 15:48:33.332 | DEBUG    | eval.evaluation.evaluation:metric_call:77 - metric_func_name exact_match score 1.0 msg exact match, response: 2000, target: 2000
2026-08-07 15:48:33.333 | DEBUG    | eval.evaluation.evaluation:metric_call:77 - metric_func_name exact_match score 1.0 msg exact match, response: 2000, target: 2000
2026-08-07 15:48:33.333 | DEBUG    | eval.evaluation.evaluation:metric_call:77 - metric_func_name exact_match score 1.0 msg exact match, response: 2001, target: 2001
2026-08-07 15:48:33.333 | DEBUG    | eval.evaluation.evaluation:metric_call:77 - metric_func_name exact_match score 1.0 msg exact match, response: 2002, target: 2002
2026-08-07 15:48:33.333 | DEBUG    | eval.evaluation.evaluation:metric_call:77 - metric_func_name exact_match score 1.0 msg exact match, response: 2002, target: 2002
2026-08-07 15:48:33.333 | DEBUG    | eval.evaluation.evaluation:metric_call:77 - metric_func_name exact_match score 1.0 msg exact match, response: 2002, target: 2002
2026-08-07 15:48:33.333 | DEBUG    | eval.evaluation.evaluation:metric_call:77 - metric_func_name exact_match score 1.0 msg exact match, response: 2003, target: 2003
2026-08-07 15:48:33.333 | DEBUG    | eval.evaluation.evaluation:metric_call:77 - metric_func_name exact_match score 1.0 msg exact match, response: 2003, target: 2003
2026-08-07 15:48:33.333 | DEBUG    | eval.evaluation.evaluation:metric_call:77 - metric_func_name exact_match score 1.0 msg exact match, response: 2003, target: 2003
2026-08-07 15:48:33.333 | DEBUG    | eval.evaluation.evaluation:metric_call:77 - metric_func_name exact_match score 1.0 msg exact match, response: 2004, target: 2004
2026-08-07 15:48:33.333 | DEBUG    | eval.evaluation.evaluation:metric_call:77 - metric_func_name exact_match score 1.0 msg exact match, response: 2005, target: 2005
2026-08-07 15:48:33.333 | DEBUG    | eval.evaluation.evaluation:metric_call:77 - metric_func_name exact_match score 1.0 msg exact match, response: 2006, target: 2006
2026-08-07 15:48:33.333 | DEBUG    | eval.evaluation.evaluation:metric_call:77 - metric_func_name exact_match score 1.0 msg exact match, response: 2007, target: 2007
2026-08-07 15:48:33.333 | DEBUG    | eval.evaluation.evaluation:metric_call:77 - metric_func_name exact_match score 1.0 msg exact match, response: 2008, target: 2008
2026-08-07 15:48:33.333 | DEBUG    | eval.evaluation.evaluation:metric_call:77 - metric_func_name exact_match score 1.0 msg exact match, response: 2009, target: 2009
2026-08-07 15:48:33.333 | DEBUG    | eval.evaluation.evaluation:metric_call:77 - metric_func_name exact_match score 1.0 msg exact match, response: 2011, target: 2011
2026-08-07 15:48:33.333 | DEBUG    | eval.evaluation.evaluation:metric_call:77 - metric_func_name exact_match score 1.0 msg exact match, response: 2012, target: 2012
2026-08-07 15:48:33.333 | DEBUG    | eval.evaluation.evaluation:metric_call:77 - metric_func_name exact_match score 1.0 msg exact match, response: 2013, target: 2013
2026-08-07 15:48:33.333 | DEBUG    | eval.evaluation.evaluation:metric_call:77 - metric_func_name exact_match score 1.0 msg exact match, response: 2016, target: 2016
2026-08-07 15:48:33.333 | DEBUG    | eval.evaluation.evaluation:metric_call:77 - metric_func_name exact_match score 1.0 msg exact match, response: 2018, target: 2018
2026-08-07 15:48:33.333 | DEBUG    | eval.evaluation.evaluation:metric_call:77 - metric_func_name exact_match score 1.0 msg exact match, response: 2018, target: 2018
2026-08-07 15:48:33.333 | DEBUG    | eval.evaluation.evaluation:metric_call:77 - metric_func_name exact_match score 1.0 msg exact match, response: 2021, target: 2021
2026-08-07 15:48:33.333 | DEBUG    | eval.evaluation.evaluation:metric_call:77 - metric_func_name exact_match score 1.0 msg exact match, response: 2022, target: 2022
2026-08-07 15:48:33.333 | DEBUG    | eval.evaluation.evaluation:metric_call:77 - metric_func_name exact_match score 1.0 msg exact match, response: 2023, target: 2023
2026-08-07 15:48:33.333 | DEBUG    | eval.evaluation.evaluation:metric_call:77 - metric_func_name exact_match score 1.0 msg exact match, response: 2023, target: 2023
2026-08-07 15:48:33.334 | DEBUG    | eval.evaluation.evaluation:evaluate_single_query:321 - wide2deep_ws_en_097, col yearofpremiere, metric_func_name exact_match, score [1.0, 1.0, 1.0, 1.0, 1.0, 1.0, 1.0, 1.0, 1.0, 1.0, 1.0, 1.0, 1.0, 1.0, 1.0, 1.0, 1.0, 1.0, 1.0, 1.0, 1.0, 1.0, 1.0, 1.0, 1.0, 1.0]
2026-08-07 15:48:40.892 | DEBUG    | eval.evaluation.evaluation:evaluate_single_query:321 - wide2deep_ws_en_097, col distributor, metric_func_name llm_judge, score [1, 0, 1, 0, 0, 1, 1, 0, 1, 0, 0, 1, 1, 1, 0, 0, 1, 0, 0, 1, 0, 1, 1, 1, 1, 1]
2026-08-07 15:48:45.857 | DEBUG    | eval.evaluation.evaluation:evaluate_single_query:321 - wide2deep_ws_en_097, col awards, metric_func_name llm_judge, score [1, 1, 0, 1, 0, 0, 1, 1, 1, 0, 0, 1, 1, 0, 1, 1, 1, 1, 0, 1, 1, 1, 1, 1, 0, 0]
2026-08-07 15:48:45.862 | INFO     | eval.evaluation.evaluation:evaluate_single_query:380 - wide2deep_ws_en_097, P/R/F1 by unique_columns: 0.9630/0.8966/0.9286
2026-08-07 15:48:45.862 | INFO     | eval.evaluation.evaluation:evaluate_single_query:383 - wide2deep_ws_en_097, P/R/F1 by row: 0.2593/0.2414/0.2500
2026-08-07 15:48:45.862 | INFO     | eval.evaluation.evaluation:evaluate_single_query:386 - wide2deep_ws_en_097, P/R/F1 by item: 0.8148/0.7586/0.7857
2026-08-07 15:48:45.864 | INFO     | eval.evaluation.evaluation:evaluate_single_query:398 - wide2deep_ws_en_097, final table score: 0.0
{"event": "eval_done", "idx": 6, "instance_id": "wide2deep_ws_en_097", "score": 0.0, "entity_acc": 1.0, "f1_by_row": 0.25, "f1_by_item": 0.7857142857142857, "column_f1": 0.9285714285714286, "error": null, "elapsed_seconds": 31.573, "running_n": 6}
2026-08-07 15:48:47.063 | DEBUG    | eval.evaluation.data_loader:extract_dataframe:167 - find markdown_str 
| Movie | Release Date | US Box Office (dollar) | Worldwide Box ...
2026-08-07 15:48:51.908 | INFO     | eval.evaluation.metric_utils:primary_key_preprocess:246 - primary_key_preprocess result: ```json
{
  "Iron Man": "Iron Man",
  "The Incredible Hulk": "The Incredible Hulk",
  "Iron Man 2": "Iron Man 2",
  "Thor": "Thor",
  "Captain America: The First Avenger": "Captain America: The First Avenger",
  "The Avengers": "The Avengers",
  "Iron Man 3": "Iron Man 3",
  "Thor: The Dark World": "Thor: The Dark World",
  "Captain America: The Winter Soldier": "Captain America: The Winter Soldier",
  "Guardians of the Galaxy": "Guardians of the Galaxy",
  "Avengers: Age of Ultron": "Avengers: Age of Ultron",
  "Ant-Man": "Ant-Man",
  "Captain America: Civil War": "Captain America: Civil War",
  "Doctor Strange": "Doctor Strange",
  "Guardians of the Galaxy Vol. 2": "Guardians of the Galaxy Vol. 2",
  "Spider-Man: Homecoming": "Spider-Man: Homecoming",
  "Thor: Ragnarok": "Thor: Ragnarok",
  "Black Panther": "Black Panther",
  "Avengers: Infinity War": "Avengers: Infinity War",
  "Ant-Man and the Wasp": "Ant-Man and the Wasp",
  "Captain Marvel": "Captain Marvel",
  "Avengers: Endgame": "Avengers: Endgame",
  "Spider-Man: Far From Home": "Spider-Man: Far From Home",
  "Black Widow": "Black Widow",
  "Shang-Chi and the Legend of the Ten Rings": "Shang-Chi and the Legend of the Ten Rings",
  "Eternals": "Eternals",
  "Spider-Man: No Way Home": "Spider-Man: No Way Home",
  "Doctor Strange in the Multiverse of Madness": "Doctor Strange in the Multiverse of Madness",
  "Thor: Love and Thunder": "Thor: Love and Thunder",
  "Black Panther: Wakanda Forever": "Black Panther: Wakanda Forever",
  "Ant-Man and the Wasp: Quantumania": "Ant-Man and the Wasp: Quantumania",
  "Guardians of the Galaxy Vol. 3": "Guardians of the Galaxy Vol. 3",
  "The Marvels": "The Marvels",
  "Deadpool & Wolverine": "Deadpool & Wolverine"
}
```
2026-08-07 15:48:51.908 | INFO     | eval.evaluation.evaluation:evaluate_single_query:223 - col: movie, primary_key_map {'Iron Man': 'Iron Man', 'The Incredible Hulk': 'The Incredible Hulk', 'Iron Man 2': 'Iron Man 2', 'Thor': 'Thor', 'Captain America: The First Avenger': 'Captain America: The First Avenger', 'The Avengers': 'The Avengers', 'Iron Man 3': 'Iron Man 3', 'Thor: The Dark World': 'Thor: The Dark World', 'Captain America: The Winter Soldier': 'Captain America: The Winter Soldier', 'Guardians of the Galaxy': 'Guardians of the Galaxy', 'Avengers: Age of Ultron': 'Avengers: Age of Ultron', 'Ant-Man': 'Ant-Man', 'Captain America: Civil War': 'Captain America: Civil War', 'Doctor Strange': 'Doctor Strange', 'Guardians of the Galaxy Vol. 2': 'Guardians of the Galaxy Vol. 2', 'Spider-Man: Homecoming': 'Spider-Man: Homecoming', 'Thor: Ragnarok': 'Thor: Ragnarok', 'Black Panther': 'Black Panther', 'Avengers: Infinity War': 'Avengers: Infinity War', 'Ant-Man and the Wasp': 'Ant-Man and the Wasp', 'Captain Marvel': 'Captain Marvel', 'Avengers: Endgame': 'Avengers: Endgame', 'Spider-Man: Far From Home': 'Spider-Man: Far From Home', 'Black Widow': 'Black Widow', 'Shang-Chi and the Legend of the Ten Rings': 'Shang-Chi and the Legend of the Ten Rings', 'Eternals': 'Eternals', 'Spider-Man: No Way Home': 'Spider-Man: No Way Home', 'Doctor Strange in the Multiverse of Madness': 'Doctor Strange in the Multiverse of Madness', 'Thor: Love and Thunder': 'Thor: Love and Thunder', 'Black Panther: Wakanda Forever': 'Black Panther: Wakanda Forever', 'Ant-Man and the Wasp: Quantumania': 'Ant-Man and the Wasp: Quantumania', 'Guardians of the Galaxy Vol. 3': 'Guardians of the Galaxy Vol. 3', 'The Marvels': 'The Marvels', 'Deadpool & Wolverine': 'Deadpool & Wolverine'}
2026-08-07 15:48:51.914 | INFO     | eval.evaluation.evaluation:evaluate_single_query:275 - wide2deep_ws_en_029, df_inner shape: (34, 8), answer_df shape: (34, 4), response_df shape: (34, 5)
2026-08-07 15:48:51.915 | DEBUG    | eval.evaluation.evaluation:metric_call:77 - metric_func_name exact_match score 1.0 msg exact match, response: may2,2008, target: may2,2008
2026-08-07 15:48:51.915 | DEBUG    | eval.evaluation.evaluation:metric_call:77 - metric_func_name exact_match score 1.0 msg exact match, response: june13,2008, target: june13,2008
2026-08-07 15:48:51.915 | DEBUG    | eval.evaluation.evaluation:metric_call:77 - metric_func_name exact_match score 1.0 msg exact match, response: may7,2010, target: may7,2010
2026-08-07 15:48:51.915 | DEBUG    | eval.evaluation.evaluation:metric_call:77 - metric_func_name exact_match score 1.0 msg exact match, response: may6,2011, target: may6,2011
2026-08-07 15:48:51.915 | DEBUG    | eval.evaluation.evaluation:metric_call:77 - metric_func_name exact_match score 1.0 msg exact match, response: july22,2011, target: july22,2011
2026-08-07 15:48:51.915 | DEBUG    | eval.evaluation.evaluation:metric_call:77 - metric_func_name exact_match score 1.0 msg exact match, response: may4,2012, target: may4,2012
2026-08-07 15:48:51.915 | DEBUG    | eval.evaluation.evaluation:metric_call:77 - metric_func_name exact_match score 1.0 msg exact match, response: may3,2013, target: may3,2013
2026-08-07 15:48:51.915 | DEBUG    | eval.evaluation.evaluation:metric_call:77 - metric_func_name exact_match score 1.0 msg exact match, response: november8,2013, target: november8,2013
2026-08-07 15:48:51.915 | DEBUG    | eval.evaluation.evaluation:metric_call:77 - metric_func_name exact_match score 1.0 msg exact match, response: april4,2014, target: april4,2014
2026-08-07 15:48:51.915 | DEBUG    | eval.evaluation.evaluation:metric_call:77 - metric_func_name exact_match score 1.0 msg exact match, response: august1,2014, target: august1,2014
2026-08-07 15:48:51.915 | DEBUG    | eval.evaluation.evaluation:metric_call:77 - metric_func_name exact_match score 1.0 msg exact match, response: may1,2015, target: may1,2015
2026-08-07 15:48:51.915 | DEBUG    | eval.evaluation.evaluation:metric_call:77 - metric_func_name exact_match score 1.0 msg exact match, response: july17,2015, target: july17,2015
2026-08-07 15:48:51.915 | DEBUG    | eval.evaluation.evaluation:metric_call:77 - metric_func_name exact_match score 1.0 msg exact match, response: may6,2016, target: may6,2016
2026-08-07 15:48:51.915 | DEBUG    | eval.evaluation.evaluation:metric_call:77 - metric_func_name exact_match score 1.0 msg exact match, response: november4,2016, target: november4,2016
2026-08-07 15:48:51.915 | DEBUG    | eval.evaluation.evaluation:metric_call:77 - metric_func_name exact_match score 1.0 msg exact match, response: may5,2017, target: may5,2017
2026-08-07 15:48:51.915 | DEBUG    | eval.evaluation.evaluation:metric_call:77 - metric_func_name exact_match score 1.0 msg exact match, response: july7,2017, target: july7,2017
2026-08-07 15:48:51.915 | DEBUG    | eval.evaluation.evaluation:metric_call:77 - metric_func_name exact_match score 1.0 msg exact match, response: november3,2017, target: november3,2017
2026-08-07 15:48:51.915 | DEBUG    | eval.evaluation.evaluation:metric_call:77 - metric_func_name exact_match score 1.0 msg exact match, response: february16,2018, target: february16,2018
2026-08-07 15:48:51.916 | DEBUG    | eval.evaluation.evaluation:metric_call:77 - metric_func_name exact_match score 1.0 msg exact match, response: april27,2018, target: april27,2018
2026-08-07 15:48:51.916 | DEBUG    | eval.evaluation.evaluation:metric_call:77 - metric_func_name exact_match score 1.0 msg exact match, response: july6,2018, target: july6,2018
2026-08-07 15:48:51.916 | DEBUG    | eval.evaluation.evaluation:metric_call:77 - metric_func_name exact_match score 1.0 msg exact match, response: march8,2019, target: march8,2019
2026-08-07 15:48:51.916 | DEBUG    | eval.evaluation.evaluation:metric_call:77 - metric_func_name exact_match score 1.0 msg exact match, response: april26,2019, target: april26,2019
2026-08-07 15:48:51.916 | DEBUG    | eval.evaluation.evaluation:metric_call:77 - metric_func_name exact_match score 1.0 msg exact match, response: july2,2019, target: july2,2019
2026-08-07 15:48:51.916 | DEBUG    | eval.evaluation.evaluation:metric_call:77 - metric_func_name exact_match score 1.0 msg exact match, response: july9,2021, target: july9,2021
2026-08-07 15:48:51.916 | DEBUG    | eval.evaluation.evaluation:metric_call:77 - metric_func_name exact_match score 1.0 msg exact match, response: september3,2021, target: september3,2021
2026-08-07 15:48:51.916 | DEBUG    | eval.evaluation.evaluation:metric_call:77 - metric_func_name exact_match score 1.0 msg exact match, response: november5,2021, target: november5,2021
2026-08-07 15:48:51.916 | DEBUG    | eval.evaluation.evaluation:metric_call:77 - metric_func_name exact_match score 1.0 msg exact match, response: december17,2021, target: december17,2021
2026-08-07 15:48:51.916 | DEBUG    | eval.evaluation.evaluation:metric_call:77 - metric_func_name exact_match score 1.0 msg exact match, response: may6,2022, target: may6,2022
2026-08-07 15:48:51.916 | DEBUG    | eval.evaluation.evaluation:metric_call:77 - metric_func_name exact_match score 1.0 msg exact match, response: july8,2022, target: july8,2022
2026-08-07 15:48:51.916 | DEBUG    | eval.evaluation.evaluation:metric_call:77 - metric_func_name exact_match score 1.0 msg exact match, response: november11,2022, target: november11,2022
2026-08-07 15:48:51.916 | DEBUG    | eval.evaluation.evaluation:metric_call:77 - metric_func_name exact_match score 1.0 msg exact match, response: february17,2023, target: february17,2023
2026-08-07 15:48:51.916 | DEBUG    | eval.evaluation.evaluation:metric_call:77 - metric_func_name exact_match score 1.0 msg exact match, response: may5,2023, target: may5,2023
2026-08-07 15:48:51.916 | DEBUG    | eval.evaluation.evaluation:metric_call:77 - metric_func_name exact_match score 1.0 msg exact match, response: november10,2023, target: november10,2023
2026-08-07 15:48:51.916 | DEBUG    | eval.evaluation.evaluation:metric_call:77 - metric_func_name exact_match score 1.0 msg exact match, response: july26,2024, target: july26,2024
2026-08-07 15:48:51.917 | DEBUG    | eval.evaluation.evaluation:evaluate_single_query:321 - wide2deep_ws_en_029, col releasedate, metric_func_name exact_match, score [1.0, 1.0, 1.0, 1.0, 1.0, 1.0, 1.0, 1.0, 1.0, 1.0, 1.0, 1.0, 1.0, 1.0, 1.0, 1.0, 1.0, 1.0, 1.0, 1.0, 1.0, 1.0, 1.0, 1.0, 1.0, 1.0, 1.0, 1.0, 1.0, 1.0, 1.0, 1.0, 1.0, 1.0]
2026-08-07 15:48:51.917 | DEBUG    | eval.evaluation.evaluation:metric_call:77 - metric_func_name number_near score 1.0 msg number near in range 5.0%, response: 319034126.0, target: 319034126.0
2026-08-07 15:48:51.917 | DEBUG    | eval.evaluation.evaluation:metric_call:77 - metric_func_name number_near score 1.0 msg number near in range 5.0%, response: 134806913.0, target: 134806913.0
2026-08-07 15:48:51.917 | DEBUG    | eval.evaluation.evaluation:metric_call:77 - metric_func_name number_near score 1.0 msg number near in range 5.0%, response: 312433331.0, target: 312433331.0
2026-08-07 15:48:51.917 | DEBUG    | eval.evaluation.evaluation:metric_call:77 - metric_func_name number_near score 1.0 msg number near in range 5.0%, response: 181030624.0, target: 181030624.0
2026-08-07 15:48:51.917 | DEBUG    | eval.evaluation.evaluation:metric_call:77 - metric_func_name number_near score 1.0 msg number near in range 5.0%, response: 176654505.0, target: 176654505.0
2026-08-07 15:48:51.917 | DEBUG    | eval.evaluation.evaluation:metric_call:77 - metric_func_name number_near score 1.0 msg number near in range 5.0%, response: 623357910.0, target: 623357910.0
2026-08-07 15:48:51.917 | DEBUG    | eval.evaluation.evaluation:metric_call:77 - metric_func_name number_near score 1.0 msg number near in range 5.0%, response: 409013994.0, target: 409013994.0
2026-08-07 15:48:51.917 | DEBUG    | eval.evaluation.evaluation:metric_call:77 - metric_func_name number_near score 1.0 msg number near in range 5.0%, response: 206362140.0, target: 206362140.0
2026-08-07 15:48:51.917 | DEBUG    | eval.evaluation.evaluation:metric_call:77 - metric_func_name number_near score 1.0 msg number near in range 5.0%, response: 259766572.0, target: 259766572.0
2026-08-07 15:48:51.917 | DEBUG    | eval.evaluation.evaluation:metric_call:77 - metric_func_name number_near score 1.0 msg number near in range 5.0%, response: 333718600.0, target: 333718600.0
2026-08-07 15:48:51.917 | DEBUG    | eval.evaluation.evaluation:metric_call:77 - metric_func_name number_near score 1.0 msg number near in range 5.0%, response: 459005868.0, target: 459005868.0
2026-08-07 15:48:51.917 | DEBUG    | eval.evaluation.evaluation:metric_call:77 - metric_func_name number_near score 1.0 msg number near in range 5.0%, response: 180202163.0, target: 180202163.0
2026-08-07 15:48:51.917 | DEBUG    | eval.evaluation.evaluation:metric_call:77 - metric_func_name number_near score 1.0 msg number near in range 5.0%, response: 408084349.0, target: 408084349.0
2026-08-07 15:48:51.917 | DEBUG    | eval.evaluation.evaluation:metric_call:77 - metric_func_name number_near score 1.0 msg number near in range 5.0%, response: 232641920.0, target: 232641920.0
2026-08-07 15:48:51.917 | DEBUG    | eval.evaluation.evaluation:metric_call:77 - metric_func_name number_near score 1.0 msg number near in range 5.0%, response: 389813101.0, target: 389813101.0
2026-08-07 15:48:51.917 | DEBUG    | eval.evaluation.evaluation:metric_call:77 - metric_func_name number_near score 1.0 msg number near in range 5.0%, response: 334201140.0, target: 334201140.0
2026-08-07 15:48:51.918 | DEBUG    | eval.evaluation.evaluation:metric_call:77 - metric_func_name number_near score 1.0 msg number near in range 5.0%, response: 315058289.0, target: 315058289.0
2026-08-07 15:48:51.918 | DEBUG    | eval.evaluation.evaluation:metric_call:77 - metric_func_name number_near score 1.0 msg number near in range 5.0%, response: 700426566.0, target: 700426566.0
2026-08-07 15:48:51.918 | DEBUG    | eval.evaluation.evaluation:metric_call:77 - metric_func_name number_near score 1.0 msg number near in range 5.0%, response: 678815482.0, target: 678815482.0
2026-08-07 15:48:51.918 | DEBUG    | eval.evaluation.evaluation:metric_call:77 - metric_func_name number_near score 1.0 msg number near in range 5.0%, response: 216648740.0, target: 216648740.0
2026-08-07 15:48:51.918 | DEBUG    | eval.evaluation.evaluation:metric_call:77 - metric_func_name number_near score 1.0 msg number near in range 5.0%, response: 426829839.0, target: 426829839.0
2026-08-07 15:48:51.918 | DEBUG    | eval.evaluation.evaluation:metric_call:77 - metric_func_name number_near score 1.0 msg number near in range 5.0%, response: 858373000.0, target: 858373000.0
2026-08-07 15:48:51.918 | DEBUG    | eval.evaluation.evaluation:metric_call:77 - metric_func_name number_near score 1.0 msg number near in range 5.0%, response: 390532085.0, target: 391283774.0
2026-08-07 15:48:51.918 | DEBUG    | eval.evaluation.evaluation:metric_call:77 - metric_func_name number_near score 1.0 msg number near in range 5.0%, response: 183651655.0, target: 183651655.0
2026-08-07 15:48:51.918 | DEBUG    | eval.evaluation.evaluation:metric_call:77 - metric_func_name number_near score 1.0 msg number near in range 5.0%, response: 224543292.0, target: 224543292.0
2026-08-07 15:48:51.918 | DEBUG    | eval.evaluation.evaluation:metric_call:77 - metric_func_name number_near score 1.0 msg number near in range 5.0%, response: 164870234.0, target: 164870234.0
2026-08-07 15:48:51.918 | DEBUG    | eval.evaluation.evaluation:metric_call:77 - metric_func_name number_near score 1.0 msg number near in range 5.0%, response: 814866759.0, target: 814866759.0
2026-08-07 15:48:51.918 | DEBUG    | eval.evaluation.evaluation:metric_call:77 - metric_func_name number_near score 1.0 msg number near in range 5.0%, response: 411331607.0, target: 411331607.0
2026-08-07 15:48:51.918 | DEBUG    | eval.evaluation.evaluation:metric_call:77 - metric_func_name number_near score 1.0 msg number near in range 5.0%, response: 343256830.0, target: 343256830.0
2026-08-07 15:48:51.918 | DEBUG    | eval.evaluation.evaluation:metric_call:77 - metric_func_name number_near score 1.0 msg number near in range 5.0%, response: 453829060.0, target: 453829060.0
2026-08-07 15:48:51.918 | DEBUG    | eval.evaluation.evaluation:metric_call:77 - metric_func_name number_near score 1.0 msg number near in range 5.0%, response: 214504909.0, target: 214504909.0
2026-08-07 15:48:51.918 | DEBUG    | eval.evaluation.evaluation:metric_call:77 - metric_func_name number_near score 1.0 msg number near in range 5.0%, response: 358995815.0, target: 358995815.0
2026-08-07 15:48:51.918 | DEBUG    | eval.evaluation.evaluation:metric_call:77 - metric_func_name number_near score 1.0 msg number near in range 5.0%, response: 84500223.0, target: 84500223.0
2026-08-07 15:48:51.918 | DEBUG    | eval.evaluation.evaluation:metric_call:77 - metric_func_name number_near score 1.0 msg number near in range 5.0%, response: 636745858.0, target: 636745858.0
2026-08-07 15:48:51.919 | DEBUG    | eval.evaluation.evaluation:evaluate_single_query:321 - wide2deep_ws_en_029, col usboxoffice(dollar), metric_func_name number_near, score [1.0, 1.0, 1.0, 1.0, 1.0, 1.0, 1.0, 1.0, 1.0, 1.0, 1.0, 1.0, 1.0, 1.0, 1.0, 1.0, 1.0, 1.0, 1.0, 1.0, 1.0, 1.0, 1.0, 1.0, 1.0, 1.0, 1.0, 1.0, 1.0, 1.0, 1.0, 1.0, 1.0, 1.0]
2026-08-07 15:48:51.919 | DEBUG    | eval.evaluation.evaluation:metric_call:77 - metric_func_name number_near score 1.0 msg number near in range 5.0%, response: 585796247.0, target: 585796247.0
2026-08-07 15:48:51.919 | DEBUG    | eval.evaluation.evaluation:metric_call:77 - metric_func_name number_near score 1.0 msg number near in range 5.0%, response: 264770996.0, target: 264770996.0
2026-08-07 15:48:51.919 | DEBUG    | eval.evaluation.evaluation:metric_call:77 - metric_func_name number_near score 1.0 msg number near in range 5.0%, response: 623933331.0, target: 623933331.0
2026-08-07 15:48:51.919 | DEBUG    | eval.evaluation.evaluation:metric_call:77 - metric_func_name number_near score 1.0 msg number near in range 5.0%, response: 449326618.0, target: 449326618.0
2026-08-07 15:48:51.919 | DEBUG    | eval.evaluation.evaluation:metric_call:77 - metric_func_name number_near score 1.0 msg number near in range 5.0%, response: 370569774.0, target: 370569774.0
2026-08-07 15:48:51.919 | DEBUG    | eval.evaluation.evaluation:metric_call:77 - metric_func_name number_near score 1.0 msg number near in range 5.0%, response: 1518815515.0, target: 1520538536.0
2026-08-07 15:48:51.919 | DEBUG    | eval.evaluation.evaluation:metric_call:77 - metric_func_name number_near score 1.0 msg number near in range 5.0%, response: 1215577205.0, target: 1215577205.0
2026-08-07 15:48:51.919 | DEBUG    | eval.evaluation.evaluation:metric_call:77 - metric_func_name number_near score 1.0 msg number near in range 5.0%, response: 644783140.0, target: 644783140.0
2026-08-07 15:48:51.919 | DEBUG    | eval.evaluation.evaluation:metric_call:77 - metric_func_name number_near score 1.0 msg number near in range 5.0%, response: 714421503.0, target: 714421503.0
2026-08-07 15:48:51.919 | DEBUG    | eval.evaluation.evaluation:metric_call:77 - metric_func_name number_near score 1.0 msg number near in range 5.0%, response: 773350147.0, target: 773350147.0
2026-08-07 15:48:51.919 | DEBUG    | eval.evaluation.evaluation:metric_call:77 - metric_func_name number_near score 1.0 msg number near in range 5.0%, response: 1402809540.0, target: 1405018048.0
2026-08-07 15:48:51.919 | DEBUG    | eval.evaluation.evaluation:metric_call:77 - metric_func_name number_near score 1.0 msg number near in range 5.0%, response: 519311965.0, target: 519311965.0
2026-08-07 15:48:51.919 | DEBUG    | eval.evaluation.evaluation:metric_call:77 - metric_func_name number_near score 1.0 msg number near in range 5.0%, response: 1155046416.0, target: 1155046416.0
2026-08-07 15:48:51.919 | DEBUG    | eval.evaluation.evaluation:metric_call:77 - metric_func_name number_near score 1.0 msg number near in range 5.0%, response: 677796076.0, target: 677796076.0
2026-08-07 15:48:51.919 | DEBUG    | eval.evaluation.evaluation:metric_call:77 - metric_func_name number_near score 1.0 msg number near in range 5.0%, response: 863756051.0, target: 863756051.0
2026-08-07 15:48:51.920 | DEBUG    | eval.evaluation.evaluation:metric_call:77 - metric_func_name number_near score 1.0 msg number near in range 5.0%, response: 880166924.0, target: 880166924.0
2026-08-07 15:48:51.920 | DEBUG    | eval.evaluation.evaluation:metric_call:77 - metric_func_name number_near score 1.0 msg number near in range 5.0%, response: 855301806.0, target: 855301806.0
2026-08-07 15:48:51.920 | DEBUG    | eval.evaluation.evaluation:metric_call:77 - metric_func_name number_near score 1.0 msg number near in range 5.0%, response: 1349926083.0, target: 1346913161.0
2026-08-07 15:48:51.920 | DEBUG    | eval.evaluation.evaluation:metric_call:77 - metric_func_name number_near score 1.0 msg number near in range 5.0%, response: 2052415039.0, target: 2052415039.0
2026-08-07 15:48:51.920 | DEBUG    | eval.evaluation.evaluation:metric_call:77 - metric_func_name number_near score 1.0 msg number near in range 5.0%, response: 622674139.0, target: 622674139.0
2026-08-07 15:48:51.920 | DEBUG    | eval.evaluation.evaluation:metric_call:77 - metric_func_name number_near score 1.0 msg number near in range 5.0%, response: 1131416446.0, target: 1131416446.0
2026-08-07 15:48:51.920 | DEBUG    | eval.evaluation.evaluation:metric_call:77 - metric_func_name number_near score 1.0 msg number near in range 5.0%, response: 2799439100.0, target: 2799439100.0
2026-08-07 15:48:51.920 | DEBUG    | eval.evaluation.evaluation:metric_call:77 - metric_func_name number_near score 1.0 msg number near in range 5.0%, response: 1132705055.0, target: 1138121790.0
2026-08-07 15:48:51.920 | DEBUG    | eval.evaluation.evaluation:metric_call:77 - metric_func_name number_near score 1.0 msg number near in range 5.0%, response: 379751655.0, target: 379751655.0
2026-08-07 15:48:51.920 | DEBUG    | eval.evaluation.evaluation:metric_call:77 - metric_func_name number_near score 1.0 msg number near in range 5.0%, response: 432243292.0, target: 432243292.0
2026-08-07 15:48:51.920 | DEBUG    | eval.evaluation.evaluation:metric_call:77 - metric_func_name number_near score 1.0 msg number near in range 5.0%, response: 402064899.0, target: 402064899.0
2026-08-07 15:48:51.920 | DEBUG    | eval.evaluation.evaluation:metric_call:77 - metric_func_name number_near score 1.0 msg number near in range 5.0%, response: 1952723050.0, target: 1928040905.0
2026-08-07 15:48:51.920 | DEBUG    | eval.evaluation.evaluation:metric_call:77 - metric_func_name number_near score 1.0 msg number near in range 5.0%, response: 955775804.0, target: 955775804.0
2026-08-07 15:48:51.920 | DEBUG    | eval.evaluation.evaluation:metric_call:77 - metric_func_name number_near score 1.0 msg number near in range 5.0%, response: 760928081.0, target: 760928081.0
2026-08-07 15:48:51.920 | DEBUG    | eval.evaluation.evaluation:metric_call:77 - metric_func_name number_near score 1.0 msg number near in range 5.0%, response: 859208836.0, target: 859208836.0
2026-08-07 15:48:51.920 | DEBUG    | eval.evaluation.evaluation:metric_call:77 - metric_func_name number_near score 1.0 msg number near in range 5.0%, response: 476071180.0, target: 476071180.0
2026-08-07 15:48:51.920 | DEBUG    | eval.evaluation.evaluation:metric_call:77 - metric_func_name number_near score 1.0 msg number near in range 5.0%, response: 845555777.0, target: 845555777.0
2026-08-07 15:48:51.920 | DEBUG    | eval.evaluation.evaluation:metric_call:77 - metric_func_name number_near score 1.0 msg number near in range 5.0%, response: 206136825.0, target: 206136825.0
2026-08-07 15:48:51.920 | DEBUG    | eval.evaluation.evaluation:metric_call:77 - metric_func_name number_near score 1.0 msg number near in range 5.0%, response: 1338073645.0, target: 1338073645.0
2026-08-07 15:48:51.921 | DEBUG    | eval.evaluation.evaluation:evaluate_single_query:321 - wide2deep_ws_en_029, col worldwideboxoffice(dollar), metric_func_name number_near, score [1.0, 1.0, 1.0, 1.0, 1.0, 1.0, 1.0, 1.0, 1.0, 1.0, 1.0, 1.0, 1.0, 1.0, 1.0, 1.0, 1.0, 1.0, 1.0, 1.0, 1.0, 1.0, 1.0, 1.0, 1.0, 1.0, 1.0, 1.0, 1.0, 1.0, 1.0, 1.0, 1.0, 1.0]
2026-08-07 15:48:51.925 | INFO     | eval.evaluation.evaluation:evaluate_single_query:380 - wide2deep_ws_en_029, P/R/F1 by unique_columns: 1.0000/1.0000/1.0000
2026-08-07 15:48:51.925 | INFO     | eval.evaluation.evaluation:evaluate_single_query:383 - wide2deep_ws_en_029, P/R/F1 by row: 1.0000/1.0000/1.0000
2026-08-07 15:48:51.925 | INFO     | eval.evaluation.evaluation:evaluate_single_query:386 - wide2deep_ws_en_029, P/R/F1 by item: 1.0000/1.0000/1.0000
2026-08-07 15:48:51.928 | INFO     | eval.evaluation.evaluation:evaluate_single_query:398 - wide2deep_ws_en_029, final table score: 1
{"event": "eval_done", "idx": 7, "instance_id": "wide2deep_ws_en_029", "score": 1, "entity_acc": 1.0, "f1_by_row": 1.0, "f1_by_item": 1.0, "column_f1": 1.0, "error": null, "elapsed_seconds": 6.048, "running_n": 7}
SUMMARY {"n": 7, "valid_n": 7, "errors": 0, "complete": true, "judge_calls_current_process": 32, "score": 0.14285714285714285, "entity_acc": 1.0, "precision_by_row": 0.4891025641025641, "recall_by_row": 0.4119660359627241, "f1_by_row": 0.43276272236449226, "precision_by_item": 0.7536774182607516, "recall_by_item": 0.6365708904579124, "f1_by_item": 0.669438102597229, "column_precision": 0.955026455026455, "column_recall": 0.7450323329925902, "column_f1": 0.8012332619520627}
