INFO: Pandarallel will run on 8 workers.
INFO: Pandarallel will use Memory file system to transfer data between the main process and workers.
{"event": "eval_start", "selected": 7, "resume_committed": 0, "committed_errors": 0, "crash_only_resume": false}
2026-08-09 11:28:05.622 | DEBUG    | eval.evaluation.data_loader:extract_dataframe:167 - find markdown_str 
| Category | Rank | Title | Singer | Language | Songwriter(s) | ...
2026-08-09 11:28:07.715 | INFO     | eval.evaluation.metric_utils:primary_key_preprocess:246 - primary_key_preprocess result: ```json
{
  "Most-Streamed Songs Globally": "Top 10 Spotify's Most-Streamed Songs Globally",
  "Most-Streamed Songs in the U.S.": "Top 10 U.S. Most-Streamed Songs"
}
```
2026-08-09 11:28:07.716 | INFO     | eval.evaluation.evaluation:evaluate_single_query:223 - col: category, primary_key_map {'Most-Streamed Songs Globally': "Top 10 Spotify's Most-Streamed Songs Globally", 'Most-Streamed Songs in the U.S.': 'Top 10 U.S. Most-Streamed Songs'}
2026-08-09 11:28:11.401 | INFO     | eval.evaluation.metric_utils:primary_key_preprocess:246 - primary_key_preprocess result: ```json
{
  "10": "10",
  "9": "9",
  "8": "8",
  "7": "7",
  "6": "6",
  "5": "5",
  "4": "4",
  "3": "3",
  "2": "2",
  "1": "1"
}
```
2026-08-09 11:28:11.402 | INFO     | eval.evaluation.evaluation:evaluate_single_query:223 - col: rank, primary_key_map {'10': '10', '9': '9', '8': '8', '7': '7', '6': '6', '5': '5', '4': '4', '3': '3', '2': '2', '1': '1'}
2026-08-09 11:28:11.477 | INFO     | eval.evaluation.evaluation:evaluate_single_query:275 - wide2deep_ws_en_022, df_inner shape: (20, 16), answer_df shape: (20, 8), response_df shape: (20, 10)
2026-08-09 11:28:15.040 | DEBUG    | eval.evaluation.evaluation:evaluate_single_query:321 - wide2deep_ws_en_022, col title, metric_func_name llm_judge, score [1, 1, 1, 1, 1, 1, 1, 1, 1, 1, 1, 1, 0, 0, 0, 0, 0, 0, 0, 0]
2026-08-09 11:28:19.723 | DEBUG    | eval.evaluation.evaluation:evaluate_single_query:321 - wide2deep_ws_en_022, col singer, metric_func_name llm_judge, score [1, 1, 1, 1, 1, 1, 1, 1, 1, 1, 1, 1, 0, 0, 0, 0, 0, 0, 0, 0]
2026-08-09 11:28:19.723 | DEBUG    | eval.evaluation.evaluation:metric_call:77 - metric_func_name exact_match score 1.0 msg exact match, response: english, target: english
2026-08-09 11:28:19.723 | DEBUG    | eval.evaluation.evaluation:metric_call:77 - metric_func_name exact_match score 1.0 msg exact match, response: english, target: english
2026-08-09 11:28:19.723 | DEBUG    | eval.evaluation.evaluation:metric_call:77 - metric_func_name exact_match score 1.0 msg exact match, response: english, target: english
2026-08-09 11:28:19.723 | DEBUG    | eval.evaluation.evaluation:metric_call:77 - metric_func_name exact_match score 1.0 msg exact match, response: spanish, target: spanish
2026-08-09 11:28:19.723 | DEBUG    | eval.evaluation.evaluation:metric_call:77 - metric_func_name exact_match score 1.0 msg exact match, response: english, target: english
2026-08-09 11:28:19.723 | DEBUG    | eval.evaluation.evaluation:metric_call:77 - metric_func_name exact_match score 1.0 msg exact match, response: english, target: english
2026-08-09 11:28:19.724 | DEBUG    | eval.evaluation.evaluation:metric_call:77 - metric_func_name exact_match score 1.0 msg exact match, response: english, target: english
2026-08-09 11:28:19.724 | DEBUG    | eval.evaluation.evaluation:metric_call:77 - metric_func_name exact_match score 1.0 msg exact match, response: english, target: english
2026-08-09 11:28:19.724 | DEBUG    | eval.evaluation.evaluation:metric_call:77 - metric_func_name exact_match score 1.0 msg exact match, response: english, target: english
2026-08-09 11:28:19.724 | DEBUG    | eval.evaluation.evaluation:metric_call:77 - metric_func_name exact_match score 1.0 msg exact match, response: english, target: english
2026-08-09 11:28:19.724 | DEBUG    | eval.evaluation.evaluation:metric_call:77 - metric_func_name exact_match score 1.0 msg exact match, response: english, target: english
2026-08-09 11:28:19.724 | DEBUG    | eval.evaluation.evaluation:metric_call:77 - metric_func_name exact_match score 1.0 msg exact match, response: english, target: english
2026-08-09 11:28:19.724 | DEBUG    | eval.evaluation.evaluation:metric_call:77 - metric_func_name exact_match score 1.0 msg exact match, response: english, target: english
2026-08-09 11:28:19.724 | DEBUG    | eval.evaluation.evaluation:metric_call:77 - metric_func_name exact_match score 1.0 msg exact match, response: english, target: english
2026-08-09 11:28:19.724 | DEBUG    | eval.evaluation.evaluation:metric_call:77 - metric_func_name exact_match score 1.0 msg exact match, response: english, target: english
2026-08-09 11:28:19.724 | DEBUG    | eval.evaluation.evaluation:metric_call:77 - metric_func_name exact_match score 1.0 msg exact match, response: english, target: english
2026-08-09 11:28:19.724 | DEBUG    | eval.evaluation.evaluation:metric_call:77 - metric_func_name exact_match score 1.0 msg exact match, response: english, target: english
2026-08-09 11:28:19.724 | DEBUG    | eval.evaluation.evaluation:metric_call:77 - metric_func_name exact_match score 1.0 msg exact match, response: english, target: english
2026-08-09 11:28:19.724 | DEBUG    | eval.evaluation.evaluation:metric_call:77 - metric_func_name exact_match score 1.0 msg exact match, response: english, target: english
2026-08-09 11:28:19.724 | DEBUG    | eval.evaluation.evaluation:metric_call:77 - metric_func_name exact_match score 1.0 msg exact match, response: english, target: english
2026-08-09 11:28:19.725 | DEBUG    | eval.evaluation.evaluation:evaluate_single_query:321 - wide2deep_ws_en_022, col language, metric_func_name exact_match, score [1.0, 1.0, 1.0, 1.0, 1.0, 1.0, 1.0, 1.0, 1.0, 1.0, 1.0, 1.0, 1.0, 1.0, 1.0, 1.0, 1.0, 1.0, 1.0, 1.0]
2026-08-09 11:28:28.108 | DEBUG    | eval.evaluation.evaluation:evaluate_single_query:321 - wide2deep_ws_en_022, col songwriter(s), metric_func_name llm_judge, score [1, 1, 1, 1, 1, 1, 1, 1, 1, 1, 1, 1, 0, 0, 0, 0, 0, 0, 0, 0]
2026-08-09 11:28:34.793 | DEBUG    | eval.evaluation.evaluation:evaluate_single_query:321 - wide2deep_ws_en_022, col producer(s), metric_func_name llm_judge, score [1, 1, 1, 1, 1, 1, 1, 1, 1, 1, 1, 1, 0, 0, 0, 0, 0, 0, 0, 0]
2026-08-09 11:28:34.795 | DEBUG    | eval.evaluation.evaluation:metric_call:77 - metric_func_name date_near score 1.0 msg date near, response: 2024-04-11 00:00:00, target: 2024-04-11 00:00:00
2026-08-09 11:28:34.797 | DEBUG    | eval.evaluation.evaluation:metric_call:77 - metric_func_name date_near score 1.0 msg date near, response: 2024-01-18 00:00:00, target: 2024-01-19 00:00:00
2026-08-09 11:28:34.799 | DEBUG    | eval.evaluation.evaluation:metric_call:77 - metric_func_name date_near score 1.0 msg date near, response: 2024-05-17 00:00:00, target: 2024-05-17 00:00:00
2026-08-09 11:28:34.801 | DEBUG    | eval.evaluation.evaluation:metric_call:77 - metric_func_name date_near score 1.0 msg date near, response: 2024-02-02 00:00:00, target: 2024-02-02 00:00:00
2026-08-09 11:28:34.803 | DEBUG    | eval.evaluation.evaluation:metric_call:77 - metric_func_name date_near score 1.0 msg date near, response: 2023-06-23 00:00:00, target: 2023-06-23 00:00:00
2026-08-09 11:28:34.805 | DEBUG    | eval.evaluation.evaluation:metric_call:77 - metric_func_name date_near score 0.0 msg date not near, response: 2022-09-16 00:00:00, target: 2024-03-01 00:00:00
2026-08-09 11:28:34.807 | DEBUG    | eval.evaluation.evaluation:metric_call:77 - metric_func_name date_near score 1.0 msg date near, response: 2024-03-22 00:00:00, target: 2024-03-22 00:00:00
2026-08-09 11:28:34.809 | DEBUG    | eval.evaluation.evaluation:metric_call:77 - metric_func_name date_near score 0.0 msg date not near, response: 2023-06-23 00:00:00, target: 2023-12-08 00:00:00
2026-08-09 11:28:34.812 | DEBUG    | eval.evaluation.evaluation:metric_call:77 - metric_func_name date_near score 1.0 msg date near, response: 2019-08-23 00:00:00, target: 2019-08-23 00:00:00
2026-08-09 11:28:34.814 | DEBUG    | eval.evaluation.evaluation:metric_call:77 - metric_func_name date_near score 1.0 msg date near, response: 2024-08-16 00:00:00, target: 2024-08-16 00:00:00
2026-08-09 11:28:34.816 | DEBUG    | eval.evaluation.evaluation:metric_call:77 - metric_func_name date_near score 1.0 msg date near, response: 2024-04-11 00:00:00, target: 2024-04-11 00:00:00
2026-08-09 11:28:34.818 | DEBUG    | eval.evaluation.evaluation:metric_call:77 - metric_func_name date_near score 1.0 msg date near, response: 2024-05-04 00:00:00, target: 2024-05-04 00:00:00
2026-08-09 11:28:34.820 | DEBUG    | eval.evaluation.evaluation:metric_call:77 - metric_func_name date_near score 1.0 msg date near, response: 2024-04-26 00:00:00, target: 2024-04-12 00:00:00
2026-08-09 11:28:34.822 | DEBUG    | eval.evaluation.evaluation:metric_call:77 - metric_func_name date_near score 1.0 msg date near, response: 2024-04-12 00:00:00, target: 2024-05-10 00:00:00
2026-08-09 11:28:34.824 | DEBUG    | eval.evaluation.evaluation:metric_call:77 - metric_func_name date_near score 0.0 msg date not near, response: 2024-01-18 00:00:00, target: 2024-04-26 00:00:00
2026-08-09 11:28:34.826 | DEBUG    | eval.evaluation.evaluation:metric_call:77 - metric_func_name date_near score 0.0 msg date not near, response: 2023-06-23 00:00:00, target: 2024-04-05 00:00:00
2026-08-09 11:28:34.828 | DEBUG    | eval.evaluation.evaluation:metric_call:77 - metric_func_name date_near score 0.0 msg date not near, response: 2024-03-22 00:00:00, target: 2024-01-18 00:00:00
2026-08-09 11:28:34.830 | DEBUG    | eval.evaluation.evaluation:metric_call:77 - metric_func_name date_near score 0.0 msg date not near, response: 2024-03-22 00:00:00, target: 2024-05-17 00:00:00
2026-08-09 11:28:34.832 | DEBUG    | eval.evaluation.evaluation:metric_call:77 - metric_func_name date_near score 0.0 msg date not near, response: 2024-05-17 00:00:00, target: 2023-08-25 00:00:00
2026-08-09 11:28:34.834 | DEBUG    | eval.evaluation.evaluation:metric_call:77 - metric_func_name date_near score 0.0 msg date not near, response: 2024-04-05 00:00:00, target: 2022-10-14 00:00:00
2026-08-09 11:28:34.835 | DEBUG    | eval.evaluation.evaluation:evaluate_single_query:321 - wide2deep_ws_en_022, col releasedate, metric_func_name date_near, score [1.0, 1.0, 1.0, 1.0, 1.0, 0.0, 1.0, 0.0, 1.0, 1.0, 1.0, 1.0, 1.0, 1.0, 0.0, 0.0, 0.0, 0.0, 0.0, 0.0]
2026-08-09 11:28:34.841 | INFO     | eval.evaluation.evaluation:evaluate_single_query:380 - wide2deep_ws_en_022, P/R/F1 by unique_columns: 1.0000/1.0000/1.0000
2026-08-09 11:28:34.841 | INFO     | eval.evaluation.evaluation:evaluate_single_query:383 - wide2deep_ws_en_022, P/R/F1 by row: 0.5000/0.5000/0.5000
2026-08-09 11:28:34.841 | INFO     | eval.evaluation.evaluation:evaluate_single_query:386 - wide2deep_ws_en_022, P/R/F1 by item: 0.7500/0.7500/0.7500
2026-08-09 11:28:34.844 | INFO     | eval.evaluation.evaluation:evaluate_single_query:398 - wide2deep_ws_en_022, final table score: 0.0
{"event": "eval_done", "idx": 1, "instance_id": "wide2deep_ws_en_022", "score": 0.0, "entity_acc": 1.0, "f1_by_row": 0.5, "f1_by_item": 0.75, "column_f1": 1.0, "error": null, "elapsed_seconds": 31.301, "running_n": 1}
2026-08-09 11:28:37.395 | DEBUG    | eval.evaluation.data_loader:extract_dataframe:167 - find markdown_str 
| Clinic | County | Full Address | Phone Number | Saturday Oper ...
2026-08-09 11:28:40.358 | INFO     | eval.evaluation.metric_utils:primary_key_preprocess:246 - primary_key_preprocess result: ```json
{
  "FPA Women's Health – Fresno": "FPA Women's Health - Fresno",
  "Planned Parenthood Mar Monte – Fresno Health Center": "Planned Parenthood - Fulton Street Health Center"
}
```
2026-08-09 11:28:40.358 | INFO     | eval.evaluation.evaluation:evaluate_single_query:223 - col: clinic, primary_key_map {"FPA Women's Health – Fresno": "FPA Women's Health - Fresno", 'Planned Parenthood Mar Monte – Fresno Health Center': 'Planned Parenthood - Fulton Street Health Center'}
2026-08-09 11:28:40.364 | INFO     | eval.evaluation.evaluation:evaluate_single_query:275 - wide2deep_ws_en_025, df_inner shape: (2, 10), answer_df shape: (6, 5), response_df shape: (2, 6)
2026-08-09 11:28:40.365 | DEBUG    | eval.evaluation.evaluation:metric_call:77 - metric_func_name exact_match score 1.0 msg exact match, response: fresno, target: fresno
2026-08-09 11:28:40.365 | DEBUG    | eval.evaluation.evaluation:metric_call:77 - metric_func_name exact_match score 1.0 msg exact match, response: fresno, target: fresno
2026-08-09 11:28:40.366 | DEBUG    | eval.evaluation.evaluation:evaluate_single_query:321 - wide2deep_ws_en_025, col county, metric_func_name exact_match, score [1.0, 1.0]
2026-08-09 11:28:43.301 | DEBUG    | eval.evaluation.evaluation:evaluate_single_query:321 - wide2deep_ws_en_025, col fulladdress, metric_func_name llm_judge, score [1, 1]
2026-08-09 11:28:43.301 | DEBUG    | eval.evaluation.evaluation:metric_call:77 - metric_func_name exact_match score 0.0 msg exact not match, response: (559)446-1515, target: (559)488-4900
2026-08-09 11:28:43.301 | DEBUG    | eval.evaluation.evaluation:metric_call:77 - metric_func_name exact_match score 1.0 msg exact match, response: (559)233-8657, target: (559)233-8657
2026-08-09 11:28:43.302 | DEBUG    | eval.evaluation.evaluation:evaluate_single_query:321 - wide2deep_ws_en_025, col phonenumber, metric_func_name exact_match, score [0.0, 1.0]
2026-08-09 11:28:45.055 | DEBUG    | eval.evaluation.evaluation:evaluate_single_query:321 - wide2deep_ws_en_025, col saturdayoperationhours, metric_func_name llm_judge, score [0, 1]
2026-08-09 11:28:45.059 | INFO     | eval.evaluation.evaluation:evaluate_single_query:380 - wide2deep_ws_en_025, P/R/F1 by unique_columns: 1.0000/0.3333/0.5000
2026-08-09 11:28:45.060 | INFO     | eval.evaluation.evaluation:evaluate_single_query:383 - wide2deep_ws_en_025, P/R/F1 by row: 0.5000/0.1667/0.2500
2026-08-09 11:28:45.060 | INFO     | eval.evaluation.evaluation:evaluate_single_query:386 - wide2deep_ws_en_025, P/R/F1 by item: 0.8000/0.2667/0.4000
2026-08-09 11:28:45.061 | INFO     | eval.evaluation.evaluation:evaluate_single_query:398 - wide2deep_ws_en_025, final table score: 0.0
{"event": "eval_done", "idx": 2, "instance_id": "wide2deep_ws_en_025", "score": 0.0, "entity_acc": 1.0, "f1_by_row": 0.25, "f1_by_item": 0.4, "column_f1": 0.5, "error": null, "elapsed_seconds": 10.2, "running_n": 2}
2026-08-09 11:28:47.006 | DEBUG    | eval.evaluation.data_loader:extract_dataframe:167 - find markdown_str 
| Season | Couple married at the show | Status |
| --- | --- |  ...
2026-08-09 11:28:50.435 | INFO     | eval.evaluation.metric_utils:primary_key_preprocess:246 - primary_key_preprocess result: ```json
{
  "Cameron Hamilton & Lauren Speed": "Cameron Hamilton & Lauren Speed",
  "Matt Barnett & Amber Pike": "Matthew Barnett & Amber Pike",
  "Nick Thompson & Danielle Ruhl": "Nick Thompson & Danielle Ruhl",
  "Jarrette Jones & Iyanna McNeely": "Jarrette Jones & Iyanna McNeely",
  "Brennon Lemieux & Alexa Alfia": "Brennon Lemieux & Alexa Alfia",
  "Matt Bolton & Colleen Reed": "Matt Bolton & Colleen Reed",
  "Brett Brown & Tiffany Pennywell": "Brett Brown & Tiffany Pennywell",
  "Zack Goytowski & Bliss Poureetezadi": "Bliss Poureetezadi & Zack Goytowski",
  "Kwame Appiah & Chelsea Griffin": "Kwame Appiah & Chelsea Griffin",
  "Milton Johnson & Lydia Velez Gonzalez": "James \"Milton\" Johnson IV & Lydia Arleen Velez Gonzalez",
  "Johnny McIntyre & Amy Cortés": "Johnny McIntyre & Amy Cortés",
  "Garrett Josemans & Taylor Krause": "Garrett Josemans & Taylor Krause",
  "Tyler Francis & Ashley Adionser": "Tyler Francis & Ashley Adionser"
}
```
2026-08-09 11:28:50.435 | INFO     | eval.evaluation.evaluation:evaluate_single_query:223 - col: couplemarriedattheshow, primary_key_map {'Cameron Hamilton & Lauren Speed': 'Cameron Hamilton & Lauren Speed', 'Matt Barnett & Amber Pike': 'Matthew Barnett & Amber Pike', 'Nick Thompson & Danielle Ruhl': 'Nick Thompson & Danielle Ruhl', 'Jarrette Jones & Iyanna McNeely': 'Jarrette Jones & Iyanna McNeely', 'Brennon Lemieux & Alexa Alfia': 'Brennon Lemieux & Alexa Alfia', 'Matt Bolton & Colleen Reed': 'Matt Bolton & Colleen Reed', 'Brett Brown & Tiffany Pennywell': 'Brett Brown & Tiffany Pennywell', 'Zack Goytowski & Bliss Poureetezadi': 'Bliss Poureetezadi & Zack Goytowski', 'Kwame Appiah & Chelsea Griffin': 'Kwame Appiah & Chelsea Griffin', 'Milton Johnson & Lydia Velez Gonzalez': 'James "Milton" Johnson IV & Lydia Arleen Velez Gonzalez', 'Johnny McIntyre & Amy Cortés': 'Johnny McIntyre & Amy Cortés', 'Garrett Josemans & Taylor Krause': 'Garrett Josemans & Taylor Krause', 'Tyler Francis & Ashley Adionser': 'Tyler Francis & Ashley Adionser'}
2026-08-09 11:28:50.440 | INFO     | eval.evaluation.evaluation:evaluate_single_query:275 - wide2deep_ws_en_037, df_inner shape: (13, 6), answer_df shape: (13, 3), response_df shape: (15, 4)
2026-08-09 11:28:53.573 | DEBUG    | eval.evaluation.evaluation:evaluate_single_query:321 - wide2deep_ws_en_037, col season, metric_func_name llm_judge, score [1, 1, 1, 1, 1, 1, 1, 1, 1, 1, 1, 1, 1]
2026-08-09 11:28:53.573 | DEBUG    | eval.evaluation.evaluation:metric_call:77 - metric_func_name exact_match score 1.0 msg exact match, response: stillmarried, target: stillmarried
2026-08-09 11:28:53.573 | DEBUG    | eval.evaluation.evaluation:metric_call:77 - metric_func_name exact_match score 1.0 msg exact match, response: stillmarried, target: stillmarried
2026-08-09 11:28:53.573 | DEBUG    | eval.evaluation.evaluation:metric_call:77 - metric_func_name exact_match score 1.0 msg exact match, response: divorced, target: divorced
2026-08-09 11:28:53.573 | DEBUG    | eval.evaluation.evaluation:metric_call:77 - metric_func_name exact_match score 1.0 msg exact match, response: divorced, target: divorced
2026-08-09 11:28:53.573 | DEBUG    | eval.evaluation.evaluation:metric_call:77 - metric_func_name exact_match score 1.0 msg exact match, response: stillmarried, target: stillmarried
2026-08-09 11:28:53.573 | DEBUG    | eval.evaluation.evaluation:metric_call:77 - metric_func_name exact_match score 0.0 msg exact not match, response: stillmarried, target: divorced
2026-08-09 11:28:53.574 | DEBUG    | eval.evaluation.evaluation:metric_call:77 - metric_func_name exact_match score 1.0 msg exact match, response: stillmarried, target: stillmarried
2026-08-09 11:28:53.574 | DEBUG    | eval.evaluation.evaluation:metric_call:77 - metric_func_name exact_match score 1.0 msg exact match, response: stillmarried, target: stillmarried
2026-08-09 11:28:53.574 | DEBUG    | eval.evaluation.evaluation:metric_call:77 - metric_func_name exact_match score 1.0 msg exact match, response: stillmarried, target: stillmarried
2026-08-09 11:28:53.574 | DEBUG    | eval.evaluation.evaluation:metric_call:77 - metric_func_name exact_match score 0.0 msg exact not match, response: stillmarried, target: divorced
2026-08-09 11:28:53.574 | DEBUG    | eval.evaluation.evaluation:metric_call:77 - metric_func_name exact_match score 1.0 msg exact match, response: stillmarried, target: stillmarried
2026-08-09 11:28:53.574 | DEBUG    | eval.evaluation.evaluation:metric_call:77 - metric_func_name exact_match score 1.0 msg exact match, response: stillmarried, target: stillmarried
2026-08-09 11:28:53.574 | DEBUG    | eval.evaluation.evaluation:metric_call:77 - metric_func_name exact_match score 1.0 msg exact match, response: divorced, target: divorced
2026-08-09 11:28:53.574 | DEBUG    | eval.evaluation.evaluation:evaluate_single_query:321 - wide2deep_ws_en_037, col status, metric_func_name exact_match, score [1.0, 1.0, 1.0, 1.0, 1.0, 0.0, 1.0, 1.0, 1.0, 0.0, 1.0, 1.0, 1.0]
2026-08-09 11:28:53.578 | INFO     | eval.evaluation.evaluation:evaluate_single_query:380 - wide2deep_ws_en_037, P/R/F1 by unique_columns: 0.8667/1.0000/0.9286
2026-08-09 11:28:53.578 | INFO     | eval.evaluation.evaluation:evaluate_single_query:383 - wide2deep_ws_en_037, P/R/F1 by row: 0.7333/0.8462/0.7857
2026-08-09 11:28:53.578 | INFO     | eval.evaluation.evaluation:evaluate_single_query:386 - wide2deep_ws_en_037, P/R/F1 by item: 0.8222/0.9487/0.8810
2026-08-09 11:28:53.579 | INFO     | eval.evaluation.evaluation:evaluate_single_query:398 - wide2deep_ws_en_037, final table score: 0.0
{"event": "eval_done", "idx": 3, "instance_id": "wide2deep_ws_en_037", "score": 0.0, "entity_acc": 1.0, "f1_by_row": 0.7857142857142856, "f1_by_item": 0.8809523809523809, "column_f1": 0.9285714285714286, "error": null, "elapsed_seconds": 8.5, "running_n": 3}
2026-08-09 11:28:56.489 | DEBUG    | eval.evaluation.data_loader:extract_dataframe:167 - find markdown_str 
| Park | States | Price (per adult) | Mountain Scenery |
| ---  ...
2026-08-09 11:29:03.372 | INFO     | eval.evaluation.metric_utils:primary_key_preprocess:246 - primary_key_preprocess result: ```json
{
  "Acadia National Park": "Acadia",
  "National Park of American Samoa": "American Samoa",
  "Arches National Park": "Arches",
  "Badlands National Park": "Badlands",
  "Big Bend National Park": "Big Bend",
  "Biscayne National Park": "Biscayne",
  "Black Canyon of the Gunnison National Park": "Black Canyon of the Gunnison",
  "Bryce Canyon National Park": "Bryce Canyon",
  "Canyonlands National Park": "Canyonlands",
  "Capitol Reef National Park": "Capitol Reef",
  "Carlsbad Caverns National Park": "Carlsbad Caverns",
  "Channel Islands National Park": "Channel Islands",
  "Congaree National Park": "Congaree",
  "Crater Lake National Park": "Crater Lake",
  "Cuyahoga Valley National Park": "Cuyahoga Valley",
  "Death Valley National Park": "Death Valley",
  "Denali National Park and Preserve": "Denali",
  "Dry Tortugas National Park": "Dry Tortugas",
  "Everglades National Park": "Everglades",
  "Gates of the Arctic National Park and Preserve": "Gates of the Arctic",
  "Gateway Arch National Park": "Gateway Arch",
  "Glacier National Park": "Glacier",
  "Glacier Bay National Park and Preserve": "Glacier Bay",
  "Grand Canyon National Park": "Grand Canyon",
  "Grand Teton National Park": "Grand Teton",
  "Great Basin National Park": "Great Basin",
  "Great Sand Dunes National Park and Preserve": "Great Sand Dunes",
  "Great Smoky Mountains National Park": "Great Smoky Mountains",
  "Guadalupe Mountains National Park": "Guadalupe Mountains",
  "Haleakalā National Park": "Haleakalā",
  "Hawaiʻi Volcanoes National Park": "Hawaiʻi Volcanoes",
  "Hot Springs National Park": "Hot Springs",
  "Indiana Dunes National Park": "Indiana Dunes",
  "Isle Royale National Park": "Isle Royale",
  "Joshua Tree National Park": "Joshua Tree",
  "Katmai National Park and Preserve": "Katmai",
  "Kenai Fjords National Park": "Kenai Fjords",
  "Kings Canyon National Park": "Kings Canyon",
  "Kobuk Valley National Park": "Kobuk Valley",
  "Lake Clark National Park and Preserve": "Lake Clark",
  "Lassen Volcanic National Park": "Lassen Volcanic",
  "Mammoth Cave National Park": "Mammoth Cave",
  "Mesa Verde National Park": "Mesa Verde",
  "Mount Rainier National Park": "Mount Rainier",
  "New River Gorge National Park and Preserve": "New River Gorge",
  "North Cascades National Park": "North Cascades",
  "Olympic National Park": "Olympic",
  "Petrified Forest National Park": "Petrified Forest",
  "Pinnacles National Park": "Pinnacles",
  "Redwood National and State Parks": "Redwood",
  "Rocky Mountain National Park": "Rocky Mountain",
  "Saguaro National Park": "Saguaro",
  "Sequoia National Park": "Sequoia",
  "Shenandoah National Park": "Shenandoah",
  "Theodore Roosevelt National Park": "Theodore Roosevelt",
  "Virgin Islands National Park": "Virgin Islands",
  "Voyageurs National Park": "Voyageurs",
  "White Sands National Park": "White Sands",
  "Wind Cave National Park": "Wind Cave",
  "Wrangell–St. Elias National Park and Preserve": "Wrangell–St. Elias",
  "Yellowstone National Park": "Yellowstone",
  "Yosemite National Park": "Yosemite",
  "Zion National Park": "Zion"
}
```
2026-08-09 11:29:03.373 | INFO     | eval.evaluation.evaluation:evaluate_single_query:223 - col: park, primary_key_map {'Acadia National Park': 'Acadia', 'National Park of American Samoa': 'American Samoa', 'Arches National Park': 'Arches', 'Badlands National Park': 'Badlands', 'Big Bend National Park': 'Big Bend', 'Biscayne National Park': 'Biscayne', 'Black Canyon of the Gunnison National Park': 'Black Canyon of the Gunnison', 'Bryce Canyon National Park': 'Bryce Canyon', 'Canyonlands National Park': 'Canyonlands', 'Capitol Reef National Park': 'Capitol Reef', 'Carlsbad Caverns National Park': 'Carlsbad Caverns', 'Channel Islands National Park': 'Channel Islands', 'Congaree National Park': 'Congaree', 'Crater Lake National Park': 'Crater Lake', 'Cuyahoga Valley National Park': 'Cuyahoga Valley', 'Death Valley National Park': 'Death Valley', 'Denali National Park and Preserve': 'Denali', 'Dry Tortugas National Park': 'Dry Tortugas', 'Everglades National Park': 'Everglades', 'Gates of the Arctic National Park and Preserve': 'Gates of the Arctic', 'Gateway Arch National Park': 'Gateway Arch', 'Glacier National Park': 'Glacier', 'Glacier Bay National Park and Preserve': 'Glacier Bay', 'Grand Canyon National Park': 'Grand Canyon', 'Grand Teton National Park': 'Grand Teton', 'Great Basin National Park': 'Great Basin', 'Great Sand Dunes National Park and Preserve': 'Great Sand Dunes', 'Great Smoky Mountains National Park': 'Great Smoky Mountains', 'Guadalupe Mountains National Park': 'Guadalupe Mountains', 'Haleakalā National Park': 'Haleakalā', 'Hawaiʻi Volcanoes National Park': 'Hawaiʻi Volcanoes', 'Hot Springs National Park': 'Hot Springs', 'Indiana Dunes National Park': 'Indiana Dunes', 'Isle Royale National Park': 'Isle Royale', 'Joshua Tree National Park': 'Joshua Tree', 'Katmai National Park and Preserve': 'Katmai', 'Kenai Fjords National Park': 'Kenai Fjords', 'Kings Canyon National Park': 'Kings Canyon', 'Kobuk Valley National Park': 'Kobuk Valley', 'Lake Clark National Park and Preserve': 'Lake Clark', 'Lassen Volcanic National Park': 'Lassen Volcanic', 'Mammoth Cave National Park': 'Mammoth Cave', 'Mesa Verde National Park': 'Mesa Verde', 'Mount Rainier National Park': 'Mount Rainier', 'New River Gorge National Park and Preserve': 'New River Gorge', 'North Cascades National Park': 'North Cascades', 'Olympic National Park': 'Olympic', 'Petrified Forest National Park': 'Petrified Forest', 'Pinnacles National Park': 'Pinnacles', 'Redwood National and State Parks': 'Redwood', 'Rocky Mountain National Park': 'Rocky Mountain', 'Saguaro National Park': 'Saguaro', 'Sequoia National Park': 'Sequoia', 'Shenandoah National Park': 'Shenandoah', 'Theodore Roosevelt National Park': 'Theodore Roosevelt', 'Virgin Islands National Park': 'Virgin Islands', 'Voyageurs National Park': 'Voyageurs', 'White Sands National Park': 'White Sands', 'Wind Cave National Park': 'Wind Cave', 'Wrangell–St. Elias National Park and Preserve': 'Wrangell–St. Elias', 'Yellowstone National Park': 'Yellowstone', 'Yosemite National Park': 'Yosemite', 'Zion National Park': 'Zion'}
2026-08-09 11:29:03.378 | INFO     | eval.evaluation.evaluation:evaluate_single_query:275 - wide2deep_ws_en_043, df_inner shape: (63, 8), answer_df shape: (63, 4), response_df shape: (63, 5)
2026-08-09 11:29:10.520 | DEBUG    | eval.evaluation.evaluation:evaluate_single_query:321 - wide2deep_ws_en_043, col states, metric_func_name llm_judge, score [1, 1, 1, 1, 1, 1, 1, 1, 1, 1, 1, 1, 1, 1, 1, 1, 1, 1, 1, 1, 0, 1, 1, 1, 1, 1, 1, 1, 1, 1, 1, 1, 1, 1, 1, 1, 1, 1, 1, 1, 1, 1, 1, 1, 1, 1, 1, 1, 1, 1, 1, 1, 1, 1, 1, 1, 1, 1, 1, 1, 1, 1, 1]
2026-08-09 11:29:10.521 | DEBUG    | eval.evaluation.evaluation:metric_call:77 - metric_func_name exact_match score 0.0 msg exact not match, response: $20, target: 20
2026-08-09 11:29:10.521 | DEBUG    | eval.evaluation.evaluation:metric_call:77 - metric_func_name exact_match score 0.0 msg exact not match, response: $0, target: free
2026-08-09 11:29:10.521 | DEBUG    | eval.evaluation.evaluation:metric_call:77 - metric_func_name exact_match score 0.0 msg exact not match, response: $15, target: 15
2026-08-09 11:29:10.521 | DEBUG    | eval.evaluation.evaluation:metric_call:77 - metric_func_name exact_match score 0.0 msg exact not match, response: $15, target: 15
2026-08-09 11:29:10.521 | DEBUG    | eval.evaluation.evaluation:metric_call:77 - metric_func_name exact_match score 0.0 msg exact not match, response: $15, target: 15
2026-08-09 11:29:10.521 | DEBUG    | eval.evaluation.evaluation:metric_call:77 - metric_func_name exact_match score 0.0 msg exact not match, response: $0, target: free
2026-08-09 11:29:10.521 | DEBUG    | eval.evaluation.evaluation:metric_call:77 - metric_func_name exact_match score 0.0 msg exact not match, response: $15, target: 15
2026-08-09 11:29:10.521 | DEBUG    | eval.evaluation.evaluation:metric_call:77 - metric_func_name exact_match score 0.0 msg exact not match, response: $20, target: 20
2026-08-09 11:29:10.521 | DEBUG    | eval.evaluation.evaluation:metric_call:77 - metric_func_name exact_match score 0.0 msg exact not match, response: $15, target: 15
2026-08-09 11:29:10.521 | DEBUG    | eval.evaluation.evaluation:metric_call:77 - metric_func_name exact_match score 0.0 msg exact not match, response: $10, target: 10
2026-08-09 11:29:10.521 | DEBUG    | eval.evaluation.evaluation:metric_call:77 - metric_func_name exact_match score 0.0 msg exact not match, response: $15, target: 15
2026-08-09 11:29:10.521 | DEBUG    | eval.evaluation.evaluation:metric_call:77 - metric_func_name exact_match score 0.0 msg exact not match, response: $0, target: free
2026-08-09 11:29:10.521 | DEBUG    | eval.evaluation.evaluation:metric_call:77 - metric_func_name exact_match score 0.0 msg exact not match, response: $0, target: free
2026-08-09 11:29:10.521 | DEBUG    | eval.evaluation.evaluation:metric_call:77 - metric_func_name exact_match score 0.0 msg exact not match, response: $15, target: 15
2026-08-09 11:29:10.521 | DEBUG    | eval.evaluation.evaluation:metric_call:77 - metric_func_name exact_match score 0.0 msg exact not match, response: $0, target: free
2026-08-09 11:29:10.521 | DEBUG    | eval.evaluation.evaluation:metric_call:77 - metric_func_name exact_match score 0.0 msg exact not match, response: $15, target: 15
2026-08-09 11:29:10.521 | DEBUG    | eval.evaluation.evaluation:metric_call:77 - metric_func_name exact_match score 0.0 msg exact not match, response: $15, target: 15
2026-08-09 11:29:10.521 | DEBUG    | eval.evaluation.evaluation:metric_call:77 - metric_func_name exact_match score 0.0 msg exact not match, response: $15, target: 15
2026-08-09 11:29:10.522 | DEBUG    | eval.evaluation.evaluation:metric_call:77 - metric_func_name exact_match score 0.0 msg exact not match, response: $20, target: 20
2026-08-09 11:29:10.522 | DEBUG    | eval.evaluation.evaluation:metric_call:77 - metric_func_name exact_match score 0.0 msg exact not match, response: $0, target: free
2026-08-09 11:29:10.522 | DEBUG    | eval.evaluation.evaluation:metric_call:77 - metric_func_name exact_match score 0.0 msg exact not match, response: $0, target: free
2026-08-09 11:29:10.522 | DEBUG    | eval.evaluation.evaluation:metric_call:77 - metric_func_name exact_match score 0.0 msg exact not match, response: $20, target: 20
2026-08-09 11:29:10.522 | DEBUG    | eval.evaluation.evaluation:metric_call:77 - metric_func_name exact_match score 0.0 msg exact not match, response: $0, target: free
2026-08-09 11:29:10.522 | DEBUG    | eval.evaluation.evaluation:metric_call:77 - metric_func_name exact_match score 0.0 msg exact not match, response: $20, target: 20
2026-08-09 11:29:10.522 | DEBUG    | eval.evaluation.evaluation:metric_call:77 - metric_func_name exact_match score 0.0 msg exact not match, response: $20, target: 20
2026-08-09 11:29:10.522 | DEBUG    | eval.evaluation.evaluation:metric_call:77 - metric_func_name exact_match score 0.0 msg exact not match, response: $0, target: free
2026-08-09 11:29:10.522 | DEBUG    | eval.evaluation.evaluation:metric_call:77 - metric_func_name exact_match score 0.0 msg exact not match, response: $15, target: 15
2026-08-09 11:29:10.522 | DEBUG    | eval.evaluation.evaluation:metric_call:77 - metric_func_name exact_match score 0.0 msg exact not match, response: $0, target: free
2026-08-09 11:29:10.522 | DEBUG    | eval.evaluation.evaluation:metric_call:77 - metric_func_name exact_match score 0.0 msg exact not match, response: $10, target: 10
2026-08-09 11:29:10.522 | DEBUG    | eval.evaluation.evaluation:metric_call:77 - metric_func_name exact_match score 0.0 msg exact not match, response: $15, target: 15
2026-08-09 11:29:10.522 | DEBUG    | eval.evaluation.evaluation:metric_call:77 - metric_func_name exact_match score 0.0 msg exact not match, response: $15, target: 15
2026-08-09 11:29:10.522 | DEBUG    | eval.evaluation.evaluation:metric_call:77 - metric_func_name exact_match score 0.0 msg exact not match, response: $0, target: free
2026-08-09 11:29:10.522 | DEBUG    | eval.evaluation.evaluation:metric_call:77 - metric_func_name exact_match score 0.0 msg exact not match, response: $15, target: 15
2026-08-09 11:29:10.522 | DEBUG    | eval.evaluation.evaluation:metric_call:77 - metric_func_name exact_match score 0.0 msg exact not match, response: $7perday, target: 7
2026-08-09 11:29:10.522 | DEBUG    | eval.evaluation.evaluation:metric_call:77 - metric_func_name exact_match score 0.0 msg exact not match, response: $15, target: 15
2026-08-09 11:29:10.522 | DEBUG    | eval.evaluation.evaluation:metric_call:77 - metric_func_name exact_match score 0.0 msg exact not match, response: $0, target: free
2026-08-09 11:29:10.522 | DEBUG    | eval.evaluation.evaluation:metric_call:77 - metric_func_name exact_match score 0.0 msg exact not match, response: $0, target: free
2026-08-09 11:29:10.522 | DEBUG    | eval.evaluation.evaluation:metric_call:77 - metric_func_name exact_match score 0.0 msg exact not match, response: $20, target: 20
2026-08-09 11:29:10.522 | DEBUG    | eval.evaluation.evaluation:metric_call:77 - metric_func_name exact_match score 0.0 msg exact not match, response: $0, target: free
2026-08-09 11:29:10.523 | DEBUG    | eval.evaluation.evaluation:metric_call:77 - metric_func_name exact_match score 0.0 msg exact not match, response: $0, target: free
2026-08-09 11:29:10.523 | DEBUG    | eval.evaluation.evaluation:metric_call:77 - metric_func_name exact_match score 0.0 msg exact not match, response: $15, target: 15
2026-08-09 11:29:10.523 | DEBUG    | eval.evaluation.evaluation:metric_call:77 - metric_func_name exact_match score 0.0 msg exact not match, response: $0, target: free
2026-08-09 11:29:10.523 | DEBUG    | eval.evaluation.evaluation:metric_call:77 - metric_func_name exact_match score 0.0 msg exact not match, response: $15, target: 15
2026-08-09 11:29:10.523 | DEBUG    | eval.evaluation.evaluation:metric_call:77 - metric_func_name exact_match score 0.0 msg exact not match, response: $15, target: 15
2026-08-09 11:29:10.523 | DEBUG    | eval.evaluation.evaluation:metric_call:77 - metric_func_name exact_match score 0.0 msg exact not match, response: $0, target: free
2026-08-09 11:29:10.523 | DEBUG    | eval.evaluation.evaluation:metric_call:77 - metric_func_name exact_match score 0.0 msg exact not match, response: $0, target: free
2026-08-09 11:29:10.523 | DEBUG    | eval.evaluation.evaluation:metric_call:77 - metric_func_name exact_match score 0.0 msg exact not match, response: $15, target: 15
2026-08-09 11:29:10.523 | DEBUG    | eval.evaluation.evaluation:metric_call:77 - metric_func_name exact_match score 0.0 msg exact not match, response: $15, target: 15
2026-08-09 11:29:10.523 | DEBUG    | eval.evaluation.evaluation:metric_call:77 - metric_func_name exact_match score 0.0 msg exact not match, response: $15, target: 15
2026-08-09 11:29:10.523 | DEBUG    | eval.evaluation.evaluation:metric_call:77 - metric_func_name exact_match score 0.0 msg exact not match, response: $0, target: free
2026-08-09 11:29:10.523 | DEBUG    | eval.evaluation.evaluation:metric_call:77 - metric_func_name exact_match score 0.0 msg exact not match, response: $15, target: 15
2026-08-09 11:29:10.523 | DEBUG    | eval.evaluation.evaluation:metric_call:77 - metric_func_name exact_match score 0.0 msg exact not match, response: $15, target: 15
2026-08-09 11:29:10.523 | DEBUG    | eval.evaluation.evaluation:metric_call:77 - metric_func_name exact_match score 0.0 msg exact not match, response: $20, target: 20
2026-08-09 11:29:10.523 | DEBUG    | eval.evaluation.evaluation:metric_call:77 - metric_func_name exact_match score 0.0 msg exact not match, response: $15, target: 15
2026-08-09 11:29:10.523 | DEBUG    | eval.evaluation.evaluation:metric_call:77 - metric_func_name exact_match score 0.0 msg exact not match, response: $15, target: 15
2026-08-09 11:29:10.523 | DEBUG    | eval.evaluation.evaluation:metric_call:77 - metric_func_name exact_match score 0.0 msg exact not match, response: $0, target: free
2026-08-09 11:29:10.523 | DEBUG    | eval.evaluation.evaluation:metric_call:77 - metric_func_name exact_match score 0.0 msg exact not match, response: $0, target: free
2026-08-09 11:29:10.523 | DEBUG    | eval.evaluation.evaluation:metric_call:77 - metric_func_name exact_match score 0.0 msg exact not match, response: $15, target: 15
2026-08-09 11:29:10.523 | DEBUG    | eval.evaluation.evaluation:metric_call:77 - metric_func_name exact_match score 0.0 msg exact not match, response: $0, target: free
2026-08-09 11:29:10.523 | DEBUG    | eval.evaluation.evaluation:metric_call:77 - metric_func_name exact_match score 0.0 msg exact not match, response: $0, target: free
2026-08-09 11:29:10.523 | DEBUG    | eval.evaluation.evaluation:metric_call:77 - metric_func_name exact_match score 0.0 msg exact not match, response: $20, target: 20
2026-08-09 11:29:10.524 | DEBUG    | eval.evaluation.evaluation:metric_call:77 - metric_func_name exact_match score 0.0 msg exact not match, response: $20, target: 20
2026-08-09 11:29:10.524 | DEBUG    | eval.evaluation.evaluation:metric_call:77 - metric_func_name exact_match score 0.0 msg exact not match, response: $20, target: 20
2026-08-09 11:29:10.524 | DEBUG    | eval.evaluation.evaluation:evaluate_single_query:321 - wide2deep_ws_en_043, col price(peradult), metric_func_name exact_match, score [0.0, 0.0, 0.0, 0.0, 0.0, 0.0, 0.0, 0.0, 0.0, 0.0, 0.0, 0.0, 0.0, 0.0, 0.0, 0.0, 0.0, 0.0, 0.0, 0.0, 0.0, 0.0, 0.0, 0.0, 0.0, 0.0, 0.0, 0.0, 0.0, 0.0, 0.0, 0.0, 0.0, 0.0, 0.0, 0.0, 0.0, 0.0, 0.0, 0.0, 0.0, 0.0, 0.0, 0.0, 0.0, 0.0, 0.0, 0.0, 0.0, 0.0, 0.0, 0.0, 0.0, 0.0, 0.0, 0.0, 0.0, 0.0, 0.0, 0.0, 0.0, 0.0, 0.0]
2026-08-09 11:29:10.524 | DEBUG    | eval.evaluation.evaluation:metric_call:77 - metric_func_name exact_match score 0.0 msg exact not match, response: yes—mountainsandcoastalhills, target: yes
2026-08-09 11:29:10.525 | DEBUG    | eval.evaluation.evaluation:metric_call:77 - metric_func_name exact_match score 0.0 msg exact not match, response: yes—volcanicmountains, target: yes
2026-08-09 11:29:10.525 | DEBUG    | eval.evaluation.evaluation:metric_call:77 - metric_func_name exact_match score 0.0 msg exact not match, response: yes—ruggedhillsandmesas, target: yes
2026-08-09 11:29:10.525 | DEBUG    | eval.evaluation.evaluation:metric_call:77 - metric_func_name exact_match score 0.0 msg exact not match, response: yes—erodedhillsandbuttes, target: yes
2026-08-09 11:29:10.525 | DEBUG    | eval.evaluation.evaluation:metric_call:77 - metric_func_name exact_match score 0.0 msg exact not match, response: yes—chisosmountains, target: yes
2026-08-09 11:29:10.525 | DEBUG    | eval.evaluation.evaluation:metric_call:77 - metric_func_name exact_match score 1.0 msg exact match, response: no, target: no
2026-08-09 11:29:10.525 | DEBUG    | eval.evaluation.evaluation:metric_call:77 - metric_func_name exact_match score 0.0 msg exact not match, response: yes—mountainouscanyonterrain, target: yes
2026-08-09 11:29:10.525 | DEBUG    | eval.evaluation.evaluation:metric_call:77 - metric_func_name exact_match score 0.0 msg exact not match, response: yes—highplateausandhills, target: yes
2026-08-09 11:29:10.525 | DEBUG    | eval.evaluation.evaluation:metric_call:77 - metric_func_name exact_match score 0.0 msg exact not match, response: yes—mesasandruggedhighlands, target: yes
2026-08-09 11:29:10.525 | DEBUG    | eval.evaluation.evaluation:metric_call:77 - metric_func_name exact_match score 0.0 msg exact not match, response: yes—cliffs,hills,andmountains, target: yes
2026-08-09 11:29:10.525 | DEBUG    | eval.evaluation.evaluation:metric_call:77 - metric_func_name exact_match score 0.0 msg exact not match, response: yes—guadalupemountains, target: yes
2026-08-09 11:29:10.525 | DEBUG    | eval.evaluation.evaluation:metric_call:77 - metric_func_name exact_match score 0.0 msg exact not match, response: yes—islandmountainsandhills, target: yes
2026-08-09 11:29:10.525 | DEBUG    | eval.evaluation.evaluation:metric_call:77 - metric_func_name exact_match score 1.0 msg exact match, response: no, target: no
2026-08-09 11:29:10.525 | DEBUG    | eval.evaluation.evaluation:metric_call:77 - metric_func_name exact_match score 0.0 msg exact not match, response: yes—cascademountains, target: yes
2026-08-09 11:29:10.525 | DEBUG    | eval.evaluation.evaluation:metric_call:77 - metric_func_name exact_match score 0.0 msg exact not match, response: yes—rollinghills, target: yes
2026-08-09 11:29:10.525 | DEBUG    | eval.evaluation.evaluation:metric_call:77 - metric_func_name exact_match score 0.0 msg exact not match, response: yes—surroundingmountainranges, target: yes
2026-08-09 11:29:10.525 | DEBUG    | eval.evaluation.evaluation:metric_call:77 - metric_func_name exact_match score 0.0 msg exact not match, response: yes—alaskarange, target: yes
2026-08-09 11:29:10.525 | DEBUG    | eval.evaluation.evaluation:metric_call:77 - metric_func_name exact_match score 1.0 msg exact match, response: no, target: no
2026-08-09 11:29:10.525 | DEBUG    | eval.evaluation.evaluation:metric_call:77 - metric_func_name exact_match score 1.0 msg exact match, response: no, target: no
2026-08-09 11:29:10.526 | DEBUG    | eval.evaluation.evaluation:metric_call:77 - metric_func_name exact_match score 0.0 msg exact not match, response: yes—brooksrange, target: yes
2026-08-09 11:29:10.526 | DEBUG    | eval.evaluation.evaluation:metric_call:77 - metric_func_name exact_match score 1.0 msg exact match, response: no, target: no
2026-08-09 11:29:10.526 | DEBUG    | eval.evaluation.evaluation:metric_call:77 - metric_func_name exact_match score 0.0 msg exact not match, response: yes—rockymountains, target: yes
2026-08-09 11:29:10.526 | DEBUG    | eval.evaluation.evaluation:metric_call:77 - metric_func_name exact_match score 0.0 msg exact not match, response: yes—coastalmountains, target: yes
2026-08-09 11:29:10.526 | DEBUG    | eval.evaluation.evaluation:metric_call:77 - metric_func_name exact_match score 0.0 msg exact not match, response: yes—plateaus,buttes,andsurroundingmountains, target: yes
2026-08-09 11:29:10.526 | DEBUG    | eval.evaluation.evaluation:metric_call:77 - metric_func_name exact_match score 0.0 msg exact not match, response: yes—tetonrange, target: yes
2026-08-09 11:29:10.526 | DEBUG    | eval.evaluation.evaluation:metric_call:77 - metric_func_name exact_match score 0.0 msg exact not match, response: yes—snakerange, target: yes
2026-08-09 11:29:10.526 | DEBUG    | eval.evaluation.evaluation:metric_call:77 - metric_func_name exact_match score 0.0 msg exact not match, response: yes—sangredecristomountains, target: yes
2026-08-09 11:29:10.526 | DEBUG    | eval.evaluation.evaluation:metric_call:77 - metric_func_name exact_match score 0.0 msg exact not match, response: yes—greatsmokymountains, target: yes
2026-08-09 11:29:10.526 | DEBUG    | eval.evaluation.evaluation:metric_call:77 - metric_func_name exact_match score 0.0 msg exact not match, response: yes—guadalupemountains, target: yes
2026-08-09 11:29:10.526 | DEBUG    | eval.evaluation.evaluation:metric_call:77 - metric_func_name exact_match score 0.0 msg exact not match, response: yes—haleakalāvolcano, target: yes
2026-08-09 11:29:10.526 | DEBUG    | eval.evaluation.evaluation:metric_call:77 - metric_func_name exact_match score 0.0 msg exact not match, response: yes—volcanicmountains, target: yes
2026-08-09 11:29:10.526 | DEBUG    | eval.evaluation.evaluation:metric_call:77 - metric_func_name exact_match score 0.0 msg exact not match, response: yes—ouachitamountains, target: yes
2026-08-09 11:29:10.526 | DEBUG    | eval.evaluation.evaluation:metric_call:77 - metric_func_name exact_match score 0.0 msg exact not match, response: yes—dunehills, target: yes
2026-08-09 11:29:10.526 | DEBUG    | eval.evaluation.evaluation:metric_call:77 - metric_func_name exact_match score 0.0 msg exact not match, response: yes—ruggedislandridgesandhills, target: yes
2026-08-09 11:29:10.526 | DEBUG    | eval.evaluation.evaluation:metric_call:77 - metric_func_name exact_match score 0.0 msg exact not match, response: yes—littlesanbernardinomountainsandruggedhills, target: yes
2026-08-09 11:29:10.526 | DEBUG    | eval.evaluation.evaluation:metric_call:77 - metric_func_name exact_match score 0.0 msg exact not match, response: yes—volcanicmountains, target: yes
2026-08-09 11:29:10.526 | DEBUG    | eval.evaluation.evaluation:metric_call:77 - metric_func_name exact_match score 0.0 msg exact not match, response: yes—kenaimountains, target: yes
2026-08-09 11:29:10.526 | DEBUG    | eval.evaluation.evaluation:metric_call:77 - metric_func_name exact_match score 0.0 msg exact not match, response: yes—sierranevada, target: yes
2026-08-09 11:29:10.526 | DEBUG    | eval.evaluation.evaluation:metric_call:77 - metric_func_name exact_match score 0.0 msg exact not match, response: yes—bairdandwaringmountains, target: yes
2026-08-09 11:29:10.526 | DEBUG    | eval.evaluation.evaluation:metric_call:77 - metric_func_name exact_match score 0.0 msg exact not match, response: yes—alaskaandaleutianranges, target: yes
2026-08-09 11:29:10.527 | DEBUG    | eval.evaluation.evaluation:metric_call:77 - metric_func_name exact_match score 0.0 msg exact not match, response: yes—cascademountains, target: yes
2026-08-09 11:29:10.527 | DEBUG    | eval.evaluation.evaluation:metric_call:77 - metric_func_name exact_match score 0.0 msg exact not match, response: yes—rollinghills, target: yes
2026-08-09 11:29:10.527 | DEBUG    | eval.evaluation.evaluation:metric_call:77 - metric_func_name exact_match score 0.0 msg exact not match, response: yes—mesasandruggedhighlands, target: yes
2026-08-09 11:29:10.527 | DEBUG    | eval.evaluation.evaluation:metric_call:77 - metric_func_name exact_match score 0.0 msg exact not match, response: yes—mountrainierandcascaderange, target: yes
2026-08-09 11:29:10.527 | DEBUG    | eval.evaluation.evaluation:metric_call:77 - metric_func_name exact_match score 0.0 msg exact not match, response: yes—appalachianhillsandgorge, target: yes
2026-08-09 11:29:10.527 | DEBUG    | eval.evaluation.evaluation:metric_call:77 - metric_func_name exact_match score 0.0 msg exact not match, response: yes—northcascademountains, target: yes
2026-08-09 11:29:10.527 | DEBUG    | eval.evaluation.evaluation:metric_call:77 - metric_func_name exact_match score 0.0 msg exact not match, response: yes—olympicmountains, target: yes
2026-08-09 11:29:10.527 | DEBUG    | eval.evaluation.evaluation:metric_call:77 - metric_func_name exact_match score 0.0 msg exact not match, response: yes—badlandhillsandmesas, target: yes
2026-08-09 11:29:10.527 | DEBUG    | eval.evaluation.evaluation:metric_call:77 - metric_func_name exact_match score 0.0 msg exact not match, response: yes—rockypeaksandhills, target: yes
2026-08-09 11:29:10.527 | DEBUG    | eval.evaluation.evaluation:metric_call:77 - metric_func_name exact_match score 0.0 msg exact not match, response: yes—coastalhillsandmountains, target: yes
2026-08-09 11:29:10.527 | DEBUG    | eval.evaluation.evaluation:metric_call:77 - metric_func_name exact_match score 0.0 msg exact not match, response: yes—rockymountains, target: yes
2026-08-09 11:29:10.527 | DEBUG    | eval.evaluation.evaluation:metric_call:77 - metric_func_name exact_match score 0.0 msg exact not match, response: yes—rinconandtucsonmountains, target: yes
2026-08-09 11:29:10.527 | DEBUG    | eval.evaluation.evaluation:metric_call:77 - metric_func_name exact_match score 0.0 msg exact not match, response: yes—sierranevada, target: yes
2026-08-09 11:29:10.527 | DEBUG    | eval.evaluation.evaluation:metric_call:77 - metric_func_name exact_match score 0.0 msg exact not match, response: yes—blueridgemountains, target: yes
2026-08-09 11:29:10.527 | DEBUG    | eval.evaluation.evaluation:metric_call:77 - metric_func_name exact_match score 0.0 msg exact not match, response: yes—badlandhillsandbuttes, target: yes
2026-08-09 11:29:10.527 | DEBUG    | eval.evaluation.evaluation:metric_call:77 - metric_func_name exact_match score 0.0 msg exact not match, response: yes—steepislandhills, target: yes
2026-08-09 11:29:10.527 | DEBUG    | eval.evaluation.evaluation:metric_call:77 - metric_func_name exact_match score 0.0 msg exact not match, response: yes—rockyhillsandridges, target: yes
2026-08-09 11:29:10.527 | DEBUG    | eval.evaluation.evaluation:metric_call:77 - metric_func_name exact_match score 0.0 msg exact not match, response: yes—dunessurroundedbymountains, target: yes
2026-08-09 11:29:10.527 | DEBUG    | eval.evaluation.evaluation:metric_call:77 - metric_func_name exact_match score 0.0 msg exact not match, response: yes—blackhills, target: yes
2026-08-09 11:29:10.527 | DEBUG    | eval.evaluation.evaluation:metric_call:77 - metric_func_name exact_match score 0.0 msg exact not match, response: yes—wrangell,st.elias,andalaskaranges, target: yes
2026-08-09 11:29:10.527 | DEBUG    | eval.evaluation.evaluation:metric_call:77 - metric_func_name exact_match score 0.0 msg exact not match, response: yes—rockymountains, target: yes
2026-08-09 11:29:10.528 | DEBUG    | eval.evaluation.evaluation:metric_call:77 - metric_func_name exact_match score 0.0 msg exact not match, response: yes—sierranevada, target: yes
2026-08-09 11:29:10.528 | DEBUG    | eval.evaluation.evaluation:metric_call:77 - metric_func_name exact_match score 0.0 msg exact not match, response: yes—cliffs,plateaus,andmountains, target: yes
2026-08-09 11:29:10.528 | DEBUG    | eval.evaluation.evaluation:evaluate_single_query:321 - wide2deep_ws_en_043, col mountainscenery, metric_func_name exact_match, score [0.0, 0.0, 0.0, 0.0, 0.0, 1.0, 0.0, 0.0, 0.0, 0.0, 0.0, 0.0, 1.0, 0.0, 0.0, 0.0, 0.0, 1.0, 1.0, 0.0, 1.0, 0.0, 0.0, 0.0, 0.0, 0.0, 0.0, 0.0, 0.0, 0.0, 0.0, 0.0, 0.0, 0.0, 0.0, 0.0, 0.0, 0.0, 0.0, 0.0, 0.0, 0.0, 0.0, 0.0, 0.0, 0.0, 0.0, 0.0, 0.0, 0.0, 0.0, 0.0, 0.0, 0.0, 0.0, 0.0, 0.0, 0.0, 0.0, 0.0, 0.0, 0.0, 0.0]
2026-08-09 11:29:10.534 | INFO     | eval.evaluation.evaluation:evaluate_single_query:380 - wide2deep_ws_en_043, P/R/F1 by unique_columns: 1.0000/1.0000/1.0000
2026-08-09 11:29:10.535 | INFO     | eval.evaluation.evaluation:evaluate_single_query:383 - wide2deep_ws_en_043, P/R/F1 by row: 0.0000/0.0000/0.0000
2026-08-09 11:29:10.535 | INFO     | eval.evaluation.evaluation:evaluate_single_query:386 - wide2deep_ws_en_043, P/R/F1 by item: 0.5159/0.5159/0.5159
2026-08-09 11:29:10.539 | INFO     | eval.evaluation.evaluation:evaluate_single_query:398 - wide2deep_ws_en_043, final table score: 0.0
{"event": "eval_done", "idx": 4, "instance_id": "wide2deep_ws_en_043", "score": 0.0, "entity_acc": 1.0, "f1_by_row": 0.0, "f1_by_item": 0.5158730158730159, "column_f1": 1.0, "error": null, "elapsed_seconds": 16.944, "running_n": 4}
2026-08-09 11:29:12.361 | DEBUG    | eval.evaluation.data_loader:extract_dataframe:167 - find markdown_str 
| Start Date | End Date | Duration (days) | President | Speaker ...
2026-08-09 11:29:15.365 | INFO     | eval.evaluation.metric_utils:primary_key_preprocess:246 - primary_key_preprocess result: ```json
{
  "1980-05-01": "1980-05-01",
  "1981-11-20": "1981-11-20"
}
```
2026-08-09 11:29:15.365 | INFO     | eval.evaluation.evaluation:evaluate_single_query:223 - col: startdate, primary_key_map {'1980-05-01': '1980-05-01', '1981-11-20': '1981-11-20'}
2026-08-09 11:29:15.373 | INFO     | eval.evaluation.evaluation:evaluate_single_query:275 - wide2deep_ws_en_047, df_inner shape: (2, 18), answer_df shape: (20, 9), response_df shape: (2, 10)
2026-08-09 11:29:15.373 | DEBUG    | eval.evaluation.evaluation:metric_call:77 - metric_func_name exact_match score 1.0 msg exact match, response: 1980-05-01, target: 1980-05-01
2026-08-09 11:29:15.374 | DEBUG    | eval.evaluation.evaluation:metric_call:77 - metric_func_name exact_match score 1.0 msg exact match, response: 1981-11-23, target: 1981-11-23
2026-08-09 11:29:15.374 | DEBUG    | eval.evaluation.evaluation:evaluate_single_query:321 - wide2deep_ws_en_047, col enddate, metric_func_name exact_match, score [1.0, 1.0]
2026-08-09 11:29:17.552 | DEBUG    | eval.evaluation.evaluation:evaluate_single_query:321 - wide2deep_ws_en_047, col duration(days), metric_func_name llm_judge, score [1, 1]
2026-08-09 11:29:20.138 | DEBUG    | eval.evaluation.evaluation:evaluate_single_query:321 - wide2deep_ws_en_047, col president, metric_func_name llm_judge, score [1, 1]
2026-08-09 11:29:23.817 | DEBUG    | eval.evaluation.evaluation:evaluate_single_query:321 - wide2deep_ws_en_047, col speakerofthehouse, metric_func_name llm_judge, score [1, 1]
2026-08-09 11:29:25.794 | DEBUG    | eval.evaluation.evaluation:evaluate_single_query:321 - wide2deep_ws_en_047, col senatemajorityleader, metric_func_name llm_judge, score [1, 1]
2026-08-09 11:29:25.795 | DEBUG    | eval.evaluation.evaluation:metric_call:77 - metric_func_name number_near score 1.0 msg number near in range 5.0%, response: 1600.0, target: 1600.0
2026-08-09 11:29:25.795 | DEBUG    | eval.evaluation.evaluation:metric_call:77 - metric_func_name number_near score 1.0 msg number near in range 5.0%, response: 241000.0, target: 241000.0
2026-08-09 11:29:25.795 | DEBUG    | eval.evaluation.evaluation:evaluate_single_query:321 - wide2deep_ws_en_047, col furloughedemployees, metric_func_name number_near, score [1.0, 1.0]
2026-08-09 11:29:25.796 | DEBUG    | eval.evaluation.evaluation:metric_call:77 - metric_func_name number_near score 1.0 msg number near in range 5.0%, response: 0.7, target: 0.7
2026-08-09 11:29:25.796 | DEBUG    | eval.evaluation.evaluation:metric_call:77 - metric_func_name number_near score 0.0 msg number not near, response: 80.0, target: 85.0
2026-08-09 11:29:25.796 | DEBUG    | eval.evaluation.evaluation:evaluate_single_query:321 - wide2deep_ws_en_047, col estimatedloss(usdmillion), metric_func_name number_near, score [1.0, 0.0]
2026-08-09 11:29:29.209 | DEBUG    | eval.evaluation.evaluation:evaluate_single_query:321 - wide2deep_ws_en_047, col maindisputedprovisions, metric_func_name llm_judge, score [0, 1]
2026-08-09 11:29:29.213 | INFO     | eval.evaluation.evaluation:evaluate_single_query:380 - wide2deep_ws_en_047, P/R/F1 by unique_columns: 1.0000/0.1000/0.1818
2026-08-09 11:29:29.213 | INFO     | eval.evaluation.evaluation:evaluate_single_query:383 - wide2deep_ws_en_047, P/R/F1 by row: 0.0000/0.0000/0.0000
2026-08-09 11:29:29.213 | INFO     | eval.evaluation.evaluation:evaluate_single_query:386 - wide2deep_ws_en_047, P/R/F1 by item: 0.8889/0.0889/0.1616
2026-08-09 11:29:29.215 | INFO     | eval.evaluation.evaluation:evaluate_single_query:398 - wide2deep_ws_en_047, final table score: 0.0
{"event": "eval_done", "idx": 5, "instance_id": "wide2deep_ws_en_047", "score": 0.0, "entity_acc": 1.0, "f1_by_row": 0.0, "f1_by_item": 0.16161616161616163, "column_f1": 0.18181818181818182, "error": null, "elapsed_seconds": 18.66, "running_n": 5}
2026-08-09 11:29:30.384 | DEBUG    | eval.evaluation.data_loader:extract_dataframe:167 - find markdown_str 
| Model Name | Price (USD, launch MSRPs) | Dimensions L/W/H (mm ...
2026-08-09 11:29:32.319 | INFO     | eval.evaluation.metric_utils:primary_key_preprocess:246 - primary_key_preprocess result: ```json
{
  "modelname": "modelname",
  "price(usd,launchmsrps)": "price(launchmsrpsinusd)",
  "dimensionsl/w/h(mm)": "dimensionsl/w/h(mm)",
  "wheelbase(mm)": "wheelbase(mm)",
  "maxtorque(n·m)": "maxtorque(n·m)",
  "frontsuspension": "frontsuspension",
  "rearsuspension": "rearsuspension",
  "advanced-driver-assistsystems(adas²)": "advanced-driver-assistsystems(adas²)",
  "intelligentparkingassist": "intelligentparkingassist"
}
```
2026-08-09 11:29:32.319 | INFO     | eval.evaluation.evaluation:evaluate_single_query:172 - column map: {'modelname': 'modelname', 'price(usd,launchmsrps)': 'price(launchmsrpsinusd)', 'dimensionsl/w/h(mm)': 'dimensionsl/w/h(mm)', 'wheelbase(mm)': 'wheelbase(mm)', 'maxtorque(n·m)': 'maxtorque(n·m)', 'frontsuspension': 'frontsuspension', 'rearsuspension': 'rearsuspension', 'advanced-driver-assistsystems(adas²)': 'advanced-driver-assistsystems(adas²)', 'intelligentparkingassist': 'intelligentparkingassist'}
2026-08-09 11:29:32.319 | INFO     | eval.evaluation.evaluation:evaluate_single_query:173 - befor mapping: Index(['modelname', 'price(usd,launchmsrps)', 'dimensionsl/w/h(mm)',
       'wheelbase(mm)', 'maxtorque(n·m)', 'frontsuspension', 'rearsuspension',
       'advanced-driver-assistsystems(adas²)', 'intelligentparkingassist'],
      dtype='object')
2026-08-09 11:29:32.320 | INFO     | eval.evaluation.evaluation:evaluate_single_query:175 - after mapping: Index(['modelname', 'price(launchmsrpsinusd)', 'dimensionsl/w/h(mm)',
       'wheelbase(mm)', 'maxtorque(n·m)', 'frontsuspension', 'rearsuspension',
       'advanced-driver-assistsystems(adas²)', 'intelligentparkingassist'],
      dtype='object')
2026-08-09 11:29:39.063 | INFO     | eval.evaluation.metric_utils:primary_key_preprocess:246 - primary_key_preprocess result: ```json
{
  "Ford Focus Electric (2012)": "Ford Focus Electric（2012）",
  "Ford C-Max Hybrid (2013)": "Ford C‑MAX Hybrid SE(2013)",
  "Ford EcoSport (2018; first U.S. launch)": "EcoSport S FWD(2018)",
  "Ford Ranger SuperCab (2019; U.S. production resumed)": "Ranger XL（2019）",
  "Ford Bronco Sport (2021)": "Ford Bronco Sport Base(2021)",
  "Ford Bronco 2-Door (2021; production resumed)": "Ford Bronco Base (2021)",
  "Ford Mustang Mach-E Select RWD (2021)": "Mach-E 2021 Standard‑Range RWD（2021）",
  "Ford Maverick XL Hybrid (2022)": "Maverick XL（2022）",
  "Ford E-Transit Cargo Van, Low Roof (2022)": "Ford E-Transit Cargo Van Low Roof SWB（2022）",
  "Ford F-150 Lightning Pro (2022; nameplate revived)": "Ford F‑150 Lightning Pro (2022)"
}
```
2026-08-09 11:29:39.063 | INFO     | eval.evaluation.evaluation:evaluate_single_query:223 - col: modelname, primary_key_map {'Ford Focus Electric (2012)': 'Ford Focus Electric（2012）', 'Ford C-Max Hybrid (2013)': 'Ford C‑MAX Hybrid SE(2013)', 'Ford EcoSport (2018; first U.S. launch)': 'EcoSport S FWD(2018)', 'Ford Ranger SuperCab (2019; U.S. production resumed)': 'Ranger XL（2019）', 'Ford Bronco Sport (2021)': 'Ford Bronco Sport Base(2021)', 'Ford Bronco 2-Door (2021; production resumed)': 'Ford Bronco Base (2021)', 'Ford Mustang Mach-E Select RWD (2021)': 'Mach-E 2021 Standard‑Range RWD（2021）', 'Ford Maverick XL Hybrid (2022)': 'Maverick XL（2022）', 'Ford E-Transit Cargo Van, Low Roof (2022)': 'Ford E-Transit Cargo Van Low Roof SWB（2022）', 'Ford F-150 Lightning Pro (2022; nameplate revived)': 'Ford F‑150 Lightning Pro (2022)'}
2026-08-09 11:29:39.071 | INFO     | eval.evaluation.evaluation:evaluate_single_query:275 - wide2deep_ws_en_049, df_inner shape: (10, 18), answer_df shape: (10, 9), response_df shape: (13, 10)
2026-08-09 11:29:41.689 | DEBUG    | eval.evaluation.evaluation:evaluate_single_query:321 - wide2deep_ws_en_049, col price(launchmsrpsinusd), metric_func_name llm_judge, score [1, 1, 0, 1, 1, 1, 1, 1, 0, 1]
2026-08-09 11:29:45.888 | DEBUG    | eval.evaluation.evaluation:evaluate_single_query:321 - wide2deep_ws_en_049, col dimensionsl/w/h(mm), metric_func_name llm_judge, score [0, 0, 0, 0, 0, 0, 0, 0, 0, 0]
2026-08-09 11:29:49.019 | DEBUG    | eval.evaluation.evaluation:evaluate_single_query:321 - wide2deep_ws_en_049, col wheelbase(mm), metric_func_name llm_judge, score [1, 1, 0, 1, 0, 0, 1, 0, 0, 1]
2026-08-09 11:29:49.019 | DEBUG    | eval.evaluation.evaluation:metric_call:77 - metric_func_name number_near score 0.0 msg number not near, response: 202.0, target: 170.0
2026-08-09 11:29:49.019 | DEBUG    | eval.evaluation.evaluation:metric_call:77 - metric_func_name number_near score 1.0 msg number near in range 5.0%, response: 430.0, target: 430.0
2026-08-09 11:29:49.019 | DEBUG    | eval.evaluation.evaluation:metric_call:77 - metric_func_name number_near score 1.0 msg number near in range 5.0%, response: 441.0, target: 441.0
2026-08-09 11:29:49.019 | DEBUG    | eval.evaluation.evaluation:metric_call:77 - metric_func_name number_near score 1.0 msg number near in range 5.0%, response: 258.0, target: 257.0
2026-08-09 11:29:49.019 | DEBUG    | eval.evaluation.evaluation:metric_call:77 - metric_func_name number_near score 0.0 msg number not near, response: 240.0, target: 175.0
2026-08-09 11:29:49.019 | DEBUG    | eval.evaluation.evaluation:metric_call:77 - metric_func_name number_near score 1.0 msg number near in range 5.0%, response: 250.0, target: 245.0
2026-08-09 11:29:49.019 | DEBUG    | eval.evaluation.evaluation:metric_call:77 - metric_func_name number_near score 0.0 msg number not near, response: 235.0, target: 210.0
2026-08-09 11:29:49.019 | DEBUG    | eval.evaluation.evaluation:metric_call:77 - metric_func_name number_near score 1.0 msg number near in range 5.0%, response: 420.0, target: 420.0
2026-08-09 11:29:49.019 | DEBUG    | eval.evaluation.evaluation:metric_call:77 - metric_func_name number_near score 1.0 msg number near in range 5.0%, response: 430.0, target: 430.0
2026-08-09 11:29:49.019 | DEBUG    | eval.evaluation.evaluation:metric_call:77 - metric_func_name number_near score 1.0 msg number near in range 5.0%, response: 1050.0, target: 1051.0
2026-08-09 11:29:49.022 | DEBUG    | eval.evaluation.evaluation:evaluate_single_query:321 - wide2deep_ws_en_049, col maxtorque(n·m), metric_func_name number_near, score [0.0, 1.0, 1.0, 1.0, 0.0, 1.0, 0.0, 1.0, 1.0, 1.0]
2026-08-09 11:29:57.145 | DEBUG    | eval.evaluation.evaluation:evaluate_single_query:321 - wide2deep_ws_en_049, col frontsuspension, metric_func_name llm_judge, score [1, 1, 1, 1, 1, 1, 1, 1, 1, 1]
2026-08-09 11:30:03.039 | DEBUG    | eval.evaluation.evaluation:evaluate_single_query:321 - wide2deep_ws_en_049, col rearsuspension, metric_func_name llm_judge, score [1, 1, 1, 0, 1, 1, 1, 0, 0, 1]
2026-08-09 11:30:16.990 | DEBUG    | eval.evaluation.evaluation:evaluate_single_query:321 - wide2deep_ws_en_049, col advanced-driver-assistsystems(adas²), metric_func_name llm_judge, score [0, 0, 0, 0, 1, 1, 0, 0, 0, 0]
2026-08-09 11:30:20.946 | DEBUG    | eval.evaluation.evaluation:evaluate_single_query:321 - wide2deep_ws_en_049, col intelligentparkingassist, metric_func_name llm_judge, score [1, 0, 1, 1, 1, 1, 1, 1, 1, 1]
2026-08-09 11:30:20.952 | INFO     | eval.evaluation.evaluation:evaluate_single_query:380 - wide2deep_ws_en_049, P/R/F1 by unique_columns: 0.7692/1.0000/0.8696
2026-08-09 11:30:20.952 | INFO     | eval.evaluation.evaluation:evaluate_single_query:383 - wide2deep_ws_en_049, P/R/F1 by row: 0.0000/0.0000/0.0000
2026-08-09 11:30:20.952 | INFO     | eval.evaluation.evaluation:evaluate_single_query:386 - wide2deep_ws_en_049, P/R/F1 by item: 0.4957/0.6444/0.5604
2026-08-09 11:30:20.954 | INFO     | eval.evaluation.evaluation:evaluate_single_query:398 - wide2deep_ws_en_049, final table score: 0.0
{"event": "eval_done", "idx": 6, "instance_id": "wide2deep_ws_en_049", "score": 0.0, "entity_acc": 1.0, "f1_by_row": 0.0, "f1_by_item": 0.5603864734299517, "column_f1": 0.8695652173913044, "error": null, "elapsed_seconds": 51.721, "running_n": 6}
2026-08-09 11:30:23.234 | DEBUG    | eval.evaluation.data_loader:extract_dataframe:167 - find markdown_str 
| Country | Share of Women Seats 1995(%) | Total Seats 1995 | S ...
2026-08-09 11:30:26.884 | INFO     | eval.evaluation.metric_utils:primary_key_preprocess:246 - primary_key_preprocess result: ```json
{
  "Australia": "Australia",
  "Austria": "Austria",
  "Belgium": "Belgium",
  "Canada": "Canada",
  "Chile": "Chile",
  "Colombia": "Colombia",
  "Costa Rica": "Costa Rica",
  "Czechia": "Czech Republic",
  "Denmark": "Denmark",
  "Estonia": "Estonia",
  "Finland": "Finland",
  "France": "France",
  "Germany": "Germany",
  "Greece": "Greece",
  "Hungary": "Hungary",
  "Iceland": "Iceland",
  "Ireland": "Ireland",
  "Israel": "Israel",
  "Italy": "Italy",
  "Japan": "Japan",
  "Latvia": "Latvia",
  "Lithuania": "Lithuania",
  "Luxembourg": "Luxembourg",
  "Mexico": "Mexico",
  "Netherlands": "Netherlands",
  "New Zealand": "New Zealand",
  "Norway": "Norway",
  "Poland": "Poland",
  "Portugal": "Portugal",
  "Slovakia": "Slovak Republic",
  "Slovenia": "Slovenia",
  "South Korea": "Korea",
  "Spain": "Spain",
  "Sweden": "Sweden",
  "Switzerland": "Switzerland",
  "Türkiye": "Turkey",
  "United Kingdom": "United Kingdom",
  "United States": "United States"
}
```
2026-08-09 11:30:26.884 | INFO     | eval.evaluation.evaluation:evaluate_single_query:223 - col: country, primary_key_map {'Australia': 'Australia', 'Austria': 'Austria', 'Belgium': 'Belgium', 'Canada': 'Canada', 'Chile': 'Chile', 'Colombia': 'Colombia', 'Costa Rica': 'Costa Rica', 'Czechia': 'Czech Republic', 'Denmark': 'Denmark', 'Estonia': 'Estonia', 'Finland': 'Finland', 'France': 'France', 'Germany': 'Germany', 'Greece': 'Greece', 'Hungary': 'Hungary', 'Iceland': 'Iceland', 'Ireland': 'Ireland', 'Israel': 'Israel', 'Italy': 'Italy', 'Japan': 'Japan', 'Latvia': 'Latvia', 'Lithuania': 'Lithuania', 'Luxembourg': 'Luxembourg', 'Mexico': 'Mexico', 'Netherlands': 'Netherlands', 'New Zealand': 'New Zealand', 'Norway': 'Norway', 'Poland': 'Poland', 'Portugal': 'Portugal', 'Slovakia': 'Slovak Republic', 'Slovenia': 'Slovenia', 'South Korea': 'Korea', 'Spain': 'Spain', 'Sweden': 'Sweden', 'Switzerland': 'Switzerland', 'Türkiye': 'Turkey', 'United Kingdom': 'United Kingdom', 'United States': 'United States'}
2026-08-09 11:30:26.892 | INFO     | eval.evaluation.evaluation:evaluate_single_query:275 - wide2deep_ws_en_050, df_inner shape: (38, 18), answer_df shape: (38, 9), response_df shape: (38, 10)
2026-08-09 11:30:26.893 | DEBUG    | eval.evaluation.evaluation:metric_call:77 - metric_func_name number_near score 1.0 msg number near in range 5.0%, response: 8.8, target: 8.8
2026-08-09 11:30:26.893 | DEBUG    | eval.evaluation.evaluation:metric_call:77 - metric_func_name number_near score 0.0 msg number not near, response: 26.8, target: 14.2
2026-08-09 11:30:26.894 | DEBUG    | eval.evaluation.evaluation:metric_call:77 - metric_func_name number_near score 1.0 msg number near in range 5.0%, response: 12.0, target: 12.0
2026-08-09 11:30:26.894 | DEBUG    | eval.evaluation.evaluation:metric_call:77 - metric_func_name number_near score 1.0 msg number near in range 5.0%, response: 18.0, target: 18.0
2026-08-09 11:30:26.894 | DEBUG    | eval.evaluation.evaluation:metric_call:77 - metric_func_name number_near score 1.0 msg number equal, response: NULL, target: NULL
2026-08-09 11:30:26.894 | DEBUG    | eval.evaluation.evaluation:metric_call:77 - metric_func_name number_near score 1.0 msg number equal, response: NULL, target: NULL
2026-08-09 11:30:26.894 | DEBUG    | eval.evaluation.evaluation:metric_call:77 - metric_func_name number_near score 1.0 msg number equal, response: NULL, target: NULL
2026-08-09 11:30:26.894 | DEBUG    | eval.evaluation.evaluation:metric_call:77 - metric_func_name number_near score 1.0 msg number near in range 5.0%, response: 10.0, target: 10.0
2026-08-09 11:30:26.894 | DEBUG    | eval.evaluation.evaluation:metric_call:77 - metric_func_name number_near score 1.0 msg number near in range 5.0%, response: 33.0, target: 33.5
2026-08-09 11:30:26.894 | DEBUG    | eval.evaluation.evaluation:metric_call:77 - metric_func_name number_near score 1.0 msg number equal, response: NULL, target: NULL
2026-08-09 11:30:26.894 | DEBUG    | eval.evaluation.evaluation:metric_call:77 - metric_func_name number_near score 1.0 msg number near in range 5.0%, response: 33.5, target: 33.5
2026-08-09 11:30:26.894 | DEBUG    | eval.evaluation.evaluation:metric_call:77 - metric_func_name number_near score 1.0 msg number near in range 5.0%, response: 6.4, target: 6.4
2026-08-09 11:30:26.894 | DEBUG    | eval.evaluation.evaluation:metric_call:77 - metric_func_name number_near score 1.0 msg number near in range 5.0%, response: 26.2, target: 26.3
2026-08-09 11:30:26.894 | DEBUG    | eval.evaluation.evaluation:metric_call:77 - metric_func_name number_near score 1.0 msg number near in range 5.0%, response: 6.3, target: 6.0
2026-08-09 11:30:26.894 | DEBUG    | eval.evaluation.evaluation:metric_call:77 - metric_func_name number_near score 1.0 msg number equal, response: NULL, target: NULL
2026-08-09 11:30:26.894 | DEBUG    | eval.evaluation.evaluation:metric_call:77 - metric_func_name number_near score 1.0 msg number near in range 5.0%, response: 25.4, target: 25.4
2026-08-09 11:30:26.894 | DEBUG    | eval.evaluation.evaluation:metric_call:77 - metric_func_name number_near score 1.0 msg number near in range 5.0%, response: 12.0, target: 12.0
2026-08-09 11:30:26.894 | DEBUG    | eval.evaluation.evaluation:metric_call:77 - metric_func_name number_near score 1.0 msg number equal, response: NULL, target: NULL
2026-08-09 11:30:26.894 | DEBUG    | eval.evaluation.evaluation:metric_call:77 - metric_func_name number_near score 1.0 msg number near in range 5.0%, response: 15.1, target: 15.1
2026-08-09 11:30:26.894 | DEBUG    | eval.evaluation.evaluation:metric_call:77 - metric_func_name number_near score 1.0 msg number near in range 5.0%, response: 2.7, target: 2.7
2026-08-09 11:30:26.894 | DEBUG    | eval.evaluation.evaluation:metric_call:77 - metric_func_name number_near score 1.0 msg number equal, response: NULL, target: NULL
2026-08-09 11:30:26.895 | DEBUG    | eval.evaluation.evaluation:metric_call:77 - metric_func_name number_near score 1.0 msg number equal, response: NULL, target: NULL
2026-08-09 11:30:26.895 | DEBUG    | eval.evaluation.evaluation:metric_call:77 - metric_func_name number_near score 1.0 msg number equal, response: NULL, target: NULL
2026-08-09 11:30:26.895 | DEBUG    | eval.evaluation.evaluation:metric_call:77 - metric_func_name number_near score 1.0 msg number near in range 5.0%, response: 20.0, target: 20.0
2026-08-09 11:30:26.895 | DEBUG    | eval.evaluation.evaluation:metric_call:77 - metric_func_name number_near score 1.0 msg number near in range 5.0%, response: 14.2, target: 14.2
2026-08-09 11:30:26.895 | DEBUG    | eval.evaluation.evaluation:metric_call:77 - metric_func_name number_near score 1.0 msg number near in range 5.0%, response: 31.3, target: 32.7
2026-08-09 11:30:26.895 | DEBUG    | eval.evaluation.evaluation:metric_call:77 - metric_func_name number_near score 1.0 msg number near in range 5.0%, response: 21.2, target: 21.2
2026-08-09 11:30:26.895 | DEBUG    | eval.evaluation.evaluation:metric_call:77 - metric_func_name number_near score 1.0 msg number near in range 5.0%, response: 39.4, target: 39.4
2026-08-09 11:30:26.895 | DEBUG    | eval.evaluation.evaluation:metric_call:77 - metric_func_name number_near score 1.0 msg number equal, response: NULL, target: NULL
2026-08-09 11:30:26.895 | DEBUG    | eval.evaluation.evaluation:metric_call:77 - metric_func_name number_near score 1.0 msg number near in range 5.0%, response: 13.0, target: 13.0
2026-08-09 11:30:26.895 | DEBUG    | eval.evaluation.evaluation:metric_call:77 - metric_func_name number_near score 1.0 msg number equal, response: NULL, target: NULL
2026-08-09 11:30:26.895 | DEBUG    | eval.evaluation.evaluation:metric_call:77 - metric_func_name number_near score 1.0 msg number equal, response: NULL, target: NULL
2026-08-09 11:30:26.895 | DEBUG    | eval.evaluation.evaluation:metric_call:77 - metric_func_name number_near score 1.0 msg number near in range 5.0%, response: 16.0, target: 16.0
2026-08-09 11:30:26.895 | DEBUG    | eval.evaluation.evaluation:metric_call:77 - metric_func_name number_near score 1.0 msg number near in range 5.0%, response: 40.4, target: 40.4
2026-08-09 11:30:26.895 | DEBUG    | eval.evaluation.evaluation:metric_call:77 - metric_func_name number_near score 1.0 msg number near in range 5.0%, response: 21.0, target: 21.0
2026-08-09 11:30:26.895 | DEBUG    | eval.evaluation.evaluation:metric_call:77 - metric_func_name number_near score 1.0 msg number near in range 5.0%, response: 2.4, target: 2.4
2026-08-09 11:30:26.895 | DEBUG    | eval.evaluation.evaluation:metric_call:77 - metric_func_name number_near score 1.0 msg number near in range 5.0%, response: 9.2, target: 9.2
2026-08-09 11:30:26.895 | DEBUG    | eval.evaluation.evaluation:metric_call:77 - metric_func_name number_near score 1.0 msg number near in range 5.0%, response: 10.8, target: 10.9
2026-08-09 11:30:26.896 | DEBUG    | eval.evaluation.evaluation:evaluate_single_query:321 - wide2deep_ws_en_050, col shareofwomenseats1995(%), metric_func_name number_near, score [1.0, 0.0, 1.0, 1.0, 1.0, 1.0, 1.0, 1.0, 1.0, 1.0, 1.0, 1.0, 1.0, 1.0, 1.0, 1.0, 1.0, 1.0, 1.0, 1.0, 1.0, 1.0, 1.0, 1.0, 1.0, 1.0, 1.0, 1.0, 1.0, 1.0, 1.0, 1.0, 1.0, 1.0, 1.0, 1.0, 1.0, 1.0]
2026-08-09 11:30:26.896 | DEBUG    | eval.evaluation.evaluation:metric_call:77 - metric_func_name number_near score 1.0 msg number near in range 5.0%, response: 148.0, target: 148.0
2026-08-09 11:30:26.896 | DEBUG    | eval.evaluation.evaluation:metric_call:77 - metric_func_name number_near score 1.0 msg number near in range 5.0%, response: 183.0, target: 183.0
2026-08-09 11:30:26.896 | DEBUG    | eval.evaluation.evaluation:metric_call:77 - metric_func_name number_near score 1.0 msg number near in range 5.0%, response: 150.0, target: 150.0
2026-08-09 11:30:26.896 | DEBUG    | eval.evaluation.evaluation:metric_call:77 - metric_func_name number_near score 1.0 msg number near in range 5.0%, response: 295.0, target: 295.0
2026-08-09 11:30:26.896 | DEBUG    | eval.evaluation.evaluation:metric_call:77 - metric_func_name number_near score 1.0 msg number equal, response: NULL, target: NULL
2026-08-09 11:30:26.896 | DEBUG    | eval.evaluation.evaluation:metric_call:77 - metric_func_name number_near score 1.0 msg number equal, response: NULL, target: NULL
2026-08-09 11:30:26.897 | DEBUG    | eval.evaluation.evaluation:metric_call:77 - metric_func_name number_near score 1.0 msg number equal, response: NULL, target: NULL
2026-08-09 11:30:26.897 | DEBUG    | eval.evaluation.evaluation:metric_call:77 - metric_func_name number_near score 1.0 msg number near in range 5.0%, response: 200.0, target: 200.0
2026-08-09 11:30:26.897 | DEBUG    | eval.evaluation.evaluation:metric_call:77 - metric_func_name number_near score 1.0 msg number near in range 5.0%, response: 179.0, target: 179.0
2026-08-09 11:30:26.897 | DEBUG    | eval.evaluation.evaluation:metric_call:77 - metric_func_name number_near score 1.0 msg number equal, response: NULL, target: NULL
2026-08-09 11:30:26.897 | DEBUG    | eval.evaluation.evaluation:metric_call:77 - metric_func_name number_near score 1.0 msg number near in range 5.0%, response: 200.0, target: 200.0
2026-08-09 11:30:26.897 | DEBUG    | eval.evaluation.evaluation:metric_call:77 - metric_func_name number_near score 1.0 msg number near in range 5.0%, response: 577.0, target: 577.0
2026-08-09 11:30:26.897 | DEBUG    | eval.evaluation.evaluation:metric_call:77 - metric_func_name number_near score 1.0 msg number near in range 5.0%, response: 672.0, target: 672.0
2026-08-09 11:30:26.897 | DEBUG    | eval.evaluation.evaluation:metric_call:77 - metric_func_name number_near score 1.0 msg number near in range 5.0%, response: 300.0, target: 300.0
2026-08-09 11:30:26.897 | DEBUG    | eval.evaluation.evaluation:metric_call:77 - metric_func_name number_near score 1.0 msg number equal, response: NULL, target: NULL
2026-08-09 11:30:26.897 | DEBUG    | eval.evaluation.evaluation:metric_call:77 - metric_func_name number_near score 1.0 msg number near in range 5.0%, response: 63.0, target: 63.0
2026-08-09 11:30:26.897 | DEBUG    | eval.evaluation.evaluation:metric_call:77 - metric_func_name number_near score 1.0 msg number near in range 5.0%, response: 166.0, target: 166.0
2026-08-09 11:30:26.897 | DEBUG    | eval.evaluation.evaluation:metric_call:77 - metric_func_name number_near score 1.0 msg number equal, response: NULL, target: NULL
2026-08-09 11:30:26.897 | DEBUG    | eval.evaluation.evaluation:metric_call:77 - metric_func_name number_near score 1.0 msg number near in range 5.0%, response: 630.0, target: 630.0
2026-08-09 11:30:26.897 | DEBUG    | eval.evaluation.evaluation:metric_call:77 - metric_func_name number_near score 1.0 msg number near in range 5.0%, response: 511.0, target: 511.0
2026-08-09 11:30:26.897 | DEBUG    | eval.evaluation.evaluation:metric_call:77 - metric_func_name number_near score 1.0 msg number equal, response: NULL, target: NULL
2026-08-09 11:30:26.897 | DEBUG    | eval.evaluation.evaluation:metric_call:77 - metric_func_name number_near score 1.0 msg number equal, response: NULL, target: NULL
2026-08-09 11:30:26.897 | DEBUG    | eval.evaluation.evaluation:metric_call:77 - metric_func_name number_near score 1.0 msg number equal, response: NULL, target: NULL
2026-08-09 11:30:26.897 | DEBUG    | eval.evaluation.evaluation:metric_call:77 - metric_func_name number_near score 1.0 msg number near in range 5.0%, response: 60.0, target: 60.0
2026-08-09 11:30:26.897 | DEBUG    | eval.evaluation.evaluation:metric_call:77 - metric_func_name number_near score 1.0 msg number near in range 5.0%, response: 500.0, target: 500.0
2026-08-09 11:30:26.897 | DEBUG    | eval.evaluation.evaluation:metric_call:77 - metric_func_name number_near score 1.0 msg number near in range 5.0%, response: 150.0, target: 150.0
2026-08-09 11:30:26.898 | DEBUG    | eval.evaluation.evaluation:metric_call:77 - metric_func_name number_near score 1.0 msg number near in range 5.0%, response: 99.0, target: 99.0
2026-08-09 11:30:26.898 | DEBUG    | eval.evaluation.evaluation:metric_call:77 - metric_func_name number_near score 1.0 msg number near in range 5.0%, response: 165.0, target: 165.0
2026-08-09 11:30:26.898 | DEBUG    | eval.evaluation.evaluation:metric_call:77 - metric_func_name number_near score 1.0 msg number equal, response: NULL, target: NULL
2026-08-09 11:30:26.898 | DEBUG    | eval.evaluation.evaluation:metric_call:77 - metric_func_name number_near score 1.0 msg number near in range 5.0%, response: 230.0, target: 230.0
2026-08-09 11:30:26.898 | DEBUG    | eval.evaluation.evaluation:metric_call:77 - metric_func_name number_near score 1.0 msg number equal, response: NULL, target: NULL
2026-08-09 11:30:26.898 | DEBUG    | eval.evaluation.evaluation:metric_call:77 - metric_func_name number_near score 1.0 msg number equal, response: NULL, target: NULL
2026-08-09 11:30:26.898 | DEBUG    | eval.evaluation.evaluation:metric_call:77 - metric_func_name number_near score 1.0 msg number near in range 5.0%, response: 350.0, target: 350.0
2026-08-09 11:30:26.898 | DEBUG    | eval.evaluation.evaluation:metric_call:77 - metric_func_name number_near score 1.0 msg number near in range 5.0%, response: 349.0, target: 349.0
2026-08-09 11:30:26.898 | DEBUG    | eval.evaluation.evaluation:metric_call:77 - metric_func_name number_near score 1.0 msg number near in range 5.0%, response: 200.0, target: 200.0
2026-08-09 11:30:26.898 | DEBUG    | eval.evaluation.evaluation:metric_call:77 - metric_func_name number_near score 1.0 msg number near in range 5.0%, response: 550.0, target: 550.0
2026-08-09 11:30:26.898 | DEBUG    | eval.evaluation.evaluation:metric_call:77 - metric_func_name number_near score 1.0 msg number near in range 5.0%, response: 651.0, target: 651.0
2026-08-09 11:30:26.898 | DEBUG    | eval.evaluation.evaluation:metric_call:77 - metric_func_name number_near score 1.0 msg number near in range 5.0%, response: 435.0, target: 435.0
2026-08-09 11:30:26.899 | DEBUG    | eval.evaluation.evaluation:evaluate_single_query:321 - wide2deep_ws_en_050, col totalseats1995, metric_func_name number_near, score [1.0, 1.0, 1.0, 1.0, 1.0, 1.0, 1.0, 1.0, 1.0, 1.0, 1.0, 1.0, 1.0, 1.0, 1.0, 1.0, 1.0, 1.0, 1.0, 1.0, 1.0, 1.0, 1.0, 1.0, 1.0, 1.0, 1.0, 1.0, 1.0, 1.0, 1.0, 1.0, 1.0, 1.0, 1.0, 1.0, 1.0, 1.0]
2026-08-09 11:30:26.899 | DEBUG    | eval.evaluation.evaluation:metric_call:77 - metric_func_name number_near score 1.0 msg number near in range 5.0%, response: 24.7, target: 24.7
2026-08-09 11:30:26.899 | DEBUG    | eval.evaluation.evaluation:metric_call:77 - metric_func_name number_near score 1.0 msg number near in range 5.0%, response: 33.9, target: 33.9
2026-08-09 11:30:26.899 | DEBUG    | eval.evaluation.evaluation:metric_call:77 - metric_func_name number_near score 1.0 msg number near in range 5.0%, response: 34.7, target: 34.7
2026-08-09 11:30:26.899 | DEBUG    | eval.evaluation.evaluation:metric_call:77 - metric_func_name number_near score 1.0 msg number near in range 5.0%, response: 21.1, target: 21.1
2026-08-09 11:30:26.899 | DEBUG    | eval.evaluation.evaluation:metric_call:77 - metric_func_name number_near score 1.0 msg number equal, response: NULL, target: NULL
2026-08-09 11:30:26.899 | DEBUG    | eval.evaluation.evaluation:metric_call:77 - metric_func_name number_near score 1.0 msg number equal, response: NULL, target: NULL
2026-08-09 11:30:26.899 | DEBUG    | eval.evaluation.evaluation:metric_call:77 - metric_func_name number_near score 1.0 msg number equal, response: NULL, target: NULL
2026-08-09 11:30:26.899 | DEBUG    | eval.evaluation.evaluation:metric_call:77 - metric_func_name number_near score 1.0 msg number near in range 5.0%, response: 17.0, target: 17.0
2026-08-09 11:30:26.899 | DEBUG    | eval.evaluation.evaluation:metric_call:77 - metric_func_name number_near score 1.0 msg number near in range 5.0%, response: 36.9, target: 36.9
2026-08-09 11:30:26.899 | DEBUG    | eval.evaluation.evaluation:metric_call:77 - metric_func_name number_near score 1.0 msg number equal, response: NULL, target: NULL
2026-08-09 11:30:26.899 | DEBUG    | eval.evaluation.evaluation:metric_call:77 - metric_func_name number_near score 1.0 msg number near in range 5.0%, response: 37.5, target: 37.5
2026-08-09 11:30:26.899 | DEBUG    | eval.evaluation.evaluation:metric_call:77 - metric_func_name number_near score 1.0 msg number near in range 5.0%, response: 12.2, target: 12.2
2026-08-09 11:30:26.900 | DEBUG    | eval.evaluation.evaluation:metric_call:77 - metric_func_name number_near score 1.0 msg number near in range 5.0%, response: 31.8, target: 31.8
2026-08-09 11:30:26.900 | DEBUG    | eval.evaluation.evaluation:metric_call:77 - metric_func_name number_near score 1.0 msg number near in range 5.0%, response: 13.0, target: 13.0
2026-08-09 11:30:26.900 | DEBUG    | eval.evaluation.evaluation:metric_call:77 - metric_func_name number_near score 1.0 msg number near in range 5.0%, response: 9.1, target: 9.1
2026-08-09 11:30:26.900 | DEBUG    | eval.evaluation.evaluation:metric_call:77 - metric_func_name number_near score 0.0 msg number not near, response: 30.2, target: 33.3
2026-08-09 11:30:26.900 | DEBUG    | eval.evaluation.evaluation:metric_call:77 - metric_func_name number_near score 1.0 msg number near in range 5.0%, response: 13.3, target: 13.3
2026-08-09 11:30:26.900 | DEBUG    | eval.evaluation.evaluation:metric_call:77 - metric_func_name number_near score 1.0 msg number equal, response: NULL, target: NULL
2026-08-09 11:30:26.900 | DEBUG    | eval.evaluation.evaluation:metric_call:77 - metric_func_name number_near score 1.0 msg number near in range 5.0%, response: 11.5, target: 11.5
2026-08-09 11:30:26.900 | DEBUG    | eval.evaluation.evaluation:metric_call:77 - metric_func_name number_near score 1.0 msg number near in range 5.0%, response: 9.0, target: 9.0
2026-08-09 11:30:26.900 | DEBUG    | eval.evaluation.evaluation:metric_call:77 - metric_func_name number_near score 1.0 msg number near in range 5.0%, response: 13.4, target: 13.4
2026-08-09 11:30:26.900 | DEBUG    | eval.evaluation.evaluation:metric_call:77 - metric_func_name number_near score 1.0 msg number equal, response: NULL, target: NULL
2026-08-09 11:30:26.900 | DEBUG    | eval.evaluation.evaluation:metric_call:77 - metric_func_name number_near score 1.0 msg number equal, response: NULL, target: NULL
2026-08-09 11:30:26.900 | DEBUG    | eval.evaluation.evaluation:metric_call:77 - metric_func_name number_near score 1.0 msg number near in range 5.0%, response: 23.3, target: 23.3
2026-08-09 11:30:26.900 | DEBUG    | eval.evaluation.evaluation:metric_call:77 - metric_func_name number_near score 0.0 msg number not near, response: 22.6, target: 24.2
2026-08-09 11:30:26.900 | DEBUG    | eval.evaluation.evaluation:metric_call:77 - metric_func_name number_near score 1.0 msg number near in range 5.0%, response: 36.7, target: 36.7
2026-08-09 11:30:26.900 | DEBUG    | eval.evaluation.evaluation:metric_call:77 - metric_func_name number_near score 1.0 msg number near in range 5.0%, response: 32.2, target: 32.2
2026-08-09 11:30:26.900 | DEBUG    | eval.evaluation.evaluation:metric_call:77 - metric_func_name number_near score 1.0 msg number near in range 5.0%, response: 37.9, target: 37.9
2026-08-09 11:30:26.900 | DEBUG    | eval.evaluation.evaluation:metric_call:77 - metric_func_name number_near score 1.0 msg number near in range 5.0%, response: 20.2, target: 20.4
2026-08-09 11:30:26.900 | DEBUG    | eval.evaluation.evaluation:metric_call:77 - metric_func_name number_near score 1.0 msg number near in range 5.0%, response: 21.3, target: 21.3
2026-08-09 11:30:26.900 | DEBUG    | eval.evaluation.evaluation:metric_call:77 - metric_func_name number_near score 1.0 msg number near in range 5.0%, response: 16.7, target: 16.7
2026-08-09 11:30:26.900 | DEBUG    | eval.evaluation.evaluation:metric_call:77 - metric_func_name number_near score 1.0 msg number equal, response: NULL, target: NULL
2026-08-09 11:30:26.901 | DEBUG    | eval.evaluation.evaluation:metric_call:77 - metric_func_name number_near score 1.0 msg number near in range 5.0%, response: 36.0, target: 36.0
2026-08-09 11:30:26.901 | DEBUG    | eval.evaluation.evaluation:metric_call:77 - metric_func_name number_near score 1.0 msg number near in range 5.0%, response: 45.3, target: 45.3
2026-08-09 11:30:26.901 | DEBUG    | eval.evaluation.evaluation:metric_call:77 - metric_func_name number_near score 1.0 msg number near in range 5.0%, response: 25.0, target: 25.0
2026-08-09 11:30:26.901 | DEBUG    | eval.evaluation.evaluation:metric_call:77 - metric_func_name number_near score 1.0 msg number near in range 5.0%, response: 4.4, target: 4.4
2026-08-09 11:30:26.901 | DEBUG    | eval.evaluation.evaluation:metric_call:77 - metric_func_name number_near score 1.0 msg number near in range 5.0%, response: 19.7, target: 19.8
2026-08-09 11:30:26.901 | DEBUG    | eval.evaluation.evaluation:metric_call:77 - metric_func_name number_near score 1.0 msg number near in range 5.0%, response: 15.2, target: 15.2
2026-08-09 11:30:26.901 | DEBUG    | eval.evaluation.evaluation:evaluate_single_query:321 - wide2deep_ws_en_050, col shareofwomenseats2005(%), metric_func_name number_near, score [1.0, 1.0, 1.0, 1.0, 1.0, 1.0, 1.0, 1.0, 1.0, 1.0, 1.0, 1.0, 1.0, 1.0, 1.0, 0.0, 1.0, 1.0, 1.0, 1.0, 1.0, 1.0, 1.0, 1.0, 0.0, 1.0, 1.0, 1.0, 1.0, 1.0, 1.0, 1.0, 1.0, 1.0, 1.0, 1.0, 1.0, 1.0]
2026-08-09 11:30:26.902 | DEBUG    | eval.evaluation.evaluation:metric_call:77 - metric_func_name number_near score 1.0 msg number near in range 5.0%, response: 150.0, target: 150.0
2026-08-09 11:30:26.902 | DEBUG    | eval.evaluation.evaluation:metric_call:77 - metric_func_name number_near score 1.0 msg number near in range 5.0%, response: 183.0, target: 183.0
2026-08-09 11:30:26.902 | DEBUG    | eval.evaluation.evaluation:metric_call:77 - metric_func_name number_near score 1.0 msg number near in range 5.0%, response: 150.0, target: 150.0
2026-08-09 11:30:26.902 | DEBUG    | eval.evaluation.evaluation:metric_call:77 - metric_func_name number_near score 1.0 msg number near in range 5.0%, response: 308.0, target: 308.0
2026-08-09 11:30:26.902 | DEBUG    | eval.evaluation.evaluation:metric_call:77 - metric_func_name number_near score 1.0 msg number equal, response: NULL, target: NULL
2026-08-09 11:30:26.902 | DEBUG    | eval.evaluation.evaluation:metric_call:77 - metric_func_name number_near score 1.0 msg number equal, response: NULL, target: NULL
2026-08-09 11:30:26.902 | DEBUG    | eval.evaluation.evaluation:metric_call:77 - metric_func_name number_near score 1.0 msg number equal, response: NULL, target: NULL
2026-08-09 11:30:26.902 | DEBUG    | eval.evaluation.evaluation:metric_call:77 - metric_func_name number_near score 1.0 msg number near in range 5.0%, response: 200.0, target: 200.0
2026-08-09 11:30:26.902 | DEBUG    | eval.evaluation.evaluation:metric_call:77 - metric_func_name number_near score 1.0 msg number near in range 5.0%, response: 179.0, target: 179.0
2026-08-09 11:30:26.902 | DEBUG    | eval.evaluation.evaluation:metric_call:77 - metric_func_name number_near score 1.0 msg number equal, response: NULL, target: NULL
2026-08-09 11:30:26.902 | DEBUG    | eval.evaluation.evaluation:metric_call:77 - metric_func_name number_near score 1.0 msg number near in range 5.0%, response: 200.0, target: 200.0
2026-08-09 11:30:26.902 | DEBUG    | eval.evaluation.evaluation:metric_call:77 - metric_func_name number_near score 1.0 msg number near in range 5.0%, response: 577.0, target: 574.0
2026-08-09 11:30:26.902 | DEBUG    | eval.evaluation.evaluation:metric_call:77 - metric_func_name number_near score 1.0 msg number near in range 5.0%, response: 614.0, target: 614.0
2026-08-09 11:30:26.902 | DEBUG    | eval.evaluation.evaluation:metric_call:77 - metric_func_name number_near score 1.0 msg number near in range 5.0%, response: 300.0, target: 300.0
2026-08-09 11:30:26.902 | DEBUG    | eval.evaluation.evaluation:metric_call:77 - metric_func_name number_near score 1.0 msg number near in range 5.0%, response: 386.0, target: 385.0
2026-08-09 11:30:26.902 | DEBUG    | eval.evaluation.evaluation:metric_call:77 - metric_func_name number_near score 1.0 msg number near in range 5.0%, response: 63.0, target: 63.0
2026-08-09 11:30:26.902 | DEBUG    | eval.evaluation.evaluation:metric_call:77 - metric_func_name number_near score 1.0 msg number near in range 5.0%, response: 166.0, target: 166.0
2026-08-09 11:30:26.902 | DEBUG    | eval.evaluation.evaluation:metric_call:77 - metric_func_name number_near score 1.0 msg number equal, response: NULL, target: NULL
2026-08-09 11:30:26.903 | DEBUG    | eval.evaluation.evaluation:metric_call:77 - metric_func_name number_near score 1.0 msg number near in range 5.0%, response: 630.0, target: 616.0
2026-08-09 11:30:26.903 | DEBUG    | eval.evaluation.evaluation:metric_call:77 - metric_func_name number_near score 1.0 msg number near in range 5.0%, response: 480.0, target: 480.0
2026-08-09 11:30:26.903 | DEBUG    | eval.evaluation.evaluation:metric_call:77 - metric_func_name number_near score 1.0 msg number near in range 5.0%, response: 299.0, target: 299.0
2026-08-09 11:30:26.903 | DEBUG    | eval.evaluation.evaluation:metric_call:77 - metric_func_name number_near score 1.0 msg number equal, response: NULL, target: NULL
2026-08-09 11:30:26.903 | DEBUG    | eval.evaluation.evaluation:metric_call:77 - metric_func_name number_near score 1.0 msg number equal, response: NULL, target: NULL
2026-08-09 11:30:26.903 | DEBUG    | eval.evaluation.evaluation:metric_call:77 - metric_func_name number_near score 1.0 msg number near in range 5.0%, response: 60.0, target: 60.0
2026-08-09 11:30:26.903 | DEBUG    | eval.evaluation.evaluation:metric_call:77 - metric_func_name number_near score 1.0 msg number near in range 5.0%, response: 500.0, target: 500.0
2026-08-09 11:30:26.903 | DEBUG    | eval.evaluation.evaluation:metric_call:77 - metric_func_name number_near score 1.0 msg number near in range 5.0%, response: 150.0, target: 150.0
2026-08-09 11:30:26.903 | DEBUG    | eval.evaluation.evaluation:metric_call:77 - metric_func_name number_near score 1.0 msg number near in range 5.0%, response: 121.0, target: 121.0
2026-08-09 11:30:26.903 | DEBUG    | eval.evaluation.evaluation:metric_call:77 - metric_func_name number_near score 1.0 msg number near in range 5.0%, response: 169.0, target: 169.0
2026-08-09 11:30:26.903 | DEBUG    | eval.evaluation.evaluation:metric_call:77 - metric_func_name number_near score 1.0 msg number near in range 5.0%, response: 460.0, target: 460.0
2026-08-09 11:30:26.903 | DEBUG    | eval.evaluation.evaluation:metric_call:77 - metric_func_name number_near score 1.0 msg number near in range 5.0%, response: 230.0, target: 230.0
2026-08-09 11:30:26.903 | DEBUG    | eval.evaluation.evaluation:metric_call:77 - metric_func_name number_near score 1.0 msg number near in range 5.0%, response: 150.0, target: 150.0
2026-08-09 11:30:26.903 | DEBUG    | eval.evaluation.evaluation:metric_call:77 - metric_func_name number_near score 1.0 msg number equal, response: NULL, target: NULL
2026-08-09 11:30:26.903 | DEBUG    | eval.evaluation.evaluation:metric_call:77 - metric_func_name number_near score 1.0 msg number near in range 5.0%, response: 350.0, target: 350.0
2026-08-09 11:30:26.903 | DEBUG    | eval.evaluation.evaluation:metric_call:77 - metric_func_name number_near score 1.0 msg number near in range 5.0%, response: 349.0, target: 349.0
2026-08-09 11:30:26.903 | DEBUG    | eval.evaluation.evaluation:metric_call:77 - metric_func_name number_near score 1.0 msg number near in range 5.0%, response: 200.0, target: 200.0
2026-08-09 11:30:26.903 | DEBUG    | eval.evaluation.evaluation:metric_call:77 - metric_func_name number_near score 1.0 msg number near in range 5.0%, response: 550.0, target: 550.0
2026-08-09 11:30:26.903 | DEBUG    | eval.evaluation.evaluation:metric_call:77 - metric_func_name number_near score 1.0 msg number near in range 5.0%, response: 646.0, target: 646.0
2026-08-09 11:30:26.903 | DEBUG    | eval.evaluation.evaluation:metric_call:77 - metric_func_name number_near score 1.0 msg number near in range 5.0%, response: 435.0, target: 435.0
2026-08-09 11:30:26.904 | DEBUG    | eval.evaluation.evaluation:evaluate_single_query:321 - wide2deep_ws_en_050, col totalseats2005, metric_func_name number_near, score [1.0, 1.0, 1.0, 1.0, 1.0, 1.0, 1.0, 1.0, 1.0, 1.0, 1.0, 1.0, 1.0, 1.0, 1.0, 1.0, 1.0, 1.0, 1.0, 1.0, 1.0, 1.0, 1.0, 1.0, 1.0, 1.0, 1.0, 1.0, 1.0, 1.0, 1.0, 1.0, 1.0, 1.0, 1.0, 1.0, 1.0, 1.0]
2026-08-09 11:30:26.904 | DEBUG    | eval.evaluation.evaluation:metric_call:77 - metric_func_name number_near score 1.0 msg number near in range 5.0%, response: 26.7, target: 26.7
2026-08-09 11:30:26.904 | DEBUG    | eval.evaluation.evaluation:metric_call:77 - metric_func_name number_near score 1.0 msg number near in range 5.0%, response: 30.6, target: 30.6
2026-08-09 11:30:26.904 | DEBUG    | eval.evaluation.evaluation:metric_call:77 - metric_func_name number_near score 1.0 msg number near in range 5.0%, response: 39.3, target: 39.3
2026-08-09 11:30:26.904 | DEBUG    | eval.evaluation.evaluation:metric_call:77 - metric_func_name number_near score 1.0 msg number near in range 5.0%, response: 26.0, target: 26.0
2026-08-09 11:30:26.904 | DEBUG    | eval.evaluation.evaluation:metric_call:77 - metric_func_name number_near score 1.0 msg number near in range 5.0%, response: 15.8, target: 15.8
2026-08-09 11:30:26.905 | DEBUG    | eval.evaluation.evaluation:metric_call:77 - metric_func_name number_near score 1.0 msg number equal, response: NULL, target: NULL
2026-08-09 11:30:26.905 | DEBUG    | eval.evaluation.evaluation:metric_call:77 - metric_func_name number_near score 1.0 msg number equal, response: NULL, target: NULL
2026-08-09 11:30:26.905 | DEBUG    | eval.evaluation.evaluation:metric_call:77 - metric_func_name number_near score 1.0 msg number near in range 5.0%, response: 20.0, target: 20.0
2026-08-09 11:30:26.905 | DEBUG    | eval.evaluation.evaluation:metric_call:77 - metric_func_name number_near score 1.0 msg number near in range 5.0%, response: 37.4, target: 37.4
2026-08-09 11:30:26.905 | DEBUG    | eval.evaluation.evaluation:metric_call:77 - metric_func_name number_near score 1.0 msg number near in range 5.0%, response: 23.8, target: 23.8
2026-08-09 11:30:26.905 | DEBUG    | eval.evaluation.evaluation:metric_call:77 - metric_func_name number_near score 1.0 msg number near in range 5.0%, response: 41.5, target: 41.5
2026-08-09 11:30:26.905 | DEBUG    | eval.evaluation.evaluation:metric_call:77 - metric_func_name number_near score 1.0 msg number near in range 5.0%, response: 26.2, target: 26.2
2026-08-09 11:30:26.905 | DEBUG    | eval.evaluation.evaluation:metric_call:77 - metric_func_name number_near score 1.0 msg number near in range 5.0%, response: 36.5, target: 36.5
2026-08-09 11:30:26.905 | DEBUG    | eval.evaluation.evaluation:metric_call:77 - metric_func_name number_near score 1.0 msg number near in range 5.0%, response: 19.7, target: 19.7
2026-08-09 11:30:26.905 | DEBUG    | eval.evaluation.evaluation:metric_call:77 - metric_func_name number_near score 1.0 msg number near in range 5.0%, response: 10.1, target: 10.1
2026-08-09 11:30:26.905 | DEBUG    | eval.evaluation.evaluation:metric_call:77 - metric_func_name number_near score 1.0 msg number near in range 5.0%, response: 41.3, target: 41.3
2026-08-09 11:30:26.905 | DEBUG    | eval.evaluation.evaluation:metric_call:77 - metric_func_name number_near score 1.0 msg number near in range 5.0%, response: 15.7, target: 16.3
2026-08-09 11:30:26.905 | DEBUG    | eval.evaluation.evaluation:metric_call:77 - metric_func_name number_near score 1.0 msg number near in range 5.0%, response: 27.5, target: 26.7
2026-08-09 11:30:26.905 | DEBUG    | eval.evaluation.evaluation:metric_call:77 - metric_func_name number_near score 1.0 msg number near in range 5.0%, response: 31.0, target: 31.0
2026-08-09 11:30:26.905 | DEBUG    | eval.evaluation.evaluation:metric_call:77 - metric_func_name number_near score 1.0 msg number near in range 5.0%, response: 9.5, target: 9.5
2026-08-09 11:30:26.905 | DEBUG    | eval.evaluation.evaluation:metric_call:77 - metric_func_name number_near score 1.0 msg number near in range 5.0%, response: 16.3, target: 16.3
2026-08-09 11:30:26.905 | DEBUG    | eval.evaluation.evaluation:metric_call:77 - metric_func_name number_near score 1.0 msg number equal, response: NULL, target: NULL
2026-08-09 11:30:26.905 | DEBUG    | eval.evaluation.evaluation:metric_call:77 - metric_func_name number_near score 1.0 msg number equal, response: NULL, target: NULL
2026-08-09 11:30:26.905 | DEBUG    | eval.evaluation.evaluation:metric_call:77 - metric_func_name number_near score 1.0 msg number near in range 5.0%, response: 28.3, target: 28.3
2026-08-09 11:30:26.905 | DEBUG    | eval.evaluation.evaluation:metric_call:77 - metric_func_name number_near score 1.0 msg number near in range 5.0%, response: 42.4, target: 42.4
2026-08-09 11:30:26.905 | DEBUG    | eval.evaluation.evaluation:metric_call:77 - metric_func_name number_near score 1.0 msg number near in range 5.0%, response: 37.3, target: 37.3
2026-08-09 11:30:26.906 | DEBUG    | eval.evaluation.evaluation:metric_call:77 - metric_func_name number_near score 1.0 msg number near in range 5.0%, response: 31.4, target: 31.4
2026-08-09 11:30:26.906 | DEBUG    | eval.evaluation.evaluation:metric_call:77 - metric_func_name number_near score 1.0 msg number near in range 5.0%, response: 39.6, target: 39.6
2026-08-09 11:30:26.906 | DEBUG    | eval.evaluation.evaluation:metric_call:77 - metric_func_name number_near score 1.0 msg number near in range 5.0%, response: 27.4, target: 27.4
2026-08-09 11:30:26.906 | DEBUG    | eval.evaluation.evaluation:metric_call:77 - metric_func_name number_near score 1.0 msg number near in range 5.0%, response: 34.8, target: 34.8
2026-08-09 11:30:26.906 | DEBUG    | eval.evaluation.evaluation:metric_call:77 - metric_func_name number_near score 0.0 msg number not near, response: 20.0, target: 18.7
2026-08-09 11:30:26.906 | DEBUG    | eval.evaluation.evaluation:metric_call:77 - metric_func_name number_near score 0.0 msg number not near, response: 27.8, target: 36.7
2026-08-09 11:30:26.906 | DEBUG    | eval.evaluation.evaluation:metric_call:77 - metric_func_name number_near score 1.0 msg number near in range 5.0%, response: 39.7, target: 40.0
2026-08-09 11:30:26.906 | DEBUG    | eval.evaluation.evaluation:metric_call:77 - metric_func_name number_near score 1.0 msg number near in range 5.0%, response: 43.6, target: 43.6
2026-08-09 11:30:26.906 | DEBUG    | eval.evaluation.evaluation:metric_call:77 - metric_func_name number_near score 1.0 msg number near in range 5.0%, response: 32.0, target: 32.0
2026-08-09 11:30:26.906 | DEBUG    | eval.evaluation.evaluation:metric_call:77 - metric_func_name number_near score 1.0 msg number near in range 5.0%, response: 14.9, target: 14.9
2026-08-09 11:30:26.906 | DEBUG    | eval.evaluation.evaluation:metric_call:77 - metric_func_name number_near score 1.0 msg number near in range 5.0%, response: 29.4, target: 29.4
2026-08-09 11:30:26.906 | DEBUG    | eval.evaluation.evaluation:metric_call:77 - metric_func_name number_near score 1.0 msg number near in range 5.0%, response: 19.3, target: 19.4
2026-08-09 11:30:26.907 | DEBUG    | eval.evaluation.evaluation:evaluate_single_query:321 - wide2deep_ws_en_050, col shareofwomenseats2015(%), metric_func_name number_near, score [1.0, 1.0, 1.0, 1.0, 1.0, 1.0, 1.0, 1.0, 1.0, 1.0, 1.0, 1.0, 1.0, 1.0, 1.0, 1.0, 1.0, 1.0, 1.0, 1.0, 1.0, 1.0, 1.0, 1.0, 1.0, 1.0, 1.0, 1.0, 1.0, 1.0, 0.0, 0.0, 1.0, 1.0, 1.0, 1.0, 1.0, 1.0]
2026-08-09 11:30:26.907 | DEBUG    | eval.evaluation.evaluation:metric_call:77 - metric_func_name number_near score 1.0 msg number near in range 5.0%, response: 150.0, target: 150.0
2026-08-09 11:30:26.907 | DEBUG    | eval.evaluation.evaluation:metric_call:77 - metric_func_name number_near score 1.0 msg number near in range 5.0%, response: 183.0, target: 183.0
2026-08-09 11:30:26.907 | DEBUG    | eval.evaluation.evaluation:metric_call:77 - metric_func_name number_near score 1.0 msg number near in range 5.0%, response: 150.0, target: 150.0
2026-08-09 11:30:26.907 | DEBUG    | eval.evaluation.evaluation:metric_call:77 - metric_func_name number_near score 1.0 msg number near in range 5.0%, response: 338.0, target: 338.0
2026-08-09 11:30:26.907 | DEBUG    | eval.evaluation.evaluation:metric_call:77 - metric_func_name number_near score 1.0 msg number near in range 5.0%, response: 120.0, target: 120.0
2026-08-09 11:30:26.907 | DEBUG    | eval.evaluation.evaluation:metric_call:77 - metric_func_name number_near score 1.0 msg number equal, response: NULL, target: NULL
2026-08-09 11:30:26.907 | DEBUG    | eval.evaluation.evaluation:metric_call:77 - metric_func_name number_near score 1.0 msg number equal, response: NULL, target: NULL
2026-08-09 11:30:26.907 | DEBUG    | eval.evaluation.evaluation:metric_call:77 - metric_func_name number_near score 1.0 msg number near in range 5.0%, response: 200.0, target: 200.0
2026-08-09 11:30:26.907 | DEBUG    | eval.evaluation.evaluation:metric_call:77 - metric_func_name number_near score 1.0 msg number near in range 5.0%, response: 179.0, target: 179.0
2026-08-09 11:30:26.907 | DEBUG    | eval.evaluation.evaluation:metric_call:77 - metric_func_name number_near score 1.0 msg number near in range 5.0%, response: 101.0, target: 101.0
2026-08-09 11:30:26.907 | DEBUG    | eval.evaluation.evaluation:metric_call:77 - metric_func_name number_near score 1.0 msg number near in range 5.0%, response: 200.0, target: 200.0
2026-08-09 11:30:26.907 | DEBUG    | eval.evaluation.evaluation:metric_call:77 - metric_func_name number_near score 1.0 msg number near in range 5.0%, response: 577.0, target: 577.0
2026-08-09 11:30:26.907 | DEBUG    | eval.evaluation.evaluation:metric_call:77 - metric_func_name number_near score 1.0 msg number near in range 5.0%, response: 630.0, target: 631.0
2026-08-09 11:30:26.908 | DEBUG    | eval.evaluation.evaluation:metric_call:77 - metric_func_name number_near score 1.0 msg number near in range 5.0%, response: 300.0, target: 300.0
2026-08-09 11:30:26.908 | DEBUG    | eval.evaluation.evaluation:metric_call:77 - metric_func_name number_near score 1.0 msg number near in range 5.0%, response: 199.0, target: 198.0
2026-08-09 11:30:26.908 | DEBUG    | eval.evaluation.evaluation:metric_call:77 - metric_func_name number_near score 1.0 msg number near in range 5.0%, response: 63.0, target: 63.0
2026-08-09 11:30:26.908 | DEBUG    | eval.evaluation.evaluation:metric_call:77 - metric_func_name number_near score 1.0 msg number near in range 5.0%, response: 166.0, target: 166.0
2026-08-09 11:30:26.908 | DEBUG    | eval.evaluation.evaluation:metric_call:77 - metric_func_name number_near score 1.0 msg number near in range 5.0%, response: 120.0, target: 120.0
2026-08-09 11:30:26.908 | DEBUG    | eval.evaluation.evaluation:metric_call:77 - metric_func_name number_near score 1.0 msg number near in range 5.0%, response: 630.0, target: 630.0
2026-08-09 11:30:26.908 | DEBUG    | eval.evaluation.evaluation:metric_call:77 - metric_func_name number_near score 1.0 msg number near in range 5.0%, response: 475.0, target: 475.0
2026-08-09 11:30:26.908 | DEBUG    | eval.evaluation.evaluation:metric_call:77 - metric_func_name number_near score 1.0 msg number near in range 5.0%, response: 300.0, target: 300.0
2026-08-09 11:30:26.908 | DEBUG    | eval.evaluation.evaluation:metric_call:77 - metric_func_name number_near score 1.0 msg number equal, response: NULL, target: NULL
2026-08-09 11:30:26.908 | DEBUG    | eval.evaluation.evaluation:metric_call:77 - metric_func_name number_near score 1.0 msg number equal, response: NULL, target: NULL
2026-08-09 11:30:26.908 | DEBUG    | eval.evaluation.evaluation:metric_call:77 - metric_func_name number_near score 1.0 msg number near in range 5.0%, response: 60.0, target: 60.0
2026-08-09 11:30:26.908 | DEBUG    | eval.evaluation.evaluation:metric_call:77 - metric_func_name number_near score 1.0 msg number near in range 5.0%, response: 500.0, target: 498.0
2026-08-09 11:30:26.908 | DEBUG    | eval.evaluation.evaluation:metric_call:77 - metric_func_name number_near score 1.0 msg number near in range 5.0%, response: 150.0, target: 150.0
2026-08-09 11:30:26.908 | DEBUG    | eval.evaluation.evaluation:metric_call:77 - metric_func_name number_near score 1.0 msg number near in range 5.0%, response: 121.0, target: 121.0
2026-08-09 11:30:26.908 | DEBUG    | eval.evaluation.evaluation:metric_call:77 - metric_func_name number_near score 1.0 msg number near in range 5.0%, response: 169.0, target: 169.0
2026-08-09 11:30:26.908 | DEBUG    | eval.evaluation.evaluation:metric_call:77 - metric_func_name number_near score 1.0 msg number near in range 5.0%, response: 460.0, target: 460.0
2026-08-09 11:30:26.908 | DEBUG    | eval.evaluation.evaluation:metric_call:77 - metric_func_name number_near score 1.0 msg number near in range 5.0%, response: 230.0, target: 230.0
2026-08-09 11:30:26.908 | DEBUG    | eval.evaluation.evaluation:metric_call:77 - metric_func_name number_near score 1.0 msg number near in range 5.0%, response: 150.0, target: 150.0
2026-08-09 11:30:26.908 | DEBUG    | eval.evaluation.evaluation:metric_call:77 - metric_func_name number_near score 1.0 msg number near in range 5.0%, response: 90.0, target: 90.0
2026-08-09 11:30:26.908 | DEBUG    | eval.evaluation.evaluation:metric_call:77 - metric_func_name number_near score 1.0 msg number near in range 5.0%, response: 350.0, target: 350.0
2026-08-09 11:30:26.908 | DEBUG    | eval.evaluation.evaluation:metric_call:77 - metric_func_name number_near score 1.0 msg number near in range 5.0%, response: 349.0, target: 349.0
2026-08-09 11:30:26.909 | DEBUG    | eval.evaluation.evaluation:metric_call:77 - metric_func_name number_near score 1.0 msg number near in range 5.0%, response: 200.0, target: 200.0
2026-08-09 11:30:26.909 | DEBUG    | eval.evaluation.evaluation:metric_call:77 - metric_func_name number_near score 1.0 msg number near in range 5.0%, response: 550.0, target: 550.0
2026-08-09 11:30:26.909 | DEBUG    | eval.evaluation.evaluation:metric_call:77 - metric_func_name number_near score 1.0 msg number near in range 5.0%, response: 650.0, target: 650.0
2026-08-09 11:30:26.909 | DEBUG    | eval.evaluation.evaluation:metric_call:77 - metric_func_name number_near score 1.0 msg number near in range 5.0%, response: 435.0, target: 434.0
2026-08-09 11:30:26.909 | DEBUG    | eval.evaluation.evaluation:evaluate_single_query:321 - wide2deep_ws_en_050, col totalseats2015, metric_func_name number_near, score [1.0, 1.0, 1.0, 1.0, 1.0, 1.0, 1.0, 1.0, 1.0, 1.0, 1.0, 1.0, 1.0, 1.0, 1.0, 1.0, 1.0, 1.0, 1.0, 1.0, 1.0, 1.0, 1.0, 1.0, 1.0, 1.0, 1.0, 1.0, 1.0, 1.0, 1.0, 1.0, 1.0, 1.0, 1.0, 1.0, 1.0, 1.0]
2026-08-09 11:30:26.909 | DEBUG    | eval.evaluation.evaluation:metric_call:77 - metric_func_name number_near score 1.0 msg number near in range 5.0%, response: 38.7, target: 39.6
2026-08-09 11:30:26.910 | DEBUG    | eval.evaluation.evaluation:metric_call:77 - metric_func_name number_near score 0.0 msg number not near, response: 36.1, target: 40.0
2026-08-09 11:30:26.910 | DEBUG    | eval.evaluation.evaluation:metric_call:77 - metric_func_name number_near score 1.0 msg number near in range 5.0%, response: 41.3, target: 42.7
2026-08-09 11:30:26.910 | DEBUG    | eval.evaluation.evaluation:metric_call:77 - metric_func_name number_near score 1.0 msg number near in range 5.0%, response: 30.5, target: 30.3
2026-08-09 11:30:26.910 | DEBUG    | eval.evaluation.evaluation:metric_call:77 - metric_func_name number_near score 0.0 msg number not near, response: 35.5, target: 23.0
2026-08-09 11:30:26.910 | DEBUG    | eval.evaluation.evaluation:metric_call:77 - metric_func_name number_near score 1.0 msg number near in range 5.0%, response: 28.9, target: 30.0
2026-08-09 11:30:26.910 | DEBUG    | eval.evaluation.evaluation:metric_call:77 - metric_func_name number_near score 1.0 msg number near in range 5.0%, response: 47.4, target: 47.4
2026-08-09 11:30:26.910 | DEBUG    | eval.evaluation.evaluation:metric_call:77 - metric_func_name number_near score 1.0 msg number near in range 5.0%, response: 25.5, target: 25.0
2026-08-09 11:30:26.910 | DEBUG    | eval.evaluation.evaluation:metric_call:77 - metric_func_name number_near score 1.0 msg number near in range 5.0%, response: 44.1, target: 45.6
2026-08-09 11:30:26.910 | DEBUG    | eval.evaluation.evaluation:metric_call:77 - metric_func_name number_near score 1.0 msg number near in range 5.0%, response: 29.7, target: 29.7
2026-08-09 11:30:26.910 | DEBUG    | eval.evaluation.evaluation:metric_call:77 - metric_func_name number_near score 1.0 msg number near in range 5.0%, response: 46.0, target: 46.5
2026-08-09 11:30:26.910 | DEBUG    | eval.evaluation.evaluation:metric_call:77 - metric_func_name number_near score 1.0 msg number near in range 5.0%, response: 36.0, target: 37.3
2026-08-09 11:30:26.910 | DEBUG    | eval.evaluation.evaluation:metric_call:77 - metric_func_name number_near score 1.0 msg number near in range 5.0%, response: 35.9, target: 34.9
2026-08-09 11:30:26.910 | DEBUG    | eval.evaluation.evaluation:metric_call:77 - metric_func_name number_near score 1.0 msg number near in range 5.0%, response: 23.0, target: 22.0
2026-08-09 11:30:26.910 | DEBUG    | eval.evaluation.evaluation:metric_call:77 - metric_func_name number_near score 0.0 msg number not near, response: 14.6, target: 13.5
2026-08-09 11:30:26.910 | DEBUG    | eval.evaluation.evaluation:metric_call:77 - metric_func_name number_near score 1.0 msg number near in range 5.0%, response: 46.0, target: 47.6
2026-08-09 11:30:26.910 | DEBUG    | eval.evaluation.evaluation:metric_call:77 - metric_func_name number_near score 0.0 msg number not near, response: 25.3, target: 23.0
2026-08-09 11:30:26.910 | DEBUG    | eval.evaluation.evaluation:metric_call:77 - metric_func_name number_near score 0.0 msg number not near, response: 25.0, target: 28.3
2026-08-09 11:30:26.910 | DEBUG    | eval.evaluation.evaluation:metric_call:77 - metric_func_name number_near score 1.0 msg number near in range 5.0%, response: 32.3, target: 31.3
2026-08-09 11:30:26.910 | DEBUG    | eval.evaluation.evaluation:metric_call:77 - metric_func_name number_near score 0.0 msg number not near, response: 15.7, target: 10.3
2026-08-09 11:30:26.910 | DEBUG    | eval.evaluation.evaluation:metric_call:77 - metric_func_name number_near score 0.0 msg number not near, response: 20.0, target: 19.0
2026-08-09 11:30:26.911 | DEBUG    | eval.evaluation.evaluation:metric_call:77 - metric_func_name number_near score 0.0 msg number not near, response: 30.0, target: 33.0
2026-08-09 11:30:26.911 | DEBUG    | eval.evaluation.evaluation:metric_call:77 - metric_func_name number_near score 1.0 msg number near in range 5.0%, response: 29.1, target: 28.0
2026-08-09 11:30:26.911 | DEBUG    | eval.evaluation.evaluation:metric_call:77 - metric_func_name number_near score 1.0 msg number near in range 5.0%, response: 35.0, target: 34.0
2026-08-09 11:30:26.911 | DEBUG    | eval.evaluation.evaluation:metric_call:77 - metric_func_name number_near score 1.0 msg number near in range 5.0%, response: 50.2, target: 50.8
2026-08-09 11:30:26.911 | DEBUG    | eval.evaluation.evaluation:metric_call:77 - metric_func_name number_near score 0.0 msg number not near, response: 38.7, target: 42.0
2026-08-09 11:30:26.911 | DEBUG    | eval.evaluation.evaluation:metric_call:77 - metric_func_name number_near score 1.0 msg number near in range 5.0%, response: 45.5, target: 47.5
2026-08-09 11:30:26.911 | DEBUG    | eval.evaluation.evaluation:metric_call:77 - metric_func_name number_near score 1.0 msg number near in range 5.0%, response: 45.0, target: 45.0
2026-08-09 11:30:26.911 | DEBUG    | eval.evaluation.evaluation:metric_call:77 - metric_func_name number_near score 1.0 msg number near in range 5.0%, response: 29.6, target: 28.7
2026-08-09 11:30:26.911 | DEBUG    | eval.evaluation.evaluation:metric_call:77 - metric_func_name number_near score 0.0 msg number not near, response: 32.2, target: 40.0
2026-08-09 11:30:26.911 | DEBUG    | eval.evaluation.evaluation:metric_call:77 - metric_func_name number_near score 0.0 msg number not near, response: 22.0, target: 34.0
2026-08-09 11:30:26.911 | DEBUG    | eval.evaluation.evaluation:metric_call:77 - metric_func_name number_near score 0.0 msg number not near, response: 36.7, target: 38.9
2026-08-09 11:30:26.911 | DEBUG    | eval.evaluation.evaluation:metric_call:77 - metric_func_name number_near score 1.0 msg number near in range 5.0%, response: 44.0, target: 43.0
2026-08-09 11:30:26.911 | DEBUG    | eval.evaluation.evaluation:metric_call:77 - metric_func_name number_near score 1.0 msg number near in range 5.0%, response: 45.6, target: 46.6
2026-08-09 11:30:26.911 | DEBUG    | eval.evaluation.evaluation:metric_call:77 - metric_func_name number_near score 0.0 msg number not near, response: 38.5, target: 42.5
2026-08-09 11:30:26.911 | DEBUG    | eval.evaluation.evaluation:metric_call:77 - metric_func_name number_near score 0.0 msg number not near, response: 19.8, target: 21.7
2026-08-09 11:30:26.911 | DEBUG    | eval.evaluation.evaluation:metric_call:77 - metric_func_name number_near score 0.0 msg number not near, response: 40.5, target: 34.6
2026-08-09 11:30:26.911 | DEBUG    | eval.evaluation.evaluation:metric_call:77 - metric_func_name number_near score 1.0 msg number near in range 5.0%, response: 28.7, target: 29.7
2026-08-09 11:30:26.912 | DEBUG    | eval.evaluation.evaluation:evaluate_single_query:321 - wide2deep_ws_en_050, col shareofwomenseats2024(%), metric_func_name number_near, score [1.0, 0.0, 1.0, 1.0, 0.0, 1.0, 1.0, 1.0, 1.0, 1.0, 1.0, 1.0, 1.0, 1.0, 0.0, 1.0, 0.0, 0.0, 1.0, 0.0, 0.0, 0.0, 1.0, 1.0, 1.0, 0.0, 1.0, 1.0, 1.0, 0.0, 0.0, 0.0, 1.0, 1.0, 0.0, 0.0, 0.0, 1.0]
2026-08-09 11:30:26.912 | DEBUG    | eval.evaluation.evaluation:metric_call:77 - metric_func_name number_near score 1.0 msg number near in range 5.0%, response: 150.0, target: 151.0
2026-08-09 11:30:26.912 | DEBUG    | eval.evaluation.evaluation:metric_call:77 - metric_func_name number_near score 1.0 msg number near in range 5.0%, response: 183.0, target: 183.0
2026-08-09 11:30:26.912 | DEBUG    | eval.evaluation.evaluation:metric_call:77 - metric_func_name number_near score 1.0 msg number near in range 5.0%, response: 150.0, target: 150.0
2026-08-09 11:30:26.912 | DEBUG    | eval.evaluation.evaluation:metric_call:77 - metric_func_name number_near score 1.0 msg number near in range 5.0%, response: 338.0, target: 338.0
2026-08-09 11:30:26.912 | DEBUG    | eval.evaluation.evaluation:metric_call:77 - metric_func_name number_near score 1.0 msg number near in range 5.0%, response: 155.0, target: 155.0
2026-08-09 11:30:26.912 | DEBUG    | eval.evaluation.evaluation:metric_call:77 - metric_func_name number_near score 1.0 msg number near in range 5.0%, response: 188.0, target: 188.0
2026-08-09 11:30:26.912 | DEBUG    | eval.evaluation.evaluation:metric_call:77 - metric_func_name number_near score 1.0 msg number near in range 5.0%, response: 57.0, target: 57.0
2026-08-09 11:30:26.912 | DEBUG    | eval.evaluation.evaluation:metric_call:77 - metric_func_name number_near score 1.0 msg number near in range 5.0%, response: 200.0, target: 200.0
2026-08-09 11:30:26.913 | DEBUG    | eval.evaluation.evaluation:metric_call:77 - metric_func_name number_near score 1.0 msg number near in range 5.0%, response: 179.0, target: 179.0
2026-08-09 11:30:26.913 | DEBUG    | eval.evaluation.evaluation:metric_call:77 - metric_func_name number_near score 1.0 msg number near in range 5.0%, response: 101.0, target: 101.0
2026-08-09 11:30:26.913 | DEBUG    | eval.evaluation.evaluation:metric_call:77 - metric_func_name number_near score 1.0 msg number near in range 5.0%, response: 200.0, target: 200.0
2026-08-09 11:30:26.913 | DEBUG    | eval.evaluation.evaluation:metric_call:77 - metric_func_name number_near score 1.0 msg number near in range 5.0%, response: 577.0, target: 577.0
2026-08-09 11:30:26.913 | DEBUG    | eval.evaluation.evaluation:metric_call:77 - metric_func_name number_near score 1.0 msg number near in range 5.0%, response: 733.0, target: 735.0
2026-08-09 11:30:26.913 | DEBUG    | eval.evaluation.evaluation:metric_call:77 - metric_func_name number_near score 1.0 msg number near in range 5.0%, response: 300.0, target: 300.0
2026-08-09 11:30:26.913 | DEBUG    | eval.evaluation.evaluation:metric_call:77 - metric_func_name number_near score 1.0 msg number near in range 5.0%, response: 199.0, target: 199.0
2026-08-09 11:30:26.913 | DEBUG    | eval.evaluation.evaluation:metric_call:77 - metric_func_name number_near score 1.0 msg number near in range 5.0%, response: 63.0, target: 63.0
2026-08-09 11:30:26.913 | DEBUG    | eval.evaluation.evaluation:metric_call:77 - metric_func_name number_near score 0.0 msg number not near, response: 174.0, target: 160.0
2026-08-09 11:30:26.913 | DEBUG    | eval.evaluation.evaluation:metric_call:77 - metric_func_name number_near score 1.0 msg number near in range 5.0%, response: 120.0, target: 120.0
2026-08-09 11:30:26.913 | DEBUG    | eval.evaluation.evaluation:metric_call:77 - metric_func_name number_near score 1.0 msg number near in range 5.0%, response: 400.0, target: 400.0
2026-08-09 11:30:26.913 | DEBUG    | eval.evaluation.evaluation:metric_call:77 - metric_func_name number_near score 1.0 msg number near in range 5.0%, response: 465.0, target: 465.0
2026-08-09 11:30:26.913 | DEBUG    | eval.evaluation.evaluation:metric_call:77 - metric_func_name number_near score 1.0 msg number near in range 5.0%, response: 300.0, target: 300.0
2026-08-09 11:30:26.913 | DEBUG    | eval.evaluation.evaluation:metric_call:77 - metric_func_name number_near score 1.0 msg number near in range 5.0%, response: 100.0, target: 100.0
2026-08-09 11:30:26.913 | DEBUG    | eval.evaluation.evaluation:metric_call:77 - metric_func_name number_near score 1.0 msg number near in range 5.0%, response: 141.0, target: 141.0
2026-08-09 11:30:26.913 | DEBUG    | eval.evaluation.evaluation:metric_call:77 - metric_func_name number_near score 1.0 msg number near in range 5.0%, response: 60.0, target: 60.0
2026-08-09 11:30:26.913 | DEBUG    | eval.evaluation.evaluation:metric_call:77 - metric_func_name number_near score 1.0 msg number near in range 5.0%, response: 500.0, target: 500.0
2026-08-09 11:30:26.913 | DEBUG    | eval.evaluation.evaluation:metric_call:77 - metric_func_name number_near score 1.0 msg number near in range 5.0%, response: 150.0, target: 150.0
2026-08-09 11:30:26.913 | DEBUG    | eval.evaluation.evaluation:metric_call:77 - metric_func_name number_near score 1.0 msg number near in range 5.0%, response: 123.0, target: 123.0
2026-08-09 11:30:26.913 | DEBUG    | eval.evaluation.evaluation:metric_call:77 - metric_func_name number_near score 1.0 msg number near in range 5.0%, response: 169.0, target: 169.0
2026-08-09 11:30:26.913 | DEBUG    | eval.evaluation.evaluation:metric_call:77 - metric_func_name number_near score 1.0 msg number near in range 5.0%, response: 460.0, target: 460.0
2026-08-09 11:30:26.913 | DEBUG    | eval.evaluation.evaluation:metric_call:77 - metric_func_name number_near score 1.0 msg number near in range 5.0%, response: 230.0, target: 230.0
2026-08-09 11:30:26.914 | DEBUG    | eval.evaluation.evaluation:metric_call:77 - metric_func_name number_near score 1.0 msg number near in range 5.0%, response: 150.0, target: 150.0
2026-08-09 11:30:26.914 | DEBUG    | eval.evaluation.evaluation:metric_call:77 - metric_func_name number_near score 1.0 msg number near in range 5.0%, response: 90.0, target: 90.0
2026-08-09 11:30:26.914 | DEBUG    | eval.evaluation.evaluation:metric_call:77 - metric_func_name number_near score 1.0 msg number near in range 5.0%, response: 350.0, target: 350.0
2026-08-09 11:30:26.914 | DEBUG    | eval.evaluation.evaluation:metric_call:77 - metric_func_name number_near score 1.0 msg number near in range 5.0%, response: 349.0, target: 349.0
2026-08-09 11:30:26.914 | DEBUG    | eval.evaluation.evaluation:metric_call:77 - metric_func_name number_near score 1.0 msg number near in range 5.0%, response: 200.0, target: 200.0
2026-08-09 11:30:26.914 | DEBUG    | eval.evaluation.evaluation:metric_call:77 - metric_func_name number_near score 1.0 msg number near in range 5.0%, response: 600.0, target: 600.0
2026-08-09 11:30:26.914 | DEBUG    | eval.evaluation.evaluation:metric_call:77 - metric_func_name number_near score 1.0 msg number near in range 5.0%, response: 650.0, target: 650.0
2026-08-09 11:30:26.914 | DEBUG    | eval.evaluation.evaluation:metric_call:77 - metric_func_name number_near score 1.0 msg number near in range 5.0%, response: 435.0, target: 435.0
2026-08-09 11:30:26.915 | DEBUG    | eval.evaluation.evaluation:evaluate_single_query:321 - wide2deep_ws_en_050, col totalseats2024, metric_func_name number_near, score [1.0, 1.0, 1.0, 1.0, 1.0, 1.0, 1.0, 1.0, 1.0, 1.0, 1.0, 1.0, 1.0, 1.0, 1.0, 1.0, 0.0, 1.0, 1.0, 1.0, 1.0, 1.0, 1.0, 1.0, 1.0, 1.0, 1.0, 1.0, 1.0, 1.0, 1.0, 1.0, 1.0, 1.0, 1.0, 1.0, 1.0, 1.0]
2026-08-09 11:30:26.919 | INFO     | eval.evaluation.evaluation:evaluate_single_query:380 - wide2deep_ws_en_050, P/R/F1 by unique_columns: 1.0000/1.0000/1.0000
2026-08-09 11:30:26.919 | INFO     | eval.evaluation.evaluation:evaluate_single_query:383 - wide2deep_ws_en_050, P/R/F1 by row: 0.5526/0.5526/0.5526
2026-08-09 11:30:26.919 | INFO     | eval.evaluation.evaluation:evaluate_single_query:386 - wide2deep_ws_en_050, P/R/F1 by item: 0.9386/0.9386/0.9386
2026-08-09 11:30:26.927 | INFO     | eval.evaluation.evaluation:evaluate_single_query:398 - wide2deep_ws_en_050, final table score: 0.0
{"event": "eval_done", "idx": 7, "instance_id": "wide2deep_ws_en_050", "score": 0.0, "entity_acc": 1.0, "f1_by_row": 0.5526315789473685, "f1_by_item": 0.9385964912280702, "column_f1": 1.0, "error": null, "elapsed_seconds": 5.955, "running_n": 7}
SUMMARY {"n": 7, "valid_n": 7, "errors": 0, "complete": true, "judge_calls_current_process": 36, "score": 0.0, "entity_acc": 1.0, "precision_by_row": 0.3265664160401002, "recall_by_row": 0.2950645845382688, "f1_by_row": 0.29833512352309344, "precision_by_item": 0.7444724448483847, "recall_by_item": 0.5933124936884335, "f1_by_item": 0.6010606461570829, "column_precision": 0.9479853479853481, "column_recall": 0.7761904761904762, "column_f1": 0.7828506896829879}
