INFO: Pandarallel will run on 8 workers.
INFO: Pandarallel will use Memory file system to transfer data between the main process and workers.
{"event": "eval_start", "selected": 7, "resume_committed": 0, "committed_errors": 0, "crash_only_resume": false}
{"event": "eval_done", "idx": 1, "instance_id": "wide2deep_ws_en_082", "score": 0.0, "entity_acc": 0.0, "f1_by_row": 0.0, "f1_by_item": 0.0, "column_f1": 0.0, "error": null, "elapsed_seconds": 8.956, "running_n": 1}
2026-08-11 11:55:41.904 | DEBUG    | eval.evaluation.data_loader:extract_dataframe:167 - find markdown_str 
| 车型名称 | 排量[L] | 供油方式 | 发动机最大功率[kW] | 发动机最大扭矩[N·m] | 发动机最大马力[Ps ...
2026-08-11 11:55:49.084 | INFO     | eval.evaluation.metric_utils:primary_key_preprocess:246 - primary_key_preprocess result: ```json
{
  "秦PLUS 2025款 DM-i 智驾版 55KM领先型": "第二代秦PLUS DM-i智驾版55KM 领先型",
  "秦PLUS 2025款 EV 智驾版 420KM领先型": "第二代秦PLUS EV智驾版420KM领先型",
  "秦L 2025款 DM-i 智驾版 80KM领先型": "秦L DM-i智驾版80KM领先型",
  "汉 2025款 EV 智驾版 506KM尊贵型": "汉EV智驾版 506KM尊贵型",
  "唐新能源 2025款 DM-i 智驾版 115KM尊贵型": "唐DM-i智驾版 115KM 尊贵型",
  "宋Pro新能源 2025款 DM-i 智驾版 75KM领先型": "宋Pro DM-i智驾版 75KM 领先型",
  "宋L DM-i 2025款 智驾版 75KM领先型": "宋L DM-i智驾版 75KM领先型",
  "宋L EV 2025款 智驾版 550KM卓越型": "宋L EV智驾版 550KM 卓越型",
  "元PLUS 2025款 智驾版 430KM领先型": "第二代元PLUS智驾版 430KM 领先型"
}
```
2026-08-11 11:55:49.085 | INFO     | eval.evaluation.evaluation:evaluate_single_query:223 - col: 车型名称, primary_key_map {'秦PLUS 2025款 DM-i 智驾版 55KM领先型': '第二代秦PLUS DM-i智驾版55KM 领先型', '秦PLUS 2025款 EV 智驾版 420KM领先型': '第二代秦PLUS EV智驾版420KM领先型', '秦L 2025款 DM-i 智驾版 80KM领先型': '秦L DM-i智驾版80KM领先型', '汉 2025款 EV 智驾版 506KM尊贵型': '汉EV智驾版 506KM尊贵型', '唐新能源 2025款 DM-i 智驾版 115KM尊贵型': '唐DM-i智驾版 115KM 尊贵型', '宋Pro新能源 2025款 DM-i 智驾版 75KM领先型': '宋Pro DM-i智驾版 75KM 领先型', '宋L DM-i 2025款 智驾版 75KM领先型': '宋L DM-i智驾版 75KM领先型', '宋L EV 2025款 智驾版 550KM卓越型': '宋L EV智驾版 550KM 卓越型', '元PLUS 2025款 智驾版 430KM领先型': '第二代元PLUS智驾版 430KM 领先型'}
2026-08-11 11:55:49.095 | INFO     | eval.evaluation.evaluation:evaluate_single_query:275 - wide2deep_ws_zh_065, df_inner shape: (9, 28), answer_df shape: (13, 14), response_df shape: (13, 15)
2026-08-11 11:55:49.096 | DEBUG    | eval.evaluation.evaluation:metric_call:77 - metric_func_name exact_match score 1.0 msg exact match, response: 1.5, target: 1.5
2026-08-11 11:55:49.096 | DEBUG    | eval.evaluation.evaluation:metric_call:77 - metric_func_name exact_match score 1.0 msg exact match, response: -, target: -
2026-08-11 11:55:49.096 | DEBUG    | eval.evaluation.evaluation:metric_call:77 - metric_func_name exact_match score 1.0 msg exact match, response: 1.5, target: 1.5
2026-08-11 11:55:49.096 | DEBUG    | eval.evaluation.evaluation:metric_call:77 - metric_func_name exact_match score 1.0 msg exact match, response: -, target: -
2026-08-11 11:55:49.096 | DEBUG    | eval.evaluation.evaluation:metric_call:77 - metric_func_name exact_match score 1.0 msg exact match, response: -, target: -
2026-08-11 11:55:49.096 | DEBUG    | eval.evaluation.evaluation:metric_call:77 - metric_func_name exact_match score 1.0 msg exact match, response: 1.5, target: 1.5
2026-08-11 11:55:49.096 | DEBUG    | eval.evaluation.evaluation:metric_call:77 - metric_func_name exact_match score 1.0 msg exact match, response: 1.5, target: 1.5
2026-08-11 11:55:49.097 | DEBUG    | eval.evaluation.evaluation:metric_call:77 - metric_func_name exact_match score 1.0 msg exact match, response: -, target: -
2026-08-11 11:55:49.097 | DEBUG    | eval.evaluation.evaluation:metric_call:77 - metric_func_name exact_match score 1.0 msg exact match, response: 1.5, target: 1.5
2026-08-11 11:55:49.097 | DEBUG    | eval.evaluation.evaluation:evaluate_single_query:321 - wide2deep_ws_zh_065, col 排量[l], metric_func_name exact_match, score [1.0, 1.0, 1.0, 1.0, 1.0, 1.0, 1.0, 1.0, 1.0]
2026-08-11 11:55:52.869 | DEBUG    | eval.evaluation.evaluation:evaluate_single_query:321 - wide2deep_ws_zh_065, col 供油方式, metric_func_name llm_judge, score [1, 1, 1, 1, 1, 1, 1, 1, 1]
2026-08-11 11:55:52.869 | DEBUG    | eval.evaluation.evaluation:metric_call:77 - metric_func_name exact_match score 1.0 msg exact match, response: 74, target: 74
2026-08-11 11:55:52.869 | DEBUG    | eval.evaluation.evaluation:metric_call:77 - metric_func_name exact_match score 1.0 msg exact match, response: -, target: -
2026-08-11 11:55:52.869 | DEBUG    | eval.evaluation.evaluation:metric_call:77 - metric_func_name exact_match score 1.0 msg exact match, response: 74, target: 74
2026-08-11 11:55:52.870 | DEBUG    | eval.evaluation.evaluation:metric_call:77 - metric_func_name exact_match score 1.0 msg exact match, response: -, target: -
2026-08-11 11:55:52.870 | DEBUG    | eval.evaluation.evaluation:metric_call:77 - metric_func_name exact_match score 1.0 msg exact match, response: -, target: -
2026-08-11 11:55:52.870 | DEBUG    | eval.evaluation.evaluation:metric_call:77 - metric_func_name exact_match score 1.0 msg exact match, response: 74, target: 74
2026-08-11 11:55:52.870 | DEBUG    | eval.evaluation.evaluation:metric_call:77 - metric_func_name exact_match score 1.0 msg exact match, response: 74, target: 74
2026-08-11 11:55:52.870 | DEBUG    | eval.evaluation.evaluation:metric_call:77 - metric_func_name exact_match score 1.0 msg exact match, response: -, target: -
2026-08-11 11:55:52.870 | DEBUG    | eval.evaluation.evaluation:metric_call:77 - metric_func_name exact_match score 0.0 msg exact not match, response: 102, target: 115
2026-08-11 11:55:52.870 | DEBUG    | eval.evaluation.evaluation:evaluate_single_query:321 - wide2deep_ws_zh_065, col 发动机最大功率[kw], metric_func_name exact_match, score [1.0, 1.0, 1.0, 1.0, 1.0, 1.0, 1.0, 1.0, 0.0]
2026-08-11 11:55:52.871 | DEBUG    | eval.evaluation.evaluation:metric_call:77 - metric_func_name exact_match score 1.0 msg exact match, response: 126, target: 126
2026-08-11 11:55:52.871 | DEBUG    | eval.evaluation.evaluation:metric_call:77 - metric_func_name exact_match score 1.0 msg exact match, response: -, target: -
2026-08-11 11:55:52.871 | DEBUG    | eval.evaluation.evaluation:metric_call:77 - metric_func_name exact_match score 1.0 msg exact match, response: 126, target: 126
2026-08-11 11:55:52.871 | DEBUG    | eval.evaluation.evaluation:metric_call:77 - metric_func_name exact_match score 1.0 msg exact match, response: -, target: -
2026-08-11 11:55:52.871 | DEBUG    | eval.evaluation.evaluation:metric_call:77 - metric_func_name exact_match score 1.0 msg exact match, response: -, target: -
2026-08-11 11:55:52.871 | DEBUG    | eval.evaluation.evaluation:metric_call:77 - metric_func_name exact_match score 1.0 msg exact match, response: 126, target: 126
2026-08-11 11:55:52.871 | DEBUG    | eval.evaluation.evaluation:metric_call:77 - metric_func_name exact_match score 1.0 msg exact match, response: 126, target: 126
2026-08-11 11:55:52.871 | DEBUG    | eval.evaluation.evaluation:metric_call:77 - metric_func_name exact_match score 1.0 msg exact match, response: -, target: -
2026-08-11 11:55:52.871 | DEBUG    | eval.evaluation.evaluation:metric_call:77 - metric_func_name exact_match score 0.0 msg exact not match, response: 231, target: 225
2026-08-11 11:55:52.872 | DEBUG    | eval.evaluation.evaluation:evaluate_single_query:321 - wide2deep_ws_zh_065, col 发动机最大扭矩[n·m], metric_func_name exact_match, score [1.0, 1.0, 1.0, 1.0, 1.0, 1.0, 1.0, 1.0, 0.0]
2026-08-11 11:55:52.872 | DEBUG    | eval.evaluation.evaluation:metric_call:77 - metric_func_name exact_match score 1.0 msg exact match, response: 101, target: 101
2026-08-11 11:55:52.872 | DEBUG    | eval.evaluation.evaluation:metric_call:77 - metric_func_name exact_match score 1.0 msg exact match, response: -, target: -
2026-08-11 11:55:52.872 | DEBUG    | eval.evaluation.evaluation:metric_call:77 - metric_func_name exact_match score 1.0 msg exact match, response: 101, target: 101
2026-08-11 11:55:52.872 | DEBUG    | eval.evaluation.evaluation:metric_call:77 - metric_func_name exact_match score 1.0 msg exact match, response: -, target: -
2026-08-11 11:55:52.872 | DEBUG    | eval.evaluation.evaluation:metric_call:77 - metric_func_name exact_match score 1.0 msg exact match, response: -, target: -
2026-08-11 11:55:52.872 | DEBUG    | eval.evaluation.evaluation:metric_call:77 - metric_func_name exact_match score 1.0 msg exact match, response: 101, target: 101
2026-08-11 11:55:52.872 | DEBUG    | eval.evaluation.evaluation:metric_call:77 - metric_func_name exact_match score 1.0 msg exact match, response: 101, target: 101
2026-08-11 11:55:52.872 | DEBUG    | eval.evaluation.evaluation:metric_call:77 - metric_func_name exact_match score 1.0 msg exact match, response: -, target: -
2026-08-11 11:55:52.872 | DEBUG    | eval.evaluation.evaluation:metric_call:77 - metric_func_name exact_match score 0.0 msg exact not match, response: 139, target: 156
2026-08-11 11:55:52.873 | DEBUG    | eval.evaluation.evaluation:evaluate_single_query:321 - wide2deep_ws_zh_065, col 发动机最大马力[ps], metric_func_name exact_match, score [1.0, 1.0, 1.0, 1.0, 1.0, 1.0, 1.0, 1.0, 0.0]
2026-08-11 11:55:52.873 | DEBUG    | eval.evaluation.evaluation:metric_call:77 - metric_func_name exact_match score 1.0 msg exact match, response: 自然吸气, target: 自然吸气
2026-08-11 11:55:52.873 | DEBUG    | eval.evaluation.evaluation:metric_call:77 - metric_func_name exact_match score 1.0 msg exact match, response: -, target: -
2026-08-11 11:55:52.873 | DEBUG    | eval.evaluation.evaluation:metric_call:77 - metric_func_name exact_match score 1.0 msg exact match, response: 自然吸气, target: 自然吸气
2026-08-11 11:55:52.873 | DEBUG    | eval.evaluation.evaluation:metric_call:77 - metric_func_name exact_match score 1.0 msg exact match, response: -, target: -
2026-08-11 11:55:52.874 | DEBUG    | eval.evaluation.evaluation:metric_call:77 - metric_func_name exact_match score 1.0 msg exact match, response: -, target: -
2026-08-11 11:55:52.874 | DEBUG    | eval.evaluation.evaluation:metric_call:77 - metric_func_name exact_match score 1.0 msg exact match, response: 自然吸气, target: 自然吸气
2026-08-11 11:55:52.874 | DEBUG    | eval.evaluation.evaluation:metric_call:77 - metric_func_name exact_match score 1.0 msg exact match, response: 自然吸气, target: 自然吸气
2026-08-11 11:55:52.874 | DEBUG    | eval.evaluation.evaluation:metric_call:77 - metric_func_name exact_match score 1.0 msg exact match, response: -, target: -
2026-08-11 11:55:52.874 | DEBUG    | eval.evaluation.evaluation:metric_call:77 - metric_func_name exact_match score 1.0 msg exact match, response: 涡轮增压, target: 涡轮增压
2026-08-11 11:55:52.874 | DEBUG    | eval.evaluation.evaluation:evaluate_single_query:321 - wide2deep_ws_zh_065, col 发动机进气方式, metric_func_name exact_match, score [1.0, 1.0, 1.0, 1.0, 1.0, 1.0, 1.0, 1.0, 1.0]
2026-08-11 11:55:52.875 | DEBUG    | eval.evaluation.evaluation:metric_call:77 - metric_func_name exact_match score 1.0 msg exact match, response: 4, target: 4
2026-08-11 11:55:52.875 | DEBUG    | eval.evaluation.evaluation:metric_call:77 - metric_func_name exact_match score 1.0 msg exact match, response: -, target: -
2026-08-11 11:55:52.875 | DEBUG    | eval.evaluation.evaluation:metric_call:77 - metric_func_name exact_match score 1.0 msg exact match, response: 4, target: 4
2026-08-11 11:55:52.875 | DEBUG    | eval.evaluation.evaluation:metric_call:77 - metric_func_name exact_match score 1.0 msg exact match, response: -, target: -
2026-08-11 11:55:52.875 | DEBUG    | eval.evaluation.evaluation:metric_call:77 - metric_func_name exact_match score 1.0 msg exact match, response: -, target: -
2026-08-11 11:55:52.875 | DEBUG    | eval.evaluation.evaluation:metric_call:77 - metric_func_name exact_match score 1.0 msg exact match, response: 4, target: 4
2026-08-11 11:55:52.875 | DEBUG    | eval.evaluation.evaluation:metric_call:77 - metric_func_name exact_match score 1.0 msg exact match, response: 4, target: 4
2026-08-11 11:55:52.875 | DEBUG    | eval.evaluation.evaluation:metric_call:77 - metric_func_name exact_match score 1.0 msg exact match, response: -, target: -
2026-08-11 11:55:52.875 | DEBUG    | eval.evaluation.evaluation:metric_call:77 - metric_func_name exact_match score 1.0 msg exact match, response: 4, target: 4
2026-08-11 11:55:52.876 | DEBUG    | eval.evaluation.evaluation:evaluate_single_query:321 - wide2deep_ws_zh_065, col 发动机气缸数, metric_func_name exact_match, score [1.0, 1.0, 1.0, 1.0, 1.0, 1.0, 1.0, 1.0, 1.0]
2026-08-11 11:55:55.584 | DEBUG    | eval.evaluation.evaluation:evaluate_single_query:321 - wide2deep_ws_zh_065, col 电池类型, metric_func_name llm_judge, score [1, 1, 1, 1, 1, 1, 1, 1, 1]
2026-08-11 11:55:55.584 | DEBUG    | eval.evaluation.evaluation:metric_call:77 - metric_func_name exact_match score 1.0 msg exact match, response: 弗迪, target: 弗迪
2026-08-11 11:55:55.584 | DEBUG    | eval.evaluation.evaluation:metric_call:77 - metric_func_name exact_match score 1.0 msg exact match, response: 弗迪, target: 弗迪
2026-08-11 11:55:55.584 | DEBUG    | eval.evaluation.evaluation:metric_call:77 - metric_func_name exact_match score 1.0 msg exact match, response: 弗迪, target: 弗迪
2026-08-11 11:55:55.584 | DEBUG    | eval.evaluation.evaluation:metric_call:77 - metric_func_name exact_match score 1.0 msg exact match, response: 弗迪, target: 弗迪
2026-08-11 11:55:55.584 | DEBUG    | eval.evaluation.evaluation:metric_call:77 - metric_func_name exact_match score 1.0 msg exact match, response: 弗迪, target: 弗迪
2026-08-11 11:55:55.584 | DEBUG    | eval.evaluation.evaluation:metric_call:77 - metric_func_name exact_match score 1.0 msg exact match, response: 弗迪, target: 弗迪
2026-08-11 11:55:55.584 | DEBUG    | eval.evaluation.evaluation:metric_call:77 - metric_func_name exact_match score 1.0 msg exact match, response: 弗迪, target: 弗迪
2026-08-11 11:55:55.584 | DEBUG    | eval.evaluation.evaluation:metric_call:77 - metric_func_name exact_match score 1.0 msg exact match, response: 弗迪, target: 弗迪
2026-08-11 11:55:55.584 | DEBUG    | eval.evaluation.evaluation:metric_call:77 - metric_func_name exact_match score 1.0 msg exact match, response: 弗迪, target: 弗迪
2026-08-11 11:55:55.585 | DEBUG    | eval.evaluation.evaluation:evaluate_single_query:321 - wide2deep_ws_zh_065, col 电芯品牌, metric_func_name exact_match, score [1.0, 1.0, 1.0, 1.0, 1.0, 1.0, 1.0, 1.0, 1.0]
2026-08-11 11:55:55.585 | DEBUG    | eval.evaluation.evaluation:metric_call:77 - metric_func_name exact_match score 1.0 msg exact match, response: 120, target: 120
2026-08-11 11:55:55.585 | DEBUG    | eval.evaluation.evaluation:metric_call:77 - metric_func_name exact_match score 1.0 msg exact match, response: 100, target: 100
2026-08-11 11:55:55.585 | DEBUG    | eval.evaluation.evaluation:metric_call:77 - metric_func_name exact_match score 1.0 msg exact match, response: 120, target: 120
2026-08-11 11:55:55.585 | DEBUG    | eval.evaluation.evaluation:metric_call:77 - metric_func_name exact_match score 1.0 msg exact match, response: 150, target: 150
2026-08-11 11:55:55.585 | DEBUG    | eval.evaluation.evaluation:metric_call:77 - metric_func_name exact_match score 1.0 msg exact match, response: 150, target: 150
2026-08-11 11:55:55.585 | DEBUG    | eval.evaluation.evaluation:metric_call:77 - metric_func_name exact_match score 1.0 msg exact match, response: 120, target: 120
2026-08-11 11:55:55.585 | DEBUG    | eval.evaluation.evaluation:metric_call:77 - metric_func_name exact_match score 0.0 msg exact not match, response: 120, target: 160
2026-08-11 11:55:55.585 | DEBUG    | eval.evaluation.evaluation:metric_call:77 - metric_func_name exact_match score 1.0 msg exact match, response: 150, target: 150
2026-08-11 11:55:55.585 | DEBUG    | eval.evaluation.evaluation:metric_call:77 - metric_func_name exact_match score 0.0 msg exact not match, response: 160, target: 200
2026-08-11 11:55:55.586 | DEBUG    | eval.evaluation.evaluation:evaluate_single_query:321 - wide2deep_ws_zh_065, col 电动机总功率[kw], metric_func_name exact_match, score [1.0, 1.0, 1.0, 1.0, 1.0, 1.0, 0.0, 1.0, 0.0]
2026-08-11 11:55:55.586 | DEBUG    | eval.evaluation.evaluation:metric_call:77 - metric_func_name exact_match score 1.0 msg exact match, response: 163, target: 163
2026-08-11 11:55:55.586 | DEBUG    | eval.evaluation.evaluation:metric_call:77 - metric_func_name exact_match score 1.0 msg exact match, response: 136, target: 136
2026-08-11 11:55:55.586 | DEBUG    | eval.evaluation.evaluation:metric_call:77 - metric_func_name exact_match score 1.0 msg exact match, response: 163, target: 163
2026-08-11 11:55:55.586 | DEBUG    | eval.evaluation.evaluation:metric_call:77 - metric_func_name exact_match score 1.0 msg exact match, response: 204, target: 204
2026-08-11 11:55:55.586 | DEBUG    | eval.evaluation.evaluation:metric_call:77 - metric_func_name exact_match score 1.0 msg exact match, response: 204, target: 204
2026-08-11 11:55:55.586 | DEBUG    | eval.evaluation.evaluation:metric_call:77 - metric_func_name exact_match score 1.0 msg exact match, response: 163, target: 163
2026-08-11 11:55:55.587 | DEBUG    | eval.evaluation.evaluation:metric_call:77 - metric_func_name exact_match score 0.0 msg exact not match, response: 163, target: 218
2026-08-11 11:55:55.587 | DEBUG    | eval.evaluation.evaluation:metric_call:77 - metric_func_name exact_match score 1.0 msg exact match, response: 204, target: 204
2026-08-11 11:55:55.587 | DEBUG    | eval.evaluation.evaluation:metric_call:77 - metric_func_name exact_match score 0.0 msg exact not match, response: 218, target: 272
2026-08-11 11:55:55.587 | DEBUG    | eval.evaluation.evaluation:evaluate_single_query:321 - wide2deep_ws_zh_065, col 电动机总马力[ps], metric_func_name exact_match, score [1.0, 1.0, 1.0, 1.0, 1.0, 1.0, 0.0, 1.0, 0.0]
2026-08-11 11:55:55.587 | DEBUG    | eval.evaluation.evaluation:metric_call:77 - metric_func_name exact_match score 1.0 msg exact match, response: 210, target: 210
2026-08-11 11:55:55.587 | DEBUG    | eval.evaluation.evaluation:metric_call:77 - metric_func_name exact_match score 1.0 msg exact match, response: 180, target: 180
2026-08-11 11:55:55.587 | DEBUG    | eval.evaluation.evaluation:metric_call:77 - metric_func_name exact_match score 1.0 msg exact match, response: 210, target: 210
2026-08-11 11:55:55.588 | DEBUG    | eval.evaluation.evaluation:metric_call:77 - metric_func_name exact_match score 1.0 msg exact match, response: 310, target: 310
2026-08-11 11:55:55.588 | DEBUG    | eval.evaluation.evaluation:metric_call:77 - metric_func_name exact_match score 1.0 msg exact match, response: 310, target: 310
2026-08-11 11:55:55.588 | DEBUG    | eval.evaluation.evaluation:metric_call:77 - metric_func_name exact_match score 1.0 msg exact match, response: 210, target: 210
2026-08-11 11:55:55.588 | DEBUG    | eval.evaluation.evaluation:metric_call:77 - metric_func_name exact_match score 0.0 msg exact not match, response: 210, target: 260
2026-08-11 11:55:55.588 | DEBUG    | eval.evaluation.evaluation:metric_call:77 - metric_func_name exact_match score 1.0 msg exact match, response: 310, target: 310
2026-08-11 11:55:55.588 | DEBUG    | eval.evaluation.evaluation:metric_call:77 - metric_func_name exact_match score 0.0 msg exact not match, response: 325, target: 315
2026-08-11 11:55:55.588 | DEBUG    | eval.evaluation.evaluation:evaluate_single_query:321 - wide2deep_ws_zh_065, col 电动机总扭矩[n·m], metric_func_name exact_match, score [1.0, 1.0, 1.0, 1.0, 1.0, 1.0, 0.0, 1.0, 0.0]
2026-08-11 11:55:55.589 | DEBUG    | eval.evaluation.evaluation:metric_call:77 - metric_func_name number_near score 1.0 msg number near in range 1.0%, response: 7.68, target: 7.68
2026-08-11 11:55:55.589 | DEBUG    | eval.evaluation.evaluation:metric_call:77 - metric_func_name number_near score 1.0 msg number near in range 1.0%, response: 48.0, target: 48.0
2026-08-11 11:55:55.589 | DEBUG    | eval.evaluation.evaluation:metric_call:77 - metric_func_name number_near score 1.0 msg number near in range 1.0%, response: 10.08, target: 10.08
2026-08-11 11:55:55.589 | DEBUG    | eval.evaluation.evaluation:metric_call:77 - metric_func_name number_near score 1.0 msg number near in range 1.0%, response: 60.48, target: 60.48
2026-08-11 11:55:55.589 | DEBUG    | eval.evaluation.evaluation:metric_call:77 - metric_func_name number_near score 1.0 msg number near in range 1.0%, response: 49.92, target: 49.92
2026-08-11 11:55:55.589 | DEBUG    | eval.evaluation.evaluation:metric_call:77 - metric_func_name number_near score 1.0 msg number near in range 1.0%, response: 12.9, target: 12.9
2026-08-11 11:55:55.589 | DEBUG    | eval.evaluation.evaluation:metric_call:77 - metric_func_name number_near score 1.0 msg number near in range 1.0%, response: 12.9, target: 12.9
2026-08-11 11:55:55.589 | DEBUG    | eval.evaluation.evaluation:metric_call:77 - metric_func_name number_near score 1.0 msg number near in range 1.0%, response: 71.8, target: 71.8
2026-08-11 11:55:55.589 | DEBUG    | eval.evaluation.evaluation:metric_call:77 - metric_func_name number_near score 1.0 msg number near in range 1.0%, response: 21.5, target: 21.5
2026-08-11 11:55:55.590 | DEBUG    | eval.evaluation.evaluation:evaluate_single_query:321 - wide2deep_ws_zh_065, col 电池容量, metric_func_name number_near, score [1.0, 1.0, 1.0, 1.0, 1.0, 1.0, 1.0, 1.0, 1.0]
2026-08-11 11:55:55.599 | INFO     | eval.evaluation.evaluation:evaluate_single_query:380 - wide2deep_ws_zh_065, P/R/F1 by unique_columns: 0.6923/0.6923/0.6923
2026-08-11 11:55:55.599 | INFO     | eval.evaluation.evaluation:evaluate_single_query:383 - wide2deep_ws_zh_065, P/R/F1 by row: 0.5385/0.5385/0.5385
2026-08-11 11:55:55.599 | INFO     | eval.evaluation.evaluation:evaluate_single_query:386 - wide2deep_ws_zh_065, P/R/F1 by item: 0.6429/0.6429/0.6429
2026-08-11 11:55:55.604 | INFO     | eval.evaluation.evaluation:evaluate_single_query:398 - wide2deep_ws_zh_065, final table score: 0.0
{"event": "eval_done", "idx": 2, "instance_id": "wide2deep_ws_zh_065", "score": 0.0, "entity_acc": 1.0, "f1_by_row": 0.5384615384615384, "f1_by_item": 0.6428571428571429, "column_f1": 0.6923076923076923, "error": null, "elapsed_seconds": 16.336, "running_n": 2}
2026-08-11 11:55:57.978 | DEBUG    | eval.evaluation.data_loader:extract_dataframe:167 - find markdown_str 
| 排名 | 企业名称 | 营业收入（百万美元） | 利润（百万美元） | 总部所在城市 |
| --- | --- | -- ...
2026-08-11 11:56:19.245 | INFO     | eval.evaluation.metric_utils:primary_key_preprocess:246 - primary_key_preprocess result: ```json
{
  "国家电网有限公司（STATE GRID）": "国家电网有限公司（STATE GRID)",
  "中国石油天然气集团有限公司（CHINA NATIONAL PETROLEUM）": "中国石油天然气集团有限公司（CHINA NATIONAL PETROLEUM)",
  "中国石油化工集团有限公司（SINOPEC GROUP）": "中国石油化工集团有限公司（SINOPEC GROUP)",
  "中国建筑集团有限公司（CHINA STATE CONSTRUCTION ENGINEERING）": "中国建筑集团有限公司（CHINA STATE CONSTRUCTION ENGINEERING)",
  "中国工商银行股份有限公司（INDUSTRIAL AND COMMERCIAL BANK OF CHINA）": "中国工商银行股份有限公司（INDUSTRIAL & COMMERCIAL BANK OF CHINA)",
  "鸿海精密工业股份有限公司（HON HAI PRECISION INDUSTRY）": "鸿海精密工业股份有限公司（HON HAI PRECISION INDUSTRY)",
  "中国农业银行股份有限公司（AGRICULTURAL BANK OF CHINA）": "中国农业银行股份有限公司（AGRICULTURAL BANK OF CHINA)",
  "中国建设银行股份有限公司（CHINA CONSTRUCTION BANK）": "中国建设银行股份有限公司（CHINA CONSTRUCTION BANK)",
  "中国银行股份有限公司（BANK OF CHINA）": "中国银行股份有限公司（BANK OF CHINA)",
  "中国铁路工程集团有限公司（CHINA RAILWAY ENGINEERING GROUP）": "中国铁路工程集团有限公司（CHINA RAILWAY ENGINEERING GROUP)",
  "京东集团股份有限公司（JD.COM）": "京东集团股份有限公司（JD.COM)",
  "中国人寿保险（集团）公司（CHINA LIFE INSURANCE）": "中国人寿保险（集团）公司（CHINA LIFE INSURANCE)",
  "中国平安保险（集团）股份有限公司（PING AN INSURANCE）": "中国平安保险（集团）股份有限公司（PING AN INSURANCE)",
  "中国铁道建筑集团有限公司（CHINA RAILWAY CONSTRUCTION）": "中国铁道建筑集团有限公司（CHINA RAILWAY CONSTRUCTION)",
  "中国移动通信集团有限公司（CHINA MOBILE COMMUNICATIONS）": "中国移动通信集团有限公司（CHINA MOBILE COMMUNICATIONS)",
  "中国交通建设集团有限公司（CHINA COMMUNICATIONS CONSTRUCTION）": "中国交通建设集团有限公司（CHINA COMMUNICATIONS CONSTRUCTION)",
  "中国中信集团有限公司（CITIC GROUP）": "中国中信集团有限公司（CITIC GROUP)",
  "阿里巴巴集团控股有限公司（ALIBABA GROUP HOLDING）": "阿里巴巴集团控股有限公司（ALIBABA GROUP HOLDING)\n\n",
  "中国海洋石油集团有限公司（CHINA NATIONAL OFFSHORE OIL）": "中国海洋石油集团有限公司（CHINA NATIONAL OFFSHORE OIL)",
  "中国华润有限公司（CHINA RESOURCES）": "中国华润有限公司（CHINA RESOURCES)",
  "中国宝武钢铁集团有限公司（CHINA BAOWU STEEL GROUP）": "中国宝武钢铁集团有限公司（CHINA BAOWU STEEL GROUP)",
  "恒力集团有限公司（HENGLI GROUP）": "恒力集团有限公司（HENGLI GROUP)",
  "山东能源集团有限公司（SHANDONG ENERGY GROUP）": "山东能源集团有限公司（SHANDONG ENERGY GROUP)",
  "华为投资控股有限公司（HUAWEI INVESTMENT & HOLDING）": "华为投资控股有限公司（HUAWEI INVESTMENT & HOLDING)",
  "中国南方电网有限责任公司（CHINA SOUTHERN POWER GRID）": "中国南方电网有限责任公司（CHINA SOUTHERN POWER GRID)",
  "中国五矿集团有限公司（CHINA MINMETALS）": "中国五矿集团有限公司（CHINA MINMETALS)",
  "比亚迪股份有限公司（BYD）": "比亚迪股份有限公司（BYD)",
  "国家能源投资集团有限责任公司（CHINA ENERGY INVESTMENT）": "国家能源投资集团有限责任公司（CHINA ENERGY INVESTMENT)",
  "厦门建发集团有限公司（XIAMEN C&D）": "厦门建发集团有限公司（XIAMEN C&D)",
  "中国电力建设集团有限公司（POWER CONSTRUCTION CORPORATION OF CHINA）": "中国电力建设集团有限公司（POWERCHINA)",
  "中国邮政集团有限公司（CHINA POST GROUP）": "中国邮政集团有限公司（CHINA POST GROUP)",
  "腾讯控股有限公司（TENCENT HOLDINGS）": "腾讯控股有限公司（TENCENT HOLDINGS)",
  "浙江荣盛控股集团有限公司（ZHEJIANG RONGSHENG HOLDING GROUP）": "浙江荣盛控股集团有限公司（ZHEJIANG RONGSHENG HOLDING GROUP)",
  "中国医药集团有限公司（SINOPHARM）": "中国医药集团有限公司（SINOPHARM)",
  "台积公司（TAIWAN SEMICONDUCTOR MANUFACTURING）": "台积公司（TAIWAN SEMICONDUCTOR MANUFACTURING)",
  "中粮集团有限公司（COFCO）": "中粮集团有限公司（COFCO)",
  "中国电信集团有限公司（CHINA TELECOMMUNICATIONS）": "中国电信集团有限公司（CHINA TELECOMMUNICATIONS)",
  "上海汽车集团股份有限公司（SAIC MOTOR）": "上海汽车集团股份有限公司（SAIC MOTOR)",
  "中国人民保险集团股份有限公司（PEOPLE'S INSURANCE COMPANY OF CHINA）": "中国人民保险集团股份有限公司（PEOPLE'S INSURANCE CO. OF CHINA)",
  "物产中大集团股份有限公司（WUCHAN ZHONGDA GROUP）": "物产中大集团股份有限公司（WUCHAN ZHONGDA GROUP)",
  "浙江吉利控股集团有限公司（ZHEJIANG GEELY HOLDING GROUP）": "浙江吉利控股集团有限公司（ZHEJIANG GEELY HOLDING GROUP)",
  "盛虹控股集团有限公司（SHENGHONG HOLDING GROUP）": "盛虹控股集团有限公司（SHENGHONG HOLDING GROUP)",
  "中国第一汽车集团有限公司（CHINA FAW GROUP）": "中国第一汽车集团有限公司（CHINA FAW GROUP)",
  "江西铜业集团有限公司（JIANGXI COPPER）": "江西铜业集团有限公司（JIANGXI COPPER)",
  "山东魏桥创业集团有限公司（SHANDONG WEIQIAO PIONEERING GROUP）": "山东魏桥创业集团有限公司（SHANDONG WEIQIAO PIONEERING GROUP)",
  "交通银行股份有限公司（BANK OF COMMUNICATIONS）": "交通银行股份有限公司（BANK OF COMMUNICATIONS)",
  "太平洋建设集团有限公司（PACIFIC CONSTRUCTION GROUP）": "太平洋建设集团有限公司（PACIFIC CONSTRUCTION GROUP)",
  "陕西煤业化工集团有限责任公司（SHAANXI COAL AND CHEMICAL INDUSTRY GROUP）": "陕西煤业化工集团有限责任公司（SHAANXI COAL & CHEMICAL INDUSTRY)",
  "招商银行股份有限公司（CHINA MERCHANTS BANK）": "招商银行股份有限公司（CHINA MERCHANTS BANK)",
  "联想集团有限公司（LENOVO GROUP）": "联想集团有限公司（LENOVO GROUP)",
  "中国保利集团有限公司（CHINA POLY GROUP）": "中国保利集团有限公司（CHINA POLY GROUP)",
  "北京汽车集团有限公司（BEIJING AUTOMOTIVE GROUP）": "北京汽车集团有限公司（BEIJING AUTOMOTIVE GROUP)",
  "中国铝业集团有限公司（ALUMINUM CORPORATION OF CHINA）": "中国铝业集团有限公司（ALUMINUM CORP. OF CHINA)",
  "厦门国贸控股集团有限公司（XIAMEN ITG HOLDING GROUP）": "厦门国贸控股集团有限公司（XIAMEN ITG HOLDING GROUP)",
  "中国远洋海运集团有限公司（CHINA COSCO SHIPPING）": "中国远洋海运集团有限公司（COSCO SHIPPING)",
  "浙江恒逸集团有限公司（ZHEJIANG HENGYI GROUP）": "浙江恒逸集团有限公司（ZHEJIANG HENGYI GROUP)",
  "中国兵器工业集团有限公司（CHINA NORTH INDUSTRIES GROUP）": "中国兵器工业集团有限公司（CHINA NORTH INDUSTRIES GROUP)",
  "中国能源建设集团有限公司（CHINA ENERGY ENGINEERING GROUP）": "中国能源建设集团有限公司（CHINA ENERGY ENGINEERING GROUP)",
  "奇瑞控股集团有限公司（CHERY HOLDING GROUP）": "奇瑞控股集团有限公司（CHERY HOLDING GROUP)",
  "金川集团股份有限公司（JINCHUAN GROUP）": "金川集团股份有限公司（JINCHUAN GROUP)",
  "厦门象屿集团有限公司（XMXYG）": "厦门象屿集团有限公司（XMXYG)",
  "兴业银行股份有限公司（INDUSTRIAL BANK）": "兴业银行股份有限公司（INDUSTRIAL BANK)",
  "美的集团股份有限公司（MIDEA GROUP）": "美的集团股份有限公司（MIDEA GROUP)",
  "青山控股集团有限公司（TSINGSHAN HOLDING GROUP）": "青山控股集团有限公司（TSINGSHAN HOLDING GROUP)",
  "中国太平洋保险（集团）股份有限公司（CHINA PACIFIC INSURANCE）": "中国太平洋保险(集团)股份有限公司（CHINA PACIFIC INSURANCE (GROUP))",
  "广州汽车工业集团有限公司（GUANGZHOU AUTOMOBILE INDUSTRY GROUP）": "广州汽车工业集团有限公司（GUANGZHOU AUTOMOBILE INDUSTRY GROUP)",
  "河钢集团有限公司（HBIS GROUP）": "河钢集团有限公司（HBIS GROUP)",
  "中国华能集团有限公司（CHINA HUANENG GROUP）": "中国华能集团有限公司（CHINA HUANENG GROUP)",
  "国家电力投资集团有限公司（STATE POWER INVESTMENT CORPORATION）": "国家电力投资集团有限公司（STATE POWER INVESTMENT)",
  "拼多多控股公司（PDD HOLDINGS）": "拼多多控股公司（PDD HOLDINGS)",
  "中国联合网络通信股份有限公司（CHINA UNITED NETWORK COMMUNICATIONS）": "中国联合网络通信股份有限公司（CHINA UNITED NETWORK COMMUNICATIONS)",
  "晋能控股集团有限公司（JINNENG HOLDING GROUP）": "晋能控股集团有限公司（JINNENG HOLDING GROUP)",
  "东风汽车集团有限公司（DONGFENG MOTOR GROUP）": "东风汽车集团有限公司（DONGFENG MOTOR)",
  "敬业集团有限公司（JINGYE GROUP）": "敬业集团有限公司（JINGYE GROUP)",
  "陕西延长石油（集团）有限责任公司（SHAANXI YANCHANG PETROLEUM GROUP）": "陕西延长石油（集团）有限责任公司（SHAANXI YANCHANG PETROLEUM (GROUP))",
  "小米集团（XIAOMI）": "小米集团（XIAOMI)",
  "宁德时代新能源科技股份有限公司（CONTEMPORARY AMPEREX TECHNOLOGY）": "宁德时代新能源科技股份有限公司（CONTEMPORARY AMPEREX TECHNOLOGY)",
  "上海浦东发展银行股份有限公司（SHANGHAI PUDONG DEVELOPMENT BANK）": "上海浦东发展银行股份有限公司（SHANGHAI PUDONG DEVELOPMENT BANK)",
  "万科企业股份有限公司（CHINA VANKE）": "万科企业股份有限公司（CHINA VANKE)",
  "美团公司（MEITUAN）": "美团（MEITUAN)"
}
```
2026-08-11 11:56:19.246 | INFO     | eval.evaluation.evaluation:evaluate_single_query:223 - col: 企业名称, primary_key_map {'国家电网有限公司（STATE GRID）': '国家电网有限公司（STATE GRID)', '中国石油天然气集团有限公司（CHINA NATIONAL PETROLEUM）': '中国石油天然气集团有限公司（CHINA NATIONAL PETROLEUM)', '中国石油化工集团有限公司（SINOPEC GROUP）': '中国石油化工集团有限公司（SINOPEC GROUP)', '中国建筑集团有限公司（CHINA STATE CONSTRUCTION ENGINEERING）': '中国建筑集团有限公司（CHINA STATE CONSTRUCTION ENGINEERING)', '中国工商银行股份有限公司（INDUSTRIAL AND COMMERCIAL BANK OF CHINA）': '中国工商银行股份有限公司（INDUSTRIAL & COMMERCIAL BANK OF CHINA)', '鸿海精密工业股份有限公司（HON HAI PRECISION INDUSTRY）': '鸿海精密工业股份有限公司（HON HAI PRECISION INDUSTRY)', '中国农业银行股份有限公司（AGRICULTURAL BANK OF CHINA）': '中国农业银行股份有限公司（AGRICULTURAL BANK OF CHINA)', '中国建设银行股份有限公司（CHINA CONSTRUCTION BANK）': '中国建设银行股份有限公司（CHINA CONSTRUCTION BANK)', '中国银行股份有限公司（BANK OF CHINA）': '中国银行股份有限公司（BANK OF CHINA)', '中国铁路工程集团有限公司（CHINA RAILWAY ENGINEERING GROUP）': '中国铁路工程集团有限公司（CHINA RAILWAY ENGINEERING GROUP)', '京东集团股份有限公司（JD.COM）': '京东集团股份有限公司（JD.COM)', '中国人寿保险（集团）公司（CHINA LIFE INSURANCE）': '中国人寿保险（集团）公司（CHINA LIFE INSURANCE)', '中国平安保险（集团）股份有限公司（PING AN INSURANCE）': '中国平安保险（集团）股份有限公司（PING AN INSURANCE)', '中国铁道建筑集团有限公司（CHINA RAILWAY CONSTRUCTION）': '中国铁道建筑集团有限公司（CHINA RAILWAY CONSTRUCTION)', '中国移动通信集团有限公司（CHINA MOBILE COMMUNICATIONS）': '中国移动通信集团有限公司（CHINA MOBILE COMMUNICATIONS)', '中国交通建设集团有限公司（CHINA COMMUNICATIONS CONSTRUCTION）': '中国交通建设集团有限公司（CHINA COMMUNICATIONS CONSTRUCTION)', '中国中信集团有限公司（CITIC GROUP）': '中国中信集团有限公司（CITIC GROUP)', '阿里巴巴集团控股有限公司（ALIBABA GROUP HOLDING）': '阿里巴巴集团控股有限公司（ALIBABA GROUP HOLDING)\n\n', '中国海洋石油集团有限公司（CHINA NATIONAL OFFSHORE OIL）': '中国海洋石油集团有限公司（CHINA NATIONAL OFFSHORE OIL)', '中国华润有限公司（CHINA RESOURCES）': '中国华润有限公司（CHINA RESOURCES)', '中国宝武钢铁集团有限公司（CHINA BAOWU STEEL GROUP）': '中国宝武钢铁集团有限公司（CHINA BAOWU STEEL GROUP)', '恒力集团有限公司（HENGLI GROUP）': '恒力集团有限公司（HENGLI GROUP)', '山东能源集团有限公司（SHANDONG ENERGY GROUP）': '山东能源集团有限公司（SHANDONG ENERGY GROUP)', '华为投资控股有限公司（HUAWEI INVESTMENT & HOLDING）': '华为投资控股有限公司（HUAWEI INVESTMENT & HOLDING)', '中国南方电网有限责任公司（CHINA SOUTHERN POWER GRID）': '中国南方电网有限责任公司（CHINA SOUTHERN POWER GRID)', '中国五矿集团有限公司（CHINA MINMETALS）': '中国五矿集团有限公司（CHINA MINMETALS)', '比亚迪股份有限公司（BYD）': '比亚迪股份有限公司（BYD)', '国家能源投资集团有限责任公司（CHINA ENERGY INVESTMENT）': '国家能源投资集团有限责任公司（CHINA ENERGY INVESTMENT)', '厦门建发集团有限公司（XIAMEN C&D）': '厦门建发集团有限公司（XIAMEN C&D)', '中国电力建设集团有限公司（POWER CONSTRUCTION CORPORATION OF CHINA）': '中国电力建设集团有限公司（POWERCHINA)', '中国邮政集团有限公司（CHINA POST GROUP）': '中国邮政集团有限公司（CHINA POST GROUP)', '腾讯控股有限公司（TENCENT HOLDINGS）': '腾讯控股有限公司（TENCENT HOLDINGS)', '浙江荣盛控股集团有限公司（ZHEJIANG RONGSHENG HOLDING GROUP）': '浙江荣盛控股集团有限公司（ZHEJIANG RONGSHENG HOLDING GROUP)', '中国医药集团有限公司（SINOPHARM）': '中国医药集团有限公司（SINOPHARM)', '台积公司（TAIWAN SEMICONDUCTOR MANUFACTURING）': '台积公司（TAIWAN SEMICONDUCTOR MANUFACTURING)', '中粮集团有限公司（COFCO）': '中粮集团有限公司（COFCO)', '中国电信集团有限公司（CHINA TELECOMMUNICATIONS）': '中国电信集团有限公司（CHINA TELECOMMUNICATIONS)', '上海汽车集团股份有限公司（SAIC MOTOR）': '上海汽车集团股份有限公司（SAIC MOTOR)', "中国人民保险集团股份有限公司（PEOPLE'S INSURANCE COMPANY OF CHINA）": "中国人民保险集团股份有限公司（PEOPLE'S INSURANCE CO. OF CHINA)", '物产中大集团股份有限公司（WUCHAN ZHONGDA GROUP）': '物产中大集团股份有限公司（WUCHAN ZHONGDA GROUP)', '浙江吉利控股集团有限公司（ZHEJIANG GEELY HOLDING GROUP）': '浙江吉利控股集团有限公司（ZHEJIANG GEELY HOLDING GROUP)', '盛虹控股集团有限公司（SHENGHONG HOLDING GROUP）': '盛虹控股集团有限公司（SHENGHONG HOLDING GROUP)', '中国第一汽车集团有限公司（CHINA FAW GROUP）': '中国第一汽车集团有限公司（CHINA FAW GROUP)', '江西铜业集团有限公司（JIANGXI COPPER）': '江西铜业集团有限公司（JIANGXI COPPER)', '山东魏桥创业集团有限公司（SHANDONG WEIQIAO PIONEERING GROUP）': '山东魏桥创业集团有限公司（SHANDONG WEIQIAO PIONEERING GROUP)', '交通银行股份有限公司（BANK OF COMMUNICATIONS）': '交通银行股份有限公司（BANK OF COMMUNICATIONS)', '太平洋建设集团有限公司（PACIFIC CONSTRUCTION GROUP）': '太平洋建设集团有限公司（PACIFIC CONSTRUCTION GROUP)', '陕西煤业化工集团有限责任公司（SHAANXI COAL AND CHEMICAL INDUSTRY GROUP）': '陕西煤业化工集团有限责任公司（SHAANXI COAL & CHEMICAL INDUSTRY)', '招商银行股份有限公司（CHINA MERCHANTS BANK）': '招商银行股份有限公司（CHINA MERCHANTS BANK)', '联想集团有限公司（LENOVO GROUP）': '联想集团有限公司（LENOVO GROUP)', '中国保利集团有限公司（CHINA POLY GROUP）': '中国保利集团有限公司（CHINA POLY GROUP)', '北京汽车集团有限公司（BEIJING AUTOMOTIVE GROUP）': '北京汽车集团有限公司（BEIJING AUTOMOTIVE GROUP)', '中国铝业集团有限公司（ALUMINUM CORPORATION OF CHINA）': '中国铝业集团有限公司（ALUMINUM CORP. OF CHINA)', '厦门国贸控股集团有限公司（XIAMEN ITG HOLDING GROUP）': '厦门国贸控股集团有限公司（XIAMEN ITG HOLDING GROUP)', '中国远洋海运集团有限公司（CHINA COSCO SHIPPING）': '中国远洋海运集团有限公司（COSCO SHIPPING)', '浙江恒逸集团有限公司（ZHEJIANG HENGYI GROUP）': '浙江恒逸集团有限公司（ZHEJIANG HENGYI GROUP)', '中国兵器工业集团有限公司（CHINA NORTH INDUSTRIES GROUP）': '中国兵器工业集团有限公司（CHINA NORTH INDUSTRIES GROUP)', '中国能源建设集团有限公司（CHINA ENERGY ENGINEERING GROUP）': '中国能源建设集团有限公司（CHINA ENERGY ENGINEERING GROUP)', '奇瑞控股集团有限公司（CHERY HOLDING GROUP）': '奇瑞控股集团有限公司（CHERY HOLDING GROUP)', '金川集团股份有限公司（JINCHUAN GROUP）': '金川集团股份有限公司（JINCHUAN GROUP)', '厦门象屿集团有限公司（XMXYG）': '厦门象屿集团有限公司（XMXYG)', '兴业银行股份有限公司（INDUSTRIAL BANK）': '兴业银行股份有限公司（INDUSTRIAL BANK)', '美的集团股份有限公司（MIDEA GROUP）': '美的集团股份有限公司（MIDEA GROUP)', '青山控股集团有限公司（TSINGSHAN HOLDING GROUP）': '青山控股集团有限公司（TSINGSHAN HOLDING GROUP)', '中国太平洋保险（集团）股份有限公司（CHINA PACIFIC INSURANCE）': '中国太平洋保险(集团)股份有限公司（CHINA PACIFIC INSURANCE (GROUP))', '广州汽车工业集团有限公司（GUANGZHOU AUTOMOBILE INDUSTRY GROUP）': '广州汽车工业集团有限公司（GUANGZHOU AUTOMOBILE INDUSTRY GROUP)', '河钢集团有限公司（HBIS GROUP）': '河钢集团有限公司（HBIS GROUP)', '中国华能集团有限公司（CHINA HUANENG GROUP）': '中国华能集团有限公司（CHINA HUANENG GROUP)', '国家电力投资集团有限公司（STATE POWER INVESTMENT CORPORATION）': '国家电力投资集团有限公司（STATE POWER INVESTMENT)', '拼多多控股公司（PDD HOLDINGS）': '拼多多控股公司（PDD HOLDINGS)', '中国联合网络通信股份有限公司（CHINA UNITED NETWORK COMMUNICATIONS）': '中国联合网络通信股份有限公司（CHINA UNITED NETWORK COMMUNICATIONS)', '晋能控股集团有限公司（JINNENG HOLDING GROUP）': '晋能控股集团有限公司（JINNENG HOLDING GROUP)', '东风汽车集团有限公司（DONGFENG MOTOR GROUP）': '东风汽车集团有限公司（DONGFENG MOTOR)', '敬业集团有限公司（JINGYE GROUP）': '敬业集团有限公司（JINGYE GROUP)', '陕西延长石油（集团）有限责任公司（SHAANXI YANCHANG PETROLEUM GROUP）': '陕西延长石油（集团）有限责任公司（SHAANXI YANCHANG PETROLEUM (GROUP))', '小米集团（XIAOMI）': '小米集团（XIAOMI)', '宁德时代新能源科技股份有限公司（CONTEMPORARY AMPEREX TECHNOLOGY）': '宁德时代新能源科技股份有限公司（CONTEMPORARY AMPEREX TECHNOLOGY)', '上海浦东发展银行股份有限公司（SHANGHAI PUDONG DEVELOPMENT BANK）': '上海浦东发展银行股份有限公司（SHANGHAI PUDONG DEVELOPMENT BANK)', '万科企业股份有限公司（CHINA VANKE）': '万科企业股份有限公司（CHINA VANKE)', '美团公司（MEITUAN）': '美团（MEITUAN)'}
2026-08-11 11:56:19.253 | INFO     | eval.evaluation.evaluation:evaluate_single_query:275 - wide2deep_ws_zh_012, df_inner shape: (80, 10), answer_df shape: (133, 5), response_df shape: (80, 6)
2026-08-11 11:56:19.254 | DEBUG    | eval.evaluation.evaluation:metric_call:77 - metric_func_name exact_match score 1.0 msg exact match, response: 3, target: 3
2026-08-11 11:56:19.254 | DEBUG    | eval.evaluation.evaluation:metric_call:77 - metric_func_name exact_match score 0.0 msg exact not match, response: 未知, target: 5
2026-08-11 11:56:19.254 | DEBUG    | eval.evaluation.evaluation:metric_call:77 - metric_func_name exact_match score 0.0 msg exact not match, response: 5, target: 6
2026-08-11 11:56:19.254 | DEBUG    | eval.evaluation.evaluation:metric_call:77 - metric_func_name exact_match score 0.0 msg exact not match, response: 未知, target: 14
2026-08-11 11:56:19.254 | DEBUG    | eval.evaluation.evaluation:metric_call:77 - metric_func_name exact_match score 0.0 msg exact not match, response: 未知, target: 22
2026-08-11 11:56:19.254 | DEBUG    | eval.evaluation.evaluation:metric_call:77 - metric_func_name exact_match score 0.0 msg exact not match, response: 未知, target: 30
2026-08-11 11:56:19.254 | DEBUG    | eval.evaluation.evaluation:metric_call:77 - metric_func_name exact_match score 0.0 msg exact not match, response: 未知, target: 32
2026-08-11 11:56:19.254 | DEBUG    | eval.evaluation.evaluation:metric_call:77 - metric_func_name exact_match score 0.0 msg exact not match, response: 未知, target: 34
2026-08-11 11:56:19.254 | DEBUG    | eval.evaluation.evaluation:metric_call:77 - metric_func_name exact_match score 0.0 msg exact not match, response: 未知, target: 35
2026-08-11 11:56:19.254 | DEBUG    | eval.evaluation.evaluation:metric_call:77 - metric_func_name exact_match score 0.0 msg exact not match, response: 未知, target: 37
2026-08-11 11:56:19.254 | DEBUG    | eval.evaluation.evaluation:metric_call:77 - metric_func_name exact_match score 0.0 msg exact not match, response: 未知, target: 43
2026-08-11 11:56:19.254 | DEBUG    | eval.evaluation.evaluation:metric_call:77 - metric_func_name exact_match score 0.0 msg exact not match, response: 未知, target: 44
2026-08-11 11:56:19.254 | DEBUG    | eval.evaluation.evaluation:metric_call:77 - metric_func_name exact_match score 0.0 msg exact not match, response: 44, target: 47
2026-08-11 11:56:19.254 | DEBUG    | eval.evaluation.evaluation:metric_call:77 - metric_func_name exact_match score 0.0 msg exact not match, response: 未知, target: 53
2026-08-11 11:56:19.255 | DEBUG    | eval.evaluation.evaluation:metric_call:77 - metric_func_name exact_match score 0.0 msg exact not match, response: 未知, target: 55
2026-08-11 11:56:19.255 | DEBUG    | eval.evaluation.evaluation:metric_call:77 - metric_func_name exact_match score 0.0 msg exact not match, response: 未知, target: 56
2026-08-11 11:56:19.255 | DEBUG    | eval.evaluation.evaluation:metric_call:77 - metric_func_name exact_match score 0.0 msg exact not match, response: 未知, target: 59
2026-08-11 11:56:19.255 | DEBUG    | eval.evaluation.evaluation:metric_call:77 - metric_func_name exact_match score 0.0 msg exact not match, response: 未知, target: 63
2026-08-11 11:56:19.255 | DEBUG    | eval.evaluation.evaluation:metric_call:77 - metric_func_name exact_match score 0.0 msg exact not match, response: 未知, target: 69
2026-08-11 11:56:19.255 | DEBUG    | eval.evaluation.evaluation:metric_call:77 - metric_func_name exact_match score 0.0 msg exact not match, response: 未知, target: 70
2026-08-11 11:56:19.255 | DEBUG    | eval.evaluation.evaluation:metric_call:77 - metric_func_name exact_match score 0.0 msg exact not match, response: 未知, target: 71
2026-08-11 11:56:19.255 | DEBUG    | eval.evaluation.evaluation:metric_call:77 - metric_func_name exact_match score 0.0 msg exact not match, response: 未知, target: 72
2026-08-11 11:56:19.255 | DEBUG    | eval.evaluation.evaluation:metric_call:77 - metric_func_name exact_match score 0.0 msg exact not match, response: 未知, target: 75
2026-08-11 11:56:19.255 | DEBUG    | eval.evaluation.evaluation:metric_call:77 - metric_func_name exact_match score 0.0 msg exact not match, response: 未知, target: 78
2026-08-11 11:56:19.255 | DEBUG    | eval.evaluation.evaluation:metric_call:77 - metric_func_name exact_match score 0.0 msg exact not match, response: 未知, target: 81
2026-08-11 11:56:19.255 | DEBUG    | eval.evaluation.evaluation:metric_call:77 - metric_func_name exact_match score 0.0 msg exact not match, response: 未知, target: 83
2026-08-11 11:56:19.255 | DEBUG    | eval.evaluation.evaluation:metric_call:77 - metric_func_name exact_match score 0.0 msg exact not match, response: 未知, target: 84
2026-08-11 11:56:19.255 | DEBUG    | eval.evaluation.evaluation:metric_call:77 - metric_func_name exact_match score 0.0 msg exact not match, response: 未知, target: 85
2026-08-11 11:56:19.255 | DEBUG    | eval.evaluation.evaluation:metric_call:77 - metric_func_name exact_match score 0.0 msg exact not match, response: 未知, target: 93
2026-08-11 11:56:19.255 | DEBUG    | eval.evaluation.evaluation:metric_call:77 - metric_func_name exact_match score 0.0 msg exact not match, response: 未知, target: 103
2026-08-11 11:56:19.255 | DEBUG    | eval.evaluation.evaluation:metric_call:77 - metric_func_name exact_match score 0.0 msg exact not match, response: 未知, target: 106
2026-08-11 11:56:19.255 | DEBUG    | eval.evaluation.evaluation:metric_call:77 - metric_func_name exact_match score 0.0 msg exact not match, response: 未知, target: 108
2026-08-11 11:56:19.255 | DEBUG    | eval.evaluation.evaluation:metric_call:77 - metric_func_name exact_match score 0.0 msg exact not match, response: 未知, target: 112
2026-08-11 11:56:19.255 | DEBUG    | eval.evaluation.evaluation:metric_call:77 - metric_func_name exact_match score 0.0 msg exact not match, response: 未知, target: 129
2026-08-11 11:56:19.255 | DEBUG    | eval.evaluation.evaluation:metric_call:77 - metric_func_name exact_match score 0.0 msg exact not match, response: 未知, target: 135
2026-08-11 11:56:19.255 | DEBUG    | eval.evaluation.evaluation:metric_call:77 - metric_func_name exact_match score 0.0 msg exact not match, response: 未知, target: 138
2026-08-11 11:56:19.255 | DEBUG    | eval.evaluation.evaluation:metric_call:77 - metric_func_name exact_match score 0.0 msg exact not match, response: 未知, target: 141
2026-08-11 11:56:19.255 | DEBUG    | eval.evaluation.evaluation:metric_call:77 - metric_func_name exact_match score 0.0 msg exact not match, response: 未知, target: 142
2026-08-11 11:56:19.255 | DEBUG    | eval.evaluation.evaluation:metric_call:77 - metric_func_name exact_match score 0.0 msg exact not match, response: 91, target: 143
2026-08-11 11:56:19.255 | DEBUG    | eval.evaluation.evaluation:metric_call:77 - metric_func_name exact_match score 0.0 msg exact not match, response: 未知, target: 150
2026-08-11 11:56:19.255 | DEBUG    | eval.evaluation.evaluation:metric_call:77 - metric_func_name exact_match score 0.0 msg exact not match, response: 未知, target: 154
2026-08-11 11:56:19.255 | DEBUG    | eval.evaluation.evaluation:metric_call:77 - metric_func_name exact_match score 0.0 msg exact not match, response: 未知, target: 157
2026-08-11 11:56:19.255 | DEBUG    | eval.evaluation.evaluation:metric_call:77 - metric_func_name exact_match score 0.0 msg exact not match, response: 未知, target: 158
2026-08-11 11:56:19.256 | DEBUG    | eval.evaluation.evaluation:metric_call:77 - metric_func_name exact_match score 0.0 msg exact not match, response: 未知, target: 160
2026-08-11 11:56:19.256 | DEBUG    | eval.evaluation.evaluation:metric_call:77 - metric_func_name exact_match score 0.0 msg exact not match, response: 未知, target: 161
2026-08-11 11:56:19.256 | DEBUG    | eval.evaluation.evaluation:metric_call:77 - metric_func_name exact_match score 0.0 msg exact not match, response: 未知, target: 170
2026-08-11 11:56:19.256 | DEBUG    | eval.evaluation.evaluation:metric_call:77 - metric_func_name exact_match score 0.0 msg exact not match, response: 未知, target: 171
2026-08-11 11:56:19.256 | DEBUG    | eval.evaluation.evaluation:metric_call:77 - metric_func_name exact_match score 0.0 msg exact not match, response: 未知, target: 173
2026-08-11 11:56:19.256 | DEBUG    | eval.evaluation.evaluation:metric_call:77 - metric_func_name exact_match score 0.0 msg exact not match, response: 未知, target: 175
2026-08-11 11:56:19.256 | DEBUG    | eval.evaluation.evaluation:metric_call:77 - metric_func_name exact_match score 0.0 msg exact not match, response: 未知, target: 179
2026-08-11 11:56:19.256 | DEBUG    | eval.evaluation.evaluation:metric_call:77 - metric_func_name exact_match score 0.0 msg exact not match, response: 未知, target: 181
2026-08-11 11:56:19.256 | DEBUG    | eval.evaluation.evaluation:metric_call:77 - metric_func_name exact_match score 0.0 msg exact not match, response: 未知, target: 185
2026-08-11 11:56:19.256 | DEBUG    | eval.evaluation.evaluation:metric_call:77 - metric_func_name exact_match score 0.0 msg exact not match, response: 未知, target: 186
2026-08-11 11:56:19.256 | DEBUG    | eval.evaluation.evaluation:metric_call:77 - metric_func_name exact_match score 0.0 msg exact not match, response: 未知, target: 187
2026-08-11 11:56:19.256 | DEBUG    | eval.evaluation.evaluation:metric_call:77 - metric_func_name exact_match score 0.0 msg exact not match, response: 未知, target: 192
2026-08-11 11:56:19.256 | DEBUG    | eval.evaluation.evaluation:metric_call:77 - metric_func_name exact_match score 0.0 msg exact not match, response: 未知, target: 206
2026-08-11 11:56:19.256 | DEBUG    | eval.evaluation.evaluation:metric_call:77 - metric_func_name exact_match score 0.0 msg exact not match, response: 未知, target: 213
2026-08-11 11:56:19.256 | DEBUG    | eval.evaluation.evaluation:metric_call:77 - metric_func_name exact_match score 0.0 msg exact not match, response: 未知, target: 214
2026-08-11 11:56:19.256 | DEBUG    | eval.evaluation.evaluation:metric_call:77 - metric_func_name exact_match score 0.0 msg exact not match, response: 未知, target: 232
2026-08-11 11:56:19.256 | DEBUG    | eval.evaluation.evaluation:metric_call:77 - metric_func_name exact_match score 0.0 msg exact not match, response: 未知, target: 238
2026-08-11 11:56:19.256 | DEBUG    | eval.evaluation.evaluation:metric_call:77 - metric_func_name exact_match score 0.0 msg exact not match, response: 未知, target: 239
2026-08-11 11:56:19.256 | DEBUG    | eval.evaluation.evaluation:metric_call:77 - metric_func_name exact_match score 0.0 msg exact not match, response: 未知, target: 240
2026-08-11 11:56:19.256 | DEBUG    | eval.evaluation.evaluation:metric_call:77 - metric_func_name exact_match score 0.0 msg exact not match, response: 未知, target: 243
2026-08-11 11:56:19.256 | DEBUG    | eval.evaluation.evaluation:metric_call:77 - metric_func_name exact_match score 0.0 msg exact not match, response: 未知, target: 248
2026-08-11 11:56:19.256 | DEBUG    | eval.evaluation.evaluation:metric_call:77 - metric_func_name exact_match score 0.0 msg exact not match, response: 未知, target: 249
2026-08-11 11:56:19.256 | DEBUG    | eval.evaluation.evaluation:metric_call:77 - metric_func_name exact_match score 0.0 msg exact not match, response: 未知, target: 250
2026-08-11 11:56:19.256 | DEBUG    | eval.evaluation.evaluation:metric_call:77 - metric_func_name exact_match score 0.0 msg exact not match, response: 未知, target: 256
2026-08-11 11:56:19.256 | DEBUG    | eval.evaluation.evaluation:metric_call:77 - metric_func_name exact_match score 0.0 msg exact not match, response: 未知, target: 265
2026-08-11 11:56:19.256 | DEBUG    | eval.evaluation.evaluation:metric_call:77 - metric_func_name exact_match score 0.0 msg exact not match, response: 未知, target: 267
2026-08-11 11:56:19.256 | DEBUG    | eval.evaluation.evaluation:metric_call:77 - metric_func_name exact_match score 0.0 msg exact not match, response: 未知, target: 277
2026-08-11 11:56:19.256 | DEBUG    | eval.evaluation.evaluation:metric_call:77 - metric_func_name exact_match score 0.0 msg exact not match, response: 未知, target: 279
2026-08-11 11:56:19.256 | DEBUG    | eval.evaluation.evaluation:metric_call:77 - metric_func_name exact_match score 0.0 msg exact not match, response: 未知, target: 285
2026-08-11 11:56:19.257 | DEBUG    | eval.evaluation.evaluation:metric_call:77 - metric_func_name exact_match score 0.0 msg exact not match, response: 未知, target: 292
2026-08-11 11:56:19.257 | DEBUG    | eval.evaluation.evaluation:metric_call:77 - metric_func_name exact_match score 0.0 msg exact not match, response: 未知, target: 300
2026-08-11 11:56:19.257 | DEBUG    | eval.evaluation.evaluation:metric_call:77 - metric_func_name exact_match score 0.0 msg exact not match, response: 未知, target: 314
2026-08-11 11:56:19.257 | DEBUG    | eval.evaluation.evaluation:metric_call:77 - metric_func_name exact_match score 0.0 msg exact not match, response: 未知, target: 331
2026-08-11 11:56:19.257 | DEBUG    | eval.evaluation.evaluation:metric_call:77 - metric_func_name exact_match score 0.0 msg exact not match, response: 327, target: 384
2026-08-11 11:56:19.257 | DEBUG    | eval.evaluation.evaluation:metric_call:77 - metric_func_name exact_match score 0.0 msg exact not match, response: 233, target: 385
2026-08-11 11:56:19.257 | DEBUG    | eval.evaluation.evaluation:metric_call:77 - metric_func_name exact_match score 0.0 msg exact not match, response: 297, target: 397
2026-08-11 11:56:19.257 | DEBUG    | eval.evaluation.evaluation:metric_call:77 - metric_func_name exact_match score 0.0 msg exact not match, response: 266, target: 442
2026-08-11 11:56:19.258 | DEBUG    | eval.evaluation.evaluation:evaluate_single_query:321 - wide2deep_ws_zh_012, col 排名, metric_func_name exact_match, score [1.0, 0.0, 0.0, 0.0, 0.0, 0.0, 0.0, 0.0, 0.0, 0.0, 0.0, 0.0, 0.0, 0.0, 0.0, 0.0, 0.0, 0.0, 0.0, 0.0, 0.0, 0.0, 0.0, 0.0, 0.0, 0.0, 0.0, 0.0, 0.0, 0.0, 0.0, 0.0, 0.0, 0.0, 0.0, 0.0, 0.0, 0.0, 0.0, 0.0, 0.0, 0.0, 0.0, 0.0, 0.0, 0.0, 0.0, 0.0, 0.0, 0.0, 0.0, 0.0, 0.0, 0.0, 0.0, 0.0, 0.0, 0.0, 0.0, 0.0, 0.0, 0.0, 0.0, 0.0, 0.0, 0.0, 0.0, 0.0, 0.0, 0.0, 0.0, 0.0, 0.0, 0.0, 0.0, 0.0, 0.0, 0.0, 0.0, 0.0]
2026-08-11 11:56:19.258 | DEBUG    | eval.evaluation.evaluation:metric_call:77 - metric_func_name number_near score 1.0 msg number near in range 5.0%, response: 548414.0, target: 545947.5
2026-08-11 11:56:19.258 | DEBUG    | eval.evaluation.evaluation:metric_call:77 - metric_func_name number_near score 0.0 msg number not near, response: 407490.0, target: 429699.7
2026-08-11 11:56:19.258 | DEBUG    | eval.evaluation.evaluation:metric_call:77 - metric_func_name number_near score 1.0 msg number near in range 5.0%, response: 412645.0, target: 421713.6
2026-08-11 11:56:19.258 | DEBUG    | eval.evaluation.evaluation:metric_call:77 - metric_func_name number_near score 0.0 msg number not near, response: 304121.0, target: 320430.5
2026-08-11 11:56:19.258 | DEBUG    | eval.evaluation.evaluation:metric_call:77 - metric_func_name number_near score 1.0 msg number near in range 5.0%, response: 221461.0, target: 222484.2
2026-08-11 11:56:19.258 | DEBUG    | eval.evaluation.evaluation:metric_call:77 - metric_func_name number_near score 1.0 msg number near in range 5.0%, response: 196738.0, target: 199826.1
2026-08-11 11:56:19.258 | DEBUG    | eval.evaluation.evaluation:metric_call:77 - metric_func_name number_near score 0.0 msg number not near, response: 213699.0, target: 197876.0
2026-08-11 11:56:19.258 | DEBUG    | eval.evaluation.evaluation:metric_call:77 - metric_func_name number_near score 1.0 msg number near in range 5.0%, response: 197466.0, target: 192398.3
2026-08-11 11:56:19.258 | DEBUG    | eval.evaluation.evaluation:metric_call:77 - metric_func_name number_near score 0.0 msg number not near, response: 161337.0, target: 178562.9
2026-08-11 11:56:19.258 | DEBUG    | eval.evaluation.evaluation:metric_call:77 - metric_func_name number_near score 1.0 msg number near in range 5.0%, response: 176143.0, target: 172327.6
2026-08-11 11:56:19.258 | DEBUG    | eval.evaluation.evaluation:metric_call:77 - metric_func_name number_near score 0.0 msg number not near, response: 148467.0, target: 160847.4
2026-08-11 11:56:19.258 | DEBUG    | eval.evaluation.evaluation:metric_call:77 - metric_func_name number_near score 0.0 msg number not near, response: 125113.0, target: 157216.3
2026-08-11 11:56:19.258 | DEBUG    | eval.evaluation.evaluation:metric_call:77 - metric_func_name number_near score 0.0 msg number not near, response: 161055.0, target: 153217.4
2026-08-11 11:56:19.259 | DEBUG    | eval.evaluation.evaluation:metric_call:77 - metric_func_name number_near score 0.0 msg number not near, response: 158627.0, target: 145759.1
2026-08-11 11:56:19.259 | DEBUG    | eval.evaluation.evaluation:metric_call:77 - metric_func_name number_near score 1.0 msg number near in range 5.0%, response: 145240.0, target: 142832.4
2026-08-11 11:56:19.259 | DEBUG    | eval.evaluation.evaluation:metric_call:77 - metric_func_name number_near score 0.0 msg number not near, response: 130832.0, target: 141731.8
2026-08-11 11:56:19.259 | DEBUG    | eval.evaluation.evaluation:metric_call:77 - metric_func_name number_near score 0.0 msg number not near, response: 160277.0, target: 139615.9
2026-08-11 11:56:19.259 | DEBUG    | eval.evaluation.evaluation:metric_call:77 - metric_func_name number_near score 1.0 msg number near in range 5.0%, response: 139229.0, target: 136670.7
2026-08-11 11:56:19.259 | DEBUG    | eval.evaluation.evaluation:metric_call:77 - metric_func_name number_near score 0.0 msg number not near, response: 115806.0, target: 132019.7
2026-08-11 11:56:19.259 | DEBUG    | eval.evaluation.evaluation:metric_call:77 - metric_func_name number_near score 0.0 msg number not near, response: 138065.0, target: 131337.9
2026-08-11 11:56:19.259 | DEBUG    | eval.evaluation.evaluation:metric_call:77 - metric_func_name number_near score 0.0 msg number not near, response: 138941.0, target: 131242.3
2026-08-11 11:56:19.259 | DEBUG    | eval.evaluation.evaluation:metric_call:77 - metric_func_name number_near score 1.0 msg number near in range 5.0%, response: 129624.0, target: 126169.5
2026-08-11 11:56:19.259 | DEBUG    | eval.evaluation.evaluation:metric_call:77 - metric_func_name number_near score 1.0 msg number near in range 5.0%, response: 120426.0, target: 122383.2
2026-08-11 11:56:19.259 | DEBUG    | eval.evaluation.evaluation:metric_call:77 - metric_func_name number_near score 1.0 msg number near in range 5.0%, response: 118608.0, target: 118813.5
2026-08-11 11:56:19.259 | DEBUG    | eval.evaluation.evaluation:metric_call:77 - metric_func_name number_near score 0.0 msg number not near, response: 121126.0, target: 114664.5
2026-08-11 11:56:19.259 | DEBUG    | eval.evaluation.evaluation:metric_call:77 - metric_func_name number_near score 0.0 msg number not near, response: 97544.0, target: 112778.5
2026-08-11 11:56:19.259 | DEBUG    | eval.evaluation.evaluation:metric_call:77 - metric_func_name number_near score 1.0 msg number near in range 5.0%, response: 107690.0, target: 112048.7
2026-08-11 11:56:19.259 | DEBUG    | eval.evaluation.evaluation:metric_call:77 - metric_func_name number_near score 0.0 msg number not near, response: 100600.0, target: 110665.6
2026-08-11 11:56:19.259 | DEBUG    | eval.evaluation.evaluation:metric_call:77 - metric_func_name number_near score 0.0 msg number not near, response: 87224.0, target: 105195.7
2026-08-11 11:56:19.259 | DEBUG    | eval.evaluation.evaluation:metric_call:77 - metric_func_name number_near score 0.0 msg number not near, response: 119813.0, target: 99470.3
2026-08-11 11:56:19.259 | DEBUG    | eval.evaluation.evaluation:metric_call:77 - metric_func_name number_near score 0.0 msg number not near, response: 88260.0, target: 97765.1
2026-08-11 11:56:19.259 | DEBUG    | eval.evaluation.evaluation:metric_call:77 - metric_func_name number_near score 1.0 msg number near in range 5.0%, response: 99830.0, target: 97034.9
2026-08-11 11:56:19.259 | DEBUG    | eval.evaluation.evaluation:metric_call:77 - metric_func_name number_near score 1.0 msg number near in range 5.0%, response: 91486.0, target: 96072.2
2026-08-11 11:56:19.259 | DEBUG    | eval.evaluation.evaluation:metric_call:77 - metric_func_name number_near score 0.0 msg number not near, response: 77737.0, target: 89485.0
2026-08-11 11:56:19.259 | DEBUG    | eval.evaluation.evaluation:metric_call:77 - metric_func_name number_near score 1.0 msg number near in range 5.0%, response: 87997.0, target: 87961.5
2026-08-11 11:56:19.259 | DEBUG    | eval.evaluation.evaluation:metric_call:77 - metric_func_name number_near score 0.0 msg number not near, response: 91534.0, target: 86535.6
2026-08-11 11:56:19.259 | DEBUG    | eval.evaluation.evaluation:metric_call:77 - metric_func_name number_near score 0.0 msg number not near, response: 91764.0, target: 86028.3
2026-08-11 11:56:19.259 | DEBUG    | eval.evaluation.evaluation:metric_call:77 - metric_func_name number_near score 0.0 msg number not near, response: 66226.0, target: 85818.8
2026-08-11 11:56:19.259 | DEBUG    | eval.evaluation.evaluation:metric_call:77 - metric_func_name number_near score 0.0 msg number not near, response: 108004.0, target: 85082.0
2026-08-11 11:56:19.259 | DEBUG    | eval.evaluation.evaluation:metric_call:77 - metric_func_name number_near score 1.0 msg number near in range 5.0%, response: 83323.0, target: 81952.4
2026-08-11 11:56:19.259 | DEBUG    | eval.evaluation.evaluation:metric_call:77 - metric_func_name number_near score 1.0 msg number near in range 5.0%, response: 75834.0, target: 78757.1
2026-08-11 11:56:19.260 | DEBUG    | eval.evaluation.evaluation:metric_call:77 - metric_func_name number_near score 1.0 msg number near in range 5.0%, response: 77668.0, target: 78243.2
2026-08-11 11:56:19.260 | DEBUG    | eval.evaluation.evaluation:metric_call:77 - metric_func_name number_near score 0.0 msg number not near, response: 86478.0, target: 78181.7
2026-08-11 11:56:19.260 | DEBUG    | eval.evaluation.evaluation:metric_call:77 - metric_func_name number_near score 0.0 msg number not near, response: 61520.0, target: 76506.9
2026-08-11 11:56:19.260 | DEBUG    | eval.evaluation.evaluation:metric_call:77 - metric_func_name number_near score 1.0 msg number near in range 5.0%, response: 75360.0, target: 76433.0
2026-08-11 11:56:19.260 | DEBUG    | eval.evaluation.evaluation:metric_call:77 - metric_func_name number_near score 1.0 msg number near in range 5.0%, response: 73684.0, target: 74776.7
2026-08-11 11:56:19.260 | DEBUG    | eval.evaluation.evaluation:metric_call:77 - metric_func_name number_near score 0.0 msg number not near, response: 78612.0, target: 74700.8
2026-08-11 11:56:19.260 | DEBUG    | eval.evaluation.evaluation:metric_call:77 - metric_func_name number_near score 0.0 msg number not near, response: 67618.0, target: 73998.5
2026-08-11 11:56:19.260 | DEBUG    | eval.evaluation.evaluation:metric_call:77 - metric_func_name number_near score 0.0 msg number not near, response: 77626.0, target: 73484.5
2026-08-11 11:56:19.260 | DEBUG    | eval.evaluation.evaluation:metric_call:77 - metric_func_name number_near score 1.0 msg number near in range 5.0%, response: 70385.0, target: 71514.6
2026-08-11 11:56:19.260 | DEBUG    | eval.evaluation.evaluation:metric_call:77 - metric_func_name number_near score 0.0 msg number not near, response: 56059.0, target: 71386.1
2026-08-11 11:56:19.260 | DEBUG    | eval.evaluation.evaluation:metric_call:77 - metric_func_name number_near score 0.0 msg number not near, response: 79891.0, target: 70356.8
2026-08-11 11:56:19.260 | DEBUG    | eval.evaluation.evaluation:metric_call:77 - metric_func_name number_near score 0.0 msg number not near, response: 90167.0, target: 69415.8
2026-08-11 11:56:19.260 | DEBUG    | eval.evaluation.evaluation:metric_call:77 - metric_func_name number_near score 0.0 msg number not near, response: 57874.0, target: 69286.9
2026-08-11 11:56:19.260 | DEBUG    | eval.evaluation.evaluation:metric_call:77 - metric_func_name number_near score 1.0 msg number near in range 5.0%, response: 67200.0, target: 67852.2
2026-08-11 11:56:19.260 | DEBUG    | eval.evaluation.evaluation:metric_call:77 - metric_func_name number_near score 0.0 msg number not near, response: 47696.0, target: 65789.5
2026-08-11 11:56:19.260 | DEBUG    | eval.evaluation.evaluation:metric_call:77 - metric_func_name number_near score 0.0 msg number not near, response: 51443.0, target: 63639.8
2026-08-11 11:56:19.260 | DEBUG    | eval.evaluation.evaluation:metric_call:77 - metric_func_name number_near score 0.0 msg number not near, response: 66811.0, target: 63595.4
2026-08-11 11:56:19.260 | DEBUG    | eval.evaluation.evaluation:metric_call:77 - metric_func_name number_near score 1.0 msg number near in range 5.0%, response: 57477.0, target: 59152.3
2026-08-11 11:56:19.260 | DEBUG    | eval.evaluation.evaluation:metric_call:77 - metric_func_name number_near score 1.0 msg number near in range 5.0%, response: 55760.0, target: 57890.8
2026-08-11 11:56:19.260 | DEBUG    | eval.evaluation.evaluation:metric_call:77 - metric_func_name number_near score 0.0 msg number not near, response: 61100.0, target: 57708.1
2026-08-11 11:56:19.260 | DEBUG    | eval.evaluation.evaluation:metric_call:77 - metric_func_name number_near score 0.0 msg number not near, response: 51309.0, target: 57595.9
2026-08-11 11:56:19.260 | DEBUG    | eval.evaluation.evaluation:metric_call:77 - metric_func_name number_near score 0.0 msg number not near, response: 62792.0, target: 57468.0
2026-08-11 11:56:19.260 | DEBUG    | eval.evaluation.evaluation:metric_call:77 - metric_func_name number_near score 0.0 msg number not near, response: 69077.0, target: 56863.8
2026-08-11 11:56:19.260 | DEBUG    | eval.evaluation.evaluation:metric_call:77 - metric_func_name number_near score 1.0 msg number near in range 5.0%, response: 55880.0, target: 56728.3
2026-08-11 11:56:19.260 | DEBUG    | eval.evaluation.evaluation:metric_call:77 - metric_func_name number_near score 0.0 msg number not near, response: 50313.0, target: 56632.8
2026-08-11 11:56:19.260 | DEBUG    | eval.evaluation.evaluation:metric_call:77 - metric_func_name number_near score 1.0 msg number near in range 5.0%, response: 54963.0, target: 54484.6
2026-08-11 11:56:19.260 | DEBUG    | eval.evaluation.evaluation:metric_call:77 - metric_func_name number_near score 1.0 msg number near in range 5.0%, response: 56516.0, target: 53980.0
2026-08-11 11:56:19.261 | DEBUG    | eval.evaluation.evaluation:metric_call:77 - metric_func_name number_near score 0.0 msg number not near, response: 64863.0, target: 53929.6
2026-08-11 11:56:19.261 | DEBUG    | eval.evaluation.evaluation:metric_call:77 - metric_func_name number_near score 0.0 msg number not near, response: 56856.0, target: 52789.6
2026-08-11 11:56:19.261 | DEBUG    | eval.evaluation.evaluation:metric_call:77 - metric_func_name number_near score 1.0 msg number near in range 5.0%, response: 54146.0, target: 52632.3
2026-08-11 11:56:19.261 | DEBUG    | eval.evaluation.evaluation:metric_call:77 - metric_func_name number_near score 1.0 msg number near in range 5.0%, response: 51063.0, target: 51525.9
2026-08-11 11:56:19.261 | DEBUG    | eval.evaluation.evaluation:metric_call:77 - metric_func_name number_near score 1.0 msg number near in range 5.0%, response: 48944.0, target: 50864.5
2026-08-11 11:56:19.261 | DEBUG    | eval.evaluation.evaluation:metric_call:77 - metric_func_name number_near score 0.0 msg number not near, response: 58886.0, target: 49900.7
2026-08-11 11:56:19.261 | DEBUG    | eval.evaluation.evaluation:metric_call:77 - metric_func_name number_near score 0.0 msg number not near, response: 51225.0, target: 48120.0
2026-08-11 11:56:19.261 | DEBUG    | eval.evaluation.evaluation:metric_call:77 - metric_func_name number_near score 0.0 msg number not near, response: 56161.0, target: 45759.9
2026-08-11 11:56:19.261 | DEBUG    | eval.evaluation.evaluation:metric_call:77 - metric_func_name number_near score 0.0 msg number not near, response: 46919.0, target: 39092.5
2026-08-11 11:56:19.261 | DEBUG    | eval.evaluation.evaluation:metric_call:77 - metric_func_name number_near score 0.0 msg number not near, response: 59694.0, target: 39091.7
2026-08-11 11:56:19.261 | DEBUG    | eval.evaluation.evaluation:metric_call:77 - metric_func_name number_near score 0.0 msg number not near, response: 50855.0, target: 38276.8
2026-08-11 11:56:19.261 | DEBUG    | eval.evaluation.evaluation:metric_call:77 - metric_func_name number_near score 0.0 msg number not near, response: 54736.0, target: 34981.1
2026-08-11 11:56:19.262 | DEBUG    | eval.evaluation.evaluation:evaluate_single_query:321 - wide2deep_ws_zh_012, col 营业收入（百万美元）, metric_func_name number_near, score [1.0, 0.0, 1.0, 0.0, 1.0, 1.0, 0.0, 1.0, 0.0, 1.0, 0.0, 0.0, 0.0, 0.0, 1.0, 0.0, 0.0, 1.0, 0.0, 0.0, 0.0, 1.0, 1.0, 1.0, 0.0, 0.0, 1.0, 0.0, 0.0, 0.0, 0.0, 1.0, 1.0, 0.0, 1.0, 0.0, 0.0, 0.0, 0.0, 1.0, 1.0, 1.0, 0.0, 0.0, 1.0, 1.0, 0.0, 0.0, 0.0, 1.0, 0.0, 0.0, 0.0, 0.0, 1.0, 0.0, 0.0, 0.0, 1.0, 1.0, 0.0, 0.0, 0.0, 0.0, 1.0, 0.0, 1.0, 1.0, 0.0, 0.0, 1.0, 1.0, 1.0, 0.0, 0.0, 0.0, 0.0, 0.0, 0.0, 0.0]
2026-08-11 11:56:19.262 | DEBUG    | eval.evaluation.evaluation:metric_call:77 - metric_func_name number_near score 0.0 msg number not convertable, response: None, target: 9204.3
2026-08-11 11:56:19.262 | DEBUG    | eval.evaluation.evaluation:metric_call:77 - metric_func_name number_near score 0.0 msg number not convertable, response: None, target: 9393.4
2026-08-11 11:56:19.262 | DEBUG    | eval.evaluation.evaluation:metric_call:77 - metric_func_name number_near score 0.0 msg number not convertable, response: None, target: 21294.7
2026-08-11 11:56:19.262 | DEBUG    | eval.evaluation.evaluation:metric_call:77 - metric_func_name number_near score 0.0 msg number not convertable, response: None, target: 4371.5
2026-08-11 11:56:19.262 | DEBUG    | eval.evaluation.evaluation:metric_call:77 - metric_func_name number_near score 0.0 msg number not convertable, response: None, target: 51417.0
2026-08-11 11:56:19.262 | DEBUG    | eval.evaluation.evaluation:metric_call:77 - metric_func_name number_near score 0.0 msg number not convertable, response: None, target: 46990.0
2026-08-11 11:56:19.262 | DEBUG    | eval.evaluation.evaluation:metric_call:77 - metric_func_name number_near score 0.0 msg number not convertable, response: None, target: 4562.9
2026-08-11 11:56:19.262 | DEBUG    | eval.evaluation.evaluation:metric_call:77 - metric_func_name number_near score 0.0 msg number not convertable, response: None, target: 38048.7
2026-08-11 11:56:19.262 | DEBUG    | eval.evaluation.evaluation:metric_call:77 - metric_func_name number_near score 0.0 msg number not convertable, response: None, target: 2152.5
2026-08-11 11:56:19.262 | DEBUG    | eval.evaluation.evaluation:metric_call:77 - metric_func_name number_near score 0.0 msg number not convertable, response: None, target: 32758.3
2026-08-11 11:56:19.262 | DEBUG    | eval.evaluation.evaluation:metric_call:77 - metric_func_name number_near score 0.0 msg number not convertable, response: None, target: 1701.0
2026-08-11 11:56:19.262 | DEBUG    | eval.evaluation.evaluation:metric_call:77 - metric_func_name number_near score 0.0 msg number not convertable, response: None, target: 2493.8
2026-08-11 11:56:19.262 | DEBUG    | eval.evaluation.evaluation:metric_call:77 - metric_func_name number_near score 0.0 msg number not convertable, response: None, target: 3413.8
2026-08-11 11:56:19.262 | DEBUG    | eval.evaluation.evaluation:metric_call:77 - metric_func_name number_near score 0.0 msg number not convertable, response: None, target: 12100.9
2026-08-11 11:56:19.262 | DEBUG    | eval.evaluation.evaluation:metric_call:77 - metric_func_name number_near score 0.0 msg number not convertable, response: None, target: 15253.4
2026-08-11 11:56:19.262 | DEBUG    | eval.evaluation.evaluation:metric_call:77 - metric_func_name number_near score 0.0 msg number not convertable, response: None, target: 14559.2
2026-08-11 11:56:19.262 | DEBUG    | eval.evaluation.evaluation:metric_call:77 - metric_func_name number_near score 0.0 msg number not convertable, response: None, target: -841.2
2026-08-11 11:56:19.262 | DEBUG    | eval.evaluation.evaluation:metric_call:77 - metric_func_name number_near score 0.0 msg number not convertable, response: None, target: 1672.3
2026-08-11 11:56:19.263 | DEBUG    | eval.evaluation.evaluation:metric_call:77 - metric_func_name number_near score 0.0 msg number not convertable, response: None, target: 766.0
2026-08-11 11:56:19.263 | DEBUG    | eval.evaluation.evaluation:metric_call:77 - metric_func_name number_near score 0.0 msg number not convertable, response: None, target: 11165.1
2026-08-11 11:56:19.263 | DEBUG    | eval.evaluation.evaluation:metric_call:77 - metric_func_name number_near score 0.0 msg number not convertable, response: None, target: 4124.6
2026-08-11 11:56:19.263 | DEBUG    | eval.evaluation.evaluation:metric_call:77 - metric_func_name number_near score 0.0 msg number not convertable, response: None, target: 3797.5
2026-08-11 11:56:19.263 | DEBUG    | eval.evaluation.evaluation:metric_call:77 - metric_func_name number_near score 0.0 msg number not convertable, response: None, target: 829.6
2026-08-11 11:56:19.263 | DEBUG    | eval.evaluation.evaluation:metric_call:77 - metric_func_name number_near score 0.0 msg number not convertable, response: None, target: 2342.2
2026-08-11 11:56:19.263 | DEBUG    | eval.evaluation.evaluation:metric_call:77 - metric_func_name number_near score 0.0 msg number not convertable, response: None, target: 980.8
2026-08-11 11:56:19.263 | DEBUG    | eval.evaluation.evaluation:metric_call:77 - metric_func_name number_near score 0.0 msg number not convertable, response: None, target: 5884.5
2026-08-11 11:56:19.263 | DEBUG    | eval.evaluation.evaluation:metric_call:77 - metric_func_name number_near score 0.0 msg number not convertable, response: None, target: 6339.1
2026-08-11 11:56:19.263 | DEBUG    | eval.evaluation.evaluation:metric_call:77 - metric_func_name number_near score 0.0 msg number not convertable, response: None, target: 1057.6
2026-08-11 11:56:19.263 | DEBUG    | eval.evaluation.evaluation:metric_call:77 - metric_func_name number_near score 0.0 msg number not convertable, response: None, target: 1992.6
2026-08-11 11:56:19.263 | DEBUG    | eval.evaluation.evaluation:metric_call:77 - metric_func_name number_near score 0.0 msg number not near, response: 8700.0, target: 12274.4
2026-08-11 11:56:19.263 | DEBUG    | eval.evaluation.evaluation:metric_call:77 - metric_func_name number_near score 0.0 msg number not convertable, response: None, target: 1270.3
2026-08-11 11:56:19.263 | DEBUG    | eval.evaluation.evaluation:metric_call:77 - metric_func_name number_near score 0.0 msg number not convertable, response: None, target: 775.9
2026-08-11 11:56:19.263 | DEBUG    | eval.evaluation.evaluation:metric_call:77 - metric_func_name number_near score 0.0 msg number not convertable, response: None, target: 1149.5
2026-08-11 11:56:19.263 | DEBUG    | eval.evaluation.evaluation:metric_call:77 - metric_func_name number_near score 0.0 msg number not convertable, response: None, target: 2864.2
2026-08-11 11:56:19.263 | DEBUG    | eval.evaluation.evaluation:metric_call:77 - metric_func_name number_near score 0.0 msg number not convertable, response: None, target: 2150.8
2026-08-11 11:56:19.263 | DEBUG    | eval.evaluation.evaluation:metric_call:77 - metric_func_name number_near score 0.0 msg number not convertable, response: None, target: 74.6
2026-08-11 11:56:19.263 | DEBUG    | eval.evaluation.evaluation:metric_call:77 - metric_func_name number_near score 0.0 msg number not near, response: 26900.0, target: 16275.2
2026-08-11 11:56:19.263 | DEBUG    | eval.evaluation.evaluation:metric_call:77 - metric_func_name number_near score 0.0 msg number not convertable, response: None, target: 178.9
2026-08-11 11:56:19.263 | DEBUG    | eval.evaluation.evaluation:metric_call:77 - metric_func_name number_near score 0.0 msg number not convertable, response: None, target: 4243.5
2026-08-11 11:56:19.263 | DEBUG    | eval.evaluation.evaluation:metric_call:77 - metric_func_name number_near score 0.0 msg number not convertable, response: None, target: 510.9
2026-08-11 11:56:19.263 | DEBUG    | eval.evaluation.evaluation:metric_call:77 - metric_func_name number_near score 0.0 msg number not convertable, response: None, target: 13098.6
2026-08-11 11:56:19.263 | DEBUG    | eval.evaluation.evaluation:metric_call:77 - metric_func_name number_near score 0.0 msg number not convertable, response: None, target: 371.2
2026-08-11 11:56:19.263 | DEBUG    | eval.evaluation.evaluation:metric_call:77 - metric_func_name number_near score 0.0 msg number not convertable, response: None, target: 3153.2
2026-08-11 11:56:19.263 | DEBUG    | eval.evaluation.evaluation:metric_call:77 - metric_func_name number_near score 0.0 msg number not convertable, response: None, target: 1933.0
2026-08-11 11:56:19.263 | DEBUG    | eval.evaluation.evaluation:metric_call:77 - metric_func_name number_near score 0.0 msg number not convertable, response: None, target: 5035.3
2026-08-11 11:56:19.264 | DEBUG    | eval.evaluation.evaluation:metric_call:77 - metric_func_name number_near score 0.0 msg number not convertable, response: None, target: 1113.7
2026-08-11 11:56:19.264 | DEBUG    | eval.evaluation.evaluation:metric_call:77 - metric_func_name number_near score 0.0 msg number not convertable, response: None, target: 548.5
2026-08-11 11:56:19.264 | DEBUG    | eval.evaluation.evaluation:metric_call:77 - metric_func_name number_near score 0.0 msg number not convertable, response: None, target: 988.2
2026-08-11 11:56:19.264 | DEBUG    | eval.evaluation.evaluation:metric_call:77 - metric_func_name number_near score 0.0 msg number not convertable, response: None, target: 1192.3
2026-08-11 11:56:19.264 | DEBUG    | eval.evaluation.evaluation:metric_call:77 - metric_func_name number_near score 0.0 msg number not convertable, response: None, target: 20708.7
2026-08-11 11:56:19.264 | DEBUG    | eval.evaluation.evaluation:metric_call:77 - metric_func_name number_near score 0.0 msg number not convertable, response: None, target: 345.4
2026-08-11 11:56:19.264 | DEBUG    | eval.evaluation.evaluation:metric_call:77 - metric_func_name number_near score 0.0 msg number not convertable, response: None, target: 812.6
2026-08-11 11:56:19.264 | DEBUG    | eval.evaluation.evaluation:metric_call:77 - metric_func_name number_near score 0.0 msg number not near, response: 36087.0, target: 27350.4
2026-08-11 11:56:19.264 | DEBUG    | eval.evaluation.evaluation:metric_call:77 - metric_func_name number_near score 0.0 msg number not convertable, response: None, target: 14.5
2026-08-11 11:56:19.264 | DEBUG    | eval.evaluation.evaluation:metric_call:77 - metric_func_name number_near score 0.0 msg number not convertable, response: None, target: 328.1
2026-08-11 11:56:19.264 | DEBUG    | eval.evaluation.evaluation:metric_call:77 - metric_func_name number_near score 0.0 msg number not convertable, response: None, target: 1718.1
2026-08-11 11:56:19.264 | DEBUG    | eval.evaluation.evaluation:metric_call:77 - metric_func_name number_near score 0.0 msg number not convertable, response: None, target: 993.6
2026-08-11 11:56:19.264 | DEBUG    | eval.evaluation.evaluation:metric_call:77 - metric_func_name number_near score 0.0 msg number not convertable, response: None, target: 876.5
2026-08-11 11:56:19.264 | DEBUG    | eval.evaluation.evaluation:metric_call:77 - metric_func_name number_near score 0.0 msg number not convertable, response: None, target: 10893.3
2026-08-11 11:56:19.264 | DEBUG    | eval.evaluation.evaluation:metric_call:77 - metric_func_name number_near score 0.0 msg number not convertable, response: None, target: 1632.1
2026-08-11 11:56:19.264 | DEBUG    | eval.evaluation.evaluation:metric_call:77 - metric_func_name number_near score 0.0 msg number not convertable, response: None, target: 600.0
2026-08-11 11:56:19.264 | DEBUG    | eval.evaluation.evaluation:metric_call:77 - metric_func_name number_near score 0.0 msg number not convertable, response: None, target: -391.6
2026-08-11 11:56:19.264 | DEBUG    | eval.evaluation.evaluation:metric_call:77 - metric_func_name number_near score 0.0 msg number not convertable, response: None, target: 23.5
2026-08-11 11:56:19.264 | DEBUG    | eval.evaluation.evaluation:metric_call:77 - metric_func_name number_near score 0.0 msg number not convertable, response: None, target: 1010.5
2026-08-11 11:56:19.264 | DEBUG    | eval.evaluation.evaluation:metric_call:77 - metric_func_name number_near score 0.0 msg number not convertable, response: None, target: 23.7
2026-08-11 11:56:19.264 | DEBUG    | eval.evaluation.evaluation:metric_call:77 - metric_func_name number_near score 0.0 msg number not convertable, response: None, target: 6232.5
2026-08-11 11:56:19.264 | DEBUG    | eval.evaluation.evaluation:metric_call:77 - metric_func_name number_near score 0.0 msg number not convertable, response: None, target: 1615.9
2026-08-11 11:56:19.264 | DEBUG    | eval.evaluation.evaluation:metric_call:77 - metric_func_name number_near score 0.0 msg number not convertable, response: None, target: 1554.2
2026-08-11 11:56:19.264 | DEBUG    | eval.evaluation.evaluation:metric_call:77 - metric_func_name number_near score 0.0 msg number not convertable, response: None, target: 3584.4
2026-08-11 11:56:19.264 | DEBUG    | eval.evaluation.evaluation:metric_call:77 - metric_func_name number_near score 0.0 msg number not convertable, response: None, target: 4763.2
2026-08-11 11:56:19.264 | DEBUG    | eval.evaluation.evaluation:metric_call:77 - metric_func_name number_near score 0.0 msg number not convertable, response: None, target: 1154.5
2026-08-11 11:56:19.264 | DEBUG    | eval.evaluation.evaluation:metric_call:77 - metric_func_name number_near score 0.0 msg number not convertable, response: None, target: 997.3
2026-08-11 11:56:19.265 | DEBUG    | eval.evaluation.evaluation:metric_call:77 - metric_func_name number_near score 0.0 msg number not convertable, response: None, target: 5184.5
2026-08-11 11:56:19.265 | DEBUG    | eval.evaluation.evaluation:metric_call:77 - metric_func_name number_near score 0.0 msg number not convertable, response: None, target: 1359.5
2026-08-11 11:56:19.265 | DEBUG    | eval.evaluation.evaluation:metric_call:77 - metric_func_name number_near score 0.0 msg number not convertable, response: None, target: 248.9
2026-08-11 11:56:19.265 | DEBUG    | eval.evaluation.evaluation:metric_call:77 - metric_func_name number_near score 0.0 msg number not convertable, response: None, target: 3850.3
2026-08-11 11:56:19.265 | DEBUG    | eval.evaluation.evaluation:metric_call:77 - metric_func_name number_near score 0.0 msg number not convertable, response: None, target: 1957.3
2026-08-11 11:56:19.265 | DEBUG    | eval.evaluation.evaluation:metric_call:77 - metric_func_name number_near score 0.0 msg number not convertable, response: None, target: 585.7
2026-08-11 11:56:19.265 | DEBUG    | eval.evaluation.evaluation:metric_call:77 - metric_func_name number_near score 0.0 msg number not convertable, response: None, target: 2468.5
2026-08-11 11:56:19.265 | DEBUG    | eval.evaluation.evaluation:metric_call:77 - metric_func_name number_near score 0.0 msg number not near, response: 15600.0, target: 8479.2
2026-08-11 11:56:19.265 | DEBUG    | eval.evaluation.evaluation:evaluate_single_query:321 - wide2deep_ws_zh_012, col 利润（百万美元）, metric_func_name number_near, score [0.0, 0.0, 0.0, 0.0, 0.0, 0.0, 0.0, 0.0, 0.0, 0.0, 0.0, 0.0, 0.0, 0.0, 0.0, 0.0, 0.0, 0.0, 0.0, 0.0, 0.0, 0.0, 0.0, 0.0, 0.0, 0.0, 0.0, 0.0, 0.0, 0.0, 0.0, 0.0, 0.0, 0.0, 0.0, 0.0, 0.0, 0.0, 0.0, 0.0, 0.0, 0.0, 0.0, 0.0, 0.0, 0.0, 0.0, 0.0, 0.0, 0.0, 0.0, 0.0, 0.0, 0.0, 0.0, 0.0, 0.0, 0.0, 0.0, 0.0, 0.0, 0.0, 0.0, 0.0, 0.0, 0.0, 0.0, 0.0, 0.0, 0.0, 0.0, 0.0, 0.0, 0.0, 0.0, 0.0, 0.0, 0.0, 0.0, 0.0]
2026-08-11 11:56:25.527 | DEBUG    | eval.evaluation.evaluation:evaluate_single_query:321 - wide2deep_ws_zh_012, col 总部所在城市, metric_func_name llm_judge, score [1, 1, 1, 1, 1, 1, 1, 1, 1, 1, 1, 1, 1, 1, 1, 1, 1, 1, 1, 1, 1, 1, 1, 1, 1, 1, 1, 1, 1, 1, 1, 1, 1, 1, 1, 1, 1, 1, 1, 1, 1, 0, 1, 1, 1, 1, 1, 1, 1, 1, 1, 1, 1, 1, 1, 1, 1, 1, 1, 1, 1, 1, 1, 1, 1, 1, 1, 1, 1, 1, 1, 1, 1, 1, 1, 1, 1, 1, 1, 0]
2026-08-11 11:56:25.533 | INFO     | eval.evaluation.evaluation:evaluate_single_query:380 - wide2deep_ws_zh_012, P/R/F1 by unique_columns: 1.0000/0.6015/0.7512
2026-08-11 11:56:25.533 | INFO     | eval.evaluation.evaluation:evaluate_single_query:383 - wide2deep_ws_zh_012, P/R/F1 by row: 0.0000/0.0000/0.0000
2026-08-11 11:56:25.533 | INFO     | eval.evaluation.evaluation:evaluate_single_query:386 - wide2deep_ws_zh_012, P/R/F1 by item: 0.4725/0.2842/0.3549
2026-08-11 11:56:25.540 | INFO     | eval.evaluation.evaluation:evaluate_single_query:398 - wide2deep_ws_zh_012, final table score: 0.0
{"event": "eval_done", "idx": 3, "instance_id": "wide2deep_ws_zh_012", "score": 0.0, "entity_acc": 1.0, "f1_by_row": 0.0, "f1_by_item": 0.35492957746478876, "column_f1": 0.7511737089201878, "error": null, "elapsed_seconds": 29.912, "running_n": 3}
2026-08-11 11:56:28.688 | DEBUG    | eval.evaluation.data_loader:extract_dataframe:167 - find markdown_str 
| Year | Rank | Name | Net Worth (in USD billions) | Age | Sour ...
2026-08-11 11:56:32.600 | INFO     | eval.evaluation.metric_utils:primary_key_preprocess:246 - primary_key_preprocess result: ```json
{
  "Jeff Bezos": "Jeff Bezos",
  "Bill Gates": "Bill Gates",
  "Warren Buffett": "Warren Buffett",
  "Bernard Arnault & family": "Bernard Arnault & family",
  "Carlos Slim Helú & family": "Carlos Slim Helu & family",
  "Amancio Ortega": "Amancio Ortega",
  "Larry Ellison": "Larry Ellison",
  "Mark Zuckerberg": "Mark Zuckerberg",
  "Michael Bloomberg": "Michael Bloomberg",
  "Larry Page": "Larry Page",
  "Jim Walton": "Jim Walton",
  "Alice Walton": "Alice Walton",
  "Rob Walton": "Rob Walton",
  "Elon Musk": "Elon Musk",
  "Sergey Brin": "Sergey Brin",
  "Mukesh Ambani": "Mukesh Ambani",
  "Steve Ballmer": "Steve Ballmer"
}
```
2026-08-11 11:56:32.600 | INFO     | eval.evaluation.evaluation:evaluate_single_query:223 - col: name, primary_key_map {'Jeff Bezos': 'Jeff Bezos', 'Bill Gates': 'Bill Gates', 'Warren Buffett': 'Warren Buffett', 'Bernard Arnault & family': 'Bernard Arnault & family', 'Carlos Slim Helú & family': 'Carlos Slim Helu & family', 'Amancio Ortega': 'Amancio Ortega', 'Larry Ellison': 'Larry Ellison', 'Mark Zuckerberg': 'Mark Zuckerberg', 'Michael Bloomberg': 'Michael Bloomberg', 'Larry Page': 'Larry Page', 'Jim Walton': 'Jim Walton', 'Alice Walton': 'Alice Walton', 'Rob Walton': 'Rob Walton', 'Elon Musk': 'Elon Musk', 'Sergey Brin': 'Sergey Brin', 'Mukesh Ambani': 'Mukesh Ambani', 'Steve Ballmer': 'Steve Ballmer'}
2026-08-11 11:56:35.037 | INFO     | eval.evaluation.metric_utils:primary_key_preprocess:246 - primary_key_preprocess result: ```json
{
  "2019": "2019",
  "2020": "2020",
  "2021": "2021",
  "2022": "2022",
  "2023": "2023",
  "2024": "2024"
}
```
2026-08-11 11:56:35.037 | INFO     | eval.evaluation.evaluation:evaluate_single_query:223 - col: year, primary_key_map {'2019': '2019', '2020': '2020', '2021': '2021', '2022': '2022', '2023': '2023', '2024': '2024'}
2026-08-11 11:56:35.045 | INFO     | eval.evaluation.evaluation:evaluate_single_query:275 - wide2deep_ws_en_071, df_inner shape: (58, 12), answer_df shape: (60, 6), response_df shape: (60, 8)
2026-08-11 11:56:35.046 | DEBUG    | eval.evaluation.evaluation:metric_call:77 - metric_func_name exact_match score 1.0 msg exact match, response: 1, target: 1
2026-08-11 11:56:35.046 | DEBUG    | eval.evaluation.evaluation:metric_call:77 - metric_func_name exact_match score 1.0 msg exact match, response: 2, target: 2
2026-08-11 11:56:35.046 | DEBUG    | eval.evaluation.evaluation:metric_call:77 - metric_func_name exact_match score 1.0 msg exact match, response: 3, target: 3
2026-08-11 11:56:35.046 | DEBUG    | eval.evaluation.evaluation:metric_call:77 - metric_func_name exact_match score 1.0 msg exact match, response: 6, target: 6
2026-08-11 11:56:35.046 | DEBUG    | eval.evaluation.evaluation:metric_call:77 - metric_func_name exact_match score 1.0 msg exact match, response: 7, target: 7
2026-08-11 11:56:35.046 | DEBUG    | eval.evaluation.evaluation:metric_call:77 - metric_func_name exact_match score 1.0 msg exact match, response: 8, target: 8
2026-08-11 11:56:35.046 | DEBUG    | eval.evaluation.evaluation:metric_call:77 - metric_func_name exact_match score 1.0 msg exact match, response: 9, target: 9
2026-08-11 11:56:35.046 | DEBUG    | eval.evaluation.evaluation:metric_call:77 - metric_func_name exact_match score 1.0 msg exact match, response: 10, target: 10
2026-08-11 11:56:35.046 | DEBUG    | eval.evaluation.evaluation:metric_call:77 - metric_func_name exact_match score 1.0 msg exact match, response: 1, target: 1
2026-08-11 11:56:35.046 | DEBUG    | eval.evaluation.evaluation:metric_call:77 - metric_func_name exact_match score 1.0 msg exact match, response: 2, target: 2
2026-08-11 11:56:35.046 | DEBUG    | eval.evaluation.evaluation:metric_call:77 - metric_func_name exact_match score 1.0 msg exact match, response: 3, target: 3
2026-08-11 11:56:35.046 | DEBUG    | eval.evaluation.evaluation:metric_call:77 - metric_func_name exact_match score 1.0 msg exact match, response: 4, target: 4
2026-08-11 11:56:35.046 | DEBUG    | eval.evaluation.evaluation:metric_call:77 - metric_func_name exact_match score 1.0 msg exact match, response: 5, target: 5
2026-08-11 11:56:35.046 | DEBUG    | eval.evaluation.evaluation:metric_call:77 - metric_func_name exact_match score 1.0 msg exact match, response: 6, target: 6
2026-08-11 11:56:35.046 | DEBUG    | eval.evaluation.evaluation:metric_call:77 - metric_func_name exact_match score 1.0 msg exact match, response: 7, target: 7
2026-08-11 11:56:35.046 | DEBUG    | eval.evaluation.evaluation:metric_call:77 - metric_func_name exact_match score 1.0 msg exact match, response: 8, target: 8
2026-08-11 11:56:35.046 | DEBUG    | eval.evaluation.evaluation:metric_call:77 - metric_func_name exact_match score 1.0 msg exact match, response: 9, target: 9
2026-08-11 11:56:35.046 | DEBUG    | eval.evaluation.evaluation:metric_call:77 - metric_func_name exact_match score 1.0 msg exact match, response: 10, target: 10
2026-08-11 11:56:35.046 | DEBUG    | eval.evaluation.evaluation:metric_call:77 - metric_func_name exact_match score 1.0 msg exact match, response: 1, target: 1
2026-08-11 11:56:35.046 | DEBUG    | eval.evaluation.evaluation:metric_call:77 - metric_func_name exact_match score 1.0 msg exact match, response: 2, target: 2
2026-08-11 11:56:35.047 | DEBUG    | eval.evaluation.evaluation:metric_call:77 - metric_func_name exact_match score 1.0 msg exact match, response: 3, target: 3
2026-08-11 11:56:35.047 | DEBUG    | eval.evaluation.evaluation:metric_call:77 - metric_func_name exact_match score 1.0 msg exact match, response: 4, target: 4
2026-08-11 11:56:35.047 | DEBUG    | eval.evaluation.evaluation:metric_call:77 - metric_func_name exact_match score 1.0 msg exact match, response: 5, target: 5
2026-08-11 11:56:35.047 | DEBUG    | eval.evaluation.evaluation:metric_call:77 - metric_func_name exact_match score 1.0 msg exact match, response: 6, target: 6
2026-08-11 11:56:35.047 | DEBUG    | eval.evaluation.evaluation:metric_call:77 - metric_func_name exact_match score 1.0 msg exact match, response: 7, target: 7
2026-08-11 11:56:35.047 | DEBUG    | eval.evaluation.evaluation:metric_call:77 - metric_func_name exact_match score 1.0 msg exact match, response: 8, target: 8
2026-08-11 11:56:35.047 | DEBUG    | eval.evaluation.evaluation:metric_call:77 - metric_func_name exact_match score 1.0 msg exact match, response: 9, target: 9
2026-08-11 11:56:35.047 | DEBUG    | eval.evaluation.evaluation:metric_call:77 - metric_func_name exact_match score 1.0 msg exact match, response: 10, target: 10
2026-08-11 11:56:35.047 | DEBUG    | eval.evaluation.evaluation:metric_call:77 - metric_func_name exact_match score 1.0 msg exact match, response: 1, target: 1
2026-08-11 11:56:35.047 | DEBUG    | eval.evaluation.evaluation:metric_call:77 - metric_func_name exact_match score 1.0 msg exact match, response: 2, target: 2
2026-08-11 11:56:35.047 | DEBUG    | eval.evaluation.evaluation:metric_call:77 - metric_func_name exact_match score 1.0 msg exact match, response: 3, target: 3
2026-08-11 11:56:35.047 | DEBUG    | eval.evaluation.evaluation:metric_call:77 - metric_func_name exact_match score 1.0 msg exact match, response: 4, target: 4
2026-08-11 11:56:35.047 | DEBUG    | eval.evaluation.evaluation:metric_call:77 - metric_func_name exact_match score 1.0 msg exact match, response: 5, target: 5
2026-08-11 11:56:35.047 | DEBUG    | eval.evaluation.evaluation:metric_call:77 - metric_func_name exact_match score 1.0 msg exact match, response: 6, target: 6
2026-08-11 11:56:35.047 | DEBUG    | eval.evaluation.evaluation:metric_call:77 - metric_func_name exact_match score 1.0 msg exact match, response: 7, target: 7
2026-08-11 11:56:35.047 | DEBUG    | eval.evaluation.evaluation:metric_call:77 - metric_func_name exact_match score 1.0 msg exact match, response: 8, target: 8
2026-08-11 11:56:35.047 | DEBUG    | eval.evaluation.evaluation:metric_call:77 - metric_func_name exact_match score 1.0 msg exact match, response: 9, target: 9
2026-08-11 11:56:35.047 | DEBUG    | eval.evaluation.evaluation:metric_call:77 - metric_func_name exact_match score 1.0 msg exact match, response: 10, target: 10
2026-08-11 11:56:35.047 | DEBUG    | eval.evaluation.evaluation:metric_call:77 - metric_func_name exact_match score 1.0 msg exact match, response: 1, target: 1
2026-08-11 11:56:35.047 | DEBUG    | eval.evaluation.evaluation:metric_call:77 - metric_func_name exact_match score 1.0 msg exact match, response: 2, target: 2
2026-08-11 11:56:35.047 | DEBUG    | eval.evaluation.evaluation:metric_call:77 - metric_func_name exact_match score 1.0 msg exact match, response: 3, target: 3
2026-08-11 11:56:35.047 | DEBUG    | eval.evaluation.evaluation:metric_call:77 - metric_func_name exact_match score 1.0 msg exact match, response: 4, target: 4
2026-08-11 11:56:35.047 | DEBUG    | eval.evaluation.evaluation:metric_call:77 - metric_func_name exact_match score 1.0 msg exact match, response: 5, target: 5
2026-08-11 11:56:35.047 | DEBUG    | eval.evaluation.evaluation:metric_call:77 - metric_func_name exact_match score 1.0 msg exact match, response: 6, target: 6
2026-08-11 11:56:35.047 | DEBUG    | eval.evaluation.evaluation:metric_call:77 - metric_func_name exact_match score 1.0 msg exact match, response: 7, target: 7
2026-08-11 11:56:35.047 | DEBUG    | eval.evaluation.evaluation:metric_call:77 - metric_func_name exact_match score 1.0 msg exact match, response: 8, target: 8
2026-08-11 11:56:35.047 | DEBUG    | eval.evaluation.evaluation:metric_call:77 - metric_func_name exact_match score 1.0 msg exact match, response: 9, target: 9
2026-08-11 11:56:35.047 | DEBUG    | eval.evaluation.evaluation:metric_call:77 - metric_func_name exact_match score 1.0 msg exact match, response: 10, target: 10
2026-08-11 11:56:35.047 | DEBUG    | eval.evaluation.evaluation:metric_call:77 - metric_func_name exact_match score 1.0 msg exact match, response: 1, target: 1
2026-08-11 11:56:35.048 | DEBUG    | eval.evaluation.evaluation:metric_call:77 - metric_func_name exact_match score 1.0 msg exact match, response: 2, target: 2
2026-08-11 11:56:35.048 | DEBUG    | eval.evaluation.evaluation:metric_call:77 - metric_func_name exact_match score 1.0 msg exact match, response: 3, target: 3
2026-08-11 11:56:35.048 | DEBUG    | eval.evaluation.evaluation:metric_call:77 - metric_func_name exact_match score 1.0 msg exact match, response: 4, target: 4
2026-08-11 11:56:35.048 | DEBUG    | eval.evaluation.evaluation:metric_call:77 - metric_func_name exact_match score 1.0 msg exact match, response: 5, target: 5
2026-08-11 11:56:35.048 | DEBUG    | eval.evaluation.evaluation:metric_call:77 - metric_func_name exact_match score 1.0 msg exact match, response: 6, target: 6
2026-08-11 11:56:35.048 | DEBUG    | eval.evaluation.evaluation:metric_call:77 - metric_func_name exact_match score 1.0 msg exact match, response: 7, target: 7
2026-08-11 11:56:35.048 | DEBUG    | eval.evaluation.evaluation:metric_call:77 - metric_func_name exact_match score 1.0 msg exact match, response: 8, target: 8
2026-08-11 11:56:35.048 | DEBUG    | eval.evaluation.evaluation:metric_call:77 - metric_func_name exact_match score 1.0 msg exact match, response: 9, target: 9
2026-08-11 11:56:35.048 | DEBUG    | eval.evaluation.evaluation:metric_call:77 - metric_func_name exact_match score 1.0 msg exact match, response: 10, target: 10
2026-08-11 11:56:35.048 | DEBUG    | eval.evaluation.evaluation:evaluate_single_query:321 - wide2deep_ws_en_071, col rank, metric_func_name exact_match, score [1.0, 1.0, 1.0, 1.0, 1.0, 1.0, 1.0, 1.0, 1.0, 1.0, 1.0, 1.0, 1.0, 1.0, 1.0, 1.0, 1.0, 1.0, 1.0, 1.0, 1.0, 1.0, 1.0, 1.0, 1.0, 1.0, 1.0, 1.0, 1.0, 1.0, 1.0, 1.0, 1.0, 1.0, 1.0, 1.0, 1.0, 1.0, 1.0, 1.0, 1.0, 1.0, 1.0, 1.0, 1.0, 1.0, 1.0, 1.0, 1.0, 1.0, 1.0, 1.0, 1.0, 1.0, 1.0, 1.0, 1.0, 1.0]
2026-08-11 11:56:35.049 | DEBUG    | eval.evaluation.evaluation:metric_call:77 - metric_func_name number_near score 1.0 msg number near in range 5.0%, response: 131.0, target: 131.0
2026-08-11 11:56:35.049 | DEBUG    | eval.evaluation.evaluation:metric_call:77 - metric_func_name number_near score 1.0 msg number near in range 5.0%, response: 96.5, target: 96.5
2026-08-11 11:56:35.049 | DEBUG    | eval.evaluation.evaluation:metric_call:77 - metric_func_name number_near score 1.0 msg number near in range 5.0%, response: 82.5, target: 82.5
2026-08-11 11:56:35.049 | DEBUG    | eval.evaluation.evaluation:metric_call:77 - metric_func_name number_near score 1.0 msg number near in range 5.0%, response: 62.7, target: 62.7
2026-08-11 11:56:35.049 | DEBUG    | eval.evaluation.evaluation:metric_call:77 - metric_func_name number_near score 1.0 msg number near in range 5.0%, response: 62.5, target: 62.5
2026-08-11 11:56:35.049 | DEBUG    | eval.evaluation.evaluation:metric_call:77 - metric_func_name number_near score 1.0 msg number near in range 5.0%, response: 62.3, target: 62.3
2026-08-11 11:56:35.049 | DEBUG    | eval.evaluation.evaluation:metric_call:77 - metric_func_name number_near score 1.0 msg number near in range 5.0%, response: 55.5, target: 55.5
2026-08-11 11:56:35.049 | DEBUG    | eval.evaluation.evaluation:metric_call:77 - metric_func_name number_near score 1.0 msg number near in range 5.0%, response: 50.8, target: 50.8
2026-08-11 11:56:35.049 | DEBUG    | eval.evaluation.evaluation:metric_call:77 - metric_func_name number_near score 1.0 msg number near in range 5.0%, response: 113.0, target: 113.0
2026-08-11 11:56:35.049 | DEBUG    | eval.evaluation.evaluation:metric_call:77 - metric_func_name number_near score 1.0 msg number near in range 5.0%, response: 98.0, target: 98.0
2026-08-11 11:56:35.049 | DEBUG    | eval.evaluation.evaluation:metric_call:77 - metric_func_name number_near score 1.0 msg number near in range 5.0%, response: 76.0, target: 76.0
2026-08-11 11:56:35.049 | DEBUG    | eval.evaluation.evaluation:metric_call:77 - metric_func_name number_near score 1.0 msg number near in range 5.0%, response: 67.5, target: 67.5
2026-08-11 11:56:35.049 | DEBUG    | eval.evaluation.evaluation:metric_call:77 - metric_func_name number_near score 1.0 msg number near in range 5.0%, response: 59.0, target: 59.0
2026-08-11 11:56:35.049 | DEBUG    | eval.evaluation.evaluation:metric_call:77 - metric_func_name number_near score 1.0 msg number near in range 5.0%, response: 55.1, target: 55.1
2026-08-11 11:56:35.050 | DEBUG    | eval.evaluation.evaluation:metric_call:77 - metric_func_name number_near score 1.0 msg number near in range 5.0%, response: 54.7, target: 54.7
2026-08-11 11:56:35.050 | DEBUG    | eval.evaluation.evaluation:metric_call:77 - metric_func_name number_near score 1.0 msg number near in range 5.0%, response: 54.6, target: 54.6
2026-08-11 11:56:35.050 | DEBUG    | eval.evaluation.evaluation:metric_call:77 - metric_func_name number_near score 1.0 msg number near in range 5.0%, response: 54.4, target: 54.4
2026-08-11 11:56:35.050 | DEBUG    | eval.evaluation.evaluation:metric_call:77 - metric_func_name number_near score 1.0 msg number near in range 5.0%, response: 54.1, target: 54.1
2026-08-11 11:56:35.050 | DEBUG    | eval.evaluation.evaluation:metric_call:77 - metric_func_name number_near score 1.0 msg number near in range 5.0%, response: 177.0, target: 177.0
2026-08-11 11:56:35.050 | DEBUG    | eval.evaluation.evaluation:metric_call:77 - metric_func_name number_near score 1.0 msg number near in range 5.0%, response: 151.0, target: 151.0
2026-08-11 11:56:35.050 | DEBUG    | eval.evaluation.evaluation:metric_call:77 - metric_func_name number_near score 1.0 msg number near in range 5.0%, response: 150.0, target: 150.0
2026-08-11 11:56:35.050 | DEBUG    | eval.evaluation.evaluation:metric_call:77 - metric_func_name number_near score 1.0 msg number near in range 5.0%, response: 124.0, target: 124.0
2026-08-11 11:56:35.050 | DEBUG    | eval.evaluation.evaluation:metric_call:77 - metric_func_name number_near score 1.0 msg number near in range 5.0%, response: 97.0, target: 97.0
2026-08-11 11:56:35.050 | DEBUG    | eval.evaluation.evaluation:metric_call:77 - metric_func_name number_near score 1.0 msg number near in range 5.0%, response: 96.0, target: 96.0
2026-08-11 11:56:35.050 | DEBUG    | eval.evaluation.evaluation:metric_call:77 - metric_func_name number_near score 1.0 msg number near in range 5.0%, response: 93.0, target: 93.0
2026-08-11 11:56:35.050 | DEBUG    | eval.evaluation.evaluation:metric_call:77 - metric_func_name number_near score 1.0 msg number near in range 5.0%, response: 91.5, target: 91.5
2026-08-11 11:56:35.050 | DEBUG    | eval.evaluation.evaluation:metric_call:77 - metric_func_name number_near score 1.0 msg number near in range 5.0%, response: 89.0, target: 89.0
2026-08-11 11:56:35.050 | DEBUG    | eval.evaluation.evaluation:metric_call:77 - metric_func_name number_near score 1.0 msg number near in range 5.0%, response: 84.5, target: 84.5
2026-08-11 11:56:35.050 | DEBUG    | eval.evaluation.evaluation:metric_call:77 - metric_func_name number_near score 1.0 msg number near in range 5.0%, response: 219.0, target: 219.0
2026-08-11 11:56:35.050 | DEBUG    | eval.evaluation.evaluation:metric_call:77 - metric_func_name number_near score 1.0 msg number near in range 5.0%, response: 171.0, target: 171.0
2026-08-11 11:56:35.050 | DEBUG    | eval.evaluation.evaluation:metric_call:77 - metric_func_name number_near score 1.0 msg number near in range 5.0%, response: 158.0, target: 158.0
2026-08-11 11:56:35.050 | DEBUG    | eval.evaluation.evaluation:metric_call:77 - metric_func_name number_near score 1.0 msg number near in range 5.0%, response: 129.0, target: 129.0
2026-08-11 11:56:35.050 | DEBUG    | eval.evaluation.evaluation:metric_call:77 - metric_func_name number_near score 1.0 msg number near in range 5.0%, response: 118.0, target: 118.0
2026-08-11 11:56:35.050 | DEBUG    | eval.evaluation.evaluation:metric_call:77 - metric_func_name number_near score 1.0 msg number near in range 5.0%, response: 111.0, target: 111.0
2026-08-11 11:56:35.050 | DEBUG    | eval.evaluation.evaluation:metric_call:77 - metric_func_name number_near score 1.0 msg number near in range 5.0%, response: 107.0, target: 107.0
2026-08-11 11:56:35.052 | DEBUG    | eval.evaluation.evaluation:metric_call:77 - metric_func_name number_near score 1.0 msg number near in range 5.0%, response: 106.0, target: 106.0
2026-08-11 11:56:35.052 | DEBUG    | eval.evaluation.evaluation:metric_call:77 - metric_func_name number_near score 1.0 msg number near in range 5.0%, response: 91.4, target: 91.4
2026-08-11 11:56:35.052 | DEBUG    | eval.evaluation.evaluation:metric_call:77 - metric_func_name number_near score 1.0 msg number near in range 5.0%, response: 90.7, target: 90.7
2026-08-11 11:56:35.052 | DEBUG    | eval.evaluation.evaluation:metric_call:77 - metric_func_name number_near score 1.0 msg number near in range 5.0%, response: 211.0, target: 211.0
2026-08-11 11:56:35.052 | DEBUG    | eval.evaluation.evaluation:metric_call:77 - metric_func_name number_near score 1.0 msg number near in range 5.0%, response: 180.0, target: 180.0
2026-08-11 11:56:35.052 | DEBUG    | eval.evaluation.evaluation:metric_call:77 - metric_func_name number_near score 1.0 msg number near in range 5.0%, response: 114.0, target: 114.0
2026-08-11 11:56:35.052 | DEBUG    | eval.evaluation.evaluation:metric_call:77 - metric_func_name number_near score 1.0 msg number near in range 5.0%, response: 107.0, target: 107.0
2026-08-11 11:56:35.052 | DEBUG    | eval.evaluation.evaluation:metric_call:77 - metric_func_name number_near score 1.0 msg number near in range 5.0%, response: 106.0, target: 106.0
2026-08-11 11:56:35.052 | DEBUG    | eval.evaluation.evaluation:metric_call:77 - metric_func_name number_near score 1.0 msg number near in range 5.0%, response: 104.0, target: 104.0
2026-08-11 11:56:35.052 | DEBUG    | eval.evaluation.evaluation:metric_call:77 - metric_func_name number_near score 1.0 msg number near in range 5.0%, response: 94.5, target: 94.5
2026-08-11 11:56:35.052 | DEBUG    | eval.evaluation.evaluation:metric_call:77 - metric_func_name number_near score 1.0 msg number near in range 5.0%, response: 93.0, target: 93.0
2026-08-11 11:56:35.053 | DEBUG    | eval.evaluation.evaluation:metric_call:77 - metric_func_name number_near score 1.0 msg number near in range 5.0%, response: 83.4, target: 83.4
2026-08-11 11:56:35.053 | DEBUG    | eval.evaluation.evaluation:metric_call:77 - metric_func_name number_near score 1.0 msg number near in range 5.0%, response: 80.7, target: 80.7
2026-08-11 11:56:35.053 | DEBUG    | eval.evaluation.evaluation:metric_call:77 - metric_func_name number_near score 1.0 msg number near in range 5.0%, response: 233.0, target: 233.0
2026-08-11 11:56:35.053 | DEBUG    | eval.evaluation.evaluation:metric_call:77 - metric_func_name number_near score 1.0 msg number near in range 5.0%, response: 195.0, target: 195.0
2026-08-11 11:56:35.053 | DEBUG    | eval.evaluation.evaluation:metric_call:77 - metric_func_name number_near score 1.0 msg number near in range 5.0%, response: 194.0, target: 194.0
2026-08-11 11:56:35.053 | DEBUG    | eval.evaluation.evaluation:metric_call:77 - metric_func_name number_near score 1.0 msg number near in range 5.0%, response: 177.0, target: 177.0
2026-08-11 11:56:35.053 | DEBUG    | eval.evaluation.evaluation:metric_call:77 - metric_func_name number_near score 1.0 msg number near in range 5.0%, response: 141.0, target: 141.0
2026-08-11 11:56:35.053 | DEBUG    | eval.evaluation.evaluation:metric_call:77 - metric_func_name number_near score 1.0 msg number near in range 5.0%, response: 133.0, target: 133.0
2026-08-11 11:56:35.053 | DEBUG    | eval.evaluation.evaluation:metric_call:77 - metric_func_name number_near score 1.0 msg number near in range 5.0%, response: 128.0, target: 128.0
2026-08-11 11:56:35.053 | DEBUG    | eval.evaluation.evaluation:metric_call:77 - metric_func_name number_near score 1.0 msg number near in range 5.0%, response: 121.0, target: 121.0
2026-08-11 11:56:35.053 | DEBUG    | eval.evaluation.evaluation:metric_call:77 - metric_func_name number_near score 1.0 msg number near in range 5.0%, response: 116.0, target: 116.0
2026-08-11 11:56:35.053 | DEBUG    | eval.evaluation.evaluation:metric_call:77 - metric_func_name number_near score 1.0 msg number near in range 5.0%, response: 114.0, target: 114.0
2026-08-11 11:56:35.054 | DEBUG    | eval.evaluation.evaluation:evaluate_single_query:321 - wide2deep_ws_en_071, col networth(inusdbillions), metric_func_name number_near, score [1.0, 1.0, 1.0, 1.0, 1.0, 1.0, 1.0, 1.0, 1.0, 1.0, 1.0, 1.0, 1.0, 1.0, 1.0, 1.0, 1.0, 1.0, 1.0, 1.0, 1.0, 1.0, 1.0, 1.0, 1.0, 1.0, 1.0, 1.0, 1.0, 1.0, 1.0, 1.0, 1.0, 1.0, 1.0, 1.0, 1.0, 1.0, 1.0, 1.0, 1.0, 1.0, 1.0, 1.0, 1.0, 1.0, 1.0, 1.0, 1.0, 1.0, 1.0, 1.0, 1.0, 1.0, 1.0, 1.0, 1.0, 1.0]
2026-08-11 11:56:35.054 | DEBUG    | eval.evaluation.evaluation:metric_call:77 - metric_func_name exact_match score 1.0 msg exact match, response: 55, target: 55
2026-08-11 11:56:35.054 | DEBUG    | eval.evaluation.evaluation:metric_call:77 - metric_func_name exact_match score 1.0 msg exact match, response: 63, target: 63
2026-08-11 11:56:35.054 | DEBUG    | eval.evaluation.evaluation:metric_call:77 - metric_func_name exact_match score 1.0 msg exact match, response: 88, target: 88
2026-08-11 11:56:35.054 | DEBUG    | eval.evaluation.evaluation:metric_call:77 - metric_func_name exact_match score 1.0 msg exact match, response: 82, target: 82
2026-08-11 11:56:35.054 | DEBUG    | eval.evaluation.evaluation:metric_call:77 - metric_func_name exact_match score 1.0 msg exact match, response: 74, target: 74
2026-08-11 11:56:35.054 | DEBUG    | eval.evaluation.evaluation:metric_call:77 - metric_func_name exact_match score 1.0 msg exact match, response: 34, target: 34
2026-08-11 11:56:35.054 | DEBUG    | eval.evaluation.evaluation:metric_call:77 - metric_func_name exact_match score 1.0 msg exact match, response: 77, target: 77
2026-08-11 11:56:35.054 | DEBUG    | eval.evaluation.evaluation:metric_call:77 - metric_func_name exact_match score 1.0 msg exact match, response: 45, target: 45
2026-08-11 11:56:35.054 | DEBUG    | eval.evaluation.evaluation:metric_call:77 - metric_func_name exact_match score 1.0 msg exact match, response: 56, target: 56
2026-08-11 11:56:35.054 | DEBUG    | eval.evaluation.evaluation:metric_call:77 - metric_func_name exact_match score 1.0 msg exact match, response: 64, target: 64
2026-08-11 11:56:35.054 | DEBUG    | eval.evaluation.evaluation:metric_call:77 - metric_func_name exact_match score 1.0 msg exact match, response: 71, target: 71
2026-08-11 11:56:35.054 | DEBUG    | eval.evaluation.evaluation:metric_call:77 - metric_func_name exact_match score 1.0 msg exact match, response: 89, target: 89
2026-08-11 11:56:35.054 | DEBUG    | eval.evaluation.evaluation:metric_call:77 - metric_func_name exact_match score 1.0 msg exact match, response: 75, target: 75
2026-08-11 11:56:35.054 | DEBUG    | eval.evaluation.evaluation:metric_call:77 - metric_func_name exact_match score 1.0 msg exact match, response: 84, target: 84
2026-08-11 11:56:35.054 | DEBUG    | eval.evaluation.evaluation:metric_call:77 - metric_func_name exact_match score 1.0 msg exact match, response: 35, target: 35
2026-08-11 11:56:35.054 | DEBUG    | eval.evaluation.evaluation:metric_call:77 - metric_func_name exact_match score 1.0 msg exact match, response: 71, target: 71
2026-08-11 11:56:35.054 | DEBUG    | eval.evaluation.evaluation:metric_call:77 - metric_func_name exact_match score 1.0 msg exact match, response: 70, target: 70
2026-08-11 11:56:35.054 | DEBUG    | eval.evaluation.evaluation:metric_call:77 - metric_func_name exact_match score 1.0 msg exact match, response: 75, target: 75
2026-08-11 11:56:35.054 | DEBUG    | eval.evaluation.evaluation:metric_call:77 - metric_func_name exact_match score 1.0 msg exact match, response: 57, target: 57
2026-08-11 11:56:35.055 | DEBUG    | eval.evaluation.evaluation:metric_call:77 - metric_func_name exact_match score 1.0 msg exact match, response: 49, target: 49
2026-08-11 11:56:35.055 | DEBUG    | eval.evaluation.evaluation:metric_call:77 - metric_func_name exact_match score 1.0 msg exact match, response: 72, target: 72
2026-08-11 11:56:35.055 | DEBUG    | eval.evaluation.evaluation:metric_call:77 - metric_func_name exact_match score 1.0 msg exact match, response: 65, target: 65
2026-08-11 11:56:35.055 | DEBUG    | eval.evaluation.evaluation:metric_call:77 - metric_func_name exact_match score 1.0 msg exact match, response: 36, target: 36
2026-08-11 11:56:35.055 | DEBUG    | eval.evaluation.evaluation:metric_call:77 - metric_func_name exact_match score 1.0 msg exact match, response: 90, target: 90
2026-08-11 11:56:35.055 | DEBUG    | eval.evaluation.evaluation:metric_call:77 - metric_func_name exact_match score 1.0 msg exact match, response: 76, target: 76
2026-08-11 11:56:35.055 | DEBUG    | eval.evaluation.evaluation:metric_call:77 - metric_func_name exact_match score 1.0 msg exact match, response: 48, target: 48
2026-08-11 11:56:35.055 | DEBUG    | eval.evaluation.evaluation:metric_call:77 - metric_func_name exact_match score 1.0 msg exact match, response: 47, target: 47
2026-08-11 11:56:35.055 | DEBUG    | eval.evaluation.evaluation:metric_call:77 - metric_func_name exact_match score 1.0 msg exact match, response: 63, target: 63
2026-08-11 11:56:35.055 | DEBUG    | eval.evaluation.evaluation:metric_call:77 - metric_func_name exact_match score 1.0 msg exact match, response: 50, target: 50
2026-08-11 11:56:35.055 | DEBUG    | eval.evaluation.evaluation:metric_call:77 - metric_func_name exact_match score 1.0 msg exact match, response: 58, target: 58
2026-08-11 11:56:35.055 | DEBUG    | eval.evaluation.evaluation:metric_call:77 - metric_func_name exact_match score 1.0 msg exact match, response: 73, target: 73
2026-08-11 11:56:35.055 | DEBUG    | eval.evaluation.evaluation:metric_call:77 - metric_func_name exact_match score 1.0 msg exact match, response: 66, target: 66
2026-08-11 11:56:35.055 | DEBUG    | eval.evaluation.evaluation:metric_call:77 - metric_func_name exact_match score 1.0 msg exact match, response: 91, target: 91
2026-08-11 11:56:35.055 | DEBUG    | eval.evaluation.evaluation:metric_call:77 - metric_func_name exact_match score 1.0 msg exact match, response: 49, target: 49
2026-08-11 11:56:35.055 | DEBUG    | eval.evaluation.evaluation:metric_call:77 - metric_func_name exact_match score 1.0 msg exact match, response: 48, target: 48
2026-08-11 11:56:35.055 | DEBUG    | eval.evaluation.evaluation:metric_call:77 - metric_func_name exact_match score 1.0 msg exact match, response: 77, target: 77
2026-08-11 11:56:35.055 | DEBUG    | eval.evaluation.evaluation:metric_call:77 - metric_func_name exact_match score 1.0 msg exact match, response: 66, target: 66
2026-08-11 11:56:35.055 | DEBUG    | eval.evaluation.evaluation:metric_call:77 - metric_func_name exact_match score 1.0 msg exact match, response: 64, target: 64
2026-08-11 11:56:35.055 | DEBUG    | eval.evaluation.evaluation:metric_call:77 - metric_func_name exact_match score 1.0 msg exact match, response: 74, target: 74
2026-08-11 11:56:35.055 | DEBUG    | eval.evaluation.evaluation:metric_call:77 - metric_func_name exact_match score 1.0 msg exact match, response: 51, target: 51
2026-08-11 11:56:35.055 | DEBUG    | eval.evaluation.evaluation:metric_call:77 - metric_func_name exact_match score 1.0 msg exact match, response: 59, target: 59
2026-08-11 11:56:35.055 | DEBUG    | eval.evaluation.evaluation:metric_call:77 - metric_func_name exact_match score 1.0 msg exact match, response: 78, target: 78
2026-08-11 11:56:35.055 | DEBUG    | eval.evaluation.evaluation:metric_call:77 - metric_func_name exact_match score 1.0 msg exact match, response: 92, target: 92
2026-08-11 11:56:35.055 | DEBUG    | eval.evaluation.evaluation:metric_call:77 - metric_func_name exact_match score 1.0 msg exact match, response: 67, target: 67
2026-08-11 11:56:35.055 | DEBUG    | eval.evaluation.evaluation:metric_call:77 - metric_func_name exact_match score 1.0 msg exact match, response: 81, target: 81
2026-08-11 11:56:35.055 | DEBUG    | eval.evaluation.evaluation:metric_call:77 - metric_func_name exact_match score 1.0 msg exact match, response: 83, target: 83
2026-08-11 11:56:35.055 | DEBUG    | eval.evaluation.evaluation:metric_call:77 - metric_func_name exact_match score 1.0 msg exact match, response: 65, target: 65
2026-08-11 11:56:35.055 | DEBUG    | eval.evaluation.evaluation:metric_call:77 - metric_func_name exact_match score 1.0 msg exact match, response: 67, target: 67
2026-08-11 11:56:35.055 | DEBUG    | eval.evaluation.evaluation:metric_call:77 - metric_func_name exact_match score 1.0 msg exact match, response: 75, target: 75
2026-08-11 11:56:35.056 | DEBUG    | eval.evaluation.evaluation:metric_call:77 - metric_func_name exact_match score 1.0 msg exact match, response: 52, target: 52
2026-08-11 11:56:35.056 | DEBUG    | eval.evaluation.evaluation:metric_call:77 - metric_func_name exact_match score 1.0 msg exact match, response: 60, target: 60
2026-08-11 11:56:35.056 | DEBUG    | eval.evaluation.evaluation:metric_call:77 - metric_func_name exact_match score 1.0 msg exact match, response: 39, target: 39
2026-08-11 11:56:35.056 | DEBUG    | eval.evaluation.evaluation:metric_call:77 - metric_func_name exact_match score 1.0 msg exact match, response: 79, target: 79
2026-08-11 11:56:35.056 | DEBUG    | eval.evaluation.evaluation:metric_call:77 - metric_func_name exact_match score 1.0 msg exact match, response: 93, target: 93
2026-08-11 11:56:35.056 | DEBUG    | eval.evaluation.evaluation:metric_call:77 - metric_func_name exact_match score 1.0 msg exact match, response: 68, target: 68
2026-08-11 11:56:35.056 | DEBUG    | eval.evaluation.evaluation:metric_call:77 - metric_func_name exact_match score 1.0 msg exact match, response: 68, target: 68
2026-08-11 11:56:35.056 | DEBUG    | eval.evaluation.evaluation:metric_call:77 - metric_func_name exact_match score 1.0 msg exact match, response: 66, target: 66
2026-08-11 11:56:35.056 | DEBUG    | eval.evaluation.evaluation:metric_call:77 - metric_func_name exact_match score 1.0 msg exact match, response: 51, target: 51
2026-08-11 11:56:35.056 | DEBUG    | eval.evaluation.evaluation:evaluate_single_query:321 - wide2deep_ws_en_071, col age, metric_func_name exact_match, score [1.0, 1.0, 1.0, 1.0, 1.0, 1.0, 1.0, 1.0, 1.0, 1.0, 1.0, 1.0, 1.0, 1.0, 1.0, 1.0, 1.0, 1.0, 1.0, 1.0, 1.0, 1.0, 1.0, 1.0, 1.0, 1.0, 1.0, 1.0, 1.0, 1.0, 1.0, 1.0, 1.0, 1.0, 1.0, 1.0, 1.0, 1.0, 1.0, 1.0, 1.0, 1.0, 1.0, 1.0, 1.0, 1.0, 1.0, 1.0, 1.0, 1.0, 1.0, 1.0, 1.0, 1.0, 1.0, 1.0, 1.0, 1.0]
2026-08-11 11:56:47.022 | DEBUG    | eval.evaluation.evaluation:evaluate_single_query:321 - wide2deep_ws_en_071, col sourceofwealth, metric_func_name llm_judge, score [1, 1, 1, 1, 0, 1, 1, 1, 1, 1, 1, 1, 0, 1, 1, 1, 1, 1, 1, 1, 1, 1, 1, 1, 0, 1, 1, 0, 1, 1, 1, 1, 1, 1, 1, 0, 1, 0, 1, 1, 1, 1, 1, 1, 1, 1, 0, 1, 1, 0, 1, 1, 1, 1, 1, 1, 0, 1]
2026-08-11 11:56:47.028 | INFO     | eval.evaluation.evaluation:evaluate_single_query:380 - wide2deep_ws_en_071, P/R/F1 by unique_columns: 0.9667/0.9667/0.9667
2026-08-11 11:56:47.028 | INFO     | eval.evaluation.evaluation:evaluate_single_query:383 - wide2deep_ws_en_071, P/R/F1 by row: 0.8167/0.8167/0.8167
2026-08-11 11:56:47.028 | INFO     | eval.evaluation.evaluation:evaluate_single_query:386 - wide2deep_ws_en_071, P/R/F1 by item: 0.9417/0.9417/0.9417
2026-08-11 11:56:47.034 | INFO     | eval.evaluation.evaluation:evaluate_single_query:398 - wide2deep_ws_en_071, final table score: 0.0
{"event": "eval_done", "idx": 4, "instance_id": "wide2deep_ws_en_071", "score": 0.0, "entity_acc": 1.0, "f1_by_row": 0.8166666666666667, "f1_by_item": 0.9416666666666667, "column_f1": 0.9666666666666667, "error": null, "elapsed_seconds": 21.475, "running_n": 4}
2026-08-11 11:56:50.004 | DEBUG    | eval.evaluation.data_loader:extract_dataframe:167 - find markdown_str 
| League | Season | Champion Club | MVP Player | Club | Rating  ...
2026-08-11 11:56:53.315 | INFO     | eval.evaluation.metric_utils:primary_key_preprocess:246 - primary_key_preprocess result: ```json
{
  "Premier League": "Premier League",
  "La Liga": "La Liga",
  "Serie A": "Serie A",
  "Bundesliga": "Bundesliga",
  "Ligue 1": "Ligue 1"
}
```
2026-08-11 11:56:53.315 | INFO     | eval.evaluation.evaluation:evaluate_single_query:223 - col: league, primary_key_map {'Premier League': 'Premier League', 'La Liga': 'La Liga', 'Serie A': 'Serie A', 'Bundesliga': 'Bundesliga', 'Ligue 1': 'Ligue 1'}
2026-08-11 11:56:56.112 | INFO     | eval.evaluation.metric_utils:primary_key_preprocess:246 - primary_key_preprocess result: ```json
{
  "2020–21": "2020-21",
  "2021–22": "2021-22",
  "2022–23": "2022-23",
  "2023–24": "2023-24",
  "2024–25": "2024-25"
}
```
2026-08-11 11:56:56.112 | INFO     | eval.evaluation.evaluation:evaluate_single_query:223 - col: season, primary_key_map {'2020–21': '2020-21', '2021–22': '2021-22', '2022–23': '2022-23', '2023–24': '2023-24', '2024–25': '2024-25'}
2026-08-11 11:56:56.119 | INFO     | eval.evaluation.evaluation:evaluate_single_query:275 - wide2deep_ws_en_083, df_inner shape: (25, 12), answer_df shape: (25, 6), response_df shape: (25, 8)
2026-08-11 11:57:01.322 | DEBUG    | eval.evaluation.evaluation:evaluate_single_query:321 - wide2deep_ws_en_083, col championclub, metric_func_name llm_judge, score [1, 1, 1, 1, 1, 1, 1, 1, 1, 1, 1, 1, 1, 1, 1, 1, 1, 1, 1, 1, 1, 1, 1, 1, 1]
2026-08-11 11:57:06.731 | DEBUG    | eval.evaluation.evaluation:evaluate_single_query:321 - wide2deep_ws_en_083, col mvpplayer, metric_func_name llm_judge, score [1, 0, 1, 1, 0, 0, 1, 1, 1, 0, 1, 1, 1, 1, 1, 1, 0, 1, 1, 1, 0, 1, 0, 1, 0]
2026-08-11 11:57:11.416 | DEBUG    | eval.evaluation.evaluation:evaluate_single_query:321 - wide2deep_ws_en_083, col club, metric_func_name llm_judge, score [1, 1, 1, 1, 1, 0, 1, 1, 1, 0, 1, 1, 1, 1, 1, 1, 0, 1, 1, 1, 0, 1, 0, 1, 0]
2026-08-11 11:57:11.416 | DEBUG    | eval.evaluation.evaluation:metric_call:77 - metric_func_name exact_match score 0.0 msg exact not match, response: 8.07, target: 7.83
2026-08-11 11:57:11.416 | DEBUG    | eval.evaluation.evaluation:metric_call:77 - metric_func_name exact_match score 0.0 msg exact not match, response: 8.13, target: 7.79
2026-08-11 11:57:11.416 | DEBUG    | eval.evaluation.evaluation:metric_call:77 - metric_func_name exact_match score 0.0 msg exact not match, response: 7.72, target: 7.73
2026-08-11 11:57:11.416 | DEBUG    | eval.evaluation.evaluation:metric_call:77 - metric_func_name exact_match score 0.0 msg exact not match, response: 8.0, target: 7.76
2026-08-11 11:57:11.416 | DEBUG    | eval.evaluation.evaluation:metric_call:77 - metric_func_name exact_match score 0.0 msg exact not match, response: 7.86, target: 7.91
2026-08-11 11:57:11.416 | DEBUG    | eval.evaluation.evaluation:metric_call:77 - metric_func_name exact_match score 0.0 msg exact not match, response: 8.19, target: 7.59
2026-08-11 11:57:11.416 | DEBUG    | eval.evaluation.evaluation:metric_call:77 - metric_func_name exact_match score 0.0 msg exact not match, response: 8.04, target: 7.77
2026-08-11 11:57:11.416 | DEBUG    | eval.evaluation.evaluation:metric_call:77 - metric_func_name exact_match score 1.0 msg exact match, response: 8.11, target: 8.11
2026-08-11 11:57:11.416 | DEBUG    | eval.evaluation.evaluation:metric_call:77 - metric_func_name exact_match score 1.0 msg exact match, response: 7.89, target: 7.89
2026-08-11 11:57:11.416 | DEBUG    | eval.evaluation.evaluation:metric_call:77 - metric_func_name exact_match score 0.0 msg exact not match, response: 7.98, target: 7.76
2026-08-11 11:57:11.416 | DEBUG    | eval.evaluation.evaluation:metric_call:77 - metric_func_name exact_match score 0.0 msg exact not match, response: 8.52, target: 8.33
2026-08-11 11:57:11.416 | DEBUG    | eval.evaluation.evaluation:metric_call:77 - metric_func_name exact_match score 0.0 msg exact not match, response: 7.67, target: 7.73
2026-08-11 11:57:11.417 | DEBUG    | eval.evaluation.evaluation:metric_call:77 - metric_func_name exact_match score 0.0 msg exact not match, response: 7.69, target: 7.74
2026-08-11 11:57:11.417 | DEBUG    | eval.evaluation.evaluation:metric_call:77 - metric_func_name exact_match score 0.0 msg exact not match, response: 7.97, target: 8.05
2026-08-11 11:57:11.417 | DEBUG    | eval.evaluation.evaluation:metric_call:77 - metric_func_name exact_match score 1.0 msg exact match, response: 7.8, target: 7.8
2026-08-11 11:57:11.417 | DEBUG    | eval.evaluation.evaluation:metric_call:77 - metric_func_name exact_match score 0.0 msg exact not match, response: 7.79, target: 7.63
2026-08-11 11:57:11.417 | DEBUG    | eval.evaluation.evaluation:metric_call:77 - metric_func_name exact_match score 0.0 msg exact not match, response: 7.71, target: 7.78
2026-08-11 11:57:11.417 | DEBUG    | eval.evaluation.evaluation:metric_call:77 - metric_func_name exact_match score 0.0 msg exact not match, response: 7.61, target: 7.78
2026-08-11 11:57:11.417 | DEBUG    | eval.evaluation.evaluation:metric_call:77 - metric_func_name exact_match score 0.0 msg exact not match, response: 7.91, target: 8.01
2026-08-11 11:57:11.417 | DEBUG    | eval.evaluation.evaluation:metric_call:77 - metric_func_name exact_match score 1.0 msg exact match, response: 7.78, target: 7.78
2026-08-11 11:57:11.417 | DEBUG    | eval.evaluation.evaluation:metric_call:77 - metric_func_name exact_match score 0.0 msg exact not match, response: 7.61, target: 7.55
2026-08-11 11:57:11.417 | DEBUG    | eval.evaluation.evaluation:metric_call:77 - metric_func_name exact_match score 0.0 msg exact not match, response: 7.44, target: 7.59
2026-08-11 11:57:11.417 | DEBUG    | eval.evaluation.evaluation:metric_call:77 - metric_func_name exact_match score 0.0 msg exact not match, response: 7.43, target: 7.31
2026-08-11 11:57:11.417 | DEBUG    | eval.evaluation.evaluation:metric_call:77 - metric_func_name exact_match score 0.0 msg exact not match, response: 7.64, target: 7.68
2026-08-11 11:57:11.417 | DEBUG    | eval.evaluation.evaluation:metric_call:77 - metric_func_name exact_match score 0.0 msg exact not match, response: 7.43, target: 7.34
2026-08-11 11:57:11.418 | DEBUG    | eval.evaluation.evaluation:evaluate_single_query:321 - wide2deep_ws_en_083, col rating, metric_func_name exact_match, score [0.0, 0.0, 0.0, 0.0, 0.0, 0.0, 0.0, 1.0, 1.0, 0.0, 0.0, 0.0, 0.0, 0.0, 1.0, 0.0, 0.0, 0.0, 0.0, 1.0, 0.0, 0.0, 0.0, 0.0, 0.0]
2026-08-11 11:57:11.422 | INFO     | eval.evaluation.evaluation:evaluate_single_query:380 - wide2deep_ws_en_083, P/R/F1 by unique_columns: 1.0000/1.0000/1.0000
2026-08-11 11:57:11.422 | INFO     | eval.evaluation.evaluation:evaluate_single_query:383 - wide2deep_ws_en_083, P/R/F1 by row: 0.1600/0.1600/0.1600
2026-08-11 11:57:11.422 | INFO     | eval.evaluation.evaluation:evaluate_single_query:386 - wide2deep_ws_en_083, P/R/F1 by item: 0.7667/0.7667/0.7667
2026-08-11 11:57:11.425 | INFO     | eval.evaluation.evaluation:evaluate_single_query:398 - wide2deep_ws_en_083, final table score: 0.0
{"event": "eval_done", "idx": 5, "instance_id": "wide2deep_ws_en_083", "score": 0.0, "entity_acc": 1.0, "f1_by_row": 0.16, "f1_by_item": 0.7666666666666667, "column_f1": 1.0, "error": null, "elapsed_seconds": 24.343, "running_n": 5}
2026-08-11 11:57:14.314 | DEBUG    | eval.evaluation.data_loader:extract_dataframe:167 - find markdown_str 
| 年份 | 赛事 | 地点 | 进攻 | 拦网 | 发球 | 总计 | 名次 |
| --- | --- | --- | - ...
2026-08-11 11:57:17.884 | INFO     | eval.evaluation.metric_utils:primary_key_preprocess:246 - primary_key_preprocess result: ```json
{
  "世界女子排球锦标赛": "女排世锦赛",
  "女排世界杯": "女排世界杯",
  "里约奥运会女排比赛": "奥运会",
  "世界女排联赛": "世界女排联赛（替补）",
  "东京奥运会女排比赛": "奥运会"
}
```
2026-08-11 11:57:17.884 | INFO     | eval.evaluation.evaluation:evaluate_single_query:223 - col: 赛事, primary_key_map {'世界女子排球锦标赛': '女排世锦赛', '女排世界杯': '女排世界杯', '里约奥运会女排比赛': '奥运会', '世界女排联赛': '世界女排联赛（替补）', '东京奥运会女排比赛': '奥运会'}
2026-08-11 11:57:17.932 | INFO     | eval.evaluation.evaluation:evaluate_single_query:275 - deep2wide_result_12_张常宁, df_inner shape: (4, 15), answer_df shape: (5, 8), response_df shape: (8, 9)
2026-08-11 11:57:20.889 | DEBUG    | eval.evaluation.evaluation:evaluate_single_query:321 - deep2wide_result_12_张常宁, col 地点, metric_func_name llm_judge, score [1, 1, 1, 1]
2026-08-11 11:57:20.890 | DEBUG    | eval.evaluation.evaluation:metric_call:77 - metric_func_name number_near score 0.0 msg number not near, response: 90.0, target: 47.0
2026-08-11 11:57:20.890 | DEBUG    | eval.evaluation.evaluation:metric_call:77 - metric_func_name number_near score 0.0 msg number not near, response: 79.0, target: 67.0
2026-08-11 11:57:20.890 | DEBUG    | eval.evaluation.evaluation:metric_call:77 - metric_func_name number_near score 0.0 msg number not near, response: 103.0, target: 97.0
2026-08-11 11:57:20.890 | DEBUG    | eval.evaluation.evaluation:metric_call:77 - metric_func_name number_near score 0.0 msg number not near, response: 51.0, target: 48.0
2026-08-11 11:57:20.890 | DEBUG    | eval.evaluation.evaluation:evaluate_single_query:321 - deep2wide_result_12_张常宁, col 进攻, metric_func_name number_near, score [0.0, 0.0, 0.0, 0.0]
2026-08-11 11:57:20.891 | DEBUG    | eval.evaluation.evaluation:metric_call:77 - metric_func_name number_near score 0.0 msg number not near, response: 11.0, target: 4.0
2026-08-11 11:57:20.891 | DEBUG    | eval.evaluation.evaluation:metric_call:77 - metric_func_name number_near score 0.0 msg number not near, response: 7.0, target: 15.0
2026-08-11 11:57:20.891 | DEBUG    | eval.evaluation.evaluation:metric_call:77 - metric_func_name number_near score 0.0 msg number not near, response: 13.0, target: 10.0
2026-08-11 11:57:20.891 | DEBUG    | eval.evaluation.evaluation:metric_call:77 - metric_func_name number_near score 0.0 msg number not near, response: 5.0, target: 8.0
2026-08-11 11:57:20.891 | DEBUG    | eval.evaluation.evaluation:evaluate_single_query:321 - deep2wide_result_12_张常宁, col 拦网, metric_func_name number_near, score [0.0, 0.0, 0.0, 0.0]
2026-08-11 11:57:20.892 | DEBUG    | eval.evaluation.evaluation:metric_call:77 - metric_func_name number_near score 0.0 msg number not near, response: 12.0, target: 5.0
2026-08-11 11:57:20.892 | DEBUG    | eval.evaluation.evaluation:metric_call:77 - metric_func_name number_near score 0.0 msg number not near, response: 5.0, target: 1.0
2026-08-11 11:57:20.892 | DEBUG    | eval.evaluation.evaluation:metric_call:77 - metric_func_name number_near score 0.0 msg number not near, response: 11.0, target: 10.0
2026-08-11 11:57:20.892 | DEBUG    | eval.evaluation.evaluation:metric_call:77 - metric_func_name number_near score 1.0 msg number near in range 5.0%, response: 4.0, target: 4.0
2026-08-11 11:57:20.892 | DEBUG    | eval.evaluation.evaluation:evaluate_single_query:321 - deep2wide_result_12_张常宁, col 发球, metric_func_name number_near, score [0.0, 0.0, 0.0, 1.0]
2026-08-11 11:57:20.892 | DEBUG    | eval.evaluation.evaluation:metric_call:77 - metric_func_name number_near score 0.0 msg number not near, response: 113.0, target: 56.0
2026-08-11 11:57:20.893 | DEBUG    | eval.evaluation.evaluation:metric_call:77 - metric_func_name number_near score 0.0 msg number not near, response: 91.0, target: 83.0
2026-08-11 11:57:20.893 | DEBUG    | eval.evaluation.evaluation:metric_call:77 - metric_func_name number_near score 0.0 msg number not near, response: 127.0, target: 117.0
2026-08-11 11:57:20.893 | DEBUG    | eval.evaluation.evaluation:metric_call:77 - metric_func_name number_near score 1.0 msg number near in range 5.0%, response: 60.0, target: 60.0
2026-08-11 11:57:20.893 | DEBUG    | eval.evaluation.evaluation:evaluate_single_query:321 - deep2wide_result_12_张常宁, col 总计, metric_func_name number_near, score [0.0, 0.0, 0.0, 1.0]
2026-08-11 11:57:20.893 | DEBUG    | eval.evaluation.evaluation:metric_call:77 - metric_func_name exact_match score 0.0 msg exact not match, response: 冠军, target: 第一名
2026-08-11 11:57:20.893 | DEBUG    | eval.evaluation.evaluation:metric_call:77 - metric_func_name exact_match score 0.0 msg exact not match, response: 季军, target: 第三名
2026-08-11 11:57:20.893 | DEBUG    | eval.evaluation.evaluation:metric_call:77 - metric_func_name exact_match score 0.0 msg exact not match, response: 冠军, target: 第四名
2026-08-11 11:57:20.894 | DEBUG    | eval.evaluation.evaluation:metric_call:77 - metric_func_name exact_match score 0.0 msg exact not match, response: 第9名, target: 第九名
2026-08-11 11:57:20.894 | DEBUG    | eval.evaluation.evaluation:evaluate_single_query:321 - deep2wide_result_12_张常宁, col 名次, metric_func_name exact_match, score [0.0, 0.0, 0.0, 0.0]
2026-08-11 11:57:20.901 | INFO     | eval.evaluation.evaluation:evaluate_single_query:380 - deep2wide_result_12_张常宁, P/R/F1 by unique_columns: 0.5000/0.8000/0.6154
2026-08-11 11:57:20.901 | INFO     | eval.evaluation.evaluation:evaluate_single_query:383 - deep2wide_result_12_张常宁, P/R/F1 by row: 0.0000/0.0000/0.0000
2026-08-11 11:57:20.901 | INFO     | eval.evaluation.evaluation:evaluate_single_query:386 - deep2wide_result_12_张常宁, P/R/F1 by item: 0.2188/0.3500/0.2692
2026-08-11 11:57:20.903 | INFO     | eval.evaluation.evaluation:evaluate_single_query:398 - deep2wide_result_12_张常宁, final table score: 0.0
{"event": "eval_done", "idx": 6, "instance_id": "deep2wide_result_12_张常宁", "score": 0.0, "entity_acc": 1.0, "f1_by_row": 0.0, "f1_by_item": 0.2692307692307692, "column_f1": 0.6153846153846154, "error": null, "elapsed_seconds": 9.461, "running_n": 6}
2026-08-11 11:57:27.033 | DEBUG    | eval.evaluation.data_loader:extract_dataframe:167 - find markdown_str 
| 获奖作品 | 获奖时间 | 奖项名称 | 获奖结果 | 片长 | 电影类型 |
| --- | --- | --- | - ...
2026-08-11 11:57:34.407 | INFO     | eval.evaluation.metric_utils:primary_key_preprocess:246 - primary_key_preprocess result: ```json
{
  "被遗忘的人（Los olvidados）": "被遗忘的人",
  "纳萨林（Nazarín）": "纳萨林",
  "少女（The Young One / La joven）": "少女",
  "维莉蒂安娜（Viridiana）": "维莉迪安娜",
  "泯灭天使（El ángel exterminador）": "泯灭天使"
}
```
2026-08-11 11:57:34.408 | INFO     | eval.evaluation.evaluation:evaluate_single_query:223 - col: 获奖作品, primary_key_map {'被遗忘的人（Los olvidados）': '被遗忘的人', '纳萨林（Nazarín）': '纳萨林', '少女（The Young One / La joven）': '少女', '维莉蒂安娜（Viridiana）': '维莉迪安娜', '泯灭天使（El ángel exterminador）': '泯灭天使'}
2026-08-11 11:57:34.425 | INFO     | eval.evaluation.evaluation:evaluate_single_query:275 - deep2wide_result_18_路易斯·布努埃尔, df_inner shape: (5, 12), answer_df shape: (7, 6), response_df shape: (5, 7)
2026-08-11 11:57:34.428 | DEBUG    | eval.evaluation.evaluation:metric_call:77 - metric_func_name date_near score 1.0 msg date near, response: 1962-08-01 00:00:00, target: 1962-08-01 00:00:00
2026-08-11 11:57:34.430 | DEBUG    | eval.evaluation.evaluation:metric_call:77 - metric_func_name date_near score 1.0 msg date near, response: 1961-08-01 00:00:00, target: 1961-08-01 00:00:00
2026-08-11 11:57:34.433 | DEBUG    | eval.evaluation.evaluation:metric_call:77 - metric_func_name date_near score 1.0 msg date near, response: 1960-08-01 00:00:00, target: 1960-08-01 00:00:00
2026-08-11 11:57:34.435 | DEBUG    | eval.evaluation.evaluation:metric_call:77 - metric_func_name date_near score 1.0 msg date near, response: 1959-08-01 00:00:00, target: 1959-08-01 00:00:00
2026-08-11 11:57:34.438 | DEBUG    | eval.evaluation.evaluation:metric_call:77 - metric_func_name date_near score 1.0 msg date near, response: 1951-08-01 00:00:00, target: 1951-08-01 00:00:00
2026-08-11 11:57:34.439 | DEBUG    | eval.evaluation.evaluation:evaluate_single_query:321 - deep2wide_result_18_路易斯·布努埃尔, col 获奖时间, metric_func_name date_near, score [1.0, 1.0, 1.0, 1.0, 1.0]
2026-08-11 11:57:34.440 | DEBUG    | eval.evaluation.evaluation:metric_call:77 - metric_func_name exact_match score 0.0 msg exact not match, response: 费比西国际影评人奖（fipresciprize）, target: 第15届主竞赛单元-金棕榈奖
2026-08-11 11:57:34.440 | DEBUG    | eval.evaluation.evaluation:metric_call:77 - metric_func_name exact_match score 0.0 msg exact not match, response: 金棕榈奖（palmed'or）, target: 第14届主竞赛单元-金棕榈奖
2026-08-11 11:57:34.440 | DEBUG    | eval.evaluation.evaluation:metric_call:77 - metric_func_name exact_match score 0.0 msg exact not match, response: 天主教人道精神奖特别提及（ocicaward–specialmention）, target: 第13届特别提及奖
2026-08-11 11:57:34.440 | DEBUG    | eval.evaluation.evaluation:metric_call:77 - metric_func_name exact_match score 0.0 msg exact not match, response: 国际奖（internationalprize）, target: 第12届国际奖
2026-08-11 11:57:34.440 | DEBUG    | eval.evaluation.evaluation:metric_call:77 - metric_func_name exact_match score 0.0 msg exact not match, response: 最佳导演奖（bestdirector）, target: 第4届最佳导演奖
2026-08-11 11:57:34.441 | DEBUG    | eval.evaluation.evaluation:evaluate_single_query:321 - deep2wide_result_18_路易斯·布努埃尔, col 奖项名称, metric_func_name exact_match, score [0.0, 0.0, 0.0, 0.0, 0.0]
2026-08-11 11:57:34.441 | DEBUG    | eval.evaluation.evaluation:metric_call:77 - metric_func_name exact_match score 0.0 msg exact not match, response: 获奖, target: 提名
2026-08-11 11:57:34.441 | DEBUG    | eval.evaluation.evaluation:metric_call:77 - metric_func_name exact_match score 0.0 msg exact not match, response: 获奖（并列）, target: 获奖
2026-08-11 11:57:34.441 | DEBUG    | eval.evaluation.evaluation:metric_call:77 - metric_func_name exact_match score 1.0 msg exact match, response: 获奖, target: 获奖
2026-08-11 11:57:34.441 | DEBUG    | eval.evaluation.evaluation:metric_call:77 - metric_func_name exact_match score 1.0 msg exact match, response: 获奖, target: 获奖
2026-08-11 11:57:34.441 | DEBUG    | eval.evaluation.evaluation:metric_call:77 - metric_func_name exact_match score 1.0 msg exact match, response: 获奖, target: 获奖
2026-08-11 11:57:34.441 | DEBUG    | eval.evaluation.evaluation:evaluate_single_query:321 - deep2wide_result_18_路易斯·布努埃尔, col 获奖结果, metric_func_name exact_match, score [0.0, 0.0, 1.0, 1.0, 1.0]
2026-08-11 11:57:34.442 | DEBUG    | eval.evaluation.evaluation:metric_call:77 - metric_func_name number_near score 1.0 msg number near in range 5.0%, response: 95.0, target: 95.0
2026-08-11 11:57:34.442 | DEBUG    | eval.evaluation.evaluation:metric_call:77 - metric_func_name number_near score 1.0 msg number near in range 5.0%, response: 90.0, target: 91.0
2026-08-11 11:57:34.442 | DEBUG    | eval.evaluation.evaluation:metric_call:77 - metric_func_name number_near score 1.0 msg number near in range 5.0%, response: 96.0, target: 95.0
2026-08-11 11:57:34.442 | DEBUG    | eval.evaluation.evaluation:metric_call:77 - metric_func_name number_near score 1.0 msg number near in range 5.0%, response: 94.0, target: 94.0
2026-08-11 11:57:34.442 | DEBUG    | eval.evaluation.evaluation:metric_call:77 - metric_func_name number_near score 1.0 msg number near in range 5.0%, response: 80.0, target: 77.0
2026-08-11 11:57:34.443 | DEBUG    | eval.evaluation.evaluation:evaluate_single_query:321 - deep2wide_result_18_路易斯·布努埃尔, col 片长, metric_func_name number_near, score [1.0, 1.0, 1.0, 1.0, 1.0]
2026-08-11 11:57:37.717 | DEBUG    | eval.evaluation.evaluation:evaluate_single_query:321 - deep2wide_result_18_路易斯·布努埃尔, col 电影类型, metric_func_name llm_judge, score [0, 0, 1, 1, 1]
2026-08-11 11:57:37.721 | INFO     | eval.evaluation.evaluation:evaluate_single_query:380 - deep2wide_result_18_路易斯·布努埃尔, P/R/F1 by unique_columns: 1.0000/0.7143/0.8333
2026-08-11 11:57:37.721 | INFO     | eval.evaluation.evaluation:evaluate_single_query:383 - deep2wide_result_18_路易斯·布努埃尔, P/R/F1 by row: 0.0000/0.0000/0.0000
2026-08-11 11:57:37.721 | INFO     | eval.evaluation.evaluation:evaluate_single_query:386 - deep2wide_result_18_路易斯·布努埃尔, P/R/F1 by item: 0.7000/0.5000/0.5833
2026-08-11 11:57:37.723 | INFO     | eval.evaluation.evaluation:evaluate_single_query:398 - deep2wide_result_18_路易斯·布努埃尔, final table score: 0.0
{"event": "eval_done", "idx": 7, "instance_id": "deep2wide_result_18_路易斯·布努埃尔", "score": 0.0, "entity_acc": 1.0, "f1_by_row": 0.0, "f1_by_item": 0.5833333333333334, "column_f1": 0.8333333333333333, "error": null, "elapsed_seconds": 16.8, "running_n": 7}
SUMMARY {"n": 7, "valid_n": 7, "errors": 0, "complete": true, "judge_calls_current_process": 24, "score": 0.0, "entity_acc": 0.8571428571428571, "precision_by_row": 0.21644688644688645, "recall_by_row": 0.21644688644688645, "f1_by_row": 0.21644688644688645, "precision_by_item": 0.5346343537414966, "recall_by_item": 0.4979144289294665, "f1_by_item": 0.5083834508884811, "column_precision": 0.736996336996337, "column_recall": 0.6821091189512243, "column_f1": 0.6941237166589279}
