INFO: Pandarallel will run on 8 workers.
INFO: Pandarallel will use Memory file system to transfer data between the main process and workers.
{"event": "eval_start", "selected": 7, "resume_committed": 0, "committed_errors": 0, "crash_only_resume": false}
2026-08-09 09:41:00.296 | DEBUG    | eval.evaluation.data_loader:extract_dataframe:167 - find markdown_str 
| Category | Rank | Title | Singer | Language | Songwriter(s) | ...
2026-08-09 09:41:01.722 | INFO     | eval.evaluation.metric_utils:primary_key_preprocess:246 - primary_key_preprocess result: ```json
{
  "Most-Streamed Songs Globally": "Top 10 Spotify's Most-Streamed Songs Globally",
  "Most-Streamed Songs in the U.S.": "Top 10 U.S. Most-Streamed Songs"
}
```
2026-08-09 09:41:01.722 | INFO     | eval.evaluation.evaluation:evaluate_single_query:223 - col: category, primary_key_map {'Most-Streamed Songs Globally': "Top 10 Spotify's Most-Streamed Songs Globally", 'Most-Streamed Songs in the U.S.': 'Top 10 U.S. Most-Streamed Songs'}
2026-08-09 09:41:04.889 | INFO     | eval.evaluation.metric_utils:primary_key_preprocess:246 - primary_key_preprocess result: ```json
{
  "1": "1",
  "2": "2",
  "3": "3",
  "4": "4",
  "5": "5",
  "6": "6",
  "7": "7",
  "8": "8",
  "9": "9",
  "10": "10"
}
```
2026-08-09 09:41:04.889 | INFO     | eval.evaluation.evaluation:evaluate_single_query:223 - col: rank, primary_key_map {'1': '1', '2': '2', '3': '3', '4': '4', '5': '5', '6': '6', '7': '7', '8': '8', '9': '9', '10': '10'}
2026-08-09 09:41:04.969 | INFO     | eval.evaluation.evaluation:evaluate_single_query:275 - wide2deep_ws_en_022, df_inner shape: (20, 16), answer_df shape: (20, 8), response_df shape: (20, 10)
2026-08-09 09:41:10.227 | DEBUG    | eval.evaluation.evaluation:evaluate_single_query:321 - wide2deep_ws_en_022, col title, metric_func_name llm_judge, score [1, 1, 1, 1, 1, 1, 1, 1, 1, 1, 1, 1, 0, 0, 0, 0, 0, 0, 0, 1]
2026-08-09 09:41:14.429 | DEBUG    | eval.evaluation.evaluation:evaluate_single_query:321 - wide2deep_ws_en_022, col singer, metric_func_name llm_judge, score [1, 1, 1, 1, 1, 1, 1, 1, 1, 1, 1, 1, 0, 0, 0, 0, 0, 0, 0, 0]
2026-08-09 09:41:14.429 | DEBUG    | eval.evaluation.evaluation:metric_call:77 - metric_func_name exact_match score 1.0 msg exact match, response: english, target: english
2026-08-09 09:41:14.431 | DEBUG    | eval.evaluation.evaluation:metric_call:77 - metric_func_name exact_match score 1.0 msg exact match, response: english, target: english
2026-08-09 09:41:14.431 | DEBUG    | eval.evaluation.evaluation:metric_call:77 - metric_func_name exact_match score 1.0 msg exact match, response: english, target: english
2026-08-09 09:41:14.431 | DEBUG    | eval.evaluation.evaluation:metric_call:77 - metric_func_name exact_match score 1.0 msg exact match, response: spanish, target: spanish
2026-08-09 09:41:14.431 | DEBUG    | eval.evaluation.evaluation:metric_call:77 - metric_func_name exact_match score 1.0 msg exact match, response: english, target: english
2026-08-09 09:41:14.431 | DEBUG    | eval.evaluation.evaluation:metric_call:77 - metric_func_name exact_match score 1.0 msg exact match, response: english, target: english
2026-08-09 09:41:14.431 | DEBUG    | eval.evaluation.evaluation:metric_call:77 - metric_func_name exact_match score 1.0 msg exact match, response: english, target: english
2026-08-09 09:41:14.431 | DEBUG    | eval.evaluation.evaluation:metric_call:77 - metric_func_name exact_match score 1.0 msg exact match, response: english, target: english
2026-08-09 09:41:14.431 | DEBUG    | eval.evaluation.evaluation:metric_call:77 - metric_func_name exact_match score 1.0 msg exact match, response: english, target: english
2026-08-09 09:41:14.431 | DEBUG    | eval.evaluation.evaluation:metric_call:77 - metric_func_name exact_match score 1.0 msg exact match, response: english, target: english
2026-08-09 09:41:14.431 | DEBUG    | eval.evaluation.evaluation:metric_call:77 - metric_func_name exact_match score 1.0 msg exact match, response: english, target: english
2026-08-09 09:41:14.431 | DEBUG    | eval.evaluation.evaluation:metric_call:77 - metric_func_name exact_match score 1.0 msg exact match, response: english, target: english
2026-08-09 09:41:14.431 | DEBUG    | eval.evaluation.evaluation:metric_call:77 - metric_func_name exact_match score 1.0 msg exact match, response: english, target: english
2026-08-09 09:41:14.431 | DEBUG    | eval.evaluation.evaluation:metric_call:77 - metric_func_name exact_match score 1.0 msg exact match, response: english, target: english
2026-08-09 09:41:14.432 | DEBUG    | eval.evaluation.evaluation:metric_call:77 - metric_func_name exact_match score 1.0 msg exact match, response: english, target: english
2026-08-09 09:41:14.432 | DEBUG    | eval.evaluation.evaluation:metric_call:77 - metric_func_name exact_match score 1.0 msg exact match, response: english, target: english
2026-08-09 09:41:14.432 | DEBUG    | eval.evaluation.evaluation:metric_call:77 - metric_func_name exact_match score 1.0 msg exact match, response: english, target: english
2026-08-09 09:41:14.432 | DEBUG    | eval.evaluation.evaluation:metric_call:77 - metric_func_name exact_match score 1.0 msg exact match, response: english, target: english
2026-08-09 09:41:14.432 | DEBUG    | eval.evaluation.evaluation:metric_call:77 - metric_func_name exact_match score 1.0 msg exact match, response: english, target: english
2026-08-09 09:41:14.432 | DEBUG    | eval.evaluation.evaluation:metric_call:77 - metric_func_name exact_match score 1.0 msg exact match, response: english, target: english
2026-08-09 09:41:14.433 | DEBUG    | eval.evaluation.evaluation:evaluate_single_query:321 - wide2deep_ws_en_022, col language, metric_func_name exact_match, score [1.0, 1.0, 1.0, 1.0, 1.0, 1.0, 1.0, 1.0, 1.0, 1.0, 1.0, 1.0, 1.0, 1.0, 1.0, 1.0, 1.0, 1.0, 1.0, 1.0]
2026-08-09 09:41:18.484 | DEBUG    | eval.evaluation.evaluation:evaluate_single_query:321 - wide2deep_ws_en_022, col songwriter(s), metric_func_name llm_judge, score [1, 1, 1, 0, 1, 1, 1, 1, 1, 1, 1, 1, 0, 0, 0, 0, 0, 0, 0, 1]
2026-08-09 09:41:23.814 | DEBUG    | eval.evaluation.evaluation:evaluate_single_query:321 - wide2deep_ws_en_022, col producer(s), metric_func_name llm_judge, score [1, 1, 1, 1, 1, 1, 1, 1, 1, 1, 1, 1, 0, 0, 0, 0, 0, 0, 0, 1]
2026-08-09 09:41:23.817 | DEBUG    | eval.evaluation.evaluation:metric_call:77 - metric_func_name date_near score 1.0 msg date near, response: 2024-04-11 00:00:00, target: 2024-04-11 00:00:00
2026-08-09 09:41:23.819 | DEBUG    | eval.evaluation.evaluation:metric_call:77 - metric_func_name date_near score 1.0 msg date near, response: 2024-01-18 00:00:00, target: 2024-01-19 00:00:00
2026-08-09 09:41:23.821 | DEBUG    | eval.evaluation.evaluation:metric_call:77 - metric_func_name date_near score 1.0 msg date near, response: 2024-05-17 00:00:00, target: 2024-05-17 00:00:00
2026-08-09 09:41:23.823 | DEBUG    | eval.evaluation.evaluation:metric_call:77 - metric_func_name date_near score 1.0 msg date near, response: 2024-02-02 00:00:00, target: 2024-02-02 00:00:00
2026-08-09 09:41:23.826 | DEBUG    | eval.evaluation.evaluation:metric_call:77 - metric_func_name date_near score 1.0 msg date near, response: 2023-06-23 00:00:00, target: 2023-06-23 00:00:00
2026-08-09 09:41:23.828 | DEBUG    | eval.evaluation.evaluation:metric_call:77 - metric_func_name date_near score 0.0 msg date not near, response: 2022-09-16 00:00:00, target: 2024-03-01 00:00:00
2026-08-09 09:41:23.830 | DEBUG    | eval.evaluation.evaluation:metric_call:77 - metric_func_name date_near score 1.0 msg date near, response: 2024-03-22 00:00:00, target: 2024-03-22 00:00:00
2026-08-09 09:41:23.832 | DEBUG    | eval.evaluation.evaluation:metric_call:77 - metric_func_name date_near score 0.0 msg date not near, response: 2023-06-23 00:00:00, target: 2023-12-08 00:00:00
2026-08-09 09:41:23.834 | DEBUG    | eval.evaluation.evaluation:metric_call:77 - metric_func_name date_near score 1.0 msg date near, response: 2019-08-23 00:00:00, target: 2019-08-23 00:00:00
2026-08-09 09:41:23.836 | DEBUG    | eval.evaluation.evaluation:metric_call:77 - metric_func_name date_near score 1.0 msg date near, response: 2024-08-16 00:00:00, target: 2024-08-16 00:00:00
2026-08-09 09:41:23.838 | DEBUG    | eval.evaluation.evaluation:metric_call:77 - metric_func_name date_near score 1.0 msg date near, response: 2024-04-11 00:00:00, target: 2024-04-11 00:00:00
2026-08-09 09:41:23.840 | DEBUG    | eval.evaluation.evaluation:metric_call:77 - metric_func_name date_near score 1.0 msg date near, response: 2024-05-04 00:00:00, target: 2024-05-04 00:00:00
2026-08-09 09:41:23.842 | DEBUG    | eval.evaluation.evaluation:metric_call:77 - metric_func_name date_near score 1.0 msg date near, response: 2024-04-26 00:00:00, target: 2024-04-12 00:00:00
2026-08-09 09:41:23.844 | DEBUG    | eval.evaluation.evaluation:metric_call:77 - metric_func_name date_near score 1.0 msg date near, response: 2024-04-12 00:00:00, target: 2024-05-10 00:00:00
2026-08-09 09:41:23.846 | DEBUG    | eval.evaluation.evaluation:metric_call:77 - metric_func_name date_near score 0.0 msg date not near, response: 2024-01-18 00:00:00, target: 2024-04-26 00:00:00
2026-08-09 09:41:23.849 | DEBUG    | eval.evaluation.evaluation:metric_call:77 - metric_func_name date_near score 0.0 msg date not near, response: 2023-06-23 00:00:00, target: 2024-04-05 00:00:00
2026-08-09 09:41:23.851 | DEBUG    | eval.evaluation.evaluation:metric_call:77 - metric_func_name date_near score 0.0 msg date not near, response: 2024-05-17 00:00:00, target: 2024-01-18 00:00:00
2026-08-09 09:41:23.853 | DEBUG    | eval.evaluation.evaluation:metric_call:77 - metric_func_name date_near score 1.0 msg date near, response: 2024-05-10 00:00:00, target: 2024-05-17 00:00:00
2026-08-09 09:41:23.855 | DEBUG    | eval.evaluation.evaluation:metric_call:77 - metric_func_name date_near score 0.0 msg date not near, response: 2024-03-22 00:00:00, target: 2023-08-25 00:00:00
2026-08-09 09:41:23.857 | DEBUG    | eval.evaluation.evaluation:metric_call:77 - metric_func_name date_near score 0.0 msg date not near, response: 2022-07-08 00:00:00, target: 2022-10-14 00:00:00
2026-08-09 09:41:23.858 | DEBUG    | eval.evaluation.evaluation:evaluate_single_query:321 - wide2deep_ws_en_022, col releasedate, metric_func_name date_near, score [1.0, 1.0, 1.0, 1.0, 1.0, 0.0, 1.0, 0.0, 1.0, 1.0, 1.0, 1.0, 1.0, 1.0, 0.0, 0.0, 0.0, 1.0, 0.0, 0.0]
2026-08-09 09:41:23.865 | INFO     | eval.evaluation.evaluation:evaluate_single_query:380 - wide2deep_ws_en_022, P/R/F1 by unique_columns: 1.0000/1.0000/1.0000
2026-08-09 09:41:23.866 | INFO     | eval.evaluation.evaluation:evaluate_single_query:383 - wide2deep_ws_en_022, P/R/F1 by row: 0.4500/0.4500/0.4500
2026-08-09 09:41:23.866 | INFO     | eval.evaluation.evaluation:evaluate_single_query:386 - wide2deep_ws_en_022, P/R/F1 by item: 0.7688/0.7688/0.7688
2026-08-09 09:41:23.870 | INFO     | eval.evaluation.evaluation:evaluate_single_query:398 - wide2deep_ws_en_022, final table score: 0.0
{"event": "eval_done", "idx": 1, "instance_id": "wide2deep_ws_en_022", "score": 0.0, "entity_acc": 1.0, "f1_by_row": 0.45, "f1_by_item": 0.76875, "column_f1": 1.0, "error": null, "elapsed_seconds": 26.851, "running_n": 1}
2026-08-09 09:41:26.278 | DEBUG    | eval.evaluation.data_loader:extract_dataframe:167 - find markdown_str 
| Clinic | County | Full Address | Phone Number | Saturday Oper ...
2026-08-09 09:41:30.861 | INFO     | eval.evaluation.metric_utils:primary_key_preprocess:246 - primary_key_preprocess result: ```json
{
  "FPA Women’s Health – Fresno": "FPA Women's Health - Fresno",
  "Planned Parenthood Mar Monte – Fresno Health Center": "Planned Parenthood - Fulton Street Health Center",
  "Planned Parenthood Mar Monte – Visalia Health Center": "Planned Parenthood - Family First Health Center"
}
```
2026-08-09 09:41:30.861 | INFO     | eval.evaluation.evaluation:evaluate_single_query:223 - col: clinic, primary_key_map {'FPA Women’s Health – Fresno': "FPA Women's Health - Fresno", 'Planned Parenthood Mar Monte – Fresno Health Center': 'Planned Parenthood - Fulton Street Health Center', 'Planned Parenthood Mar Monte – Visalia Health Center': 'Planned Parenthood - Family First Health Center'}
2026-08-09 09:41:30.867 | INFO     | eval.evaluation.evaluation:evaluate_single_query:275 - wide2deep_ws_en_025, df_inner shape: (3, 10), answer_df shape: (6, 5), response_df shape: (3, 6)
2026-08-09 09:41:30.868 | DEBUG    | eval.evaluation.evaluation:metric_call:77 - metric_func_name exact_match score 1.0 msg exact match, response: fresno, target: fresno
2026-08-09 09:41:30.869 | DEBUG    | eval.evaluation.evaluation:metric_call:77 - metric_func_name exact_match score 1.0 msg exact match, response: fresno, target: fresno
2026-08-09 09:41:30.869 | DEBUG    | eval.evaluation.evaluation:metric_call:77 - metric_func_name exact_match score 0.0 msg exact not match, response: tulare, target: fresno
2026-08-09 09:41:30.869 | DEBUG    | eval.evaluation.evaluation:evaluate_single_query:321 - wide2deep_ws_en_025, col county, metric_func_name exact_match, score [1.0, 1.0, 0.0]
2026-08-09 09:41:34.318 | DEBUG    | eval.evaluation.evaluation:evaluate_single_query:321 - wide2deep_ws_en_025, col fulladdress, metric_func_name llm_judge, score [1, 1, 0]
2026-08-09 09:41:34.318 | DEBUG    | eval.evaluation.evaluation:metric_call:77 - metric_func_name exact_match score 1.0 msg exact match, response: (559)488-4900, target: (559)488-4900
2026-08-09 09:41:34.318 | DEBUG    | eval.evaluation.evaluation:metric_call:77 - metric_func_name exact_match score 1.0 msg exact match, response: (559)233-8657, target: (559)233-8657
2026-08-09 09:41:34.318 | DEBUG    | eval.evaluation.evaluation:metric_call:77 - metric_func_name exact_match score 0.0 msg exact not match, response: (559)732-1529, target: (559)446-1515
2026-08-09 09:41:34.319 | DEBUG    | eval.evaluation.evaluation:evaluate_single_query:321 - wide2deep_ws_en_025, col phonenumber, metric_func_name exact_match, score [1.0, 1.0, 0.0]
2026-08-09 09:41:36.134 | DEBUG    | eval.evaluation.evaluation:evaluate_single_query:321 - wide2deep_ws_en_025, col saturdayoperationhours, metric_func_name llm_judge, score [0, 0, 0]
2026-08-09 09:41:36.139 | INFO     | eval.evaluation.evaluation:evaluate_single_query:380 - wide2deep_ws_en_025, P/R/F1 by unique_columns: 1.0000/0.5000/0.6667
2026-08-09 09:41:36.139 | INFO     | eval.evaluation.evaluation:evaluate_single_query:383 - wide2deep_ws_en_025, P/R/F1 by row: 0.0000/0.0000/0.0000
2026-08-09 09:41:36.139 | INFO     | eval.evaluation.evaluation:evaluate_single_query:386 - wide2deep_ws_en_025, P/R/F1 by item: 0.6000/0.3000/0.4000
2026-08-09 09:41:36.140 | INFO     | eval.evaluation.evaluation:evaluate_single_query:398 - wide2deep_ws_en_025, final table score: 0.0
{"event": "eval_done", "idx": 2, "instance_id": "wide2deep_ws_en_025", "score": 0.0, "entity_acc": 1.0, "f1_by_row": 0.0, "f1_by_item": 0.4, "column_f1": 0.6666666666666666, "error": null, "elapsed_seconds": 12.256, "running_n": 2}
2026-08-09 09:41:38.393 | DEBUG    | eval.evaluation.data_loader:extract_dataframe:167 - find markdown_str 
| Season | Couple married at the show | Status |
| --- | --- |  ...
2026-08-09 09:41:42.584 | INFO     | eval.evaluation.metric_utils:primary_key_preprocess:246 - primary_key_preprocess result: ```json
{
  "Cameron Hamilton & Lauren Speed": "Cameron Hamilton & Lauren Speed",
  "Matt Barnett & Amber Pike": "Matthew Barnett & Amber Pike",
  "Nick Thompson & Danielle Ruhl": "Nick Thompson & Danielle Ruhl",
  "Jarrette Jones & Iyanna McNeely": "Jarrette Jones & Iyanna McNeely",
  "Brennon Lemieux & Alexa Alfia": "Brennon Lemieux & Alexa Alfia",
  "Matt Bolton & Colleen Reed": "Matt Bolton & Colleen Reed",
  "Brett Brown & Tiffany Pennywell": "Brett Brown & Tiffany Pennywell",
  "Zack Goytowski & Bliss Poureetezadi": "Bliss Poureetezadi & Zack Goytowski",
  "Kwame Appiah & Chelsea Griffin": "Kwame Appiah & Chelsea Griffin",
  "Milton Johnson & Lydia Gonzalez": "James \"Milton\" Johnson IV & Lydia Arleen Velez Gonzalez",
  "Johnny McIntyre & Amy Cortés": "Johnny McIntyre & Amy Cortés",
  "Garrett Josemans & Taylor Krause": "Garrett Josemans & Taylor Krause"
}
```
2026-08-09 09:41:42.584 | INFO     | eval.evaluation.evaluation:evaluate_single_query:223 - col: couplemarriedattheshow, primary_key_map {'Cameron Hamilton & Lauren Speed': 'Cameron Hamilton & Lauren Speed', 'Matt Barnett & Amber Pike': 'Matthew Barnett & Amber Pike', 'Nick Thompson & Danielle Ruhl': 'Nick Thompson & Danielle Ruhl', 'Jarrette Jones & Iyanna McNeely': 'Jarrette Jones & Iyanna McNeely', 'Brennon Lemieux & Alexa Alfia': 'Brennon Lemieux & Alexa Alfia', 'Matt Bolton & Colleen Reed': 'Matt Bolton & Colleen Reed', 'Brett Brown & Tiffany Pennywell': 'Brett Brown & Tiffany Pennywell', 'Zack Goytowski & Bliss Poureetezadi': 'Bliss Poureetezadi & Zack Goytowski', 'Kwame Appiah & Chelsea Griffin': 'Kwame Appiah & Chelsea Griffin', 'Milton Johnson & Lydia Gonzalez': 'James "Milton" Johnson IV & Lydia Arleen Velez Gonzalez', 'Johnny McIntyre & Amy Cortés': 'Johnny McIntyre & Amy Cortés', 'Garrett Josemans & Taylor Krause': 'Garrett Josemans & Taylor Krause'}
2026-08-09 09:41:42.591 | INFO     | eval.evaluation.evaluation:evaluate_single_query:275 - wide2deep_ws_en_037, df_inner shape: (12, 6), answer_df shape: (13, 3), response_df shape: (13, 4)
2026-08-09 09:41:46.044 | DEBUG    | eval.evaluation.evaluation:evaluate_single_query:321 - wide2deep_ws_en_037, col season, metric_func_name llm_judge, score [1, 1, 1, 1, 1, 1, 1, 1, 1, 1, 1, 1]
2026-08-09 09:41:46.045 | DEBUG    | eval.evaluation.evaluation:metric_call:77 - metric_func_name exact_match score 1.0 msg exact match, response: stillmarried, target: stillmarried
2026-08-09 09:41:46.045 | DEBUG    | eval.evaluation.evaluation:metric_call:77 - metric_func_name exact_match score 1.0 msg exact match, response: stillmarried, target: stillmarried
2026-08-09 09:41:46.045 | DEBUG    | eval.evaluation.evaluation:metric_call:77 - metric_func_name exact_match score 1.0 msg exact match, response: divorced, target: divorced
2026-08-09 09:41:46.045 | DEBUG    | eval.evaluation.evaluation:metric_call:77 - metric_func_name exact_match score 1.0 msg exact match, response: divorced, target: divorced
2026-08-09 09:41:46.045 | DEBUG    | eval.evaluation.evaluation:metric_call:77 - metric_func_name exact_match score 1.0 msg exact match, response: stillmarried, target: stillmarried
2026-08-09 09:41:46.045 | DEBUG    | eval.evaluation.evaluation:metric_call:77 - metric_func_name exact_match score 0.0 msg exact not match, response: stillmarried, target: divorced
2026-08-09 09:41:46.045 | DEBUG    | eval.evaluation.evaluation:metric_call:77 - metric_func_name exact_match score 1.0 msg exact match, response: stillmarried, target: stillmarried
2026-08-09 09:41:46.045 | DEBUG    | eval.evaluation.evaluation:metric_call:77 - metric_func_name exact_match score 1.0 msg exact match, response: stillmarried, target: stillmarried
2026-08-09 09:41:46.045 | DEBUG    | eval.evaluation.evaluation:metric_call:77 - metric_func_name exact_match score 1.0 msg exact match, response: stillmarried, target: stillmarried
2026-08-09 09:41:46.045 | DEBUG    | eval.evaluation.evaluation:metric_call:77 - metric_func_name exact_match score 0.0 msg exact not match, response: stillmarried, target: divorced
2026-08-09 09:41:46.045 | DEBUG    | eval.evaluation.evaluation:metric_call:77 - metric_func_name exact_match score 1.0 msg exact match, response: stillmarried, target: stillmarried
2026-08-09 09:41:46.045 | DEBUG    | eval.evaluation.evaluation:metric_call:77 - metric_func_name exact_match score 1.0 msg exact match, response: stillmarried, target: stillmarried
2026-08-09 09:41:46.046 | DEBUG    | eval.evaluation.evaluation:evaluate_single_query:321 - wide2deep_ws_en_037, col status, metric_func_name exact_match, score [1.0, 1.0, 1.0, 1.0, 1.0, 0.0, 1.0, 1.0, 1.0, 0.0, 1.0, 1.0]
2026-08-09 09:41:46.052 | INFO     | eval.evaluation.evaluation:evaluate_single_query:380 - wide2deep_ws_en_037, P/R/F1 by unique_columns: 0.9231/0.9231/0.9231
2026-08-09 09:41:46.052 | INFO     | eval.evaluation.evaluation:evaluate_single_query:383 - wide2deep_ws_en_037, P/R/F1 by row: 0.7692/0.7692/0.7692
2026-08-09 09:41:46.052 | INFO     | eval.evaluation.evaluation:evaluate_single_query:386 - wide2deep_ws_en_037, P/R/F1 by item: 0.8718/0.8718/0.8718
2026-08-09 09:41:46.053 | INFO     | eval.evaluation.evaluation:evaluate_single_query:398 - wide2deep_ws_en_037, final table score: 0.0
{"event": "eval_done", "idx": 3, "instance_id": "wide2deep_ws_en_037", "score": 0.0, "entity_acc": 1.0, "f1_by_row": 0.7692307692307693, "f1_by_item": 0.8717948717948718, "column_f1": 0.9230769230769231, "error": null, "elapsed_seconds": 9.896, "running_n": 3}
2026-08-09 09:41:48.446 | DEBUG    | eval.evaluation.data_loader:extract_dataframe:167 - find markdown_str 
| Park | States | Price (per adult) | Mountain Scenery |
| ---  ...
2026-08-09 09:41:54.216 | INFO     | eval.evaluation.metric_utils:primary_key_preprocess:246 - primary_key_preprocess result: ```json
{
  "Acadia National Park": "Acadia",
  "National Park of American Samoa": "American Samoa",
  "Arches National Park": "Arches",
  "Badlands National Park": "Badlands",
  "Big Bend National Park": "Big Bend",
  "Biscayne National Park": "Biscayne",
  "Black Canyon of the Gunnison National Park": "Black Canyon of the Gunnison",
  "Bryce Canyon National Park": "Bryce Canyon",
  "Canyonlands National Park": "Canyonlands",
  "Capitol Reef National Park": "Capitol Reef",
  "Carlsbad Caverns National Park": "Carlsbad Caverns",
  "Channel Islands National Park": "Channel Islands",
  "Congaree National Park": "Congaree",
  "Crater Lake National Park": "Crater Lake",
  "Cuyahoga Valley National Park": "Cuyahoga Valley",
  "Death Valley National Park": "Death Valley",
  "Denali National Park and Preserve": "Denali",
  "Dry Tortugas National Park": "Dry Tortugas",
  "Everglades National Park": "Everglades",
  "Gates of the Arctic National Park and Preserve": "Gates of the Arctic",
  "Gateway Arch National Park": "Gateway Arch",
  "Glacier National Park": "Glacier",
  "Glacier Bay National Park and Preserve": "Glacier Bay",
  "Grand Canyon National Park": "Grand Canyon",
  "Grand Teton National Park": "Grand Teton",
  "Great Basin National Park": "Great Basin",
  "Great Sand Dunes National Park and Preserve": "Great Sand Dunes",
  "Great Smoky Mountains National Park": "Great Smoky Mountains",
  "Guadalupe Mountains National Park": "Guadalupe Mountains",
  "Haleakalā National Park": "Haleakalā",
  "Hawaiʻi Volcanoes National Park": "Hawaiʻi Volcanoes",
  "Hot Springs National Park": "Hot Springs",
  "Indiana Dunes National Park": "Indiana Dunes",
  "Isle Royale National Park": "Isle Royale",
  "Joshua Tree National Park": "Joshua Tree",
  "Katmai National Park and Preserve": "Katmai",
  "Kenai Fjords National Park": "Kenai Fjords",
  "Kings Canyon National Park": "Kings Canyon",
  "Kobuk Valley National Park": "Kobuk Valley",
  "Lake Clark National Park and Preserve": "Lake Clark",
  "Lassen Volcanic National Park": "Lassen Volcanic",
  "Mammoth Cave National Park": "Mammoth Cave",
  "Mesa Verde National Park": "Mesa Verde",
  "Mount Rainier National Park": "Mount Rainier",
  "New River Gorge National Park and Preserve": "New River Gorge",
  "North Cascades National Park": "North Cascades",
  "Olympic National Park": "Olympic",
  "Petrified Forest National Park": "Petrified Forest",
  "Pinnacles National Park": "Pinnacles",
  "Redwood National and State Parks": "Redwood",
  "Rocky Mountain National Park": "Rocky Mountain",
  "Saguaro National Park": "Saguaro",
  "Sequoia National Park": "Sequoia",
  "Shenandoah National Park": "Shenandoah",
  "Theodore Roosevelt National Park": "Theodore Roosevelt",
  "Virgin Islands National Park": "Virgin Islands",
  "Voyageurs National Park": "Voyageurs",
  "White Sands National Park": "White Sands",
  "Wind Cave National Park": "Wind Cave",
  "Wrangell–St. Elias National Park and Preserve": "Wrangell–St. Elias",
  "Yellowstone National Park": "Yellowstone",
  "Yosemite National Park": "Yosemite",
  "Zion National Park": "Zion"
}
```
2026-08-09 09:41:54.216 | INFO     | eval.evaluation.evaluation:evaluate_single_query:223 - col: park, primary_key_map {'Acadia National Park': 'Acadia', 'National Park of American Samoa': 'American Samoa', 'Arches National Park': 'Arches', 'Badlands National Park': 'Badlands', 'Big Bend National Park': 'Big Bend', 'Biscayne National Park': 'Biscayne', 'Black Canyon of the Gunnison National Park': 'Black Canyon of the Gunnison', 'Bryce Canyon National Park': 'Bryce Canyon', 'Canyonlands National Park': 'Canyonlands', 'Capitol Reef National Park': 'Capitol Reef', 'Carlsbad Caverns National Park': 'Carlsbad Caverns', 'Channel Islands National Park': 'Channel Islands', 'Congaree National Park': 'Congaree', 'Crater Lake National Park': 'Crater Lake', 'Cuyahoga Valley National Park': 'Cuyahoga Valley', 'Death Valley National Park': 'Death Valley', 'Denali National Park and Preserve': 'Denali', 'Dry Tortugas National Park': 'Dry Tortugas', 'Everglades National Park': 'Everglades', 'Gates of the Arctic National Park and Preserve': 'Gates of the Arctic', 'Gateway Arch National Park': 'Gateway Arch', 'Glacier National Park': 'Glacier', 'Glacier Bay National Park and Preserve': 'Glacier Bay', 'Grand Canyon National Park': 'Grand Canyon', 'Grand Teton National Park': 'Grand Teton', 'Great Basin National Park': 'Great Basin', 'Great Sand Dunes National Park and Preserve': 'Great Sand Dunes', 'Great Smoky Mountains National Park': 'Great Smoky Mountains', 'Guadalupe Mountains National Park': 'Guadalupe Mountains', 'Haleakalā National Park': 'Haleakalā', 'Hawaiʻi Volcanoes National Park': 'Hawaiʻi Volcanoes', 'Hot Springs National Park': 'Hot Springs', 'Indiana Dunes National Park': 'Indiana Dunes', 'Isle Royale National Park': 'Isle Royale', 'Joshua Tree National Park': 'Joshua Tree', 'Katmai National Park and Preserve': 'Katmai', 'Kenai Fjords National Park': 'Kenai Fjords', 'Kings Canyon National Park': 'Kings Canyon', 'Kobuk Valley National Park': 'Kobuk Valley', 'Lake Clark National Park and Preserve': 'Lake Clark', 'Lassen Volcanic National Park': 'Lassen Volcanic', 'Mammoth Cave National Park': 'Mammoth Cave', 'Mesa Verde National Park': 'Mesa Verde', 'Mount Rainier National Park': 'Mount Rainier', 'New River Gorge National Park and Preserve': 'New River Gorge', 'North Cascades National Park': 'North Cascades', 'Olympic National Park': 'Olympic', 'Petrified Forest National Park': 'Petrified Forest', 'Pinnacles National Park': 'Pinnacles', 'Redwood National and State Parks': 'Redwood', 'Rocky Mountain National Park': 'Rocky Mountain', 'Saguaro National Park': 'Saguaro', 'Sequoia National Park': 'Sequoia', 'Shenandoah National Park': 'Shenandoah', 'Theodore Roosevelt National Park': 'Theodore Roosevelt', 'Virgin Islands National Park': 'Virgin Islands', 'Voyageurs National Park': 'Voyageurs', 'White Sands National Park': 'White Sands', 'Wind Cave National Park': 'Wind Cave', 'Wrangell–St. Elias National Park and Preserve': 'Wrangell–St. Elias', 'Yellowstone National Park': 'Yellowstone', 'Yosemite National Park': 'Yosemite', 'Zion National Park': 'Zion'}
2026-08-09 09:41:54.223 | INFO     | eval.evaluation.evaluation:evaluate_single_query:275 - wide2deep_ws_en_043, df_inner shape: (63, 8), answer_df shape: (63, 4), response_df shape: (63, 5)
2026-08-09 09:42:01.403 | DEBUG    | eval.evaluation.evaluation:evaluate_single_query:321 - wide2deep_ws_en_043, col states, metric_func_name llm_judge, score [1, 1, 1, 1, 1, 1, 1, 1, 1, 1, 1, 1, 1, 1, 1, 1, 1, 1, 1, 1, 0, 1, 1, 1, 1, 1, 1, 1, 1, 1, 1, 1, 1, 1, 1, 1, 1, 1, 1, 1, 1, 1, 1, 1, 1, 1, 1, 1, 1, 1, 1, 1, 1, 1, 1, 1, 1, 1, 1, 1, 1, 1, 1]
2026-08-09 09:42:01.403 | DEBUG    | eval.evaluation.evaluation:metric_call:77 - metric_func_name exact_match score 0.0 msg exact not match, response: $20, target: 20
2026-08-09 09:42:01.403 | DEBUG    | eval.evaluation.evaluation:metric_call:77 - metric_func_name exact_match score 1.0 msg exact match, response: free, target: free
2026-08-09 09:42:01.403 | DEBUG    | eval.evaluation.evaluation:metric_call:77 - metric_func_name exact_match score 0.0 msg exact not match, response: $15, target: 15
2026-08-09 09:42:01.403 | DEBUG    | eval.evaluation.evaluation:metric_call:77 - metric_func_name exact_match score 0.0 msg exact not match, response: $15, target: 15
2026-08-09 09:42:01.403 | DEBUG    | eval.evaluation.evaluation:metric_call:77 - metric_func_name exact_match score 0.0 msg exact not match, response: $15, target: 15
2026-08-09 09:42:01.404 | DEBUG    | eval.evaluation.evaluation:metric_call:77 - metric_func_name exact_match score 1.0 msg exact match, response: free, target: free
2026-08-09 09:42:01.404 | DEBUG    | eval.evaluation.evaluation:metric_call:77 - metric_func_name exact_match score 0.0 msg exact not match, response: $15, target: 15
2026-08-09 09:42:01.404 | DEBUG    | eval.evaluation.evaluation:metric_call:77 - metric_func_name exact_match score 0.0 msg exact not match, response: $20, target: 20
2026-08-09 09:42:01.404 | DEBUG    | eval.evaluation.evaluation:metric_call:77 - metric_func_name exact_match score 0.0 msg exact not match, response: $15, target: 15
2026-08-09 09:42:01.404 | DEBUG    | eval.evaluation.evaluation:metric_call:77 - metric_func_name exact_match score 0.0 msg exact not match, response: $10, target: 10
2026-08-09 09:42:01.404 | DEBUG    | eval.evaluation.evaluation:metric_call:77 - metric_func_name exact_match score 0.0 msg exact not match, response: $15, target: 15
2026-08-09 09:42:01.404 | DEBUG    | eval.evaluation.evaluation:metric_call:77 - metric_func_name exact_match score 1.0 msg exact match, response: free, target: free
2026-08-09 09:42:01.404 | DEBUG    | eval.evaluation.evaluation:metric_call:77 - metric_func_name exact_match score 1.0 msg exact match, response: free, target: free
2026-08-09 09:42:01.404 | DEBUG    | eval.evaluation.evaluation:metric_call:77 - metric_func_name exact_match score 0.0 msg exact not match, response: $15, target: 15
2026-08-09 09:42:01.405 | DEBUG    | eval.evaluation.evaluation:metric_call:77 - metric_func_name exact_match score 1.0 msg exact match, response: free, target: free
2026-08-09 09:42:01.405 | DEBUG    | eval.evaluation.evaluation:metric_call:77 - metric_func_name exact_match score 0.0 msg exact not match, response: $15, target: 15
2026-08-09 09:42:01.405 | DEBUG    | eval.evaluation.evaluation:metric_call:77 - metric_func_name exact_match score 0.0 msg exact not match, response: $15, target: 15
2026-08-09 09:42:01.405 | DEBUG    | eval.evaluation.evaluation:metric_call:77 - metric_func_name exact_match score 0.0 msg exact not match, response: $15, target: 15
2026-08-09 09:42:01.405 | DEBUG    | eval.evaluation.evaluation:metric_call:77 - metric_func_name exact_match score 0.0 msg exact not match, response: $20, target: 20
2026-08-09 09:42:01.405 | DEBUG    | eval.evaluation.evaluation:metric_call:77 - metric_func_name exact_match score 1.0 msg exact match, response: free, target: free
2026-08-09 09:42:01.405 | DEBUG    | eval.evaluation.evaluation:metric_call:77 - metric_func_name exact_match score 1.0 msg exact match, response: free, target: free
2026-08-09 09:42:01.405 | DEBUG    | eval.evaluation.evaluation:metric_call:77 - metric_func_name exact_match score 0.0 msg exact not match, response: $20, target: 20
2026-08-09 09:42:01.405 | DEBUG    | eval.evaluation.evaluation:metric_call:77 - metric_func_name exact_match score 1.0 msg exact match, response: free, target: free
2026-08-09 09:42:01.405 | DEBUG    | eval.evaluation.evaluation:metric_call:77 - metric_func_name exact_match score 0.0 msg exact not match, response: $20, target: 20
2026-08-09 09:42:01.405 | DEBUG    | eval.evaluation.evaluation:metric_call:77 - metric_func_name exact_match score 0.0 msg exact not match, response: $20, target: 20
2026-08-09 09:42:01.405 | DEBUG    | eval.evaluation.evaluation:metric_call:77 - metric_func_name exact_match score 1.0 msg exact match, response: free, target: free
2026-08-09 09:42:01.405 | DEBUG    | eval.evaluation.evaluation:metric_call:77 - metric_func_name exact_match score 0.0 msg exact not match, response: $15, target: 15
2026-08-09 09:42:01.405 | DEBUG    | eval.evaluation.evaluation:metric_call:77 - metric_func_name exact_match score 1.0 msg exact match, response: free, target: free
2026-08-09 09:42:01.405 | DEBUG    | eval.evaluation.evaluation:metric_call:77 - metric_func_name exact_match score 0.0 msg exact not match, response: $10, target: 10
2026-08-09 09:42:01.405 | DEBUG    | eval.evaluation.evaluation:metric_call:77 - metric_func_name exact_match score 0.0 msg exact not match, response: $15, target: 15
2026-08-09 09:42:01.405 | DEBUG    | eval.evaluation.evaluation:metric_call:77 - metric_func_name exact_match score 0.0 msg exact not match, response: $15, target: 15
2026-08-09 09:42:01.405 | DEBUG    | eval.evaluation.evaluation:metric_call:77 - metric_func_name exact_match score 1.0 msg exact match, response: free, target: free
2026-08-09 09:42:01.405 | DEBUG    | eval.evaluation.evaluation:metric_call:77 - metric_func_name exact_match score 0.0 msg exact not match, response: $15, target: 15
2026-08-09 09:42:01.406 | DEBUG    | eval.evaluation.evaluation:metric_call:77 - metric_func_name exact_match score 0.0 msg exact not match, response: $7perday, target: 7
2026-08-09 09:42:01.406 | DEBUG    | eval.evaluation.evaluation:metric_call:77 - metric_func_name exact_match score 0.0 msg exact not match, response: $15, target: 15
2026-08-09 09:42:01.406 | DEBUG    | eval.evaluation.evaluation:metric_call:77 - metric_func_name exact_match score 1.0 msg exact match, response: free, target: free
2026-08-09 09:42:01.406 | DEBUG    | eval.evaluation.evaluation:metric_call:77 - metric_func_name exact_match score 1.0 msg exact match, response: free, target: free
2026-08-09 09:42:01.406 | DEBUG    | eval.evaluation.evaluation:metric_call:77 - metric_func_name exact_match score 0.0 msg exact not match, response: $20, target: 20
2026-08-09 09:42:01.406 | DEBUG    | eval.evaluation.evaluation:metric_call:77 - metric_func_name exact_match score 1.0 msg exact match, response: free, target: free
2026-08-09 09:42:01.406 | DEBUG    | eval.evaluation.evaluation:metric_call:77 - metric_func_name exact_match score 1.0 msg exact match, response: free, target: free
2026-08-09 09:42:01.406 | DEBUG    | eval.evaluation.evaluation:metric_call:77 - metric_func_name exact_match score 0.0 msg exact not match, response: $15, target: 15
2026-08-09 09:42:01.406 | DEBUG    | eval.evaluation.evaluation:metric_call:77 - metric_func_name exact_match score 1.0 msg exact match, response: free, target: free
2026-08-09 09:42:01.406 | DEBUG    | eval.evaluation.evaluation:metric_call:77 - metric_func_name exact_match score 0.0 msg exact not match, response: $15, target: 15
2026-08-09 09:42:01.406 | DEBUG    | eval.evaluation.evaluation:metric_call:77 - metric_func_name exact_match score 0.0 msg exact not match, response: $15, target: 15
2026-08-09 09:42:01.406 | DEBUG    | eval.evaluation.evaluation:metric_call:77 - metric_func_name exact_match score 1.0 msg exact match, response: free, target: free
2026-08-09 09:42:01.406 | DEBUG    | eval.evaluation.evaluation:metric_call:77 - metric_func_name exact_match score 1.0 msg exact match, response: free, target: free
2026-08-09 09:42:01.406 | DEBUG    | eval.evaluation.evaluation:metric_call:77 - metric_func_name exact_match score 0.0 msg exact not match, response: $15, target: 15
2026-08-09 09:42:01.406 | DEBUG    | eval.evaluation.evaluation:metric_call:77 - metric_func_name exact_match score 0.0 msg exact not match, response: $15, target: 15
2026-08-09 09:42:01.406 | DEBUG    | eval.evaluation.evaluation:metric_call:77 - metric_func_name exact_match score 0.0 msg exact not match, response: $15, target: 15
2026-08-09 09:42:01.406 | DEBUG    | eval.evaluation.evaluation:metric_call:77 - metric_func_name exact_match score 1.0 msg exact match, response: free, target: free
2026-08-09 09:42:01.406 | DEBUG    | eval.evaluation.evaluation:metric_call:77 - metric_func_name exact_match score 0.0 msg exact not match, response: $15, target: 15
2026-08-09 09:42:01.406 | DEBUG    | eval.evaluation.evaluation:metric_call:77 - metric_func_name exact_match score 0.0 msg exact not match, response: $15, target: 15
2026-08-09 09:42:01.406 | DEBUG    | eval.evaluation.evaluation:metric_call:77 - metric_func_name exact_match score 0.0 msg exact not match, response: $20, target: 20
2026-08-09 09:42:01.406 | DEBUG    | eval.evaluation.evaluation:metric_call:77 - metric_func_name exact_match score 0.0 msg exact not match, response: $15, target: 15
2026-08-09 09:42:01.406 | DEBUG    | eval.evaluation.evaluation:metric_call:77 - metric_func_name exact_match score 0.0 msg exact not match, response: $15, target: 15
2026-08-09 09:42:01.406 | DEBUG    | eval.evaluation.evaluation:metric_call:77 - metric_func_name exact_match score 1.0 msg exact match, response: free, target: free
2026-08-09 09:42:01.407 | DEBUG    | eval.evaluation.evaluation:metric_call:77 - metric_func_name exact_match score 1.0 msg exact match, response: free, target: free
2026-08-09 09:42:01.407 | DEBUG    | eval.evaluation.evaluation:metric_call:77 - metric_func_name exact_match score 0.0 msg exact not match, response: $15, target: 15
2026-08-09 09:42:01.407 | DEBUG    | eval.evaluation.evaluation:metric_call:77 - metric_func_name exact_match score 1.0 msg exact match, response: free, target: free
2026-08-09 09:42:01.407 | DEBUG    | eval.evaluation.evaluation:metric_call:77 - metric_func_name exact_match score 1.0 msg exact match, response: free, target: free
2026-08-09 09:42:01.407 | DEBUG    | eval.evaluation.evaluation:metric_call:77 - metric_func_name exact_match score 0.0 msg exact not match, response: $20, target: 20
2026-08-09 09:42:01.407 | DEBUG    | eval.evaluation.evaluation:metric_call:77 - metric_func_name exact_match score 0.0 msg exact not match, response: $20, target: 20
2026-08-09 09:42:01.407 | DEBUG    | eval.evaluation.evaluation:metric_call:77 - metric_func_name exact_match score 0.0 msg exact not match, response: $20, target: 20
2026-08-09 09:42:01.408 | DEBUG    | eval.evaluation.evaluation:evaluate_single_query:321 - wide2deep_ws_en_043, col price(peradult), metric_func_name exact_match, score [0.0, 1.0, 0.0, 0.0, 0.0, 1.0, 0.0, 0.0, 0.0, 0.0, 0.0, 1.0, 1.0, 0.0, 1.0, 0.0, 0.0, 0.0, 0.0, 1.0, 1.0, 0.0, 1.0, 0.0, 0.0, 1.0, 0.0, 1.0, 0.0, 0.0, 0.0, 1.0, 0.0, 0.0, 0.0, 1.0, 1.0, 0.0, 1.0, 1.0, 0.0, 1.0, 0.0, 0.0, 1.0, 1.0, 0.0, 0.0, 0.0, 1.0, 0.0, 0.0, 0.0, 0.0, 0.0, 1.0, 1.0, 0.0, 1.0, 1.0, 0.0, 0.0, 0.0]
2026-08-09 09:42:01.408 | DEBUG    | eval.evaluation.evaluation:metric_call:77 - metric_func_name exact_match score 0.0 msg exact not match, response: yes—granitemountainsandcoastalhills, target: yes
2026-08-09 09:42:01.408 | DEBUG    | eval.evaluation.evaluation:metric_call:77 - metric_func_name exact_match score 0.0 msg exact not match, response: yes—volcanicmountains, target: yes
2026-08-09 09:42:01.408 | DEBUG    | eval.evaluation.evaluation:metric_call:77 - metric_func_name exact_match score 0.0 msg exact not match, response: yes—rockyhillsanddistantmountains, target: yes
2026-08-09 09:42:01.408 | DEBUG    | eval.evaluation.evaluation:metric_call:77 - metric_func_name exact_match score 0.0 msg exact not match, response: yes—ruggedhillsandbuttes, target: yes
2026-08-09 09:42:01.409 | DEBUG    | eval.evaluation.evaluation:metric_call:77 - metric_func_name exact_match score 0.0 msg exact not match, response: yes—chisosmountains, target: yes
2026-08-09 09:42:01.409 | DEBUG    | eval.evaluation.evaluation:metric_call:77 - metric_func_name exact_match score 0.0 msg exact not match, response: no—primarilymarineandlow-lyingislands, target: no
2026-08-09 09:42:01.409 | DEBUG    | eval.evaluation.evaluation:metric_call:77 - metric_func_name exact_match score 0.0 msg exact not match, response: yes—mountainouscanyonscenery, target: yes
2026-08-09 09:42:01.409 | DEBUG    | eval.evaluation.evaluation:metric_call:77 - metric_func_name exact_match score 0.0 msg exact not match, response: yes—highplateausandruggedhills, target: yes
2026-08-09 09:42:01.409 | DEBUG    | eval.evaluation.evaluation:metric_call:77 - metric_func_name exact_match score 0.0 msg exact not match, response: yes—ruggedhigh-desertterrain, target: yes
2026-08-09 09:42:01.409 | DEBUG    | eval.evaluation.evaluation:metric_call:77 - metric_func_name exact_match score 0.0 msg exact not match, response: yes—cliffs,domes,andruggedhills, target: yes
2026-08-09 09:42:01.409 | DEBUG    | eval.evaluation.evaluation:metric_call:77 - metric_func_name exact_match score 0.0 msg exact not match, response: yes—guadalupemountains, target: yes
2026-08-09 09:42:01.409 | DEBUG    | eval.evaluation.evaluation:metric_call:77 - metric_func_name exact_match score 0.0 msg exact not match, response: yes—ruggedislandmountains, target: yes
2026-08-09 09:42:01.409 | DEBUG    | eval.evaluation.evaluation:metric_call:77 - metric_func_name exact_match score 0.0 msg exact not match, response: no—primarilylowlandfloodplain, target: no
2026-08-09 09:42:01.409 | DEBUG    | eval.evaluation.evaluation:metric_call:77 - metric_func_name exact_match score 0.0 msg exact not match, response: yes—cascaderange, target: yes
2026-08-09 09:42:01.409 | DEBUG    | eval.evaluation.evaluation:metric_call:77 - metric_func_name exact_match score 0.0 msg exact not match, response: yes—rollinghills, target: yes
2026-08-09 09:42:01.409 | DEBUG    | eval.evaluation.evaluation:metric_call:77 - metric_func_name exact_match score 0.0 msg exact not match, response: yes—multiplemountainranges, target: yes
2026-08-09 09:42:01.409 | DEBUG    | eval.evaluation.evaluation:metric_call:77 - metric_func_name exact_match score 0.0 msg exact not match, response: yes—alaskarange, target: yes
2026-08-09 09:42:01.409 | DEBUG    | eval.evaluation.evaluation:metric_call:77 - metric_func_name exact_match score 0.0 msg exact not match, response: no—low-lyingislands, target: no
2026-08-09 09:42:01.409 | DEBUG    | eval.evaluation.evaluation:metric_call:77 - metric_func_name exact_match score 0.0 msg exact not match, response: no—flatwetlands, target: no
2026-08-09 09:42:01.409 | DEBUG    | eval.evaluation.evaluation:metric_call:77 - metric_func_name exact_match score 0.0 msg exact not match, response: yes—brooksrange, target: yes
2026-08-09 09:42:01.409 | DEBUG    | eval.evaluation.evaluation:metric_call:77 - metric_func_name exact_match score 0.0 msg exact not match, response: no—urbanriverfront, target: no
2026-08-09 09:42:01.409 | DEBUG    | eval.evaluation.evaluation:metric_call:77 - metric_func_name exact_match score 0.0 msg exact not match, response: yes—rockymountains, target: yes
2026-08-09 09:42:01.409 | DEBUG    | eval.evaluation.evaluation:metric_call:77 - metric_func_name exact_match score 0.0 msg exact not match, response: yes—coastalmountains, target: yes
2026-08-09 09:42:01.409 | DEBUG    | eval.evaluation.evaluation:metric_call:77 - metric_func_name exact_match score 0.0 msg exact not match, response: yes—canyonrims,plateaus,andpeaks, target: yes
2026-08-09 09:42:01.409 | DEBUG    | eval.evaluation.evaluation:metric_call:77 - metric_func_name exact_match score 0.0 msg exact not match, response: yes—tetonrange, target: yes
2026-08-09 09:42:01.410 | DEBUG    | eval.evaluation.evaluation:metric_call:77 - metric_func_name exact_match score 0.0 msg exact not match, response: yes—snakerange, target: yes
2026-08-09 09:42:01.410 | DEBUG    | eval.evaluation.evaluation:metric_call:77 - metric_func_name exact_match score 0.0 msg exact not match, response: yes—sangredecristomountains, target: yes
2026-08-09 09:42:01.410 | DEBUG    | eval.evaluation.evaluation:metric_call:77 - metric_func_name exact_match score 0.0 msg exact not match, response: yes—appalachianmountains, target: yes
2026-08-09 09:42:01.410 | DEBUG    | eval.evaluation.evaluation:metric_call:77 - metric_func_name exact_match score 0.0 msg exact not match, response: yes—guadalupemountains, target: yes
2026-08-09 09:42:01.410 | DEBUG    | eval.evaluation.evaluation:metric_call:77 - metric_func_name exact_match score 0.0 msg exact not match, response: yes—haleakalāvolcano, target: yes
2026-08-09 09:42:01.410 | DEBUG    | eval.evaluation.evaluation:metric_call:77 - metric_func_name exact_match score 0.0 msg exact not match, response: yes—volcanicmountains, target: yes
2026-08-09 09:42:01.410 | DEBUG    | eval.evaluation.evaluation:metric_call:77 - metric_func_name exact_match score 0.0 msg exact not match, response: yes—ouachitamountains, target: yes
2026-08-09 09:42:01.410 | DEBUG    | eval.evaluation.evaluation:metric_call:77 - metric_func_name exact_match score 0.0 msg exact not match, response: no—primarilydunesandlakeshore, target: yes
2026-08-09 09:42:01.410 | DEBUG    | eval.evaluation.evaluation:metric_call:77 - metric_func_name exact_match score 0.0 msg exact not match, response: yes—ruggedridgesandhills, target: yes
2026-08-09 09:42:01.410 | DEBUG    | eval.evaluation.evaluation:metric_call:77 - metric_func_name exact_match score 0.0 msg exact not match, response: yes—desertmountains, target: yes
2026-08-09 09:42:01.410 | DEBUG    | eval.evaluation.evaluation:metric_call:77 - metric_func_name exact_match score 0.0 msg exact not match, response: yes—aleutianrange, target: yes
2026-08-09 09:42:01.410 | DEBUG    | eval.evaluation.evaluation:metric_call:77 - metric_func_name exact_match score 0.0 msg exact not match, response: yes—kenaimountains, target: yes
2026-08-09 09:42:01.410 | DEBUG    | eval.evaluation.evaluation:metric_call:77 - metric_func_name exact_match score 0.0 msg exact not match, response: yes—sierranevada, target: yes
2026-08-09 09:42:01.410 | DEBUG    | eval.evaluation.evaluation:metric_call:77 - metric_func_name exact_match score 0.0 msg exact not match, response: yes—mountainsborderthevalley, target: yes
2026-08-09 09:42:01.410 | DEBUG    | eval.evaluation.evaluation:metric_call:77 - metric_func_name exact_match score 0.0 msg exact not match, response: yes—alaskaandaleutianranges, target: yes
2026-08-09 09:42:01.410 | DEBUG    | eval.evaluation.evaluation:metric_call:77 - metric_func_name exact_match score 0.0 msg exact not match, response: yes—cascaderange, target: yes
2026-08-09 09:42:01.410 | DEBUG    | eval.evaluation.evaluation:metric_call:77 - metric_func_name exact_match score 0.0 msg exact not match, response: yes—rollingkarsthills, target: yes
2026-08-09 09:42:01.410 | DEBUG    | eval.evaluation.evaluation:metric_call:77 - metric_func_name exact_match score 0.0 msg exact not match, response: yes—highmesasandruggedhills, target: yes
2026-08-09 09:42:01.410 | DEBUG    | eval.evaluation.evaluation:metric_call:77 - metric_func_name exact_match score 0.0 msg exact not match, response: yes—mountrainierandthecascades, target: yes
2026-08-09 09:42:01.410 | DEBUG    | eval.evaluation.evaluation:metric_call:77 - metric_func_name exact_match score 0.0 msg exact not match, response: yes—appalachianhillsandgorge, target: yes
2026-08-09 09:42:01.410 | DEBUG    | eval.evaluation.evaluation:metric_call:77 - metric_func_name exact_match score 0.0 msg exact not match, response: yes—northcascaderange, target: yes
2026-08-09 09:42:01.411 | DEBUG    | eval.evaluation.evaluation:metric_call:77 - metric_func_name exact_match score 0.0 msg exact not match, response: yes—olympicmountains, target: yes
2026-08-09 09:42:01.411 | DEBUG    | eval.evaluation.evaluation:metric_call:77 - metric_func_name exact_match score 0.0 msg exact not match, response: no—primarilybadlandsandmesas, target: yes
2026-08-09 09:42:01.411 | DEBUG    | eval.evaluation.evaluation:metric_call:77 - metric_func_name exact_match score 0.0 msg exact not match, response: yes—ruggedvolcanicpeaks, target: yes
2026-08-09 09:42:01.411 | DEBUG    | eval.evaluation.evaluation:metric_call:77 - metric_func_name exact_match score 0.0 msg exact not match, response: yes—coastrangehillsandmountains, target: yes
2026-08-09 09:42:01.411 | DEBUG    | eval.evaluation.evaluation:metric_call:77 - metric_func_name exact_match score 0.0 msg exact not match, response: yes—rockymountains, target: yes
2026-08-09 09:42:01.411 | DEBUG    | eval.evaluation.evaluation:metric_call:77 - metric_func_name exact_match score 0.0 msg exact not match, response: yes—rinconandtucsonmountains, target: yes
2026-08-09 09:42:01.411 | DEBUG    | eval.evaluation.evaluation:metric_call:77 - metric_func_name exact_match score 0.0 msg exact not match, response: yes—sierranevada, target: yes
2026-08-09 09:42:01.411 | DEBUG    | eval.evaluation.evaluation:metric_call:77 - metric_func_name exact_match score 0.0 msg exact not match, response: yes—blueridgemountains, target: yes
2026-08-09 09:42:01.411 | DEBUG    | eval.evaluation.evaluation:metric_call:77 - metric_func_name exact_match score 0.0 msg exact not match, response: yes—badlandhillsandbuttes, target: yes
2026-08-09 09:42:01.411 | DEBUG    | eval.evaluation.evaluation:metric_call:77 - metric_func_name exact_match score 0.0 msg exact not match, response: yes—steeptropicalhills, target: yes
2026-08-09 09:42:01.411 | DEBUG    | eval.evaluation.evaluation:metric_call:77 - metric_func_name exact_match score 0.0 msg exact not match, response: yes—forestedrockyhillsandridges, target: yes
2026-08-09 09:42:01.411 | DEBUG    | eval.evaluation.evaluation:metric_call:77 - metric_func_name exact_match score 0.0 msg exact not match, response: yes—surroundedbymountainranges, target: yes
2026-08-09 09:42:01.411 | DEBUG    | eval.evaluation.evaluation:metric_call:77 - metric_func_name exact_match score 0.0 msg exact not match, response: yes—blackhills, target: yes
2026-08-09 09:42:01.411 | DEBUG    | eval.evaluation.evaluation:metric_call:77 - metric_func_name exact_match score 0.0 msg exact not match, response: yes—wrangell,st.elias,andalaskaranges, target: yes
2026-08-09 09:42:01.411 | DEBUG    | eval.evaluation.evaluation:metric_call:77 - metric_func_name exact_match score 0.0 msg exact not match, response: yes—rockymountainrangesandplateaus, target: yes
2026-08-09 09:42:01.411 | DEBUG    | eval.evaluation.evaluation:metric_call:77 - metric_func_name exact_match score 0.0 msg exact not match, response: yes—sierranevada, target: yes
2026-08-09 09:42:01.411 | DEBUG    | eval.evaluation.evaluation:metric_call:77 - metric_func_name exact_match score 0.0 msg exact not match, response: yes—toweringcanyoncliffsandhighplateaus, target: yes
2026-08-09 09:42:01.412 | DEBUG    | eval.evaluation.evaluation:evaluate_single_query:321 - wide2deep_ws_en_043, col mountainscenery, metric_func_name exact_match, score [0.0, 0.0, 0.0, 0.0, 0.0, 0.0, 0.0, 0.0, 0.0, 0.0, 0.0, 0.0, 0.0, 0.0, 0.0, 0.0, 0.0, 0.0, 0.0, 0.0, 0.0, 0.0, 0.0, 0.0, 0.0, 0.0, 0.0, 0.0, 0.0, 0.0, 0.0, 0.0, 0.0, 0.0, 0.0, 0.0, 0.0, 0.0, 0.0, 0.0, 0.0, 0.0, 0.0, 0.0, 0.0, 0.0, 0.0, 0.0, 0.0, 0.0, 0.0, 0.0, 0.0, 0.0, 0.0, 0.0, 0.0, 0.0, 0.0, 0.0, 0.0, 0.0, 0.0]
2026-08-09 09:42:01.419 | INFO     | eval.evaluation.evaluation:evaluate_single_query:380 - wide2deep_ws_en_043, P/R/F1 by unique_columns: 1.0000/1.0000/1.0000
2026-08-09 09:42:01.419 | INFO     | eval.evaluation.evaluation:evaluate_single_query:383 - wide2deep_ws_en_043, P/R/F1 by row: 0.0000/0.0000/0.0000
2026-08-09 09:42:01.419 | INFO     | eval.evaluation.evaluation:evaluate_single_query:386 - wide2deep_ws_en_043, P/R/F1 by item: 0.5873/0.5873/0.5873
2026-08-09 09:42:01.423 | INFO     | eval.evaluation.evaluation:evaluate_single_query:398 - wide2deep_ws_en_043, final table score: 0.0
{"event": "eval_done", "idx": 4, "instance_id": "wide2deep_ws_en_043", "score": 0.0, "entity_acc": 1.0, "f1_by_row": 0.0, "f1_by_item": 0.5873015873015873, "column_f1": 1.0, "error": null, "elapsed_seconds": 15.353, "running_n": 4}
2026-08-09 09:42:02.711 | DEBUG    | eval.evaluation.data_loader:extract_dataframe:167 - find markdown_str 
| Start Date | End Date | Duration (days) | President | Speaker ...
2026-08-09 09:42:05.575 | INFO     | eval.evaluation.metric_utils:primary_key_preprocess:246 - primary_key_preprocess result: ```json
{
  "1980-05-01": "1980-05-01",
  "1981-11-20": "1981-11-20",
  "1990-10-06": "1990-10-06",
  "1995-11-14": "1995-11-14",
  "1995-12-16": "1995-12-16",
  "2013-10-01": "2013-10-01",
  "2018-01-20": "2018-01-20",
  "2018-12-22": "2018-12-22"
}
```
2026-08-09 09:42:05.576 | INFO     | eval.evaluation.evaluation:evaluate_single_query:223 - col: startdate, primary_key_map {'1980-05-01': '1980-05-01', '1981-11-20': '1981-11-20', '1990-10-06': '1990-10-06', '1995-11-14': '1995-11-14', '1995-12-16': '1995-12-16', '2013-10-01': '2013-10-01', '2018-01-20': '2018-01-20', '2018-12-22': '2018-12-22'}
2026-08-09 09:42:05.584 | INFO     | eval.evaluation.evaluation:evaluate_single_query:275 - wide2deep_ws_en_047, df_inner shape: (8, 18), answer_df shape: (20, 9), response_df shape: (11, 10)
2026-08-09 09:42:05.585 | DEBUG    | eval.evaluation.evaluation:metric_call:77 - metric_func_name exact_match score 1.0 msg exact match, response: 1980-05-01, target: 1980-05-01
2026-08-09 09:42:05.585 | DEBUG    | eval.evaluation.evaluation:metric_call:77 - metric_func_name exact_match score 1.0 msg exact match, response: 1981-11-23, target: 1981-11-23
2026-08-09 09:42:05.585 | DEBUG    | eval.evaluation.evaluation:metric_call:77 - metric_func_name exact_match score 1.0 msg exact match, response: 1990-10-09, target: 1990-10-09
2026-08-09 09:42:05.585 | DEBUG    | eval.evaluation.evaluation:metric_call:77 - metric_func_name exact_match score 1.0 msg exact match, response: 1995-11-19, target: 1995-11-19
2026-08-09 09:42:05.585 | DEBUG    | eval.evaluation.evaluation:metric_call:77 - metric_func_name exact_match score 1.0 msg exact match, response: 1996-01-06, target: 1996-01-06
2026-08-09 09:42:05.585 | DEBUG    | eval.evaluation.evaluation:metric_call:77 - metric_func_name exact_match score 1.0 msg exact match, response: 2013-10-17, target: 2013-10-17
2026-08-09 09:42:05.585 | DEBUG    | eval.evaluation.evaluation:metric_call:77 - metric_func_name exact_match score 1.0 msg exact match, response: 2018-01-22, target: 2018-01-22
2026-08-09 09:42:05.585 | DEBUG    | eval.evaluation.evaluation:metric_call:77 - metric_func_name exact_match score 1.0 msg exact match, response: 2019-01-25, target: 2019-01-25
2026-08-09 09:42:05.586 | DEBUG    | eval.evaluation.evaluation:evaluate_single_query:321 - wide2deep_ws_en_047, col enddate, metric_func_name exact_match, score [1.0, 1.0, 1.0, 1.0, 1.0, 1.0, 1.0, 1.0]
2026-08-09 09:42:11.599 | DEBUG    | eval.evaluation.evaluation:evaluate_single_query:321 - wide2deep_ws_en_047, col duration(days), metric_func_name llm_judge, score [1, 1, 1, 1, 1, 1, 1, 1]
2026-08-09 09:42:14.690 | DEBUG    | eval.evaluation.evaluation:evaluate_single_query:321 - wide2deep_ws_en_047, col president, metric_func_name llm_judge, score [1, 1, 1, 1, 1, 1, 1, 1]
2026-08-09 09:42:19.583 | DEBUG    | eval.evaluation.evaluation:evaluate_single_query:321 - wide2deep_ws_en_047, col speakerofthehouse, metric_func_name llm_judge, score [1, 1, 1, 1, 1, 1, 1, 0]
2026-08-09 09:42:23.589 | DEBUG    | eval.evaluation.evaluation:evaluate_single_query:321 - wide2deep_ws_en_047, col senatemajorityleader, metric_func_name llm_judge, score [1, 1, 1, 1, 1, 1, 1, 1]
2026-08-09 09:42:23.590 | DEBUG    | eval.evaluation.evaluation:metric_call:77 - metric_func_name number_near score 1.0 msg number near in range 5.0%, response: 1600.0, target: 1600.0
2026-08-09 09:42:23.590 | DEBUG    | eval.evaluation.evaluation:metric_call:77 - metric_func_name number_near score 1.0 msg number near in range 5.0%, response: 241000.0, target: 241000.0
2026-08-09 09:42:23.590 | DEBUG    | eval.evaluation.evaluation:metric_call:77 - metric_func_name number_near score 1.0 msg number near in range 5.0%, response: 2800.0, target: 2800.0
2026-08-09 09:42:23.590 | DEBUG    | eval.evaluation.evaluation:metric_call:77 - metric_func_name number_near score 1.0 msg number near in range 5.0%, response: 800000.0, target: 800000.0
2026-08-09 09:42:23.590 | DEBUG    | eval.evaluation.evaluation:metric_call:77 - metric_func_name number_near score 1.0 msg number near in range 5.0%, response: 284000.0, target: 284000.0
2026-08-09 09:42:23.590 | DEBUG    | eval.evaluation.evaluation:metric_call:77 - metric_func_name number_near score 0.0 msg number not near, response: 850000.0, target: 800000.0
2026-08-09 09:42:23.590 | DEBUG    | eval.evaluation.evaluation:metric_call:77 - metric_func_name number_near score 0.0 msg number not convertable, response: None, target: 692900.0
2026-08-09 09:42:23.590 | DEBUG    | eval.evaluation.evaluation:metric_call:77 - metric_func_name number_near score 1.0 msg number near in range 5.0%, response: 380000.0, target: 380000.0
2026-08-09 09:42:23.591 | DEBUG    | eval.evaluation.evaluation:evaluate_single_query:321 - wide2deep_ws_en_047, col furloughedemployees, metric_func_name number_near, score [1.0, 1.0, 1.0, 1.0, 1.0, 0.0, 0.0, 1.0]
2026-08-09 09:42:23.591 | DEBUG    | eval.evaluation.evaluation:metric_call:77 - metric_func_name number_near score 1.0 msg number near in range 5.0%, response: 0.7, target: 0.7
2026-08-09 09:42:23.591 | DEBUG    | eval.evaluation.evaluation:metric_call:77 - metric_func_name number_near score 0.0 msg number not near, response: 80.0, target: 85.0
2026-08-09 09:42:23.591 | DEBUG    | eval.evaluation.evaluation:metric_call:77 - metric_func_name number_near score 1.0 msg number near in range 5.0%, response: 2.57, target: 2.6
2026-08-09 09:42:23.591 | DEBUG    | eval.evaluation.evaluation:metric_call:77 - metric_func_name number_near score 1.0 msg number near in range 5.0%, response: 400.0, target: 400.0
2026-08-09 09:42:23.592 | DEBUG    | eval.evaluation.evaluation:metric_call:77 - metric_func_name number_near score 0.0 msg number not near, response: 600.0, target: 1000.0
2026-08-09 09:42:23.592 | DEBUG    | eval.evaluation.evaluation:metric_call:77 - metric_func_name number_near score 0.0 msg number not near, response: 24000.0, target: 2100.0
2026-08-09 09:42:23.592 | DEBUG    | eval.evaluation.evaluation:metric_call:77 - metric_func_name number_near score 1.0 msg number equal, response: NULL, target: NULL
2026-08-09 09:42:23.592 | DEBUG    | eval.evaluation.evaluation:metric_call:77 - metric_func_name number_near score 0.0 msg number not near, response: 11000.0, target: 5000.0
2026-08-09 09:42:23.592 | DEBUG    | eval.evaluation.evaluation:evaluate_single_query:321 - wide2deep_ws_en_047, col estimatedloss(usdmillion), metric_func_name number_near, score [1.0, 0.0, 1.0, 1.0, 0.0, 0.0, 1.0, 0.0]
2026-08-09 09:42:26.930 | DEBUG    | eval.evaluation.evaluation:evaluate_single_query:321 - wide2deep_ws_en_047, col maindisputedprovisions, metric_func_name llm_judge, score [0, 1, 1, 1, 1, 1, 1, 1]
2026-08-09 09:42:26.935 | INFO     | eval.evaluation.evaluation:evaluate_single_query:380 - wide2deep_ws_en_047, P/R/F1 by unique_columns: 0.7273/0.4000/0.5161
2026-08-09 09:42:26.935 | INFO     | eval.evaluation.evaluation:evaluate_single_query:383 - wide2deep_ws_en_047, P/R/F1 by row: 0.1818/0.1000/0.1290
2026-08-09 09:42:26.935 | INFO     | eval.evaluation.evaluation:evaluate_single_query:386 - wide2deep_ws_en_047, P/R/F1 by item: 0.6465/0.3556/0.4588
2026-08-09 09:42:26.937 | INFO     | eval.evaluation.evaluation:evaluate_single_query:398 - wide2deep_ws_en_047, final table score: 0.0
{"event": "eval_done", "idx": 5, "instance_id": "wide2deep_ws_en_047", "score": 0.0, "entity_acc": 1.0, "f1_by_row": 0.12903225806451613, "f1_by_item": 0.4587813620071685, "column_f1": 0.5161290322580645, "error": null, "elapsed_seconds": 25.497, "running_n": 5}
2026-08-09 09:42:29.109 | DEBUG    | eval.evaluation.data_loader:extract_dataframe:167 - find markdown_str 
| Model Name | Price (USD, launch MSRPs) | Dimensions L/W/H (mm ...
2026-08-09 09:42:30.921 | INFO     | eval.evaluation.metric_utils:primary_key_preprocess:246 - primary_key_preprocess result: ```json
{
  "modelname": "modelname",
  "price(usd,launchmsrps)": "price(launchmsrpsinusd)",
  "dimensionsl/w/h(mm)": "dimensionsl/w/h(mm)",
  "wheelbase(mm)": "wheelbase(mm)",
  "maxtorque(n·m)": "maxtorque(n·m)",
  "frontsuspension": "frontsuspension",
  "rearsuspension": "rearsuspension",
  "advanced-driver-assistsystems(adas²)": "advanced-driver-assistsystems(adas²)",
  "intelligentparkingassist": "intelligentparkingassist"
}
```
2026-08-09 09:42:30.921 | INFO     | eval.evaluation.evaluation:evaluate_single_query:172 - column map: {'modelname': 'modelname', 'price(usd,launchmsrps)': 'price(launchmsrpsinusd)', 'dimensionsl/w/h(mm)': 'dimensionsl/w/h(mm)', 'wheelbase(mm)': 'wheelbase(mm)', 'maxtorque(n·m)': 'maxtorque(n·m)', 'frontsuspension': 'frontsuspension', 'rearsuspension': 'rearsuspension', 'advanced-driver-assistsystems(adas²)': 'advanced-driver-assistsystems(adas²)', 'intelligentparkingassist': 'intelligentparkingassist'}
2026-08-09 09:42:30.922 | INFO     | eval.evaluation.evaluation:evaluate_single_query:173 - befor mapping: Index(['modelname', 'price(usd,launchmsrps)', 'dimensionsl/w/h(mm)',
       'wheelbase(mm)', 'maxtorque(n·m)', 'frontsuspension', 'rearsuspension',
       'advanced-driver-assistsystems(adas²)', 'intelligentparkingassist'],
      dtype='object')
2026-08-09 09:42:30.922 | INFO     | eval.evaluation.evaluation:evaluate_single_query:175 - after mapping: Index(['modelname', 'price(launchmsrpsinusd)', 'dimensionsl/w/h(mm)',
       'wheelbase(mm)', 'maxtorque(n·m)', 'frontsuspension', 'rearsuspension',
       'advanced-driver-assistsystems(adas²)', 'intelligentparkingassist'],
      dtype='object')
2026-08-09 09:42:34.483 | INFO     | eval.evaluation.metric_utils:primary_key_preprocess:246 - primary_key_preprocess result: ```json
{
  "Focus Electric (2012)": "Ford Focus Electric（2012）",
  "C‑MAX Hybrid (2013)": "Ford C‑MAX Hybrid SE(2013)",
  "EcoSport (2018; U.S. launch)": "EcoSport S FWD(2018)",
  "Ranger (2019; U.S. production resumed)": "Ranger XL（2019）",
  "Mustang Mach‑E (2021)": "Mach-E 2021 Standard‑Range RWD（2021）",
  "Bronco Sport (2021)": "Ford Bronco Sport Base(2021)",
  "Bronco (2021; production resumed)": "Ford Bronco Base (2021)",
  "Maverick (2022)": "Maverick XL（2022）",
  "F‑150 Lightning (2022; nameplate resumed)": "Ford F‑150 Lightning Pro (2022)",
  "E‑Transit (2022)": "Ford E-Transit Cargo Van Low Roof SWB（2022）"
}
```
2026-08-09 09:42:34.483 | INFO     | eval.evaluation.evaluation:evaluate_single_query:223 - col: modelname, primary_key_map {'Focus Electric (2012)': 'Ford Focus Electric（2012）', 'C‑MAX Hybrid (2013)': 'Ford C‑MAX Hybrid SE(2013)', 'EcoSport (2018; U.S. launch)': 'EcoSport S FWD(2018)', 'Ranger (2019; U.S. production resumed)': 'Ranger XL（2019）', 'Mustang Mach‑E (2021)': 'Mach-E 2021 Standard‑Range RWD（2021）', 'Bronco Sport (2021)': 'Ford Bronco Sport Base(2021)', 'Bronco (2021; production resumed)': 'Ford Bronco Base (2021)', 'Maverick (2022)': 'Maverick XL（2022）', 'F‑150 Lightning (2022; nameplate resumed)': 'Ford F‑150 Lightning Pro (2022)', 'E‑Transit (2022)': 'Ford E-Transit Cargo Van Low Roof SWB（2022）'}
2026-08-09 09:42:34.493 | INFO     | eval.evaluation.evaluation:evaluate_single_query:275 - wide2deep_ws_en_049, df_inner shape: (10, 18), answer_df shape: (10, 9), response_df shape: (15, 10)
2026-08-09 09:42:37.792 | DEBUG    | eval.evaluation.evaluation:evaluate_single_query:321 - wide2deep_ws_en_049, col price(launchmsrpsinusd), metric_func_name llm_judge, score [1, 1, 0, 1, 1, 1, 1, 1, 0, 1]
2026-08-09 09:42:42.711 | DEBUG    | eval.evaluation.evaluation:evaluate_single_query:321 - wide2deep_ws_en_049, col dimensionsl/w/h(mm), metric_func_name llm_judge, score [0, 0, 0, 0, 0, 0, 0, 0, 0, 0]
2026-08-09 09:42:44.738 | DEBUG    | eval.evaluation.evaluation:evaluate_single_query:321 - wide2deep_ws_en_049, col wheelbase(mm), metric_func_name llm_judge, score [1, 1, 0, 1, 0, 0, 1, 1, 0, 1]
2026-08-09 09:42:44.739 | DEBUG    | eval.evaluation.evaluation:metric_call:77 - metric_func_name number_near score 1.0 msg number near in range 5.0%, response: 170.0, target: 170.0
2026-08-09 09:42:44.739 | DEBUG    | eval.evaluation.evaluation:metric_call:77 - metric_func_name number_near score 1.0 msg number near in range 5.0%, response: 430.0, target: 430.0
2026-08-09 09:42:44.739 | DEBUG    | eval.evaluation.evaluation:metric_call:77 - metric_func_name number_near score 1.0 msg number near in range 5.0%, response: 420.0, target: 441.0
2026-08-09 09:42:44.739 | DEBUG    | eval.evaluation.evaluation:metric_call:77 - metric_func_name number_near score 1.0 msg number near in range 5.0%, response: 258.0, target: 257.0
2026-08-09 09:42:44.739 | DEBUG    | eval.evaluation.evaluation:metric_call:77 - metric_func_name number_near score 1.0 msg number near in range 5.0%, response: 176.0, target: 175.0
2026-08-09 09:42:44.740 | DEBUG    | eval.evaluation.evaluation:metric_call:77 - metric_func_name number_near score 1.0 msg number near in range 5.0%, response: 250.0, target: 245.0
2026-08-09 09:42:44.740 | DEBUG    | eval.evaluation.evaluation:metric_call:77 - metric_func_name number_near score 1.0 msg number near in range 5.0%, response: 210.0, target: 210.0
2026-08-09 09:42:44.740 | DEBUG    | eval.evaluation.evaluation:metric_call:77 - metric_func_name number_near score 1.0 msg number near in range 5.0%, response: 420.0, target: 420.0
2026-08-09 09:42:44.740 | DEBUG    | eval.evaluation.evaluation:metric_call:77 - metric_func_name number_near score 1.0 msg number near in range 5.0%, response: 430.0, target: 430.0
2026-08-09 09:42:44.740 | DEBUG    | eval.evaluation.evaluation:metric_call:77 - metric_func_name number_near score 1.0 msg number near in range 5.0%, response: 1050.0, target: 1051.0
2026-08-09 09:42:44.741 | DEBUG    | eval.evaluation.evaluation:evaluate_single_query:321 - wide2deep_ws_en_049, col maxtorque(n·m), metric_func_name number_near, score [1.0, 1.0, 1.0, 1.0, 1.0, 1.0, 1.0, 1.0, 1.0, 1.0]
2026-08-09 09:42:50.065 | DEBUG    | eval.evaluation.evaluation:evaluate_single_query:321 - wide2deep_ws_en_049, col frontsuspension, metric_func_name llm_judge, score [1, 1, 1, 1, 1, 1, 1, 1, 1, 0]
2026-08-09 09:42:56.627 | DEBUG    | eval.evaluation.evaluation:evaluate_single_query:321 - wide2deep_ws_en_049, col rearsuspension, metric_func_name llm_judge, score [1, 1, 1, 0, 1, 1, 1, 1, 0, 1]
2026-08-09 09:43:02.449 | DEBUG    | eval.evaluation.evaluation:evaluate_single_query:321 - wide2deep_ws_en_049, col advanced-driver-assistsystems(adas²), metric_func_name llm_judge, score [0, 0, 0, 0, 1, 1, 0, 0, 0, 0]
2026-08-09 09:43:15.017 | DEBUG    | eval.evaluation.evaluation:evaluate_single_query:321 - wide2deep_ws_en_049, col intelligentparkingassist, metric_func_name llm_judge, score [1, 0, 1, 1, 0, 1, 1, 1, 1, 1]
2026-08-09 09:43:15.023 | INFO     | eval.evaluation.evaluation:evaluate_single_query:380 - wide2deep_ws_en_049, P/R/F1 by unique_columns: 0.6667/1.0000/0.8000
2026-08-09 09:43:15.023 | INFO     | eval.evaluation.evaluation:evaluate_single_query:383 - wide2deep_ws_en_049, P/R/F1 by row: 0.0000/0.0000/0.0000
2026-08-09 09:43:15.023 | INFO     | eval.evaluation.evaluation:evaluate_single_query:386 - wide2deep_ws_en_049, P/R/F1 by item: 0.4519/0.6778/0.5422
2026-08-09 09:43:15.025 | INFO     | eval.evaluation.evaluation:evaluate_single_query:398 - wide2deep_ws_en_049, final table score: 0.0
{"event": "eval_done", "idx": 6, "instance_id": "wide2deep_ws_en_049", "score": 0.0, "entity_acc": 1.0, "f1_by_row": 0.0, "f1_by_item": 0.5422222222222222, "column_f1": 0.8, "error": null, "elapsed_seconds": 48.069, "running_n": 6}
2026-08-09 09:43:16.189 | DEBUG    | eval.evaluation.data_loader:extract_dataframe:167 - find markdown_str 
| Country | Share of Women Seats 1995(%) | Total Seats 1995 | S ...
2026-08-09 09:43:19.715 | INFO     | eval.evaluation.metric_utils:primary_key_preprocess:246 - primary_key_preprocess result: ```json
{
  "Australia": "Australia",
  "Austria": "Austria",
  "Belgium": "Belgium",
  "Canada": "Canada",
  "Chile": "Chile",
  "Colombia": "Colombia",
  "Costa Rica": "Costa Rica",
  "Czechia": "Czech Republic",
  "Denmark": "Denmark",
  "Estonia": "Estonia",
  "Finland": "Finland",
  "France": "France",
  "Germany": "Germany",
  "Greece": "Greece",
  "Hungary": "Hungary",
  "Iceland": "Iceland",
  "Ireland": "Ireland",
  "Israel": "Israel",
  "Italy": "Italy",
  "Japan": "Japan",
  "Korea, Republic of": "Korea",
  "Latvia": "Latvia",
  "Lithuania": "Lithuania",
  "Luxembourg": "Luxembourg",
  "Mexico": "Mexico",
  "Netherlands": "Netherlands",
  "New Zealand": "New Zealand",
  "Norway": "Norway",
  "Poland": "Poland",
  "Portugal": "Portugal",
  "Slovak Republic": "Slovak Republic",
  "Slovenia": "Slovenia",
  "Spain": "Spain",
  "Sweden": "Sweden",
  "Switzerland": "Switzerland",
  "Türkiye": "Turkey",
  "United Kingdom": "United Kingdom",
  "United States": "United States"
}
```
2026-08-09 09:43:19.715 | INFO     | eval.evaluation.evaluation:evaluate_single_query:223 - col: country, primary_key_map {'Australia': 'Australia', 'Austria': 'Austria', 'Belgium': 'Belgium', 'Canada': 'Canada', 'Chile': 'Chile', 'Colombia': 'Colombia', 'Costa Rica': 'Costa Rica', 'Czechia': 'Czech Republic', 'Denmark': 'Denmark', 'Estonia': 'Estonia', 'Finland': 'Finland', 'France': 'France', 'Germany': 'Germany', 'Greece': 'Greece', 'Hungary': 'Hungary', 'Iceland': 'Iceland', 'Ireland': 'Ireland', 'Israel': 'Israel', 'Italy': 'Italy', 'Japan': 'Japan', 'Korea, Republic of': 'Korea', 'Latvia': 'Latvia', 'Lithuania': 'Lithuania', 'Luxembourg': 'Luxembourg', 'Mexico': 'Mexico', 'Netherlands': 'Netherlands', 'New Zealand': 'New Zealand', 'Norway': 'Norway', 'Poland': 'Poland', 'Portugal': 'Portugal', 'Slovak Republic': 'Slovak Republic', 'Slovenia': 'Slovenia', 'Spain': 'Spain', 'Sweden': 'Sweden', 'Switzerland': 'Switzerland', 'Türkiye': 'Turkey', 'United Kingdom': 'United Kingdom', 'United States': 'United States'}
2026-08-09 09:43:19.723 | INFO     | eval.evaluation.evaluation:evaluate_single_query:275 - wide2deep_ws_en_050, df_inner shape: (38, 18), answer_df shape: (38, 9), response_df shape: (38, 10)
2026-08-09 09:43:19.724 | DEBUG    | eval.evaluation.evaluation:metric_call:77 - metric_func_name number_near score 1.0 msg number near in range 5.0%, response: 8.8, target: 8.8
2026-08-09 09:43:19.724 | DEBUG    | eval.evaluation.evaluation:metric_call:77 - metric_func_name number_near score 0.0 msg number not near, response: 9.8, target: 14.2
2026-08-09 09:43:19.726 | DEBUG    | eval.evaluation.evaluation:metric_call:77 - metric_func_name number_near score 1.0 msg number near in range 5.0%, response: 12.0, target: 12.0
2026-08-09 09:43:19.726 | DEBUG    | eval.evaluation.evaluation:metric_call:77 - metric_func_name number_near score 1.0 msg number near in range 5.0%, response: 18.0, target: 18.0
2026-08-09 09:43:19.726 | DEBUG    | eval.evaluation.evaluation:metric_call:77 - metric_func_name number_near score 1.0 msg number equal, response: NULL, target: NULL
2026-08-09 09:43:19.726 | DEBUG    | eval.evaluation.evaluation:metric_call:77 - metric_func_name number_near score 1.0 msg number equal, response: NULL, target: NULL
2026-08-09 09:43:19.726 | DEBUG    | eval.evaluation.evaluation:metric_call:77 - metric_func_name number_near score 1.0 msg number equal, response: NULL, target: NULL
2026-08-09 09:43:19.726 | DEBUG    | eval.evaluation.evaluation:metric_call:77 - metric_func_name number_near score 0.0 msg number not near, response: 9.0, target: 10.0
2026-08-09 09:43:19.726 | DEBUG    | eval.evaluation.evaluation:metric_call:77 - metric_func_name number_near score 1.0 msg number near in range 5.0%, response: 33.5, target: 33.5
2026-08-09 09:43:19.726 | DEBUG    | eval.evaluation.evaluation:metric_call:77 - metric_func_name number_near score 1.0 msg number equal, response: NULL, target: NULL
2026-08-09 09:43:19.726 | DEBUG    | eval.evaluation.evaluation:metric_call:77 - metric_func_name number_near score 1.0 msg number near in range 5.0%, response: 33.5, target: 33.5
2026-08-09 09:43:19.726 | DEBUG    | eval.evaluation.evaluation:metric_call:77 - metric_func_name number_near score 1.0 msg number near in range 5.0%, response: 6.4, target: 6.4
2026-08-09 09:43:19.726 | DEBUG    | eval.evaluation.evaluation:metric_call:77 - metric_func_name number_near score 1.0 msg number near in range 5.0%, response: 26.2, target: 26.3
2026-08-09 09:43:19.726 | DEBUG    | eval.evaluation.evaluation:metric_call:77 - metric_func_name number_near score 1.0 msg number near in range 5.0%, response: 6.3, target: 6.0
2026-08-09 09:43:19.726 | DEBUG    | eval.evaluation.evaluation:metric_call:77 - metric_func_name number_near score 1.0 msg number equal, response: NULL, target: NULL
2026-08-09 09:43:19.726 | DEBUG    | eval.evaluation.evaluation:metric_call:77 - metric_func_name number_near score 1.0 msg number near in range 5.0%, response: 25.4, target: 25.4
2026-08-09 09:43:19.727 | DEBUG    | eval.evaluation.evaluation:metric_call:77 - metric_func_name number_near score 1.0 msg number near in range 5.0%, response: 12.0, target: 12.0
2026-08-09 09:43:19.727 | DEBUG    | eval.evaluation.evaluation:metric_call:77 - metric_func_name number_near score 1.0 msg number equal, response: NULL, target: NULL
2026-08-09 09:43:19.727 | DEBUG    | eval.evaluation.evaluation:metric_call:77 - metric_func_name number_near score 1.0 msg number near in range 5.0%, response: 15.1, target: 15.1
2026-08-09 09:43:19.727 | DEBUG    | eval.evaluation.evaluation:metric_call:77 - metric_func_name number_near score 1.0 msg number near in range 5.0%, response: 2.7, target: 2.7
2026-08-09 09:43:19.727 | DEBUG    | eval.evaluation.evaluation:metric_call:77 - metric_func_name number_near score 1.0 msg number equal, response: NULL, target: NULL
2026-08-09 09:43:19.727 | DEBUG    | eval.evaluation.evaluation:metric_call:77 - metric_func_name number_near score 1.0 msg number equal, response: NULL, target: NULL
2026-08-09 09:43:19.727 | DEBUG    | eval.evaluation.evaluation:metric_call:77 - metric_func_name number_near score 1.0 msg number equal, response: NULL, target: NULL
2026-08-09 09:43:19.727 | DEBUG    | eval.evaluation.evaluation:metric_call:77 - metric_func_name number_near score 1.0 msg number near in range 5.0%, response: 20.0, target: 20.0
2026-08-09 09:43:19.727 | DEBUG    | eval.evaluation.evaluation:metric_call:77 - metric_func_name number_near score 1.0 msg number near in range 5.0%, response: 14.2, target: 14.2
2026-08-09 09:43:19.727 | DEBUG    | eval.evaluation.evaluation:metric_call:77 - metric_func_name number_near score 1.0 msg number near in range 5.0%, response: 31.3, target: 32.7
2026-08-09 09:43:19.727 | DEBUG    | eval.evaluation.evaluation:metric_call:77 - metric_func_name number_near score 1.0 msg number near in range 5.0%, response: 21.2, target: 21.2
2026-08-09 09:43:19.727 | DEBUG    | eval.evaluation.evaluation:metric_call:77 - metric_func_name number_near score 1.0 msg number near in range 5.0%, response: 39.4, target: 39.4
2026-08-09 09:43:19.727 | DEBUG    | eval.evaluation.evaluation:metric_call:77 - metric_func_name number_near score 1.0 msg number equal, response: NULL, target: NULL
2026-08-09 09:43:19.727 | DEBUG    | eval.evaluation.evaluation:metric_call:77 - metric_func_name number_near score 1.0 msg number near in range 5.0%, response: 13.0, target: 13.0
2026-08-09 09:43:19.727 | DEBUG    | eval.evaluation.evaluation:metric_call:77 - metric_func_name number_near score 1.0 msg number equal, response: NULL, target: NULL
2026-08-09 09:43:19.727 | DEBUG    | eval.evaluation.evaluation:metric_call:77 - metric_func_name number_near score 1.0 msg number equal, response: NULL, target: NULL
2026-08-09 09:43:19.727 | DEBUG    | eval.evaluation.evaluation:metric_call:77 - metric_func_name number_near score 1.0 msg number near in range 5.0%, response: 16.0, target: 16.0
2026-08-09 09:43:19.727 | DEBUG    | eval.evaluation.evaluation:metric_call:77 - metric_func_name number_near score 1.0 msg number near in range 5.0%, response: 40.4, target: 40.4
2026-08-09 09:43:19.727 | DEBUG    | eval.evaluation.evaluation:metric_call:77 - metric_func_name number_near score 1.0 msg number near in range 5.0%, response: 21.5, target: 21.0
2026-08-09 09:43:19.727 | DEBUG    | eval.evaluation.evaluation:metric_call:77 - metric_func_name number_near score 1.0 msg number near in range 5.0%, response: 2.4, target: 2.4
2026-08-09 09:43:19.728 | DEBUG    | eval.evaluation.evaluation:metric_call:77 - metric_func_name number_near score 1.0 msg number near in range 5.0%, response: 9.2, target: 9.2
2026-08-09 09:43:19.728 | DEBUG    | eval.evaluation.evaluation:metric_call:77 - metric_func_name number_near score 1.0 msg number near in range 5.0%, response: 10.9, target: 10.9
2026-08-09 09:43:19.728 | DEBUG    | eval.evaluation.evaluation:evaluate_single_query:321 - wide2deep_ws_en_050, col shareofwomenseats1995(%), metric_func_name number_near, score [1.0, 0.0, 1.0, 1.0, 1.0, 1.0, 1.0, 0.0, 1.0, 1.0, 1.0, 1.0, 1.0, 1.0, 1.0, 1.0, 1.0, 1.0, 1.0, 1.0, 1.0, 1.0, 1.0, 1.0, 1.0, 1.0, 1.0, 1.0, 1.0, 1.0, 1.0, 1.0, 1.0, 1.0, 1.0, 1.0, 1.0, 1.0]
2026-08-09 09:43:19.730 | DEBUG    | eval.evaluation.evaluation:metric_call:77 - metric_func_name number_near score 1.0 msg number near in range 5.0%, response: 147.0, target: 148.0
2026-08-09 09:43:19.730 | DEBUG    | eval.evaluation.evaluation:metric_call:77 - metric_func_name number_near score 1.0 msg number near in range 5.0%, response: 183.0, target: 183.0
2026-08-09 09:43:19.731 | DEBUG    | eval.evaluation.evaluation:metric_call:77 - metric_func_name number_near score 1.0 msg number near in range 5.0%, response: 150.0, target: 150.0
2026-08-09 09:43:19.731 | DEBUG    | eval.evaluation.evaluation:metric_call:77 - metric_func_name number_near score 1.0 msg number near in range 5.0%, response: 295.0, target: 295.0
2026-08-09 09:43:19.731 | DEBUG    | eval.evaluation.evaluation:metric_call:77 - metric_func_name number_near score 1.0 msg number equal, response: NULL, target: NULL
2026-08-09 09:43:19.731 | DEBUG    | eval.evaluation.evaluation:metric_call:77 - metric_func_name number_near score 1.0 msg number equal, response: NULL, target: NULL
2026-08-09 09:43:19.731 | DEBUG    | eval.evaluation.evaluation:metric_call:77 - metric_func_name number_near score 1.0 msg number equal, response: NULL, target: NULL
2026-08-09 09:43:19.731 | DEBUG    | eval.evaluation.evaluation:metric_call:77 - metric_func_name number_near score 1.0 msg number near in range 5.0%, response: 200.0, target: 200.0
2026-08-09 09:43:19.731 | DEBUG    | eval.evaluation.evaluation:metric_call:77 - metric_func_name number_near score 1.0 msg number near in range 5.0%, response: 179.0, target: 179.0
2026-08-09 09:43:19.731 | DEBUG    | eval.evaluation.evaluation:metric_call:77 - metric_func_name number_near score 1.0 msg number equal, response: NULL, target: NULL
2026-08-09 09:43:19.731 | DEBUG    | eval.evaluation.evaluation:metric_call:77 - metric_func_name number_near score 1.0 msg number near in range 5.0%, response: 200.0, target: 200.0
2026-08-09 09:43:19.731 | DEBUG    | eval.evaluation.evaluation:metric_call:77 - metric_func_name number_near score 1.0 msg number near in range 5.0%, response: 577.0, target: 577.0
2026-08-09 09:43:19.731 | DEBUG    | eval.evaluation.evaluation:metric_call:77 - metric_func_name number_near score 1.0 msg number near in range 5.0%, response: 672.0, target: 672.0
2026-08-09 09:43:19.731 | DEBUG    | eval.evaluation.evaluation:metric_call:77 - metric_func_name number_near score 1.0 msg number near in range 5.0%, response: 300.0, target: 300.0
2026-08-09 09:43:19.731 | DEBUG    | eval.evaluation.evaluation:metric_call:77 - metric_func_name number_near score 1.0 msg number equal, response: NULL, target: NULL
2026-08-09 09:43:19.731 | DEBUG    | eval.evaluation.evaluation:metric_call:77 - metric_func_name number_near score 1.0 msg number near in range 5.0%, response: 63.0, target: 63.0
2026-08-09 09:43:19.731 | DEBUG    | eval.evaluation.evaluation:metric_call:77 - metric_func_name number_near score 1.0 msg number near in range 5.0%, response: 166.0, target: 166.0
2026-08-09 09:43:19.731 | DEBUG    | eval.evaluation.evaluation:metric_call:77 - metric_func_name number_near score 1.0 msg number equal, response: NULL, target: NULL
2026-08-09 09:43:19.731 | DEBUG    | eval.evaluation.evaluation:metric_call:77 - metric_func_name number_near score 1.0 msg number near in range 5.0%, response: 630.0, target: 630.0
2026-08-09 09:43:19.731 | DEBUG    | eval.evaluation.evaluation:metric_call:77 - metric_func_name number_near score 1.0 msg number near in range 5.0%, response: 500.0, target: 511.0
2026-08-09 09:43:19.732 | DEBUG    | eval.evaluation.evaluation:metric_call:77 - metric_func_name number_near score 1.0 msg number equal, response: NULL, target: NULL
2026-08-09 09:43:19.732 | DEBUG    | eval.evaluation.evaluation:metric_call:77 - metric_func_name number_near score 1.0 msg number equal, response: NULL, target: NULL
2026-08-09 09:43:19.732 | DEBUG    | eval.evaluation.evaluation:metric_call:77 - metric_func_name number_near score 1.0 msg number equal, response: NULL, target: NULL
2026-08-09 09:43:19.732 | DEBUG    | eval.evaluation.evaluation:metric_call:77 - metric_func_name number_near score 1.0 msg number near in range 5.0%, response: 60.0, target: 60.0
2026-08-09 09:43:19.732 | DEBUG    | eval.evaluation.evaluation:metric_call:77 - metric_func_name number_near score 1.0 msg number near in range 5.0%, response: 500.0, target: 500.0
2026-08-09 09:43:19.732 | DEBUG    | eval.evaluation.evaluation:metric_call:77 - metric_func_name number_near score 1.0 msg number near in range 5.0%, response: 150.0, target: 150.0
2026-08-09 09:43:19.732 | DEBUG    | eval.evaluation.evaluation:metric_call:77 - metric_func_name number_near score 1.0 msg number near in range 5.0%, response: 99.0, target: 99.0
2026-08-09 09:43:19.732 | DEBUG    | eval.evaluation.evaluation:metric_call:77 - metric_func_name number_near score 1.0 msg number near in range 5.0%, response: 165.0, target: 165.0
2026-08-09 09:43:19.733 | DEBUG    | eval.evaluation.evaluation:metric_call:77 - metric_func_name number_near score 1.0 msg number equal, response: NULL, target: NULL
2026-08-09 09:43:19.733 | DEBUG    | eval.evaluation.evaluation:metric_call:77 - metric_func_name number_near score 1.0 msg number near in range 5.0%, response: 230.0, target: 230.0
2026-08-09 09:43:19.733 | DEBUG    | eval.evaluation.evaluation:metric_call:77 - metric_func_name number_near score 1.0 msg number equal, response: NULL, target: NULL
2026-08-09 09:43:19.733 | DEBUG    | eval.evaluation.evaluation:metric_call:77 - metric_func_name number_near score 1.0 msg number equal, response: NULL, target: NULL
2026-08-09 09:43:19.733 | DEBUG    | eval.evaluation.evaluation:metric_call:77 - metric_func_name number_near score 1.0 msg number near in range 5.0%, response: 350.0, target: 350.0
2026-08-09 09:43:19.734 | DEBUG    | eval.evaluation.evaluation:metric_call:77 - metric_func_name number_near score 1.0 msg number near in range 5.0%, response: 349.0, target: 349.0
2026-08-09 09:43:19.734 | DEBUG    | eval.evaluation.evaluation:metric_call:77 - metric_func_name number_near score 1.0 msg number near in range 5.0%, response: 200.0, target: 200.0
2026-08-09 09:43:19.734 | DEBUG    | eval.evaluation.evaluation:metric_call:77 - metric_func_name number_near score 1.0 msg number near in range 5.0%, response: 550.0, target: 550.0
2026-08-09 09:43:19.734 | DEBUG    | eval.evaluation.evaluation:metric_call:77 - metric_func_name number_near score 1.0 msg number near in range 5.0%, response: 651.0, target: 651.0
2026-08-09 09:43:19.734 | DEBUG    | eval.evaluation.evaluation:metric_call:77 - metric_func_name number_near score 1.0 msg number near in range 5.0%, response: 435.0, target: 435.0
2026-08-09 09:43:19.735 | DEBUG    | eval.evaluation.evaluation:evaluate_single_query:321 - wide2deep_ws_en_050, col totalseats1995, metric_func_name number_near, score [1.0, 1.0, 1.0, 1.0, 1.0, 1.0, 1.0, 1.0, 1.0, 1.0, 1.0, 1.0, 1.0, 1.0, 1.0, 1.0, 1.0, 1.0, 1.0, 1.0, 1.0, 1.0, 1.0, 1.0, 1.0, 1.0, 1.0, 1.0, 1.0, 1.0, 1.0, 1.0, 1.0, 1.0, 1.0, 1.0, 1.0, 1.0]
2026-08-09 09:43:19.735 | DEBUG    | eval.evaluation.evaluation:metric_call:77 - metric_func_name number_near score 1.0 msg number near in range 5.0%, response: 24.7, target: 24.7
2026-08-09 09:43:19.735 | DEBUG    | eval.evaluation.evaluation:metric_call:77 - metric_func_name number_near score 1.0 msg number near in range 5.0%, response: 33.9, target: 33.9
2026-08-09 09:43:19.735 | DEBUG    | eval.evaluation.evaluation:metric_call:77 - metric_func_name number_near score 1.0 msg number near in range 5.0%, response: 34.7, target: 34.7
2026-08-09 09:43:19.735 | DEBUG    | eval.evaluation.evaluation:metric_call:77 - metric_func_name number_near score 1.0 msg number near in range 5.0%, response: 21.1, target: 21.1
2026-08-09 09:43:19.735 | DEBUG    | eval.evaluation.evaluation:metric_call:77 - metric_func_name number_near score 1.0 msg number equal, response: NULL, target: NULL
2026-08-09 09:43:19.735 | DEBUG    | eval.evaluation.evaluation:metric_call:77 - metric_func_name number_near score 1.0 msg number equal, response: NULL, target: NULL
2026-08-09 09:43:19.735 | DEBUG    | eval.evaluation.evaluation:metric_call:77 - metric_func_name number_near score 1.0 msg number equal, response: NULL, target: NULL
2026-08-09 09:43:19.735 | DEBUG    | eval.evaluation.evaluation:metric_call:77 - metric_func_name number_near score 1.0 msg number near in range 5.0%, response: 17.0, target: 17.0
2026-08-09 09:43:19.736 | DEBUG    | eval.evaluation.evaluation:metric_call:77 - metric_func_name number_near score 1.0 msg number near in range 5.0%, response: 36.9, target: 36.9
2026-08-09 09:43:19.736 | DEBUG    | eval.evaluation.evaluation:metric_call:77 - metric_func_name number_near score 1.0 msg number equal, response: NULL, target: NULL
2026-08-09 09:43:19.736 | DEBUG    | eval.evaluation.evaluation:metric_call:77 - metric_func_name number_near score 1.0 msg number near in range 5.0%, response: 37.5, target: 37.5
2026-08-09 09:43:19.736 | DEBUG    | eval.evaluation.evaluation:metric_call:77 - metric_func_name number_near score 1.0 msg number near in range 5.0%, response: 12.2, target: 12.2
2026-08-09 09:43:19.736 | DEBUG    | eval.evaluation.evaluation:metric_call:77 - metric_func_name number_near score 1.0 msg number near in range 5.0%, response: 31.8, target: 31.8
2026-08-09 09:43:19.736 | DEBUG    | eval.evaluation.evaluation:metric_call:77 - metric_func_name number_near score 0.0 msg number not near, response: 14.0, target: 13.0
2026-08-09 09:43:19.736 | DEBUG    | eval.evaluation.evaluation:metric_call:77 - metric_func_name number_near score 1.0 msg number near in range 5.0%, response: 9.1, target: 9.1
2026-08-09 09:43:19.736 | DEBUG    | eval.evaluation.evaluation:metric_call:77 - metric_func_name number_near score 1.0 msg number near in range 5.0%, response: 33.3, target: 33.3
2026-08-09 09:43:19.736 | DEBUG    | eval.evaluation.evaluation:metric_call:77 - metric_func_name number_near score 1.0 msg number near in range 5.0%, response: 13.3, target: 13.3
2026-08-09 09:43:19.736 | DEBUG    | eval.evaluation.evaluation:metric_call:77 - metric_func_name number_near score 1.0 msg number equal, response: NULL, target: NULL
2026-08-09 09:43:19.736 | DEBUG    | eval.evaluation.evaluation:metric_call:77 - metric_func_name number_near score 1.0 msg number near in range 5.0%, response: 11.5, target: 11.5
2026-08-09 09:43:19.736 | DEBUG    | eval.evaluation.evaluation:metric_call:77 - metric_func_name number_near score 1.0 msg number near in range 5.0%, response: 9.0, target: 9.0
2026-08-09 09:43:19.736 | DEBUG    | eval.evaluation.evaluation:metric_call:77 - metric_func_name number_near score 1.0 msg number near in range 5.0%, response: 13.0, target: 13.4
2026-08-09 09:43:19.736 | DEBUG    | eval.evaluation.evaluation:metric_call:77 - metric_func_name number_near score 1.0 msg number equal, response: NULL, target: NULL
2026-08-09 09:43:19.736 | DEBUG    | eval.evaluation.evaluation:metric_call:77 - metric_func_name number_near score 1.0 msg number equal, response: NULL, target: NULL
2026-08-09 09:43:19.736 | DEBUG    | eval.evaluation.evaluation:metric_call:77 - metric_func_name number_near score 1.0 msg number near in range 5.0%, response: 23.3, target: 23.3
2026-08-09 09:43:19.736 | DEBUG    | eval.evaluation.evaluation:metric_call:77 - metric_func_name number_near score 0.0 msg number not near, response: 22.6, target: 24.2
2026-08-09 09:43:19.736 | DEBUG    | eval.evaluation.evaluation:metric_call:77 - metric_func_name number_near score 1.0 msg number near in range 5.0%, response: 36.7, target: 36.7
2026-08-09 09:43:19.737 | DEBUG    | eval.evaluation.evaluation:metric_call:77 - metric_func_name number_near score 1.0 msg number near in range 5.0%, response: 32.2, target: 32.2
2026-08-09 09:43:19.737 | DEBUG    | eval.evaluation.evaluation:metric_call:77 - metric_func_name number_near score 1.0 msg number near in range 5.0%, response: 37.9, target: 37.9
2026-08-09 09:43:19.737 | DEBUG    | eval.evaluation.evaluation:metric_call:77 - metric_func_name number_near score 1.0 msg number near in range 5.0%, response: 20.2, target: 20.4
2026-08-09 09:43:19.737 | DEBUG    | eval.evaluation.evaluation:metric_call:77 - metric_func_name number_near score 1.0 msg number near in range 5.0%, response: 21.3, target: 21.3
2026-08-09 09:43:19.737 | DEBUG    | eval.evaluation.evaluation:metric_call:77 - metric_func_name number_near score 1.0 msg number near in range 5.0%, response: 16.7, target: 16.7
2026-08-09 09:43:19.737 | DEBUG    | eval.evaluation.evaluation:metric_call:77 - metric_func_name number_near score 1.0 msg number equal, response: NULL, target: NULL
2026-08-09 09:43:19.737 | DEBUG    | eval.evaluation.evaluation:metric_call:77 - metric_func_name number_near score 1.0 msg number near in range 5.0%, response: 36.0, target: 36.0
2026-08-09 09:43:19.737 | DEBUG    | eval.evaluation.evaluation:metric_call:77 - metric_func_name number_near score 1.0 msg number near in range 5.0%, response: 45.3, target: 45.3
2026-08-09 09:43:19.737 | DEBUG    | eval.evaluation.evaluation:metric_call:77 - metric_func_name number_near score 1.0 msg number near in range 5.0%, response: 25.0, target: 25.0
2026-08-09 09:43:19.737 | DEBUG    | eval.evaluation.evaluation:metric_call:77 - metric_func_name number_near score 1.0 msg number near in range 5.0%, response: 4.4, target: 4.4
2026-08-09 09:43:19.737 | DEBUG    | eval.evaluation.evaluation:metric_call:77 - metric_func_name number_near score 1.0 msg number near in range 5.0%, response: 19.8, target: 19.8
2026-08-09 09:43:19.737 | DEBUG    | eval.evaluation.evaluation:metric_call:77 - metric_func_name number_near score 1.0 msg number near in range 5.0%, response: 15.2, target: 15.2
2026-08-09 09:43:19.738 | DEBUG    | eval.evaluation.evaluation:evaluate_single_query:321 - wide2deep_ws_en_050, col shareofwomenseats2005(%), metric_func_name number_near, score [1.0, 1.0, 1.0, 1.0, 1.0, 1.0, 1.0, 1.0, 1.0, 1.0, 1.0, 1.0, 1.0, 0.0, 1.0, 1.0, 1.0, 1.0, 1.0, 1.0, 1.0, 1.0, 1.0, 1.0, 0.0, 1.0, 1.0, 1.0, 1.0, 1.0, 1.0, 1.0, 1.0, 1.0, 1.0, 1.0, 1.0, 1.0]
2026-08-09 09:43:19.738 | DEBUG    | eval.evaluation.evaluation:metric_call:77 - metric_func_name number_near score 1.0 msg number near in range 5.0%, response: 150.0, target: 150.0
2026-08-09 09:43:19.738 | DEBUG    | eval.evaluation.evaluation:metric_call:77 - metric_func_name number_near score 1.0 msg number near in range 5.0%, response: 183.0, target: 183.0
2026-08-09 09:43:19.738 | DEBUG    | eval.evaluation.evaluation:metric_call:77 - metric_func_name number_near score 1.0 msg number near in range 5.0%, response: 150.0, target: 150.0
2026-08-09 09:43:19.738 | DEBUG    | eval.evaluation.evaluation:metric_call:77 - metric_func_name number_near score 1.0 msg number near in range 5.0%, response: 308.0, target: 308.0
2026-08-09 09:43:19.738 | DEBUG    | eval.evaluation.evaluation:metric_call:77 - metric_func_name number_near score 1.0 msg number equal, response: NULL, target: NULL
2026-08-09 09:43:19.738 | DEBUG    | eval.evaluation.evaluation:metric_call:77 - metric_func_name number_near score 1.0 msg number equal, response: NULL, target: NULL
2026-08-09 09:43:19.738 | DEBUG    | eval.evaluation.evaluation:metric_call:77 - metric_func_name number_near score 1.0 msg number equal, response: NULL, target: NULL
2026-08-09 09:43:19.738 | DEBUG    | eval.evaluation.evaluation:metric_call:77 - metric_func_name number_near score 1.0 msg number near in range 5.0%, response: 200.0, target: 200.0
2026-08-09 09:43:19.738 | DEBUG    | eval.evaluation.evaluation:metric_call:77 - metric_func_name number_near score 1.0 msg number near in range 5.0%, response: 179.0, target: 179.0
2026-08-09 09:43:19.738 | DEBUG    | eval.evaluation.evaluation:metric_call:77 - metric_func_name number_near score 1.0 msg number equal, response: NULL, target: NULL
2026-08-09 09:43:19.739 | DEBUG    | eval.evaluation.evaluation:metric_call:77 - metric_func_name number_near score 1.0 msg number near in range 5.0%, response: 200.0, target: 200.0
2026-08-09 09:43:19.739 | DEBUG    | eval.evaluation.evaluation:metric_call:77 - metric_func_name number_near score 1.0 msg number near in range 5.0%, response: 577.0, target: 574.0
2026-08-09 09:43:19.739 | DEBUG    | eval.evaluation.evaluation:metric_call:77 - metric_func_name number_near score 1.0 msg number near in range 5.0%, response: 614.0, target: 614.0
2026-08-09 09:43:19.739 | DEBUG    | eval.evaluation.evaluation:metric_call:77 - metric_func_name number_near score 1.0 msg number near in range 5.0%, response: 300.0, target: 300.0
2026-08-09 09:43:19.739 | DEBUG    | eval.evaluation.evaluation:metric_call:77 - metric_func_name number_near score 1.0 msg number near in range 5.0%, response: 386.0, target: 385.0
2026-08-09 09:43:19.739 | DEBUG    | eval.evaluation.evaluation:metric_call:77 - metric_func_name number_near score 1.0 msg number near in range 5.0%, response: 63.0, target: 63.0
2026-08-09 09:43:19.739 | DEBUG    | eval.evaluation.evaluation:metric_call:77 - metric_func_name number_near score 1.0 msg number near in range 5.0%, response: 166.0, target: 166.0
2026-08-09 09:43:19.739 | DEBUG    | eval.evaluation.evaluation:metric_call:77 - metric_func_name number_near score 1.0 msg number equal, response: NULL, target: NULL
2026-08-09 09:43:19.739 | DEBUG    | eval.evaluation.evaluation:metric_call:77 - metric_func_name number_near score 1.0 msg number near in range 5.0%, response: 630.0, target: 616.0
2026-08-09 09:43:19.739 | DEBUG    | eval.evaluation.evaluation:metric_call:77 - metric_func_name number_near score 1.0 msg number near in range 5.0%, response: 480.0, target: 480.0
2026-08-09 09:43:19.739 | DEBUG    | eval.evaluation.evaluation:metric_call:77 - metric_func_name number_near score 1.0 msg number near in range 5.0%, response: 299.0, target: 299.0
2026-08-09 09:43:19.739 | DEBUG    | eval.evaluation.evaluation:metric_call:77 - metric_func_name number_near score 1.0 msg number equal, response: NULL, target: NULL
2026-08-09 09:43:19.739 | DEBUG    | eval.evaluation.evaluation:metric_call:77 - metric_func_name number_near score 1.0 msg number equal, response: NULL, target: NULL
2026-08-09 09:43:19.739 | DEBUG    | eval.evaluation.evaluation:metric_call:77 - metric_func_name number_near score 1.0 msg number near in range 5.0%, response: 60.0, target: 60.0
2026-08-09 09:43:19.739 | DEBUG    | eval.evaluation.evaluation:metric_call:77 - metric_func_name number_near score 1.0 msg number near in range 5.0%, response: 500.0, target: 500.0
2026-08-09 09:43:19.739 | DEBUG    | eval.evaluation.evaluation:metric_call:77 - metric_func_name number_near score 1.0 msg number near in range 5.0%, response: 150.0, target: 150.0
2026-08-09 09:43:19.739 | DEBUG    | eval.evaluation.evaluation:metric_call:77 - metric_func_name number_near score 1.0 msg number near in range 5.0%, response: 121.0, target: 121.0
2026-08-09 09:43:19.739 | DEBUG    | eval.evaluation.evaluation:metric_call:77 - metric_func_name number_near score 1.0 msg number near in range 5.0%, response: 169.0, target: 169.0
2026-08-09 09:43:19.739 | DEBUG    | eval.evaluation.evaluation:metric_call:77 - metric_func_name number_near score 1.0 msg number near in range 5.0%, response: 460.0, target: 460.0
2026-08-09 09:43:19.740 | DEBUG    | eval.evaluation.evaluation:metric_call:77 - metric_func_name number_near score 1.0 msg number near in range 5.0%, response: 230.0, target: 230.0
2026-08-09 09:43:19.740 | DEBUG    | eval.evaluation.evaluation:metric_call:77 - metric_func_name number_near score 1.0 msg number near in range 5.0%, response: 150.0, target: 150.0
2026-08-09 09:43:19.740 | DEBUG    | eval.evaluation.evaluation:metric_call:77 - metric_func_name number_near score 1.0 msg number equal, response: NULL, target: NULL
2026-08-09 09:43:19.740 | DEBUG    | eval.evaluation.evaluation:metric_call:77 - metric_func_name number_near score 1.0 msg number near in range 5.0%, response: 350.0, target: 350.0
2026-08-09 09:43:19.740 | DEBUG    | eval.evaluation.evaluation:metric_call:77 - metric_func_name number_near score 1.0 msg number near in range 5.0%, response: 349.0, target: 349.0
2026-08-09 09:43:19.740 | DEBUG    | eval.evaluation.evaluation:metric_call:77 - metric_func_name number_near score 1.0 msg number near in range 5.0%, response: 200.0, target: 200.0
2026-08-09 09:43:19.740 | DEBUG    | eval.evaluation.evaluation:metric_call:77 - metric_func_name number_near score 1.0 msg number near in range 5.0%, response: 550.0, target: 550.0
2026-08-09 09:43:19.740 | DEBUG    | eval.evaluation.evaluation:metric_call:77 - metric_func_name number_near score 1.0 msg number near in range 5.0%, response: 646.0, target: 646.0
2026-08-09 09:43:19.740 | DEBUG    | eval.evaluation.evaluation:metric_call:77 - metric_func_name number_near score 1.0 msg number near in range 5.0%, response: 435.0, target: 435.0
2026-08-09 09:43:19.741 | DEBUG    | eval.evaluation.evaluation:evaluate_single_query:321 - wide2deep_ws_en_050, col totalseats2005, metric_func_name number_near, score [1.0, 1.0, 1.0, 1.0, 1.0, 1.0, 1.0, 1.0, 1.0, 1.0, 1.0, 1.0, 1.0, 1.0, 1.0, 1.0, 1.0, 1.0, 1.0, 1.0, 1.0, 1.0, 1.0, 1.0, 1.0, 1.0, 1.0, 1.0, 1.0, 1.0, 1.0, 1.0, 1.0, 1.0, 1.0, 1.0, 1.0, 1.0]
2026-08-09 09:43:19.741 | DEBUG    | eval.evaluation.evaluation:metric_call:77 - metric_func_name number_near score 1.0 msg number near in range 5.0%, response: 26.7, target: 26.7
2026-08-09 09:43:19.741 | DEBUG    | eval.evaluation.evaluation:metric_call:77 - metric_func_name number_near score 1.0 msg number near in range 5.0%, response: 30.6, target: 30.6
2026-08-09 09:43:19.741 | DEBUG    | eval.evaluation.evaluation:metric_call:77 - metric_func_name number_near score 1.0 msg number near in range 5.0%, response: 39.3, target: 39.3
2026-08-09 09:43:19.741 | DEBUG    | eval.evaluation.evaluation:metric_call:77 - metric_func_name number_near score 1.0 msg number near in range 5.0%, response: 26.0, target: 26.0
2026-08-09 09:43:19.741 | DEBUG    | eval.evaluation.evaluation:metric_call:77 - metric_func_name number_near score 1.0 msg number near in range 5.0%, response: 15.8, target: 15.8
2026-08-09 09:43:19.741 | DEBUG    | eval.evaluation.evaluation:metric_call:77 - metric_func_name number_near score 1.0 msg number equal, response: NULL, target: NULL
2026-08-09 09:43:19.741 | DEBUG    | eval.evaluation.evaluation:metric_call:77 - metric_func_name number_near score 1.0 msg number equal, response: NULL, target: NULL
2026-08-09 09:43:19.741 | DEBUG    | eval.evaluation.evaluation:metric_call:77 - metric_func_name number_near score 1.0 msg number near in range 5.0%, response: 20.0, target: 20.0
2026-08-09 09:43:19.741 | DEBUG    | eval.evaluation.evaluation:metric_call:77 - metric_func_name number_near score 1.0 msg number near in range 5.0%, response: 37.4, target: 37.4
2026-08-09 09:43:19.741 | DEBUG    | eval.evaluation.evaluation:metric_call:77 - metric_func_name number_near score 1.0 msg number near in range 5.0%, response: 23.8, target: 23.8
2026-08-09 09:43:19.741 | DEBUG    | eval.evaluation.evaluation:metric_call:77 - metric_func_name number_near score 1.0 msg number near in range 5.0%, response: 41.5, target: 41.5
2026-08-09 09:43:19.741 | DEBUG    | eval.evaluation.evaluation:metric_call:77 - metric_func_name number_near score 1.0 msg number near in range 5.0%, response: 26.2, target: 26.2
2026-08-09 09:43:19.742 | DEBUG    | eval.evaluation.evaluation:metric_call:77 - metric_func_name number_near score 1.0 msg number near in range 5.0%, response: 36.5, target: 36.5
2026-08-09 09:43:19.742 | DEBUG    | eval.evaluation.evaluation:metric_call:77 - metric_func_name number_near score 1.0 msg number near in range 5.0%, response: 19.7, target: 19.7
2026-08-09 09:43:19.742 | DEBUG    | eval.evaluation.evaluation:metric_call:77 - metric_func_name number_near score 1.0 msg number near in range 5.0%, response: 10.1, target: 10.1
2026-08-09 09:43:19.742 | DEBUG    | eval.evaluation.evaluation:metric_call:77 - metric_func_name number_near score 1.0 msg number near in range 5.0%, response: 41.3, target: 41.3
2026-08-09 09:43:19.742 | DEBUG    | eval.evaluation.evaluation:metric_call:77 - metric_func_name number_near score 0.0 msg number not near, response: 15.1, target: 16.3
2026-08-09 09:43:19.742 | DEBUG    | eval.evaluation.evaluation:metric_call:77 - metric_func_name number_near score 1.0 msg number near in range 5.0%, response: 26.7, target: 26.7
2026-08-09 09:43:19.742 | DEBUG    | eval.evaluation.evaluation:metric_call:77 - metric_func_name number_near score 1.0 msg number near in range 5.0%, response: 31.0, target: 31.0
2026-08-09 09:43:19.742 | DEBUG    | eval.evaluation.evaluation:metric_call:77 - metric_func_name number_near score 1.0 msg number near in range 5.0%, response: 9.5, target: 9.5
2026-08-09 09:43:19.742 | DEBUG    | eval.evaluation.evaluation:metric_call:77 - metric_func_name number_near score 1.0 msg number near in range 5.0%, response: 16.3, target: 16.3
2026-08-09 09:43:19.742 | DEBUG    | eval.evaluation.evaluation:metric_call:77 - metric_func_name number_near score 1.0 msg number equal, response: NULL, target: NULL
2026-08-09 09:43:19.742 | DEBUG    | eval.evaluation.evaluation:metric_call:77 - metric_func_name number_near score 1.0 msg number equal, response: NULL, target: NULL
2026-08-09 09:43:19.742 | DEBUG    | eval.evaluation.evaluation:metric_call:77 - metric_func_name number_near score 1.0 msg number near in range 5.0%, response: 28.3, target: 28.3
2026-08-09 09:43:19.742 | DEBUG    | eval.evaluation.evaluation:metric_call:77 - metric_func_name number_near score 1.0 msg number near in range 5.0%, response: 42.4, target: 42.4
2026-08-09 09:43:19.742 | DEBUG    | eval.evaluation.evaluation:metric_call:77 - metric_func_name number_near score 1.0 msg number near in range 5.0%, response: 37.3, target: 37.3
2026-08-09 09:43:19.742 | DEBUG    | eval.evaluation.evaluation:metric_call:77 - metric_func_name number_near score 1.0 msg number near in range 5.0%, response: 31.4, target: 31.4
2026-08-09 09:43:19.742 | DEBUG    | eval.evaluation.evaluation:metric_call:77 - metric_func_name number_near score 1.0 msg number near in range 5.0%, response: 39.6, target: 39.6
2026-08-09 09:43:19.742 | DEBUG    | eval.evaluation.evaluation:metric_call:77 - metric_func_name number_near score 1.0 msg number near in range 5.0%, response: 27.4, target: 27.4
2026-08-09 09:43:19.742 | DEBUG    | eval.evaluation.evaluation:metric_call:77 - metric_func_name number_near score 1.0 msg number near in range 5.0%, response: 34.8, target: 34.8
2026-08-09 09:43:19.742 | DEBUG    | eval.evaluation.evaluation:metric_call:77 - metric_func_name number_near score 0.0 msg number not near, response: 20.0, target: 18.7
2026-08-09 09:43:19.742 | DEBUG    | eval.evaluation.evaluation:metric_call:77 - metric_func_name number_near score 1.0 msg number near in range 5.0%, response: 35.6, target: 36.7
2026-08-09 09:43:19.742 | DEBUG    | eval.evaluation.evaluation:metric_call:77 - metric_func_name number_near score 1.0 msg number near in range 5.0%, response: 39.7, target: 40.0
2026-08-09 09:43:19.743 | DEBUG    | eval.evaluation.evaluation:metric_call:77 - metric_func_name number_near score 1.0 msg number near in range 5.0%, response: 43.6, target: 43.6
2026-08-09 09:43:19.743 | DEBUG    | eval.evaluation.evaluation:metric_call:77 - metric_func_name number_near score 1.0 msg number near in range 5.0%, response: 32.0, target: 32.0
2026-08-09 09:43:19.743 | DEBUG    | eval.evaluation.evaluation:metric_call:77 - metric_func_name number_near score 1.0 msg number near in range 5.0%, response: 14.9, target: 14.9
2026-08-09 09:43:19.743 | DEBUG    | eval.evaluation.evaluation:metric_call:77 - metric_func_name number_near score 1.0 msg number near in range 5.0%, response: 29.4, target: 29.4
2026-08-09 09:43:19.743 | DEBUG    | eval.evaluation.evaluation:metric_call:77 - metric_func_name number_near score 1.0 msg number near in range 5.0%, response: 19.3, target: 19.4
2026-08-09 09:43:19.743 | DEBUG    | eval.evaluation.evaluation:evaluate_single_query:321 - wide2deep_ws_en_050, col shareofwomenseats2015(%), metric_func_name number_near, score [1.0, 1.0, 1.0, 1.0, 1.0, 1.0, 1.0, 1.0, 1.0, 1.0, 1.0, 1.0, 1.0, 1.0, 1.0, 1.0, 0.0, 1.0, 1.0, 1.0, 1.0, 1.0, 1.0, 1.0, 1.0, 1.0, 1.0, 1.0, 1.0, 1.0, 0.0, 1.0, 1.0, 1.0, 1.0, 1.0, 1.0, 1.0]
2026-08-09 09:43:19.744 | DEBUG    | eval.evaluation.evaluation:metric_call:77 - metric_func_name number_near score 1.0 msg number near in range 5.0%, response: 150.0, target: 150.0
2026-08-09 09:43:19.744 | DEBUG    | eval.evaluation.evaluation:metric_call:77 - metric_func_name number_near score 1.0 msg number near in range 5.0%, response: 183.0, target: 183.0
2026-08-09 09:43:19.744 | DEBUG    | eval.evaluation.evaluation:metric_call:77 - metric_func_name number_near score 1.0 msg number near in range 5.0%, response: 150.0, target: 150.0
2026-08-09 09:43:19.744 | DEBUG    | eval.evaluation.evaluation:metric_call:77 - metric_func_name number_near score 1.0 msg number near in range 5.0%, response: 338.0, target: 338.0
2026-08-09 09:43:19.744 | DEBUG    | eval.evaluation.evaluation:metric_call:77 - metric_func_name number_near score 1.0 msg number near in range 5.0%, response: 120.0, target: 120.0
2026-08-09 09:43:19.744 | DEBUG    | eval.evaluation.evaluation:metric_call:77 - metric_func_name number_near score 1.0 msg number equal, response: NULL, target: NULL
2026-08-09 09:43:19.744 | DEBUG    | eval.evaluation.evaluation:metric_call:77 - metric_func_name number_near score 1.0 msg number equal, response: NULL, target: NULL
2026-08-09 09:43:19.744 | DEBUG    | eval.evaluation.evaluation:metric_call:77 - metric_func_name number_near score 1.0 msg number near in range 5.0%, response: 200.0, target: 200.0
2026-08-09 09:43:19.744 | DEBUG    | eval.evaluation.evaluation:metric_call:77 - metric_func_name number_near score 1.0 msg number near in range 5.0%, response: 179.0, target: 179.0
2026-08-09 09:43:19.744 | DEBUG    | eval.evaluation.evaluation:metric_call:77 - metric_func_name number_near score 1.0 msg number near in range 5.0%, response: 101.0, target: 101.0
2026-08-09 09:43:19.744 | DEBUG    | eval.evaluation.evaluation:metric_call:77 - metric_func_name number_near score 1.0 msg number near in range 5.0%, response: 200.0, target: 200.0
2026-08-09 09:43:19.744 | DEBUG    | eval.evaluation.evaluation:metric_call:77 - metric_func_name number_near score 1.0 msg number near in range 5.0%, response: 577.0, target: 577.0
2026-08-09 09:43:19.744 | DEBUG    | eval.evaluation.evaluation:metric_call:77 - metric_func_name number_near score 1.0 msg number near in range 5.0%, response: 630.0, target: 631.0
2026-08-09 09:43:19.744 | DEBUG    | eval.evaluation.evaluation:metric_call:77 - metric_func_name number_near score 1.0 msg number near in range 5.0%, response: 300.0, target: 300.0
2026-08-09 09:43:19.744 | DEBUG    | eval.evaluation.evaluation:metric_call:77 - metric_func_name number_near score 1.0 msg number near in range 5.0%, response: 199.0, target: 198.0
2026-08-09 09:43:19.745 | DEBUG    | eval.evaluation.evaluation:metric_call:77 - metric_func_name number_near score 1.0 msg number near in range 5.0%, response: 63.0, target: 63.0
2026-08-09 09:43:19.745 | DEBUG    | eval.evaluation.evaluation:metric_call:77 - metric_func_name number_near score 1.0 msg number near in range 5.0%, response: 166.0, target: 166.0
2026-08-09 09:43:19.745 | DEBUG    | eval.evaluation.evaluation:metric_call:77 - metric_func_name number_near score 1.0 msg number near in range 5.0%, response: 120.0, target: 120.0
2026-08-09 09:43:19.745 | DEBUG    | eval.evaluation.evaluation:metric_call:77 - metric_func_name number_near score 1.0 msg number near in range 5.0%, response: 630.0, target: 630.0
2026-08-09 09:43:19.745 | DEBUG    | eval.evaluation.evaluation:metric_call:77 - metric_func_name number_near score 1.0 msg number near in range 5.0%, response: 475.0, target: 475.0
2026-08-09 09:43:19.745 | DEBUG    | eval.evaluation.evaluation:metric_call:77 - metric_func_name number_near score 1.0 msg number near in range 5.0%, response: 300.0, target: 300.0
2026-08-09 09:43:19.745 | DEBUG    | eval.evaluation.evaluation:metric_call:77 - metric_func_name number_near score 1.0 msg number equal, response: NULL, target: NULL
2026-08-09 09:43:19.745 | DEBUG    | eval.evaluation.evaluation:metric_call:77 - metric_func_name number_near score 1.0 msg number equal, response: NULL, target: NULL
2026-08-09 09:43:19.745 | DEBUG    | eval.evaluation.evaluation:metric_call:77 - metric_func_name number_near score 1.0 msg number near in range 5.0%, response: 60.0, target: 60.0
2026-08-09 09:43:19.745 | DEBUG    | eval.evaluation.evaluation:metric_call:77 - metric_func_name number_near score 1.0 msg number near in range 5.0%, response: 500.0, target: 498.0
2026-08-09 09:43:19.745 | DEBUG    | eval.evaluation.evaluation:metric_call:77 - metric_func_name number_near score 1.0 msg number near in range 5.0%, response: 150.0, target: 150.0
2026-08-09 09:43:19.745 | DEBUG    | eval.evaluation.evaluation:metric_call:77 - metric_func_name number_near score 1.0 msg number near in range 5.0%, response: 121.0, target: 121.0
2026-08-09 09:43:19.745 | DEBUG    | eval.evaluation.evaluation:metric_call:77 - metric_func_name number_near score 1.0 msg number near in range 5.0%, response: 169.0, target: 169.0
2026-08-09 09:43:19.745 | DEBUG    | eval.evaluation.evaluation:metric_call:77 - metric_func_name number_near score 1.0 msg number near in range 5.0%, response: 460.0, target: 460.0
2026-08-09 09:43:19.745 | DEBUG    | eval.evaluation.evaluation:metric_call:77 - metric_func_name number_near score 1.0 msg number near in range 5.0%, response: 230.0, target: 230.0
2026-08-09 09:43:19.745 | DEBUG    | eval.evaluation.evaluation:metric_call:77 - metric_func_name number_near score 1.0 msg number near in range 5.0%, response: 150.0, target: 150.0
2026-08-09 09:43:19.745 | DEBUG    | eval.evaluation.evaluation:metric_call:77 - metric_func_name number_near score 1.0 msg number near in range 5.0%, response: 90.0, target: 90.0
2026-08-09 09:43:19.745 | DEBUG    | eval.evaluation.evaluation:metric_call:77 - metric_func_name number_near score 1.0 msg number near in range 5.0%, response: 350.0, target: 350.0
2026-08-09 09:43:19.745 | DEBUG    | eval.evaluation.evaluation:metric_call:77 - metric_func_name number_near score 1.0 msg number near in range 5.0%, response: 349.0, target: 349.0
2026-08-09 09:43:19.745 | DEBUG    | eval.evaluation.evaluation:metric_call:77 - metric_func_name number_near score 1.0 msg number near in range 5.0%, response: 200.0, target: 200.0
2026-08-09 09:43:19.746 | DEBUG    | eval.evaluation.evaluation:metric_call:77 - metric_func_name number_near score 1.0 msg number near in range 5.0%, response: 550.0, target: 550.0
2026-08-09 09:43:19.746 | DEBUG    | eval.evaluation.evaluation:metric_call:77 - metric_func_name number_near score 1.0 msg number near in range 5.0%, response: 650.0, target: 650.0
2026-08-09 09:43:19.746 | DEBUG    | eval.evaluation.evaluation:metric_call:77 - metric_func_name number_near score 1.0 msg number near in range 5.0%, response: 435.0, target: 434.0
2026-08-09 09:43:19.746 | DEBUG    | eval.evaluation.evaluation:evaluate_single_query:321 - wide2deep_ws_en_050, col totalseats2015, metric_func_name number_near, score [1.0, 1.0, 1.0, 1.0, 1.0, 1.0, 1.0, 1.0, 1.0, 1.0, 1.0, 1.0, 1.0, 1.0, 1.0, 1.0, 1.0, 1.0, 1.0, 1.0, 1.0, 1.0, 1.0, 1.0, 1.0, 1.0, 1.0, 1.0, 1.0, 1.0, 1.0, 1.0, 1.0, 1.0, 1.0, 1.0, 1.0, 1.0]
2026-08-09 09:43:19.747 | DEBUG    | eval.evaluation.evaluation:metric_call:77 - metric_func_name number_near score 1.0 msg number near in range 5.0%, response: 38.4, target: 39.6
2026-08-09 09:43:19.747 | DEBUG    | eval.evaluation.evaluation:metric_call:77 - metric_func_name number_near score 1.0 msg number near in range 5.0%, response: 40.4, target: 40.0
2026-08-09 09:43:19.747 | DEBUG    | eval.evaluation.evaluation:metric_call:77 - metric_func_name number_near score 1.0 msg number near in range 5.0%, response: 42.0, target: 42.7
2026-08-09 09:43:19.747 | DEBUG    | eval.evaluation.evaluation:metric_call:77 - metric_func_name number_near score 1.0 msg number near in range 5.0%, response: 30.5, target: 30.3
2026-08-09 09:43:19.747 | DEBUG    | eval.evaluation.evaluation:metric_call:77 - metric_func_name number_near score 0.0 msg number not near, response: 35.5, target: 23.0
2026-08-09 09:43:19.747 | DEBUG    | eval.evaluation.evaluation:metric_call:77 - metric_func_name number_near score 1.0 msg number near in range 5.0%, response: 28.9, target: 30.0
2026-08-09 09:43:19.747 | DEBUG    | eval.evaluation.evaluation:metric_call:77 - metric_func_name number_near score 1.0 msg number near in range 5.0%, response: 49.1, target: 47.4
2026-08-09 09:43:19.747 | DEBUG    | eval.evaluation.evaluation:metric_call:77 - metric_func_name number_near score 1.0 msg number near in range 5.0%, response: 25.5, target: 25.0
2026-08-09 09:43:19.747 | DEBUG    | eval.evaluation.evaluation:metric_call:77 - metric_func_name number_near score 1.0 msg number near in range 5.0%, response: 44.1, target: 45.6
2026-08-09 09:43:19.747 | DEBUG    | eval.evaluation.evaluation:metric_call:77 - metric_func_name number_near score 1.0 msg number near in range 5.0%, response: 29.7, target: 29.7
2026-08-09 09:43:19.747 | DEBUG    | eval.evaluation.evaluation:metric_call:77 - metric_func_name number_near score 1.0 msg number near in range 5.0%, response: 46.0, target: 46.5
2026-08-09 09:43:19.747 | DEBUG    | eval.evaluation.evaluation:metric_call:77 - metric_func_name number_near score 1.0 msg number near in range 5.0%, response: 36.2, target: 37.3
2026-08-09 09:43:19.747 | DEBUG    | eval.evaluation.evaluation:metric_call:77 - metric_func_name number_near score 1.0 msg number near in range 5.0%, response: 35.3, target: 34.9
2026-08-09 09:43:19.747 | DEBUG    | eval.evaluation.evaluation:metric_call:77 - metric_func_name number_near score 1.0 msg number near in range 5.0%, response: 23.0, target: 22.0
2026-08-09 09:43:19.747 | DEBUG    | eval.evaluation.evaluation:metric_call:77 - metric_func_name number_near score 1.0 msg number near in range 5.0%, response: 14.1, target: 13.5
2026-08-09 09:43:19.747 | DEBUG    | eval.evaluation.evaluation:metric_call:77 - metric_func_name number_near score 1.0 msg number near in range 5.0%, response: 46.0, target: 47.6
2026-08-09 09:43:19.747 | DEBUG    | eval.evaluation.evaluation:metric_call:77 - metric_func_name number_near score 0.0 msg number not near, response: 25.0, target: 23.0
2026-08-09 09:43:19.747 | DEBUG    | eval.evaluation.evaluation:metric_call:77 - metric_func_name number_near score 0.0 msg number not near, response: 24.2, target: 28.3
2026-08-09 09:43:19.747 | DEBUG    | eval.evaluation.evaluation:metric_call:77 - metric_func_name number_near score 1.0 msg number near in range 5.0%, response: 32.3, target: 31.3
2026-08-09 09:43:19.748 | DEBUG    | eval.evaluation.evaluation:metric_call:77 - metric_func_name number_near score 0.0 msg number not near, response: 15.7, target: 10.3
2026-08-09 09:43:19.748 | DEBUG    | eval.evaluation.evaluation:metric_call:77 - metric_func_name number_near score 0.0 msg number not near, response: 20.0, target: 19.0
2026-08-09 09:43:19.748 | DEBUG    | eval.evaluation.evaluation:metric_call:77 - metric_func_name number_near score 0.0 msg number not near, response: 29.0, target: 33.0
2026-08-09 09:43:19.748 | DEBUG    | eval.evaluation.evaluation:metric_call:77 - metric_func_name number_near score 1.0 msg number near in range 5.0%, response: 28.4, target: 28.0
2026-08-09 09:43:19.748 | DEBUG    | eval.evaluation.evaluation:metric_call:77 - metric_func_name number_near score 1.0 msg number near in range 5.0%, response: 33.3, target: 34.0
2026-08-09 09:43:19.748 | DEBUG    | eval.evaluation.evaluation:metric_call:77 - metric_func_name number_near score 1.0 msg number near in range 5.0%, response: 50.2, target: 50.8
2026-08-09 09:43:19.748 | DEBUG    | eval.evaluation.evaluation:metric_call:77 - metric_func_name number_near score 0.0 msg number not near, response: 38.7, target: 42.0
2026-08-09 09:43:19.748 | DEBUG    | eval.evaluation.evaluation:metric_call:77 - metric_func_name number_near score 1.0 msg number near in range 5.0%, response: 45.5, target: 47.5
2026-08-09 09:43:19.748 | DEBUG    | eval.evaluation.evaluation:metric_call:77 - metric_func_name number_near score 1.0 msg number near in range 5.0%, response: 45.0, target: 45.0
2026-08-09 09:43:19.748 | DEBUG    | eval.evaluation.evaluation:metric_call:77 - metric_func_name number_near score 1.0 msg number near in range 5.0%, response: 29.6, target: 28.7
2026-08-09 09:43:19.748 | DEBUG    | eval.evaluation.evaluation:metric_call:77 - metric_func_name number_near score 0.0 msg number not near, response: 32.6, target: 40.0
2026-08-09 09:43:19.748 | DEBUG    | eval.evaluation.evaluation:metric_call:77 - metric_func_name number_near score 0.0 msg number not near, response: 22.0, target: 34.0
2026-08-09 09:43:19.748 | DEBUG    | eval.evaluation.evaluation:metric_call:77 - metric_func_name number_near score 1.0 msg number near in range 5.0%, response: 40.0, target: 38.9
2026-08-09 09:43:19.748 | DEBUG    | eval.evaluation.evaluation:metric_call:77 - metric_func_name number_near score 1.0 msg number near in range 5.0%, response: 44.3, target: 43.0
2026-08-09 09:43:19.748 | DEBUG    | eval.evaluation.evaluation:metric_call:77 - metric_func_name number_near score 1.0 msg number near in range 5.0%, response: 46.7, target: 46.6
2026-08-09 09:43:19.748 | DEBUG    | eval.evaluation.evaluation:metric_call:77 - metric_func_name number_near score 0.0 msg number not near, response: 38.5, target: 42.5
2026-08-09 09:43:19.748 | DEBUG    | eval.evaluation.evaluation:metric_call:77 - metric_func_name number_near score 0.0 msg number not near, response: 19.9, target: 21.7
2026-08-09 09:43:19.748 | DEBUG    | eval.evaluation.evaluation:metric_call:77 - metric_func_name number_near score 0.0 msg number not near, response: 40.5, target: 34.6
2026-08-09 09:43:19.748 | DEBUG    | eval.evaluation.evaluation:metric_call:77 - metric_func_name number_near score 1.0 msg number near in range 5.0%, response: 28.7, target: 29.7
2026-08-09 09:43:19.749 | DEBUG    | eval.evaluation.evaluation:evaluate_single_query:321 - wide2deep_ws_en_050, col shareofwomenseats2024(%), metric_func_name number_near, score [1.0, 1.0, 1.0, 1.0, 0.0, 1.0, 1.0, 1.0, 1.0, 1.0, 1.0, 1.0, 1.0, 1.0, 1.0, 1.0, 0.0, 0.0, 1.0, 0.0, 0.0, 0.0, 1.0, 1.0, 1.0, 0.0, 1.0, 1.0, 1.0, 0.0, 0.0, 1.0, 1.0, 1.0, 0.0, 0.0, 0.0, 1.0]
2026-08-09 09:43:19.749 | DEBUG    | eval.evaluation.evaluation:metric_call:77 - metric_func_name number_near score 1.0 msg number near in range 5.0%, response: 151.0, target: 151.0
2026-08-09 09:43:19.749 | DEBUG    | eval.evaluation.evaluation:metric_call:77 - metric_func_name number_near score 1.0 msg number near in range 5.0%, response: 183.0, target: 183.0
2026-08-09 09:43:19.749 | DEBUG    | eval.evaluation.evaluation:metric_call:77 - metric_func_name number_near score 1.0 msg number near in range 5.0%, response: 150.0, target: 150.0
2026-08-09 09:43:19.750 | DEBUG    | eval.evaluation.evaluation:metric_call:77 - metric_func_name number_near score 1.0 msg number near in range 5.0%, response: 338.0, target: 338.0
2026-08-09 09:43:19.750 | DEBUG    | eval.evaluation.evaluation:metric_call:77 - metric_func_name number_near score 1.0 msg number near in range 5.0%, response: 155.0, target: 155.0
2026-08-09 09:43:19.750 | DEBUG    | eval.evaluation.evaluation:metric_call:77 - metric_func_name number_near score 1.0 msg number near in range 5.0%, response: 187.0, target: 188.0
2026-08-09 09:43:19.750 | DEBUG    | eval.evaluation.evaluation:metric_call:77 - metric_func_name number_near score 1.0 msg number near in range 5.0%, response: 57.0, target: 57.0
2026-08-09 09:43:19.750 | DEBUG    | eval.evaluation.evaluation:metric_call:77 - metric_func_name number_near score 1.0 msg number near in range 5.0%, response: 200.0, target: 200.0
2026-08-09 09:43:19.750 | DEBUG    | eval.evaluation.evaluation:metric_call:77 - metric_func_name number_near score 1.0 msg number near in range 5.0%, response: 179.0, target: 179.0
2026-08-09 09:43:19.750 | DEBUG    | eval.evaluation.evaluation:metric_call:77 - metric_func_name number_near score 1.0 msg number near in range 5.0%, response: 101.0, target: 101.0
2026-08-09 09:43:19.750 | DEBUG    | eval.evaluation.evaluation:metric_call:77 - metric_func_name number_near score 1.0 msg number near in range 5.0%, response: 200.0, target: 200.0
2026-08-09 09:43:19.750 | DEBUG    | eval.evaluation.evaluation:metric_call:77 - metric_func_name number_near score 1.0 msg number near in range 5.0%, response: 577.0, target: 577.0
2026-08-09 09:43:19.750 | DEBUG    | eval.evaluation.evaluation:metric_call:77 - metric_func_name number_near score 1.0 msg number near in range 5.0%, response: 733.0, target: 735.0
2026-08-09 09:43:19.750 | DEBUG    | eval.evaluation.evaluation:metric_call:77 - metric_func_name number_near score 1.0 msg number near in range 5.0%, response: 300.0, target: 300.0
2026-08-09 09:43:19.750 | DEBUG    | eval.evaluation.evaluation:metric_call:77 - metric_func_name number_near score 1.0 msg number near in range 5.0%, response: 199.0, target: 199.0
2026-08-09 09:43:19.750 | DEBUG    | eval.evaluation.evaluation:metric_call:77 - metric_func_name number_near score 1.0 msg number near in range 5.0%, response: 63.0, target: 63.0
2026-08-09 09:43:19.750 | DEBUG    | eval.evaluation.evaluation:metric_call:77 - metric_func_name number_near score 0.0 msg number not near, response: 174.0, target: 160.0
2026-08-09 09:43:19.750 | DEBUG    | eval.evaluation.evaluation:metric_call:77 - metric_func_name number_near score 1.0 msg number near in range 5.0%, response: 120.0, target: 120.0
2026-08-09 09:43:19.750 | DEBUG    | eval.evaluation.evaluation:metric_call:77 - metric_func_name number_near score 1.0 msg number near in range 5.0%, response: 400.0, target: 400.0
2026-08-09 09:43:19.750 | DEBUG    | eval.evaluation.evaluation:metric_call:77 - metric_func_name number_near score 1.0 msg number near in range 5.0%, response: 465.0, target: 465.0
2026-08-09 09:43:19.750 | DEBUG    | eval.evaluation.evaluation:metric_call:77 - metric_func_name number_near score 1.0 msg number near in range 5.0%, response: 300.0, target: 300.0
2026-08-09 09:43:19.750 | DEBUG    | eval.evaluation.evaluation:metric_call:77 - metric_func_name number_near score 1.0 msg number near in range 5.0%, response: 100.0, target: 100.0
2026-08-09 09:43:19.750 | DEBUG    | eval.evaluation.evaluation:metric_call:77 - metric_func_name number_near score 1.0 msg number near in range 5.0%, response: 141.0, target: 141.0
2026-08-09 09:43:19.751 | DEBUG    | eval.evaluation.evaluation:metric_call:77 - metric_func_name number_near score 1.0 msg number near in range 5.0%, response: 60.0, target: 60.0
2026-08-09 09:43:19.751 | DEBUG    | eval.evaluation.evaluation:metric_call:77 - metric_func_name number_near score 1.0 msg number near in range 5.0%, response: 500.0, target: 500.0
2026-08-09 09:43:19.751 | DEBUG    | eval.evaluation.evaluation:metric_call:77 - metric_func_name number_near score 1.0 msg number near in range 5.0%, response: 150.0, target: 150.0
2026-08-09 09:43:19.751 | DEBUG    | eval.evaluation.evaluation:metric_call:77 - metric_func_name number_near score 1.0 msg number near in range 5.0%, response: 123.0, target: 123.0
2026-08-09 09:43:19.751 | DEBUG    | eval.evaluation.evaluation:metric_call:77 - metric_func_name number_near score 1.0 msg number near in range 5.0%, response: 169.0, target: 169.0
2026-08-09 09:43:19.751 | DEBUG    | eval.evaluation.evaluation:metric_call:77 - metric_func_name number_near score 1.0 msg number near in range 5.0%, response: 460.0, target: 460.0
2026-08-09 09:43:19.751 | DEBUG    | eval.evaluation.evaluation:metric_call:77 - metric_func_name number_near score 1.0 msg number near in range 5.0%, response: 230.0, target: 230.0
2026-08-09 09:43:19.751 | DEBUG    | eval.evaluation.evaluation:metric_call:77 - metric_func_name number_near score 1.0 msg number near in range 5.0%, response: 150.0, target: 150.0
2026-08-09 09:43:19.751 | DEBUG    | eval.evaluation.evaluation:metric_call:77 - metric_func_name number_near score 1.0 msg number near in range 5.0%, response: 90.0, target: 90.0
2026-08-09 09:43:19.751 | DEBUG    | eval.evaluation.evaluation:metric_call:77 - metric_func_name number_near score 1.0 msg number near in range 5.0%, response: 350.0, target: 350.0
2026-08-09 09:43:19.751 | DEBUG    | eval.evaluation.evaluation:metric_call:77 - metric_func_name number_near score 1.0 msg number near in range 5.0%, response: 349.0, target: 349.0
2026-08-09 09:43:19.751 | DEBUG    | eval.evaluation.evaluation:metric_call:77 - metric_func_name number_near score 1.0 msg number near in range 5.0%, response: 200.0, target: 200.0
2026-08-09 09:43:19.751 | DEBUG    | eval.evaluation.evaluation:metric_call:77 - metric_func_name number_near score 1.0 msg number near in range 5.0%, response: 600.0, target: 600.0
2026-08-09 09:43:19.751 | DEBUG    | eval.evaluation.evaluation:metric_call:77 - metric_func_name number_near score 1.0 msg number near in range 5.0%, response: 650.0, target: 650.0
2026-08-09 09:43:19.751 | DEBUG    | eval.evaluation.evaluation:metric_call:77 - metric_func_name number_near score 1.0 msg number near in range 5.0%, response: 435.0, target: 435.0
2026-08-09 09:43:19.752 | DEBUG    | eval.evaluation.evaluation:evaluate_single_query:321 - wide2deep_ws_en_050, col totalseats2024, metric_func_name number_near, score [1.0, 1.0, 1.0, 1.0, 1.0, 1.0, 1.0, 1.0, 1.0, 1.0, 1.0, 1.0, 1.0, 1.0, 1.0, 1.0, 0.0, 1.0, 1.0, 1.0, 1.0, 1.0, 1.0, 1.0, 1.0, 1.0, 1.0, 1.0, 1.0, 1.0, 1.0, 1.0, 1.0, 1.0, 1.0, 1.0, 1.0, 1.0]
2026-08-09 09:43:19.757 | INFO     | eval.evaluation.evaluation:evaluate_single_query:380 - wide2deep_ws_en_050, P/R/F1 by unique_columns: 1.0000/1.0000/1.0000
2026-08-09 09:43:19.757 | INFO     | eval.evaluation.evaluation:evaluate_single_query:383 - wide2deep_ws_en_050, P/R/F1 by row: 0.5789/0.5789/0.5789
2026-08-09 09:43:19.757 | INFO     | eval.evaluation.evaluation:evaluate_single_query:386 - wide2deep_ws_en_050, P/R/F1 by item: 0.9444/0.9444/0.9444
2026-08-09 09:43:19.765 | INFO     | eval.evaluation.evaluation:evaluate_single_query:398 - wide2deep_ws_en_050, final table score: 0.0
{"event": "eval_done", "idx": 7, "instance_id": "wide2deep_ws_en_050", "score": 0.0, "entity_acc": 1.0, "f1_by_row": 0.5789473684210527, "f1_by_item": 0.9444444444444444, "column_f1": 1.0, "error": null, "elapsed_seconds": 4.723, "running_n": 7}
SUMMARY {"n": 7, "valid_n": 7, "errors": 0, "complete": true, "judge_calls_current_process": 36, "score": 0.0, "entity_acc": 1.0, "precision_by_row": 0.2828566170671434, "recall_by_row": 0.2711683053788317, "f1_by_row": 0.27531577081661973, "precision_by_item": 0.6958010574082003, "recall_by_item": 0.6436606052677482, "f1_by_item": 0.6533277839671848, "column_precision": 0.9024309024309024, "column_recall": 0.8318681318681318, "column_f1": 0.8436960888573791}
