INFO: Pandarallel will run on 8 workers.
INFO: Pandarallel will use Memory file system to transfer data between the main process and workers.
{"event": "eval_start", "selected": 7, "resume_committed": 0, "committed_errors": 0, "crash_only_resume": false}
2026-08-09 09:40:58.949 | DEBUG    | eval.evaluation.data_loader:extract_dataframe:167 - find markdown_str 
| Time | Product Series | Processor Model | Core Architecture | ...
2026-08-09 09:41:13.101 | INFO     | eval.evaluation.metric_utils:primary_key_preprocess:246 - primary_key_preprocess result: ```json
{
  "Ryzen 7 1800X": "AMD Ryzen 7 1800X",
  "Ryzen 7 1700X": "AMD Ryzen 7 1700X",
  "Ryzen 7 1700": "AMD Ryzen 7 1700",
  "Ryzen 5 1600X": "AMD Ryzen 5 1600X",
  "Ryzen 5 1600": "AMD Ryzen 5 1600",
  "Ryzen 5 1500X": "AMD Ryzen 5 1500X",
  "Ryzen 5 1400": "AMD Ryzen 5 1400",
  "Ryzen 3 1300X": "AMD Ryzen 3 1300X",
  "Ryzen 3 1200": "AMD Ryzen 3 1200",
  "Ryzen Threadripper 1950X": "AMD Ryzen Threadripper 1950X",
  "Ryzen Threadripper 1920X": "AMD Ryzen Threadripper 1920X",
  "Ryzen Threadripper 1900X": "AMD Ryzen Threadripper 1900X",
  "Ryzen 7 2700X": "AMD Ryzen 7 2700X",
  "Ryzen 7 2700": "AMD Ryzen 7 2700",
  "Ryzen 5 2600X": "AMD Ryzen 5 2600X",
  "Ryzen 5 2600": "AMD Ryzen 5 2600",
  "Ryzen 5 2400G": "AMD Ryzen 5 2400G with Radeon RX Vega 11 graphics card",
  "Ryzen 3 2200G": "AMD Ryzen 3 2200G with Radeon Vega 8 graphics card",
  "Ryzen Threadripper 2990WX": "AMD Ryzen Threadripper 2990WX",
  "Ryzen Threadripper 2970WX": "AMD Ryzen Threadripper 2970WX",
  "Ryzen Threadripper 2950X": "AMD Ryzen Threadripper 2950X",
  "Ryzen Threadripper 2920X": "AMD Ryzen Threadripper 2920X",
  "Ryzen 9 3950X": "AMD Ryzen 9 3950X",
  "Ryzen 9 3900X": "AMD Ryzen 9 3900X",
  "Ryzen 7 3800X": "AMD Ryzen 7 3800X",
  "Ryzen 7 3700X": "AMD Ryzen 7 3700X",
  "Ryzen 5 3600X": "AMD Ryzen 5 3600X",
  "Ryzen 5 3600": "AMD Ryzen 5 3600",
  "Ryzen 5 3400G": "AMD Ryzen 5 3400G with Radeon RX Vega 11 graphics card",
  "Ryzen 3 3200G": "AMD Ryzen 3 3200G with Radeon Vega 8 graphics card",
  "Ryzen Threadripper 3970X": "AMD Ryzen Threadripper 3970X",
  "Ryzen Threadripper 3960X": "AMD Ryzen Threadripper 3960X",
  "Ryzen 9 3900XT": "AMD Ryzen 9 3900XT",
  "Ryzen 7 3800XT": "AMD Ryzen 7 3800XT",
  "Ryzen 5 3600XT": "AMD Ryzen 5 3600XT",
  "Ryzen Threadripper 3990X": "AMD Ryzen Threadripper 3990X",
  "Ryzen 9 5950X": "AMD Ryzen 9 5950X",
  "Ryzen 9 5900X": "AMD Ryzen 9 5900X",
  "Ryzen 7 5800X": "AMD Ryzen 7 5800X",
  "Ryzen 5 5600X": "AMD Ryzen 5 5600X",
  "Ryzen 7 5700G": "AMD Ryzen 7 5700G",
  "Ryzen 5 5600G": "AMD Ryzen 5 5600G",
  "Ryzen 7 5800X3D": "AMD Ryzen 7 5800X3D",
  "Ryzen 7 5700X": "AMD Ryzen 7 5700X",
  "Ryzen 5 5600": "AMD Ryzen 5 5600",
  "Ryzen 5 5500": "AMD Ryzen 5 5500",
  "Ryzen 9 7950X": "AMD Ryzen 9 7950X",
  "Ryzen 9 7900X": "AMD Ryzen 9 7900X",
  "Ryzen 7 7700X": "AMD Ryzen 7 7700X",
  "Ryzen 5 7600X": "AMD Ryzen 5 7600X",
  "Ryzen 9 7950X3D": "AMD Ryzen 9 7950X3D",
  "Ryzen 9 7900X3D": "AMD Ryzen 9 7900X3D",
  "Ryzen 7 7800X3D": "AMD Ryzen 7 7800X3D",
  "Ryzen 9 7900": "AMD Ryzen 9 7900",
  "Ryzen 7 7700": "AMD Ryzen 7 7700",
  "Ryzen 5 7600": "AMD Ryzen 5 7600",
  "Ryzen Threadripper 7980X": "AMD Ryzen Threadripper 7980X",
  "Ryzen Threadripper 7970X": "AMD Ryzen Threadripper 7970X",
  "Ryzen Threadripper 7960X": "AMD Ryzen Threadripper 7960X"
}
```
2026-08-09 09:41:13.101 | INFO     | eval.evaluation.evaluation:evaluate_single_query:223 - col: processormodel, primary_key_map {'Ryzen 7 1800X': 'AMD Ryzen 7 1800X', 'Ryzen 7 1700X': 'AMD Ryzen 7 1700X', 'Ryzen 7 1700': 'AMD Ryzen 7 1700', 'Ryzen 5 1600X': 'AMD Ryzen 5 1600X', 'Ryzen 5 1600': 'AMD Ryzen 5 1600', 'Ryzen 5 1500X': 'AMD Ryzen 5 1500X', 'Ryzen 5 1400': 'AMD Ryzen 5 1400', 'Ryzen 3 1300X': 'AMD Ryzen 3 1300X', 'Ryzen 3 1200': 'AMD Ryzen 3 1200', 'Ryzen Threadripper 1950X': 'AMD Ryzen Threadripper 1950X', 'Ryzen Threadripper 1920X': 'AMD Ryzen Threadripper 1920X', 'Ryzen Threadripper 1900X': 'AMD Ryzen Threadripper 1900X', 'Ryzen 7 2700X': 'AMD Ryzen 7 2700X', 'Ryzen 7 2700': 'AMD Ryzen 7 2700', 'Ryzen 5 2600X': 'AMD Ryzen 5 2600X', 'Ryzen 5 2600': 'AMD Ryzen 5 2600', 'Ryzen 5 2400G': 'AMD Ryzen 5 2400G with Radeon RX Vega 11 graphics card', 'Ryzen 3 2200G': 'AMD Ryzen 3 2200G with Radeon Vega 8 graphics card', 'Ryzen Threadripper 2990WX': 'AMD Ryzen Threadripper 2990WX', 'Ryzen Threadripper 2970WX': 'AMD Ryzen Threadripper 2970WX', 'Ryzen Threadripper 2950X': 'AMD Ryzen Threadripper 2950X', 'Ryzen Threadripper 2920X': 'AMD Ryzen Threadripper 2920X', 'Ryzen 9 3950X': 'AMD Ryzen 9 3950X', 'Ryzen 9 3900X': 'AMD Ryzen 9 3900X', 'Ryzen 7 3800X': 'AMD Ryzen 7 3800X', 'Ryzen 7 3700X': 'AMD Ryzen 7 3700X', 'Ryzen 5 3600X': 'AMD Ryzen 5 3600X', 'Ryzen 5 3600': 'AMD Ryzen 5 3600', 'Ryzen 5 3400G': 'AMD Ryzen 5 3400G with Radeon RX Vega 11 graphics card', 'Ryzen 3 3200G': 'AMD Ryzen 3 3200G with Radeon Vega 8 graphics card', 'Ryzen Threadripper 3970X': 'AMD Ryzen Threadripper 3970X', 'Ryzen Threadripper 3960X': 'AMD Ryzen Threadripper 3960X', 'Ryzen 9 3900XT': 'AMD Ryzen 9 3900XT', 'Ryzen 7 3800XT': 'AMD Ryzen 7 3800XT', 'Ryzen 5 3600XT': 'AMD Ryzen 5 3600XT', 'Ryzen Threadripper 3990X': 'AMD Ryzen Threadripper 3990X', 'Ryzen 9 5950X': 'AMD Ryzen 9 5950X', 'Ryzen 9 5900X': 'AMD Ryzen 9 5900X', 'Ryzen 7 5800X': 'AMD Ryzen 7 5800X', 'Ryzen 5 5600X': 'AMD Ryzen 5 5600X', 'Ryzen 7 5700G': 'AMD Ryzen 7 5700G', 'Ryzen 5 5600G': 'AMD Ryzen 5 5600G', 'Ryzen 7 5800X3D': 'AMD Ryzen 7 5800X3D', 'Ryzen 7 5700X': 'AMD Ryzen 7 5700X', 'Ryzen 5 5600': 'AMD Ryzen 5 5600', 'Ryzen 5 5500': 'AMD Ryzen 5 5500', 'Ryzen 9 7950X': 'AMD Ryzen 9 7950X', 'Ryzen 9 7900X': 'AMD Ryzen 9 7900X', 'Ryzen 7 7700X': 'AMD Ryzen 7 7700X', 'Ryzen 5 7600X': 'AMD Ryzen 5 7600X', 'Ryzen 9 7950X3D': 'AMD Ryzen 9 7950X3D', 'Ryzen 9 7900X3D': 'AMD Ryzen 9 7900X3D', 'Ryzen 7 7800X3D': 'AMD Ryzen 7 7800X3D', 'Ryzen 9 7900': 'AMD Ryzen 9 7900', 'Ryzen 7 7700': 'AMD Ryzen 7 7700', 'Ryzen 5 7600': 'AMD Ryzen 5 7600', 'Ryzen Threadripper 7980X': 'AMD Ryzen Threadripper 7980X', 'Ryzen Threadripper 7970X': 'AMD Ryzen Threadripper 7970X', 'Ryzen Threadripper 7960X': 'AMD Ryzen Threadripper 7960X'}
2026-08-09 09:41:13.515 | INFO     | eval.evaluation.evaluation:evaluate_single_query:275 - wide2deep_ws_en_091, df_inner shape: (59, 24), answer_df shape: (331, 12), response_df shape: (74, 13)
2026-08-09 09:41:13.522 | DEBUG    | eval.evaluation.evaluation:metric_call:77 - metric_func_name date_near score 0.0 msg date not near, response: 2017-08-01 00:00:00, target: 2017-03-02 00:00:00
2026-08-09 09:41:13.524 | DEBUG    | eval.evaluation.evaluation:metric_call:77 - metric_func_name date_near score 0.0 msg date not near, response: 2017-08-01 00:00:00, target: 2017-03-02 00:00:00
2026-08-09 09:41:13.527 | DEBUG    | eval.evaluation.evaluation:metric_call:77 - metric_func_name date_near score 0.0 msg date not near, response: 2017-08-01 00:00:00, target: 2017-03-02 00:00:00
2026-08-09 09:41:13.529 | DEBUG    | eval.evaluation.evaluation:metric_call:77 - metric_func_name date_near score 0.0 msg date not near, response: 2017-08-01 00:00:00, target: 2017-04-11 00:00:00
2026-08-09 09:41:13.531 | DEBUG    | eval.evaluation.evaluation:metric_call:77 - metric_func_name date_near score 0.0 msg date not near, response: 2017-08-01 00:00:00, target: 2017-04-11 00:00:00
2026-08-09 09:41:13.533 | DEBUG    | eval.evaluation.evaluation:metric_call:77 - metric_func_name date_near score 0.0 msg date not near, response: 2017-08-01 00:00:00, target: 2017-04-11 00:00:00
2026-08-09 09:41:13.535 | DEBUG    | eval.evaluation.evaluation:metric_call:77 - metric_func_name date_near score 0.0 msg date not near, response: 2017-08-01 00:00:00, target: 2017-04-11 00:00:00
2026-08-09 09:41:13.537 | DEBUG    | eval.evaluation.evaluation:metric_call:77 - metric_func_name date_near score 1.0 msg date near, response: 2017-08-01 00:00:00, target: 2017-07-27 00:00:00
2026-08-09 09:41:13.539 | DEBUG    | eval.evaluation.evaluation:metric_call:77 - metric_func_name date_near score 1.0 msg date near, response: 2017-08-01 00:00:00, target: 2017-07-27 00:00:00
2026-08-09 09:41:13.541 | DEBUG    | eval.evaluation.evaluation:metric_call:77 - metric_func_name date_near score 1.0 msg date near, response: 2017-08-01 00:00:00, target: 2017-07-31 00:00:00
2026-08-09 09:41:13.543 | DEBUG    | eval.evaluation.evaluation:metric_call:77 - metric_func_name date_near score 1.0 msg date near, response: 2017-08-01 00:00:00, target: 2017-07-31 00:00:00
2026-08-09 09:41:13.546 | DEBUG    | eval.evaluation.evaluation:metric_call:77 - metric_func_name date_near score 1.0 msg date near, response: 2017-08-01 00:00:00, target: 2017-08-31 00:00:00
2026-08-09 09:41:13.548 | DEBUG    | eval.evaluation.evaluation:metric_call:77 - metric_func_name date_near score 0.0 msg date not near, response: 2018-08-01 00:00:00, target: 2018-02-12 00:00:00
2026-08-09 09:41:13.550 | DEBUG    | eval.evaluation.evaluation:metric_call:77 - metric_func_name date_near score 0.0 msg date not near, response: 2018-08-01 00:00:00, target: 2018-02-12 00:00:00
2026-08-09 09:41:13.552 | DEBUG    | eval.evaluation.evaluation:metric_call:77 - metric_func_name date_near score 0.0 msg date not near, response: 2018-08-01 00:00:00, target: 2018-04-19 00:00:00
2026-08-09 09:41:13.554 | DEBUG    | eval.evaluation.evaluation:metric_call:77 - metric_func_name date_near score 0.0 msg date not near, response: 2018-08-01 00:00:00, target: 2018-04-19 00:00:00
2026-08-09 09:41:13.556 | DEBUG    | eval.evaluation.evaluation:metric_call:77 - metric_func_name date_near score 0.0 msg date not near, response: 2018-08-01 00:00:00, target: 2018-04-19 00:00:00
2026-08-09 09:41:13.558 | DEBUG    | eval.evaluation.evaluation:metric_call:77 - metric_func_name date_near score 0.0 msg date not near, response: 2018-08-01 00:00:00, target: 2018-04-19 00:00:00
2026-08-09 09:41:13.560 | DEBUG    | eval.evaluation.evaluation:metric_call:77 - metric_func_name date_near score 1.0 msg date near, response: 2018-08-01 00:00:00, target: 2018-08-13 00:00:00
2026-08-09 09:41:13.562 | DEBUG    | eval.evaluation.evaluation:metric_call:77 - metric_func_name date_near score 1.0 msg date near, response: 2018-08-01 00:00:00, target: 2018-08-31 00:00:00
2026-08-09 09:41:13.564 | DEBUG    | eval.evaluation.evaluation:metric_call:77 - metric_func_name date_near score 0.0 msg date not near, response: 2018-08-01 00:00:00, target: 2018-10-29 00:00:00
2026-08-09 09:41:13.567 | DEBUG    | eval.evaluation.evaluation:metric_call:77 - metric_func_name date_near score 0.0 msg date not near, response: 2018-08-01 00:00:00, target: 2018-10-29 00:00:00
2026-08-09 09:41:13.568 | DEBUG    | eval.evaluation.evaluation:metric_call:77 - metric_func_name date_near score 1.0 msg date near, response: 2019-08-01 00:00:00, target: 2019-07-07 00:00:00
2026-08-09 09:41:13.571 | DEBUG    | eval.evaluation.evaluation:metric_call:77 - metric_func_name date_near score 1.0 msg date near, response: 2019-08-01 00:00:00, target: 2019-07-07 00:00:00
2026-08-09 09:41:13.573 | DEBUG    | eval.evaluation.evaluation:metric_call:77 - metric_func_name date_near score 1.0 msg date near, response: 2019-08-01 00:00:00, target: 2019-07-07 00:00:00
2026-08-09 09:41:13.575 | DEBUG    | eval.evaluation.evaluation:metric_call:77 - metric_func_name date_near score 1.0 msg date near, response: 2019-08-01 00:00:00, target: 2019-07-07 00:00:00
2026-08-09 09:41:13.577 | DEBUG    | eval.evaluation.evaluation:metric_call:77 - metric_func_name date_near score 1.0 msg date near, response: 2019-08-01 00:00:00, target: 2019-07-07 00:00:00
2026-08-09 09:41:13.579 | DEBUG    | eval.evaluation.evaluation:metric_call:77 - metric_func_name date_near score 1.0 msg date near, response: 2019-08-01 00:00:00, target: 2019-07-07 00:00:00
2026-08-09 09:41:13.581 | DEBUG    | eval.evaluation.evaluation:metric_call:77 - metric_func_name date_near score 1.0 msg date near, response: 2019-08-01 00:00:00, target: 2019-07-07 00:00:00
2026-08-09 09:41:13.583 | DEBUG    | eval.evaluation.evaluation:metric_call:77 - metric_func_name date_near score 0.0 msg date not near, response: 2019-08-01 00:00:00, target: 2019-11-25 00:00:00
2026-08-09 09:41:13.585 | DEBUG    | eval.evaluation.evaluation:metric_call:77 - metric_func_name date_near score 0.0 msg date not near, response: 2019-08-01 00:00:00, target: 2019-11-25 00:00:00
2026-08-09 09:41:13.587 | DEBUG    | eval.evaluation.evaluation:metric_call:77 - metric_func_name date_near score 0.0 msg date not near, response: 2019-08-01 00:00:00, target: 2019-11-25 00:00:00
2026-08-09 09:41:13.590 | DEBUG    | eval.evaluation.evaluation:metric_call:77 - metric_func_name date_near score 0.0 msg date not near, response: 2020-08-01 00:00:00, target: 2020-02-07 00:00:00
2026-08-09 09:41:13.592 | DEBUG    | eval.evaluation.evaluation:metric_call:77 - metric_func_name date_near score 1.0 msg date near, response: 2020-08-01 00:00:00, target: 2020-07-07 00:00:00
2026-08-09 09:41:13.594 | DEBUG    | eval.evaluation.evaluation:metric_call:77 - metric_func_name date_near score 1.0 msg date near, response: 2020-08-01 00:00:00, target: 2020-07-07 00:00:00
2026-08-09 09:41:13.596 | DEBUG    | eval.evaluation.evaluation:metric_call:77 - metric_func_name date_near score 1.0 msg date near, response: 2020-08-01 00:00:00, target: 2020-07-07 00:00:00
2026-08-09 09:41:13.598 | DEBUG    | eval.evaluation.evaluation:metric_call:77 - metric_func_name date_near score 0.0 msg date not near, response: 2020-08-01 00:00:00, target: 2020-11-05 00:00:00
2026-08-09 09:41:13.600 | DEBUG    | eval.evaluation.evaluation:metric_call:77 - metric_func_name date_near score 0.0 msg date not near, response: 2020-08-01 00:00:00, target: 2020-11-05 00:00:00
2026-08-09 09:41:13.602 | DEBUG    | eval.evaluation.evaluation:metric_call:77 - metric_func_name date_near score 0.0 msg date not near, response: 2020-08-01 00:00:00, target: 2020-11-05 00:00:00
2026-08-09 09:41:13.604 | DEBUG    | eval.evaluation.evaluation:metric_call:77 - metric_func_name date_near score 0.0 msg date not near, response: 2020-08-01 00:00:00, target: 2020-11-05 00:00:00
2026-08-09 09:41:13.606 | DEBUG    | eval.evaluation.evaluation:metric_call:77 - metric_func_name date_near score 0.0 msg date not near, response: 2021-08-01 00:00:00, target: 2021-04-13 00:00:00
2026-08-09 09:41:13.609 | DEBUG    | eval.evaluation.evaluation:metric_call:77 - metric_func_name date_near score 0.0 msg date not near, response: 2021-08-01 00:00:00, target: 2021-04-13 00:00:00
2026-08-09 09:41:13.611 | DEBUG    | eval.evaluation.evaluation:metric_call:77 - metric_func_name date_near score 0.0 msg date not near, response: 2022-08-01 00:00:00, target: 2022-04-04 00:00:00
2026-08-09 09:41:13.613 | DEBUG    | eval.evaluation.evaluation:metric_call:77 - metric_func_name date_near score 0.0 msg date not near, response: 2022-08-01 00:00:00, target: 2022-04-04 00:00:00
2026-08-09 09:41:13.615 | DEBUG    | eval.evaluation.evaluation:metric_call:77 - metric_func_name date_near score 0.0 msg date not near, response: 2022-08-01 00:00:00, target: 2022-04-04 00:00:00
2026-08-09 09:41:13.617 | DEBUG    | eval.evaluation.evaluation:metric_call:77 - metric_func_name date_near score 0.0 msg date not near, response: 2022-08-01 00:00:00, target: 2022-04-20 00:00:00
2026-08-09 09:41:13.619 | DEBUG    | eval.evaluation.evaluation:metric_call:77 - metric_func_name date_near score 0.0 msg date not near, response: 2022-08-01 00:00:00, target: 2022-09-27 00:00:00
2026-08-09 09:41:13.621 | DEBUG    | eval.evaluation.evaluation:metric_call:77 - metric_func_name date_near score 0.0 msg date not near, response: 2022-08-01 00:00:00, target: 2022-09-27 00:00:00
2026-08-09 09:41:13.624 | DEBUG    | eval.evaluation.evaluation:metric_call:77 - metric_func_name date_near score 0.0 msg date not near, response: 2022-08-01 00:00:00, target: 2022-09-27 00:00:00
2026-08-09 09:41:13.627 | DEBUG    | eval.evaluation.evaluation:metric_call:77 - metric_func_name date_near score 0.0 msg date not near, response: 2022-08-01 00:00:00, target: 2022-09-27 00:00:00
2026-08-09 09:41:13.628 | DEBUG    | eval.evaluation.evaluation:metric_call:77 - metric_func_name date_near score 0.0 msg date not near, response: 2023-08-01 00:00:00, target: 2023-01-14 00:00:00
2026-08-09 09:41:13.630 | DEBUG    | eval.evaluation.evaluation:metric_call:77 - metric_func_name date_near score 0.0 msg date not near, response: 2023-08-01 00:00:00, target: 2023-01-14 00:00:00
2026-08-09 09:41:13.632 | DEBUG    | eval.evaluation.evaluation:metric_call:77 - metric_func_name date_near score 0.0 msg date not near, response: 2023-08-01 00:00:00, target: 2023-01-14 00:00:00
2026-08-09 09:41:13.634 | DEBUG    | eval.evaluation.evaluation:metric_call:77 - metric_func_name date_near score 0.0 msg date not near, response: 2023-08-01 00:00:00, target: 2023-02-28 00:00:00
2026-08-09 09:41:13.636 | DEBUG    | eval.evaluation.evaluation:metric_call:77 - metric_func_name date_near score 0.0 msg date not near, response: 2023-08-01 00:00:00, target: 2023-02-28 00:00:00
2026-08-09 09:41:13.638 | DEBUG    | eval.evaluation.evaluation:metric_call:77 - metric_func_name date_near score 0.0 msg date not near, response: 2023-08-01 00:00:00, target: 2023-04-06 00:00:00
2026-08-09 09:41:13.640 | DEBUG    | eval.evaluation.evaluation:metric_call:77 - metric_func_name date_near score 0.0 msg date not near, response: 2023-08-01 00:00:00, target: 2023-10-19 00:00:00
2026-08-09 09:41:13.642 | DEBUG    | eval.evaluation.evaluation:metric_call:77 - metric_func_name date_near score 0.0 msg date not near, response: 2023-08-01 00:00:00, target: 2023-10-19 00:00:00
2026-08-09 09:41:13.644 | DEBUG    | eval.evaluation.evaluation:metric_call:77 - metric_func_name date_near score 0.0 msg date not near, response: 2023-08-01 00:00:00, target: 2023-10-19 00:00:00
2026-08-09 09:41:13.646 | DEBUG    | eval.evaluation.evaluation:evaluate_single_query:321 - wide2deep_ws_en_091, col time, metric_func_name date_near, score [0.0, 0.0, 0.0, 0.0, 0.0, 0.0, 0.0, 1.0, 1.0, 1.0, 1.0, 1.0, 0.0, 0.0, 0.0, 0.0, 0.0, 0.0, 1.0, 1.0, 0.0, 0.0, 1.0, 1.0, 1.0, 1.0, 1.0, 1.0, 1.0, 0.0, 0.0, 0.0, 0.0, 1.0, 1.0, 1.0, 0.0, 0.0, 0.0, 0.0, 0.0, 0.0, 0.0, 0.0, 0.0, 0.0, 0.0, 0.0, 0.0, 0.0, 0.0, 0.0, 0.0, 0.0, 0.0, 0.0, 0.0, 0.0, 0.0]
2026-08-09 09:41:21.847 | DEBUG    | eval.evaluation.evaluation:evaluate_single_query:321 - wide2deep_ws_en_091, col productseries, metric_func_name llm_judge, score [0, 0, 0, 0, 0, 0, 0, 0, 0, 1, 1, 1, 0, 0, 0, 0, 0, 0, 1, 1, 1, 1, 0, 0, 0, 0, 0, 0, 0, 1, 1, 0, 1, 0, 0, 0, 0, 0, 0, 0, 0, 0, 0, 0, 0, 0, 0, 0, 0, 0, 0, 0, 0, 0, 0, 0, 1, 1, 1]
2026-08-09 09:41:26.158 | DEBUG    | eval.evaluation.evaluation:evaluate_single_query:321 - wide2deep_ws_en_091, col corearchitecture, metric_func_name llm_judge, score [1, 1, 1, 1, 1, 1, 1, 1, 1, 1, 1, 1, 1, 1, 0, 0, 0, 0, 0, 0, 0, 0, 0, 0, 0, 0, 0, 0, 0, 0, 0, 0, 0, 0, 0, 0, 0, 0, 0, 0, 0, 0, 0, 0, 0, 0, 0, 0, 0, 0, 0, 0, 0, 0, 0, 0, 0, 0, 0]
2026-08-09 09:41:34.393 | DEBUG    | eval.evaluation.evaluation:evaluate_single_query:321 - wide2deep_ws_en_091, col manufacturingprocess(nm), metric_func_name llm_judge, score [1, 1, 1, 1, 1, 1, 1, 1, 1, 1, 1, 1, 1, 1, 1, 1, 1, 1, 1, 1, 1, 1, 1, 1, 1, 1, 1, 1, 1, 1, 1, 1, 1, 1, 1, 1, 1, 1, 1, 1, 1, 1, 1, 1, 1, 1, 1, 1, 1, 1, 1, 1, 1, 1, 1, 1, 1, 1, 1]
2026-08-09 09:41:34.393 | DEBUG    | eval.evaluation.evaluation:metric_call:77 - metric_func_name exact_match score 1.0 msg exact match, response: 8, target: 8
2026-08-09 09:41:34.394 | DEBUG    | eval.evaluation.evaluation:metric_call:77 - metric_func_name exact_match score 1.0 msg exact match, response: 8, target: 8
2026-08-09 09:41:34.394 | DEBUG    | eval.evaluation.evaluation:metric_call:77 - metric_func_name exact_match score 1.0 msg exact match, response: 8, target: 8
2026-08-09 09:41:34.394 | DEBUG    | eval.evaluation.evaluation:metric_call:77 - metric_func_name exact_match score 1.0 msg exact match, response: 6, target: 6
2026-08-09 09:41:34.394 | DEBUG    | eval.evaluation.evaluation:metric_call:77 - metric_func_name exact_match score 1.0 msg exact match, response: 6, target: 6
2026-08-09 09:41:34.394 | DEBUG    | eval.evaluation.evaluation:metric_call:77 - metric_func_name exact_match score 1.0 msg exact match, response: 4, target: 4
2026-08-09 09:41:34.394 | DEBUG    | eval.evaluation.evaluation:metric_call:77 - metric_func_name exact_match score 1.0 msg exact match, response: 4, target: 4
2026-08-09 09:41:34.394 | DEBUG    | eval.evaluation.evaluation:metric_call:77 - metric_func_name exact_match score 1.0 msg exact match, response: 4, target: 4
2026-08-09 09:41:34.394 | DEBUG    | eval.evaluation.evaluation:metric_call:77 - metric_func_name exact_match score 1.0 msg exact match, response: 4, target: 4
2026-08-09 09:41:34.394 | DEBUG    | eval.evaluation.evaluation:metric_call:77 - metric_func_name exact_match score 1.0 msg exact match, response: 16, target: 16
2026-08-09 09:41:34.394 | DEBUG    | eval.evaluation.evaluation:metric_call:77 - metric_func_name exact_match score 1.0 msg exact match, response: 12, target: 12
2026-08-09 09:41:34.394 | DEBUG    | eval.evaluation.evaluation:metric_call:77 - metric_func_name exact_match score 1.0 msg exact match, response: 8, target: 8
2026-08-09 09:41:34.394 | DEBUG    | eval.evaluation.evaluation:metric_call:77 - metric_func_name exact_match score 1.0 msg exact match, response: 4, target: 4
2026-08-09 09:41:34.394 | DEBUG    | eval.evaluation.evaluation:metric_call:77 - metric_func_name exact_match score 1.0 msg exact match, response: 4, target: 4
2026-08-09 09:41:34.394 | DEBUG    | eval.evaluation.evaluation:metric_call:77 - metric_func_name exact_match score 1.0 msg exact match, response: 8, target: 8
2026-08-09 09:41:34.394 | DEBUG    | eval.evaluation.evaluation:metric_call:77 - metric_func_name exact_match score 1.0 msg exact match, response: 8, target: 8
2026-08-09 09:41:34.395 | DEBUG    | eval.evaluation.evaluation:metric_call:77 - metric_func_name exact_match score 1.0 msg exact match, response: 6, target: 6
2026-08-09 09:41:34.395 | DEBUG    | eval.evaluation.evaluation:metric_call:77 - metric_func_name exact_match score 1.0 msg exact match, response: 6, target: 6
2026-08-09 09:41:34.395 | DEBUG    | eval.evaluation.evaluation:metric_call:77 - metric_func_name exact_match score 1.0 msg exact match, response: 32, target: 32
2026-08-09 09:41:34.395 | DEBUG    | eval.evaluation.evaluation:metric_call:77 - metric_func_name exact_match score 1.0 msg exact match, response: 16, target: 16
2026-08-09 09:41:34.395 | DEBUG    | eval.evaluation.evaluation:metric_call:77 - metric_func_name exact_match score 1.0 msg exact match, response: 24, target: 24
2026-08-09 09:41:34.395 | DEBUG    | eval.evaluation.evaluation:metric_call:77 - metric_func_name exact_match score 1.0 msg exact match, response: 12, target: 12
2026-08-09 09:41:34.395 | DEBUG    | eval.evaluation.evaluation:metric_call:77 - metric_func_name exact_match score 1.0 msg exact match, response: 12, target: 12
2026-08-09 09:41:34.395 | DEBUG    | eval.evaluation.evaluation:metric_call:77 - metric_func_name exact_match score 1.0 msg exact match, response: 8, target: 8
2026-08-09 09:41:34.395 | DEBUG    | eval.evaluation.evaluation:metric_call:77 - metric_func_name exact_match score 1.0 msg exact match, response: 8, target: 8
2026-08-09 09:41:34.395 | DEBUG    | eval.evaluation.evaluation:metric_call:77 - metric_func_name exact_match score 1.0 msg exact match, response: 6, target: 6
2026-08-09 09:41:34.395 | DEBUG    | eval.evaluation.evaluation:metric_call:77 - metric_func_name exact_match score 1.0 msg exact match, response: 6, target: 6
2026-08-09 09:41:34.395 | DEBUG    | eval.evaluation.evaluation:metric_call:77 - metric_func_name exact_match score 1.0 msg exact match, response: 4, target: 4
2026-08-09 09:41:34.395 | DEBUG    | eval.evaluation.evaluation:metric_call:77 - metric_func_name exact_match score 1.0 msg exact match, response: 4, target: 4
2026-08-09 09:41:34.395 | DEBUG    | eval.evaluation.evaluation:metric_call:77 - metric_func_name exact_match score 1.0 msg exact match, response: 32, target: 32
2026-08-09 09:41:34.395 | DEBUG    | eval.evaluation.evaluation:metric_call:77 - metric_func_name exact_match score 1.0 msg exact match, response: 24, target: 24
2026-08-09 09:41:34.395 | DEBUG    | eval.evaluation.evaluation:metric_call:77 - metric_func_name exact_match score 1.0 msg exact match, response: 16, target: 16
2026-08-09 09:41:34.395 | DEBUG    | eval.evaluation.evaluation:metric_call:77 - metric_func_name exact_match score 1.0 msg exact match, response: 64, target: 64
2026-08-09 09:41:34.395 | DEBUG    | eval.evaluation.evaluation:metric_call:77 - metric_func_name exact_match score 1.0 msg exact match, response: 12, target: 12
2026-08-09 09:41:34.395 | DEBUG    | eval.evaluation.evaluation:metric_call:77 - metric_func_name exact_match score 1.0 msg exact match, response: 8, target: 8
2026-08-09 09:41:34.395 | DEBUG    | eval.evaluation.evaluation:metric_call:77 - metric_func_name exact_match score 1.0 msg exact match, response: 6, target: 6
2026-08-09 09:41:34.396 | DEBUG    | eval.evaluation.evaluation:metric_call:77 - metric_func_name exact_match score 1.0 msg exact match, response: 16, target: 16
2026-08-09 09:41:34.396 | DEBUG    | eval.evaluation.evaluation:metric_call:77 - metric_func_name exact_match score 1.0 msg exact match, response: 12, target: 12
2026-08-09 09:41:34.396 | DEBUG    | eval.evaluation.evaluation:metric_call:77 - metric_func_name exact_match score 1.0 msg exact match, response: 8, target: 8
2026-08-09 09:41:34.396 | DEBUG    | eval.evaluation.evaluation:metric_call:77 - metric_func_name exact_match score 1.0 msg exact match, response: 6, target: 6
2026-08-09 09:41:34.396 | DEBUG    | eval.evaluation.evaluation:metric_call:77 - metric_func_name exact_match score 1.0 msg exact match, response: 8, target: 8
2026-08-09 09:41:34.396 | DEBUG    | eval.evaluation.evaluation:metric_call:77 - metric_func_name exact_match score 1.0 msg exact match, response: 6, target: 6
2026-08-09 09:41:34.396 | DEBUG    | eval.evaluation.evaluation:metric_call:77 - metric_func_name exact_match score 1.0 msg exact match, response: 8, target: 8
2026-08-09 09:41:34.396 | DEBUG    | eval.evaluation.evaluation:metric_call:77 - metric_func_name exact_match score 1.0 msg exact match, response: 6, target: 6
2026-08-09 09:41:34.396 | DEBUG    | eval.evaluation.evaluation:metric_call:77 - metric_func_name exact_match score 1.0 msg exact match, response: 6, target: 6
2026-08-09 09:41:34.396 | DEBUG    | eval.evaluation.evaluation:metric_call:77 - metric_func_name exact_match score 1.0 msg exact match, response: 8, target: 8
2026-08-09 09:41:34.396 | DEBUG    | eval.evaluation.evaluation:metric_call:77 - metric_func_name exact_match score 1.0 msg exact match, response: 16, target: 16
2026-08-09 09:41:34.396 | DEBUG    | eval.evaluation.evaluation:metric_call:77 - metric_func_name exact_match score 1.0 msg exact match, response: 12, target: 12
2026-08-09 09:41:34.396 | DEBUG    | eval.evaluation.evaluation:metric_call:77 - metric_func_name exact_match score 1.0 msg exact match, response: 8, target: 8
2026-08-09 09:41:34.396 | DEBUG    | eval.evaluation.evaluation:metric_call:77 - metric_func_name exact_match score 1.0 msg exact match, response: 6, target: 6
2026-08-09 09:41:34.396 | DEBUG    | eval.evaluation.evaluation:metric_call:77 - metric_func_name exact_match score 1.0 msg exact match, response: 12, target: 12
2026-08-09 09:41:34.396 | DEBUG    | eval.evaluation.evaluation:metric_call:77 - metric_func_name exact_match score 1.0 msg exact match, response: 8, target: 8
2026-08-09 09:41:34.396 | DEBUG    | eval.evaluation.evaluation:metric_call:77 - metric_func_name exact_match score 1.0 msg exact match, response: 6, target: 6
2026-08-09 09:41:34.396 | DEBUG    | eval.evaluation.evaluation:metric_call:77 - metric_func_name exact_match score 1.0 msg exact match, response: 16, target: 16
2026-08-09 09:41:34.396 | DEBUG    | eval.evaluation.evaluation:metric_call:77 - metric_func_name exact_match score 1.0 msg exact match, response: 12, target: 12
2026-08-09 09:41:34.396 | DEBUG    | eval.evaluation.evaluation:metric_call:77 - metric_func_name exact_match score 1.0 msg exact match, response: 8, target: 8
2026-08-09 09:41:34.397 | DEBUG    | eval.evaluation.evaluation:metric_call:77 - metric_func_name exact_match score 1.0 msg exact match, response: 64, target: 64
2026-08-09 09:41:34.397 | DEBUG    | eval.evaluation.evaluation:metric_call:77 - metric_func_name exact_match score 1.0 msg exact match, response: 32, target: 32
2026-08-09 09:41:34.397 | DEBUG    | eval.evaluation.evaluation:metric_call:77 - metric_func_name exact_match score 1.0 msg exact match, response: 24, target: 24
2026-08-09 09:41:34.398 | DEBUG    | eval.evaluation.evaluation:evaluate_single_query:321 - wide2deep_ws_en_091, col cores, metric_func_name exact_match, score [1.0, 1.0, 1.0, 1.0, 1.0, 1.0, 1.0, 1.0, 1.0, 1.0, 1.0, 1.0, 1.0, 1.0, 1.0, 1.0, 1.0, 1.0, 1.0, 1.0, 1.0, 1.0, 1.0, 1.0, 1.0, 1.0, 1.0, 1.0, 1.0, 1.0, 1.0, 1.0, 1.0, 1.0, 1.0, 1.0, 1.0, 1.0, 1.0, 1.0, 1.0, 1.0, 1.0, 1.0, 1.0, 1.0, 1.0, 1.0, 1.0, 1.0, 1.0, 1.0, 1.0, 1.0, 1.0, 1.0, 1.0, 1.0, 1.0]
2026-08-09 09:41:34.398 | DEBUG    | eval.evaluation.evaluation:metric_call:77 - metric_func_name exact_match score 1.0 msg exact match, response: 16, target: 16
2026-08-09 09:41:34.398 | DEBUG    | eval.evaluation.evaluation:metric_call:77 - metric_func_name exact_match score 1.0 msg exact match, response: 16, target: 16
2026-08-09 09:41:34.398 | DEBUG    | eval.evaluation.evaluation:metric_call:77 - metric_func_name exact_match score 1.0 msg exact match, response: 16, target: 16
2026-08-09 09:41:34.398 | DEBUG    | eval.evaluation.evaluation:metric_call:77 - metric_func_name exact_match score 1.0 msg exact match, response: 12, target: 12
2026-08-09 09:41:34.398 | DEBUG    | eval.evaluation.evaluation:metric_call:77 - metric_func_name exact_match score 1.0 msg exact match, response: 12, target: 12
2026-08-09 09:41:34.398 | DEBUG    | eval.evaluation.evaluation:metric_call:77 - metric_func_name exact_match score 1.0 msg exact match, response: 8, target: 8
2026-08-09 09:41:34.398 | DEBUG    | eval.evaluation.evaluation:metric_call:77 - metric_func_name exact_match score 1.0 msg exact match, response: 8, target: 8
2026-08-09 09:41:34.398 | DEBUG    | eval.evaluation.evaluation:metric_call:77 - metric_func_name exact_match score 1.0 msg exact match, response: 4, target: 4
2026-08-09 09:41:34.399 | DEBUG    | eval.evaluation.evaluation:metric_call:77 - metric_func_name exact_match score 1.0 msg exact match, response: 4, target: 4
2026-08-09 09:41:34.399 | DEBUG    | eval.evaluation.evaluation:metric_call:77 - metric_func_name exact_match score 1.0 msg exact match, response: 32, target: 32
2026-08-09 09:41:34.399 | DEBUG    | eval.evaluation.evaluation:metric_call:77 - metric_func_name exact_match score 1.0 msg exact match, response: 24, target: 24
2026-08-09 09:41:34.399 | DEBUG    | eval.evaluation.evaluation:metric_call:77 - metric_func_name exact_match score 1.0 msg exact match, response: 16, target: 16
2026-08-09 09:41:34.399 | DEBUG    | eval.evaluation.evaluation:metric_call:77 - metric_func_name exact_match score 1.0 msg exact match, response: 8, target: 8
2026-08-09 09:41:34.399 | DEBUG    | eval.evaluation.evaluation:metric_call:77 - metric_func_name exact_match score 1.0 msg exact match, response: 4, target: 4
2026-08-09 09:41:34.399 | DEBUG    | eval.evaluation.evaluation:metric_call:77 - metric_func_name exact_match score 1.0 msg exact match, response: 16, target: 16
2026-08-09 09:41:34.399 | DEBUG    | eval.evaluation.evaluation:metric_call:77 - metric_func_name exact_match score 1.0 msg exact match, response: 16, target: 16
2026-08-09 09:41:34.399 | DEBUG    | eval.evaluation.evaluation:metric_call:77 - metric_func_name exact_match score 1.0 msg exact match, response: 12, target: 12
2026-08-09 09:41:34.399 | DEBUG    | eval.evaluation.evaluation:metric_call:77 - metric_func_name exact_match score 1.0 msg exact match, response: 12, target: 12
2026-08-09 09:41:34.399 | DEBUG    | eval.evaluation.evaluation:metric_call:77 - metric_func_name exact_match score 1.0 msg exact match, response: 64, target: 64
2026-08-09 09:41:34.399 | DEBUG    | eval.evaluation.evaluation:metric_call:77 - metric_func_name exact_match score 1.0 msg exact match, response: 32, target: 32
2026-08-09 09:41:34.399 | DEBUG    | eval.evaluation.evaluation:metric_call:77 - metric_func_name exact_match score 1.0 msg exact match, response: 48, target: 48
2026-08-09 09:41:34.399 | DEBUG    | eval.evaluation.evaluation:metric_call:77 - metric_func_name exact_match score 1.0 msg exact match, response: 24, target: 24
2026-08-09 09:41:34.399 | DEBUG    | eval.evaluation.evaluation:metric_call:77 - metric_func_name exact_match score 1.0 msg exact match, response: 24, target: 24
2026-08-09 09:41:34.399 | DEBUG    | eval.evaluation.evaluation:metric_call:77 - metric_func_name exact_match score 1.0 msg exact match, response: 16, target: 16
2026-08-09 09:41:34.399 | DEBUG    | eval.evaluation.evaluation:metric_call:77 - metric_func_name exact_match score 1.0 msg exact match, response: 16, target: 16
2026-08-09 09:41:34.399 | DEBUG    | eval.evaluation.evaluation:metric_call:77 - metric_func_name exact_match score 1.0 msg exact match, response: 12, target: 12
2026-08-09 09:41:34.399 | DEBUG    | eval.evaluation.evaluation:metric_call:77 - metric_func_name exact_match score 1.0 msg exact match, response: 12, target: 12
2026-08-09 09:41:34.399 | DEBUG    | eval.evaluation.evaluation:metric_call:77 - metric_func_name exact_match score 1.0 msg exact match, response: 8, target: 8
2026-08-09 09:41:34.399 | DEBUG    | eval.evaluation.evaluation:metric_call:77 - metric_func_name exact_match score 1.0 msg exact match, response: 4, target: 4
2026-08-09 09:41:34.399 | DEBUG    | eval.evaluation.evaluation:metric_call:77 - metric_func_name exact_match score 1.0 msg exact match, response: 64, target: 64
2026-08-09 09:41:34.399 | DEBUG    | eval.evaluation.evaluation:metric_call:77 - metric_func_name exact_match score 1.0 msg exact match, response: 48, target: 48
2026-08-09 09:41:34.399 | DEBUG    | eval.evaluation.evaluation:metric_call:77 - metric_func_name exact_match score 1.0 msg exact match, response: 32, target: 32
2026-08-09 09:41:34.400 | DEBUG    | eval.evaluation.evaluation:metric_call:77 - metric_func_name exact_match score 1.0 msg exact match, response: 128, target: 128
2026-08-09 09:41:34.400 | DEBUG    | eval.evaluation.evaluation:metric_call:77 - metric_func_name exact_match score 1.0 msg exact match, response: 24, target: 24
2026-08-09 09:41:34.400 | DEBUG    | eval.evaluation.evaluation:metric_call:77 - metric_func_name exact_match score 1.0 msg exact match, response: 16, target: 16
2026-08-09 09:41:34.400 | DEBUG    | eval.evaluation.evaluation:metric_call:77 - metric_func_name exact_match score 1.0 msg exact match, response: 12, target: 12
2026-08-09 09:41:34.400 | DEBUG    | eval.evaluation.evaluation:metric_call:77 - metric_func_name exact_match score 1.0 msg exact match, response: 32, target: 32
2026-08-09 09:41:34.400 | DEBUG    | eval.evaluation.evaluation:metric_call:77 - metric_func_name exact_match score 1.0 msg exact match, response: 24, target: 24
2026-08-09 09:41:34.400 | DEBUG    | eval.evaluation.evaluation:metric_call:77 - metric_func_name exact_match score 1.0 msg exact match, response: 16, target: 16
2026-08-09 09:41:34.400 | DEBUG    | eval.evaluation.evaluation:metric_call:77 - metric_func_name exact_match score 1.0 msg exact match, response: 12, target: 12
2026-08-09 09:41:34.400 | DEBUG    | eval.evaluation.evaluation:metric_call:77 - metric_func_name exact_match score 1.0 msg exact match, response: 16, target: 16
2026-08-09 09:41:34.400 | DEBUG    | eval.evaluation.evaluation:metric_call:77 - metric_func_name exact_match score 1.0 msg exact match, response: 12, target: 12
2026-08-09 09:41:34.400 | DEBUG    | eval.evaluation.evaluation:metric_call:77 - metric_func_name exact_match score 1.0 msg exact match, response: 16, target: 16
2026-08-09 09:41:34.400 | DEBUG    | eval.evaluation.evaluation:metric_call:77 - metric_func_name exact_match score 1.0 msg exact match, response: 12, target: 12
2026-08-09 09:41:34.400 | DEBUG    | eval.evaluation.evaluation:metric_call:77 - metric_func_name exact_match score 1.0 msg exact match, response: 12, target: 12
2026-08-09 09:41:34.400 | DEBUG    | eval.evaluation.evaluation:metric_call:77 - metric_func_name exact_match score 1.0 msg exact match, response: 16, target: 16
2026-08-09 09:41:34.400 | DEBUG    | eval.evaluation.evaluation:metric_call:77 - metric_func_name exact_match score 1.0 msg exact match, response: 32, target: 32
2026-08-09 09:41:34.400 | DEBUG    | eval.evaluation.evaluation:metric_call:77 - metric_func_name exact_match score 1.0 msg exact match, response: 24, target: 24
2026-08-09 09:41:34.400 | DEBUG    | eval.evaluation.evaluation:metric_call:77 - metric_func_name exact_match score 1.0 msg exact match, response: 16, target: 16
2026-08-09 09:41:34.400 | DEBUG    | eval.evaluation.evaluation:metric_call:77 - metric_func_name exact_match score 1.0 msg exact match, response: 12, target: 12
2026-08-09 09:41:34.400 | DEBUG    | eval.evaluation.evaluation:metric_call:77 - metric_func_name exact_match score 1.0 msg exact match, response: 24, target: 24
2026-08-09 09:41:34.400 | DEBUG    | eval.evaluation.evaluation:metric_call:77 - metric_func_name exact_match score 1.0 msg exact match, response: 16, target: 16
2026-08-09 09:41:34.400 | DEBUG    | eval.evaluation.evaluation:metric_call:77 - metric_func_name exact_match score 1.0 msg exact match, response: 12, target: 12
2026-08-09 09:41:34.400 | DEBUG    | eval.evaluation.evaluation:metric_call:77 - metric_func_name exact_match score 1.0 msg exact match, response: 32, target: 32
2026-08-09 09:41:34.401 | DEBUG    | eval.evaluation.evaluation:metric_call:77 - metric_func_name exact_match score 1.0 msg exact match, response: 24, target: 24
2026-08-09 09:41:34.401 | DEBUG    | eval.evaluation.evaluation:metric_call:77 - metric_func_name exact_match score 1.0 msg exact match, response: 16, target: 16
2026-08-09 09:41:34.401 | DEBUG    | eval.evaluation.evaluation:metric_call:77 - metric_func_name exact_match score 1.0 msg exact match, response: 128, target: 128
2026-08-09 09:41:34.401 | DEBUG    | eval.evaluation.evaluation:metric_call:77 - metric_func_name exact_match score 1.0 msg exact match, response: 64, target: 64
2026-08-09 09:41:34.401 | DEBUG    | eval.evaluation.evaluation:metric_call:77 - metric_func_name exact_match score 1.0 msg exact match, response: 48, target: 48
2026-08-09 09:41:34.402 | DEBUG    | eval.evaluation.evaluation:evaluate_single_query:321 - wide2deep_ws_en_091, col threads, metric_func_name exact_match, score [1.0, 1.0, 1.0, 1.0, 1.0, 1.0, 1.0, 1.0, 1.0, 1.0, 1.0, 1.0, 1.0, 1.0, 1.0, 1.0, 1.0, 1.0, 1.0, 1.0, 1.0, 1.0, 1.0, 1.0, 1.0, 1.0, 1.0, 1.0, 1.0, 1.0, 1.0, 1.0, 1.0, 1.0, 1.0, 1.0, 1.0, 1.0, 1.0, 1.0, 1.0, 1.0, 1.0, 1.0, 1.0, 1.0, 1.0, 1.0, 1.0, 1.0, 1.0, 1.0, 1.0, 1.0, 1.0, 1.0, 1.0, 1.0, 1.0]
2026-08-09 09:41:34.402 | DEBUG    | eval.evaluation.evaluation:metric_call:77 - metric_func_name exact_match score 1.0 msg exact match, response: 3.6, target: 3.6
2026-08-09 09:41:34.402 | DEBUG    | eval.evaluation.evaluation:metric_call:77 - metric_func_name exact_match score 1.0 msg exact match, response: 3.4, target: 3.4
2026-08-09 09:41:34.402 | DEBUG    | eval.evaluation.evaluation:metric_call:77 - metric_func_name exact_match score 1.0 msg exact match, response: 3.0, target: 3.0
2026-08-09 09:41:34.402 | DEBUG    | eval.evaluation.evaluation:metric_call:77 - metric_func_name exact_match score 1.0 msg exact match, response: 3.6, target: 3.6
2026-08-09 09:41:34.402 | DEBUG    | eval.evaluation.evaluation:metric_call:77 - metric_func_name exact_match score 1.0 msg exact match, response: 3.2, target: 3.2
2026-08-09 09:41:34.402 | DEBUG    | eval.evaluation.evaluation:metric_call:77 - metric_func_name exact_match score 1.0 msg exact match, response: 3.5, target: 3.5
2026-08-09 09:41:34.402 | DEBUG    | eval.evaluation.evaluation:metric_call:77 - metric_func_name exact_match score 1.0 msg exact match, response: 3.2, target: 3.2
2026-08-09 09:41:34.402 | DEBUG    | eval.evaluation.evaluation:metric_call:77 - metric_func_name exact_match score 1.0 msg exact match, response: 3.5, target: 3.5
2026-08-09 09:41:34.402 | DEBUG    | eval.evaluation.evaluation:metric_call:77 - metric_func_name exact_match score 1.0 msg exact match, response: 3.1, target: 3.1
2026-08-09 09:41:34.402 | DEBUG    | eval.evaluation.evaluation:metric_call:77 - metric_func_name exact_match score 1.0 msg exact match, response: 3.4, target: 3.4
2026-08-09 09:41:34.402 | DEBUG    | eval.evaluation.evaluation:metric_call:77 - metric_func_name exact_match score 1.0 msg exact match, response: 3.5, target: 3.5
2026-08-09 09:41:34.402 | DEBUG    | eval.evaluation.evaluation:metric_call:77 - metric_func_name exact_match score 1.0 msg exact match, response: 3.8, target: 3.8
2026-08-09 09:41:34.402 | DEBUG    | eval.evaluation.evaluation:metric_call:77 - metric_func_name exact_match score 1.0 msg exact match, response: 3.6, target: 3.6
2026-08-09 09:41:34.402 | DEBUG    | eval.evaluation.evaluation:metric_call:77 - metric_func_name exact_match score 1.0 msg exact match, response: 3.5, target: 3.5
2026-08-09 09:41:34.402 | DEBUG    | eval.evaluation.evaluation:metric_call:77 - metric_func_name exact_match score 1.0 msg exact match, response: 3.7, target: 3.7
2026-08-09 09:41:34.403 | DEBUG    | eval.evaluation.evaluation:metric_call:77 - metric_func_name exact_match score 1.0 msg exact match, response: 3.2, target: 3.2
2026-08-09 09:41:34.403 | DEBUG    | eval.evaluation.evaluation:metric_call:77 - metric_func_name exact_match score 1.0 msg exact match, response: 3.6, target: 3.6
2026-08-09 09:41:34.403 | DEBUG    | eval.evaluation.evaluation:metric_call:77 - metric_func_name exact_match score 1.0 msg exact match, response: 3.4, target: 3.4
2026-08-09 09:41:34.403 | DEBUG    | eval.evaluation.evaluation:metric_call:77 - metric_func_name exact_match score 1.0 msg exact match, response: 3.0, target: 3.0
2026-08-09 09:41:34.403 | DEBUG    | eval.evaluation.evaluation:metric_call:77 - metric_func_name exact_match score 1.0 msg exact match, response: 3.5, target: 3.5
2026-08-09 09:41:34.403 | DEBUG    | eval.evaluation.evaluation:metric_call:77 - metric_func_name exact_match score 1.0 msg exact match, response: 3.0, target: 3.0
2026-08-09 09:41:34.403 | DEBUG    | eval.evaluation.evaluation:metric_call:77 - metric_func_name exact_match score 1.0 msg exact match, response: 3.5, target: 3.5
2026-08-09 09:41:34.403 | DEBUG    | eval.evaluation.evaluation:metric_call:77 - metric_func_name exact_match score 1.0 msg exact match, response: 3.8, target: 3.8
2026-08-09 09:41:34.403 | DEBUG    | eval.evaluation.evaluation:metric_call:77 - metric_func_name exact_match score 1.0 msg exact match, response: 3.9, target: 3.9
2026-08-09 09:41:34.403 | DEBUG    | eval.evaluation.evaluation:metric_call:77 - metric_func_name exact_match score 1.0 msg exact match, response: 3.6, target: 3.6
2026-08-09 09:41:34.403 | DEBUG    | eval.evaluation.evaluation:metric_call:77 - metric_func_name exact_match score 1.0 msg exact match, response: 3.8, target: 3.8
2026-08-09 09:41:34.403 | DEBUG    | eval.evaluation.evaluation:metric_call:77 - metric_func_name exact_match score 1.0 msg exact match, response: 3.6, target: 3.6
2026-08-09 09:41:34.403 | DEBUG    | eval.evaluation.evaluation:metric_call:77 - metric_func_name exact_match score 1.0 msg exact match, response: 3.7, target: 3.7
2026-08-09 09:41:34.403 | DEBUG    | eval.evaluation.evaluation:metric_call:77 - metric_func_name exact_match score 1.0 msg exact match, response: 3.6, target: 3.6
2026-08-09 09:41:34.403 | DEBUG    | eval.evaluation.evaluation:metric_call:77 - metric_func_name exact_match score 1.0 msg exact match, response: 3.7, target: 3.7
2026-08-09 09:41:34.403 | DEBUG    | eval.evaluation.evaluation:metric_call:77 - metric_func_name exact_match score 1.0 msg exact match, response: 3.8, target: 3.8
2026-08-09 09:41:34.403 | DEBUG    | eval.evaluation.evaluation:metric_call:77 - metric_func_name exact_match score 1.0 msg exact match, response: 3.5, target: 3.5
2026-08-09 09:41:34.403 | DEBUG    | eval.evaluation.evaluation:metric_call:77 - metric_func_name exact_match score 1.0 msg exact match, response: 2.9, target: 2.9
2026-08-09 09:41:34.403 | DEBUG    | eval.evaluation.evaluation:metric_call:77 - metric_func_name exact_match score 1.0 msg exact match, response: 3.8, target: 3.8
2026-08-09 09:41:34.403 | DEBUG    | eval.evaluation.evaluation:metric_call:77 - metric_func_name exact_match score 1.0 msg exact match, response: 3.9, target: 3.9
2026-08-09 09:41:34.403 | DEBUG    | eval.evaluation.evaluation:metric_call:77 - metric_func_name exact_match score 1.0 msg exact match, response: 3.8, target: 3.8
2026-08-09 09:41:34.404 | DEBUG    | eval.evaluation.evaluation:metric_call:77 - metric_func_name exact_match score 1.0 msg exact match, response: 3.4, target: 3.4
2026-08-09 09:41:34.404 | DEBUG    | eval.evaluation.evaluation:metric_call:77 - metric_func_name exact_match score 1.0 msg exact match, response: 3.7, target: 3.7
2026-08-09 09:41:34.404 | DEBUG    | eval.evaluation.evaluation:metric_call:77 - metric_func_name exact_match score 1.0 msg exact match, response: 3.8, target: 3.8
2026-08-09 09:41:34.404 | DEBUG    | eval.evaluation.evaluation:metric_call:77 - metric_func_name exact_match score 1.0 msg exact match, response: 3.7, target: 3.7
2026-08-09 09:41:34.404 | DEBUG    | eval.evaluation.evaluation:metric_call:77 - metric_func_name exact_match score 1.0 msg exact match, response: 3.8, target: 3.8
2026-08-09 09:41:34.404 | DEBUG    | eval.evaluation.evaluation:metric_call:77 - metric_func_name exact_match score 1.0 msg exact match, response: 3.9, target: 3.9
2026-08-09 09:41:34.404 | DEBUG    | eval.evaluation.evaluation:metric_call:77 - metric_func_name exact_match score 1.0 msg exact match, response: 3.4, target: 3.4
2026-08-09 09:41:34.404 | DEBUG    | eval.evaluation.evaluation:metric_call:77 - metric_func_name exact_match score 1.0 msg exact match, response: 3.5, target: 3.5
2026-08-09 09:41:34.404 | DEBUG    | eval.evaluation.evaluation:metric_call:77 - metric_func_name exact_match score 1.0 msg exact match, response: 3.6, target: 3.6
2026-08-09 09:41:34.404 | DEBUG    | eval.evaluation.evaluation:metric_call:77 - metric_func_name exact_match score 1.0 msg exact match, response: 3.4, target: 3.4
2026-08-09 09:41:34.404 | DEBUG    | eval.evaluation.evaluation:metric_call:77 - metric_func_name exact_match score 1.0 msg exact match, response: 4.5, target: 4.5
2026-08-09 09:41:34.404 | DEBUG    | eval.evaluation.evaluation:metric_call:77 - metric_func_name exact_match score 1.0 msg exact match, response: 4.7, target: 4.7
2026-08-09 09:41:34.404 | DEBUG    | eval.evaluation.evaluation:metric_call:77 - metric_func_name exact_match score 1.0 msg exact match, response: 4.5, target: 4.5
2026-08-09 09:41:34.404 | DEBUG    | eval.evaluation.evaluation:metric_call:77 - metric_func_name exact_match score 1.0 msg exact match, response: 4.7, target: 4.7
2026-08-09 09:41:34.404 | DEBUG    | eval.evaluation.evaluation:metric_call:77 - metric_func_name exact_match score 1.0 msg exact match, response: 3.7, target: 3.7
2026-08-09 09:41:34.404 | DEBUG    | eval.evaluation.evaluation:metric_call:77 - metric_func_name exact_match score 1.0 msg exact match, response: 3.8, target: 3.8
2026-08-09 09:41:34.404 | DEBUG    | eval.evaluation.evaluation:metric_call:77 - metric_func_name exact_match score 1.0 msg exact match, response: 3.8, target: 3.8
2026-08-09 09:41:34.404 | DEBUG    | eval.evaluation.evaluation:metric_call:77 - metric_func_name exact_match score 1.0 msg exact match, response: 4.2, target: 4.2
2026-08-09 09:41:34.404 | DEBUG    | eval.evaluation.evaluation:metric_call:77 - metric_func_name exact_match score 1.0 msg exact match, response: 4.4, target: 4.4
2026-08-09 09:41:34.404 | DEBUG    | eval.evaluation.evaluation:metric_call:77 - metric_func_name exact_match score 1.0 msg exact match, response: 4.2, target: 4.2
2026-08-09 09:41:34.404 | DEBUG    | eval.evaluation.evaluation:metric_call:77 - metric_func_name exact_match score 1.0 msg exact match, response: 3.2, target: 3.2
2026-08-09 09:41:34.405 | DEBUG    | eval.evaluation.evaluation:metric_call:77 - metric_func_name exact_match score 1.0 msg exact match, response: 4.0, target: 4.0
2026-08-09 09:41:34.405 | DEBUG    | eval.evaluation.evaluation:metric_call:77 - metric_func_name exact_match score 1.0 msg exact match, response: 4.2, target: 4.2
2026-08-09 09:41:34.405 | DEBUG    | eval.evaluation.evaluation:evaluate_single_query:321 - wide2deep_ws_en_091, col corefrequency(ghz), metric_func_name exact_match, score [1.0, 1.0, 1.0, 1.0, 1.0, 1.0, 1.0, 1.0, 1.0, 1.0, 1.0, 1.0, 1.0, 1.0, 1.0, 1.0, 1.0, 1.0, 1.0, 1.0, 1.0, 1.0, 1.0, 1.0, 1.0, 1.0, 1.0, 1.0, 1.0, 1.0, 1.0, 1.0, 1.0, 1.0, 1.0, 1.0, 1.0, 1.0, 1.0, 1.0, 1.0, 1.0, 1.0, 1.0, 1.0, 1.0, 1.0, 1.0, 1.0, 1.0, 1.0, 1.0, 1.0, 1.0, 1.0, 1.0, 1.0, 1.0, 1.0]
2026-08-09 09:41:34.406 | DEBUG    | eval.evaluation.evaluation:metric_call:77 - metric_func_name exact_match score 1.0 msg exact match, response: 4, target: 4
2026-08-09 09:41:34.406 | DEBUG    | eval.evaluation.evaluation:metric_call:77 - metric_func_name exact_match score 1.0 msg exact match, response: 4, target: 4
2026-08-09 09:41:34.406 | DEBUG    | eval.evaluation.evaluation:metric_call:77 - metric_func_name exact_match score 1.0 msg exact match, response: 4, target: 4
2026-08-09 09:41:34.406 | DEBUG    | eval.evaluation.evaluation:metric_call:77 - metric_func_name exact_match score 1.0 msg exact match, response: 3, target: 3
2026-08-09 09:41:34.406 | DEBUG    | eval.evaluation.evaluation:metric_call:77 - metric_func_name exact_match score 1.0 msg exact match, response: 3, target: 3
2026-08-09 09:41:34.406 | DEBUG    | eval.evaluation.evaluation:metric_call:77 - metric_func_name exact_match score 1.0 msg exact match, response: 2, target: 2
2026-08-09 09:41:34.406 | DEBUG    | eval.evaluation.evaluation:metric_call:77 - metric_func_name exact_match score 1.0 msg exact match, response: 2, target: 2
2026-08-09 09:41:34.406 | DEBUG    | eval.evaluation.evaluation:metric_call:77 - metric_func_name exact_match score 1.0 msg exact match, response: 2, target: 2
2026-08-09 09:41:34.406 | DEBUG    | eval.evaluation.evaluation:metric_call:77 - metric_func_name exact_match score 1.0 msg exact match, response: 2, target: 2
2026-08-09 09:41:34.406 | DEBUG    | eval.evaluation.evaluation:metric_call:77 - metric_func_name exact_match score 1.0 msg exact match, response: 8, target: 8
2026-08-09 09:41:34.406 | DEBUG    | eval.evaluation.evaluation:metric_call:77 - metric_func_name exact_match score 1.0 msg exact match, response: 6, target: 6
2026-08-09 09:41:34.406 | DEBUG    | eval.evaluation.evaluation:metric_call:77 - metric_func_name exact_match score 1.0 msg exact match, response: 4, target: 4
2026-08-09 09:41:34.406 | DEBUG    | eval.evaluation.evaluation:metric_call:77 - metric_func_name exact_match score 1.0 msg exact match, response: 2, target: 2
2026-08-09 09:41:34.406 | DEBUG    | eval.evaluation.evaluation:metric_call:77 - metric_func_name exact_match score 1.0 msg exact match, response: 2, target: 2
2026-08-09 09:41:34.406 | DEBUG    | eval.evaluation.evaluation:metric_call:77 - metric_func_name exact_match score 1.0 msg exact match, response: 4, target: 4
2026-08-09 09:41:34.406 | DEBUG    | eval.evaluation.evaluation:metric_call:77 - metric_func_name exact_match score 1.0 msg exact match, response: 4, target: 4
2026-08-09 09:41:34.406 | DEBUG    | eval.evaluation.evaluation:metric_call:77 - metric_func_name exact_match score 1.0 msg exact match, response: 3, target: 3
2026-08-09 09:41:34.406 | DEBUG    | eval.evaluation.evaluation:metric_call:77 - metric_func_name exact_match score 1.0 msg exact match, response: 3, target: 3
2026-08-09 09:41:34.407 | DEBUG    | eval.evaluation.evaluation:metric_call:77 - metric_func_name exact_match score 1.0 msg exact match, response: 16, target: 16
2026-08-09 09:41:34.407 | DEBUG    | eval.evaluation.evaluation:metric_call:77 - metric_func_name exact_match score 1.0 msg exact match, response: 8, target: 8
2026-08-09 09:41:34.407 | DEBUG    | eval.evaluation.evaluation:metric_call:77 - metric_func_name exact_match score 1.0 msg exact match, response: 12, target: 12
2026-08-09 09:41:34.407 | DEBUG    | eval.evaluation.evaluation:metric_call:77 - metric_func_name exact_match score 1.0 msg exact match, response: 6, target: 6
2026-08-09 09:41:34.407 | DEBUG    | eval.evaluation.evaluation:metric_call:77 - metric_func_name exact_match score 1.0 msg exact match, response: 6, target: 6
2026-08-09 09:41:34.407 | DEBUG    | eval.evaluation.evaluation:metric_call:77 - metric_func_name exact_match score 1.0 msg exact match, response: 4, target: 4
2026-08-09 09:41:34.407 | DEBUG    | eval.evaluation.evaluation:metric_call:77 - metric_func_name exact_match score 1.0 msg exact match, response: 4, target: 4
2026-08-09 09:41:34.407 | DEBUG    | eval.evaluation.evaluation:metric_call:77 - metric_func_name exact_match score 1.0 msg exact match, response: 3, target: 3
2026-08-09 09:41:34.407 | DEBUG    | eval.evaluation.evaluation:metric_call:77 - metric_func_name exact_match score 1.0 msg exact match, response: 3, target: 3
2026-08-09 09:41:34.407 | DEBUG    | eval.evaluation.evaluation:metric_call:77 - metric_func_name exact_match score 1.0 msg exact match, response: 2, target: 2
2026-08-09 09:41:34.407 | DEBUG    | eval.evaluation.evaluation:metric_call:77 - metric_func_name exact_match score 1.0 msg exact match, response: 2, target: 2
2026-08-09 09:41:34.407 | DEBUG    | eval.evaluation.evaluation:metric_call:77 - metric_func_name exact_match score 1.0 msg exact match, response: 16, target: 16
2026-08-09 09:41:34.407 | DEBUG    | eval.evaluation.evaluation:metric_call:77 - metric_func_name exact_match score 1.0 msg exact match, response: 12, target: 12
2026-08-09 09:41:34.407 | DEBUG    | eval.evaluation.evaluation:metric_call:77 - metric_func_name exact_match score 1.0 msg exact match, response: 8, target: 8
2026-08-09 09:41:34.407 | DEBUG    | eval.evaluation.evaluation:metric_call:77 - metric_func_name exact_match score 1.0 msg exact match, response: 32, target: 32
2026-08-09 09:41:34.407 | DEBUG    | eval.evaluation.evaluation:metric_call:77 - metric_func_name exact_match score 1.0 msg exact match, response: 6, target: 6
2026-08-09 09:41:34.407 | DEBUG    | eval.evaluation.evaluation:metric_call:77 - metric_func_name exact_match score 1.0 msg exact match, response: 4, target: 4
2026-08-09 09:41:34.407 | DEBUG    | eval.evaluation.evaluation:metric_call:77 - metric_func_name exact_match score 1.0 msg exact match, response: 3, target: 3
2026-08-09 09:41:34.407 | DEBUG    | eval.evaluation.evaluation:metric_call:77 - metric_func_name exact_match score 1.0 msg exact match, response: 8, target: 8
2026-08-09 09:41:34.407 | DEBUG    | eval.evaluation.evaluation:metric_call:77 - metric_func_name exact_match score 1.0 msg exact match, response: 6, target: 6
2026-08-09 09:41:34.407 | DEBUG    | eval.evaluation.evaluation:metric_call:77 - metric_func_name exact_match score 1.0 msg exact match, response: 4, target: 4
2026-08-09 09:41:34.408 | DEBUG    | eval.evaluation.evaluation:metric_call:77 - metric_func_name exact_match score 1.0 msg exact match, response: 3, target: 3
2026-08-09 09:41:34.408 | DEBUG    | eval.evaluation.evaluation:metric_call:77 - metric_func_name exact_match score 1.0 msg exact match, response: 4, target: 4
2026-08-09 09:41:34.408 | DEBUG    | eval.evaluation.evaluation:metric_call:77 - metric_func_name exact_match score 1.0 msg exact match, response: 3, target: 3
2026-08-09 09:41:34.408 | DEBUG    | eval.evaluation.evaluation:metric_call:77 - metric_func_name exact_match score 1.0 msg exact match, response: 4, target: 4
2026-08-09 09:41:34.408 | DEBUG    | eval.evaluation.evaluation:metric_call:77 - metric_func_name exact_match score 1.0 msg exact match, response: 3, target: 3
2026-08-09 09:41:34.408 | DEBUG    | eval.evaluation.evaluation:metric_call:77 - metric_func_name exact_match score 1.0 msg exact match, response: 3, target: 3
2026-08-09 09:41:34.408 | DEBUG    | eval.evaluation.evaluation:metric_call:77 - metric_func_name exact_match score 1.0 msg exact match, response: 4, target: 4
2026-08-09 09:41:34.408 | DEBUG    | eval.evaluation.evaluation:metric_call:77 - metric_func_name exact_match score 1.0 msg exact match, response: 16, target: 16
2026-08-09 09:41:34.408 | DEBUG    | eval.evaluation.evaluation:metric_call:77 - metric_func_name exact_match score 1.0 msg exact match, response: 12, target: 12
2026-08-09 09:41:34.408 | DEBUG    | eval.evaluation.evaluation:metric_call:77 - metric_func_name exact_match score 1.0 msg exact match, response: 8, target: 8
2026-08-09 09:41:34.408 | DEBUG    | eval.evaluation.evaluation:metric_call:77 - metric_func_name exact_match score 1.0 msg exact match, response: 6, target: 6
2026-08-09 09:41:34.408 | DEBUG    | eval.evaluation.evaluation:metric_call:77 - metric_func_name exact_match score 1.0 msg exact match, response: 12, target: 12
2026-08-09 09:41:34.408 | DEBUG    | eval.evaluation.evaluation:metric_call:77 - metric_func_name exact_match score 1.0 msg exact match, response: 8, target: 8
2026-08-09 09:41:34.408 | DEBUG    | eval.evaluation.evaluation:metric_call:77 - metric_func_name exact_match score 1.0 msg exact match, response: 6, target: 6
2026-08-09 09:41:34.408 | DEBUG    | eval.evaluation.evaluation:metric_call:77 - metric_func_name exact_match score 1.0 msg exact match, response: 16, target: 16
2026-08-09 09:41:34.408 | DEBUG    | eval.evaluation.evaluation:metric_call:77 - metric_func_name exact_match score 1.0 msg exact match, response: 12, target: 12
2026-08-09 09:41:34.408 | DEBUG    | eval.evaluation.evaluation:metric_call:77 - metric_func_name exact_match score 1.0 msg exact match, response: 8, target: 8
2026-08-09 09:41:34.408 | DEBUG    | eval.evaluation.evaluation:metric_call:77 - metric_func_name exact_match score 1.0 msg exact match, response: 64, target: 64
2026-08-09 09:41:34.408 | DEBUG    | eval.evaluation.evaluation:metric_call:77 - metric_func_name exact_match score 1.0 msg exact match, response: 32, target: 32
2026-08-09 09:41:34.408 | DEBUG    | eval.evaluation.evaluation:metric_call:77 - metric_func_name exact_match score 1.0 msg exact match, response: 24, target: 24
2026-08-09 09:41:34.409 | DEBUG    | eval.evaluation.evaluation:evaluate_single_query:321 - wide2deep_ws_en_091, col l2cache(mb), metric_func_name exact_match, score [1.0, 1.0, 1.0, 1.0, 1.0, 1.0, 1.0, 1.0, 1.0, 1.0, 1.0, 1.0, 1.0, 1.0, 1.0, 1.0, 1.0, 1.0, 1.0, 1.0, 1.0, 1.0, 1.0, 1.0, 1.0, 1.0, 1.0, 1.0, 1.0, 1.0, 1.0, 1.0, 1.0, 1.0, 1.0, 1.0, 1.0, 1.0, 1.0, 1.0, 1.0, 1.0, 1.0, 1.0, 1.0, 1.0, 1.0, 1.0, 1.0, 1.0, 1.0, 1.0, 1.0, 1.0, 1.0, 1.0, 1.0, 1.0, 1.0]
2026-08-09 09:41:34.409 | DEBUG    | eval.evaluation.evaluation:metric_call:77 - metric_func_name exact_match score 0.0 msg exact not match, response: 16, target: 16.0
2026-08-09 09:41:34.409 | DEBUG    | eval.evaluation.evaluation:metric_call:77 - metric_func_name exact_match score 0.0 msg exact not match, response: 16, target: 16.0
2026-08-09 09:41:34.410 | DEBUG    | eval.evaluation.evaluation:metric_call:77 - metric_func_name exact_match score 0.0 msg exact not match, response: 16, target: 16.0
2026-08-09 09:41:34.410 | DEBUG    | eval.evaluation.evaluation:metric_call:77 - metric_func_name exact_match score 0.0 msg exact not match, response: 16, target: 16.0
2026-08-09 09:41:34.410 | DEBUG    | eval.evaluation.evaluation:metric_call:77 - metric_func_name exact_match score 0.0 msg exact not match, response: 16, target: 16.0
2026-08-09 09:41:34.410 | DEBUG    | eval.evaluation.evaluation:metric_call:77 - metric_func_name exact_match score 0.0 msg exact not match, response: 16, target: 16.0
2026-08-09 09:41:34.410 | DEBUG    | eval.evaluation.evaluation:metric_call:77 - metric_func_name exact_match score 0.0 msg exact not match, response: 8, target: 8.0
2026-08-09 09:41:34.410 | DEBUG    | eval.evaluation.evaluation:metric_call:77 - metric_func_name exact_match score 0.0 msg exact not match, response: 8, target: 8.0
2026-08-09 09:41:34.410 | DEBUG    | eval.evaluation.evaluation:metric_call:77 - metric_func_name exact_match score 0.0 msg exact not match, response: 8, target: 8.0
2026-08-09 09:41:34.410 | DEBUG    | eval.evaluation.evaluation:metric_call:77 - metric_func_name exact_match score 0.0 msg exact not match, response: 32, target: 32.0
2026-08-09 09:41:34.410 | DEBUG    | eval.evaluation.evaluation:metric_call:77 - metric_func_name exact_match score 0.0 msg exact not match, response: 32, target: 32.0
2026-08-09 09:41:34.410 | DEBUG    | eval.evaluation.evaluation:metric_call:77 - metric_func_name exact_match score 0.0 msg exact not match, response: 16, target: 16.0
2026-08-09 09:41:34.410 | DEBUG    | eval.evaluation.evaluation:metric_call:77 - metric_func_name exact_match score 0.0 msg exact not match, response: 4, target: 4.0
2026-08-09 09:41:34.410 | DEBUG    | eval.evaluation.evaluation:metric_call:77 - metric_func_name exact_match score 0.0 msg exact not match, response: 4, target: 4.0
2026-08-09 09:41:34.410 | DEBUG    | eval.evaluation.evaluation:metric_call:77 - metric_func_name exact_match score 0.0 msg exact not match, response: 16, target: 16.0
2026-08-09 09:41:34.410 | DEBUG    | eval.evaluation.evaluation:metric_call:77 - metric_func_name exact_match score 0.0 msg exact not match, response: 16, target: 16.0
2026-08-09 09:41:34.410 | DEBUG    | eval.evaluation.evaluation:metric_call:77 - metric_func_name exact_match score 0.0 msg exact not match, response: 16, target: 16.0
2026-08-09 09:41:34.410 | DEBUG    | eval.evaluation.evaluation:metric_call:77 - metric_func_name exact_match score 0.0 msg exact not match, response: 16, target: 16.0
2026-08-09 09:41:34.410 | DEBUG    | eval.evaluation.evaluation:metric_call:77 - metric_func_name exact_match score 0.0 msg exact not match, response: 64, target: 64.0
2026-08-09 09:41:34.410 | DEBUG    | eval.evaluation.evaluation:metric_call:77 - metric_func_name exact_match score 0.0 msg exact not match, response: 32, target: 32.0
2026-08-09 09:41:34.410 | DEBUG    | eval.evaluation.evaluation:metric_call:77 - metric_func_name exact_match score 0.0 msg exact not match, response: 64, target: 64.0
2026-08-09 09:41:34.410 | DEBUG    | eval.evaluation.evaluation:metric_call:77 - metric_func_name exact_match score 0.0 msg exact not match, response: 32, target: 32.0
2026-08-09 09:41:34.410 | DEBUG    | eval.evaluation.evaluation:metric_call:77 - metric_func_name exact_match score 0.0 msg exact not match, response: 64, target: 64.0
2026-08-09 09:41:34.411 | DEBUG    | eval.evaluation.evaluation:metric_call:77 - metric_func_name exact_match score 0.0 msg exact not match, response: 32, target: 32.0
2026-08-09 09:41:34.411 | DEBUG    | eval.evaluation.evaluation:metric_call:77 - metric_func_name exact_match score 0.0 msg exact not match, response: 32, target: 32.0
2026-08-09 09:41:34.411 | DEBUG    | eval.evaluation.evaluation:metric_call:77 - metric_func_name exact_match score 0.0 msg exact not match, response: 32, target: 32.0
2026-08-09 09:41:34.411 | DEBUG    | eval.evaluation.evaluation:metric_call:77 - metric_func_name exact_match score 0.0 msg exact not match, response: 32, target: 32.0
2026-08-09 09:41:34.411 | DEBUG    | eval.evaluation.evaluation:metric_call:77 - metric_func_name exact_match score 0.0 msg exact not match, response: 4, target: 4.0
2026-08-09 09:41:34.411 | DEBUG    | eval.evaluation.evaluation:metric_call:77 - metric_func_name exact_match score 0.0 msg exact not match, response: 4, target: 4.0
2026-08-09 09:41:34.411 | DEBUG    | eval.evaluation.evaluation:metric_call:77 - metric_func_name exact_match score 0.0 msg exact not match, response: 128, target: 128.0
2026-08-09 09:41:34.411 | DEBUG    | eval.evaluation.evaluation:metric_call:77 - metric_func_name exact_match score 0.0 msg exact not match, response: 128, target: 128.0
2026-08-09 09:41:34.411 | DEBUG    | eval.evaluation.evaluation:metric_call:77 - metric_func_name exact_match score 0.0 msg exact not match, response: 64, target: 64.0
2026-08-09 09:41:34.411 | DEBUG    | eval.evaluation.evaluation:metric_call:77 - metric_func_name exact_match score 0.0 msg exact not match, response: 256, target: 256.0
2026-08-09 09:41:34.411 | DEBUG    | eval.evaluation.evaluation:metric_call:77 - metric_func_name exact_match score 0.0 msg exact not match, response: 64, target: 64.0
2026-08-09 09:41:34.411 | DEBUG    | eval.evaluation.evaluation:metric_call:77 - metric_func_name exact_match score 0.0 msg exact not match, response: 32, target: 32.0
2026-08-09 09:41:34.411 | DEBUG    | eval.evaluation.evaluation:metric_call:77 - metric_func_name exact_match score 0.0 msg exact not match, response: 32, target: 32.0
2026-08-09 09:41:34.411 | DEBUG    | eval.evaluation.evaluation:metric_call:77 - metric_func_name exact_match score 0.0 msg exact not match, response: 64, target: 64.0
2026-08-09 09:41:34.411 | DEBUG    | eval.evaluation.evaluation:metric_call:77 - metric_func_name exact_match score 0.0 msg exact not match, response: 64, target: 64.0
2026-08-09 09:41:34.411 | DEBUG    | eval.evaluation.evaluation:metric_call:77 - metric_func_name exact_match score 0.0 msg exact not match, response: 32, target: 32.0
2026-08-09 09:41:34.411 | DEBUG    | eval.evaluation.evaluation:metric_call:77 - metric_func_name exact_match score 0.0 msg exact not match, response: 32, target: 32.0
2026-08-09 09:41:34.411 | DEBUG    | eval.evaluation.evaluation:metric_call:77 - metric_func_name exact_match score 0.0 msg exact not match, response: 16, target: 16.0
2026-08-09 09:41:34.411 | DEBUG    | eval.evaluation.evaluation:metric_call:77 - metric_func_name exact_match score 0.0 msg exact not match, response: 16, target: 16.0
2026-08-09 09:41:34.411 | DEBUG    | eval.evaluation.evaluation:metric_call:77 - metric_func_name exact_match score 0.0 msg exact not match, response: 32, target: 32.0
2026-08-09 09:41:34.411 | DEBUG    | eval.evaluation.evaluation:metric_call:77 - metric_func_name exact_match score 0.0 msg exact not match, response: 32, target: 32.0
2026-08-09 09:41:34.412 | DEBUG    | eval.evaluation.evaluation:metric_call:77 - metric_func_name exact_match score 0.0 msg exact not match, response: 16, target: 16.0
2026-08-09 09:41:34.412 | DEBUG    | eval.evaluation.evaluation:metric_call:77 - metric_func_name exact_match score 0.0 msg exact not match, response: 96, target: 96.0
2026-08-09 09:41:34.412 | DEBUG    | eval.evaluation.evaluation:metric_call:77 - metric_func_name exact_match score 0.0 msg exact not match, response: 64, target: 64.0
2026-08-09 09:41:34.412 | DEBUG    | eval.evaluation.evaluation:metric_call:77 - metric_func_name exact_match score 0.0 msg exact not match, response: 64, target: 64.0
2026-08-09 09:41:34.412 | DEBUG    | eval.evaluation.evaluation:metric_call:77 - metric_func_name exact_match score 0.0 msg exact not match, response: 32, target: 32.0
2026-08-09 09:41:34.412 | DEBUG    | eval.evaluation.evaluation:metric_call:77 - metric_func_name exact_match score 0.0 msg exact not match, response: 32, target: 32.0
2026-08-09 09:41:34.412 | DEBUG    | eval.evaluation.evaluation:metric_call:77 - metric_func_name exact_match score 0.0 msg exact not match, response: 64, target: 64.0
2026-08-09 09:41:34.412 | DEBUG    | eval.evaluation.evaluation:metric_call:77 - metric_func_name exact_match score 0.0 msg exact not match, response: 32, target: 32.0
2026-08-09 09:41:34.412 | DEBUG    | eval.evaluation.evaluation:metric_call:77 - metric_func_name exact_match score 0.0 msg exact not match, response: 32, target: 32.0
2026-08-09 09:41:34.412 | DEBUG    | eval.evaluation.evaluation:metric_call:77 - metric_func_name exact_match score 0.0 msg exact not match, response: 128, target: 128.0
2026-08-09 09:41:34.412 | DEBUG    | eval.evaluation.evaluation:metric_call:77 - metric_func_name exact_match score 0.0 msg exact not match, response: 128, target: 128.0
2026-08-09 09:41:34.412 | DEBUG    | eval.evaluation.evaluation:metric_call:77 - metric_func_name exact_match score 0.0 msg exact not match, response: 96, target: 96.0
2026-08-09 09:41:34.412 | DEBUG    | eval.evaluation.evaluation:metric_call:77 - metric_func_name exact_match score 0.0 msg exact not match, response: 256, target: 256.0
2026-08-09 09:41:34.412 | DEBUG    | eval.evaluation.evaluation:metric_call:77 - metric_func_name exact_match score 0.0 msg exact not match, response: 128, target: 128.0
2026-08-09 09:41:34.412 | DEBUG    | eval.evaluation.evaluation:metric_call:77 - metric_func_name exact_match score 0.0 msg exact not match, response: 128, target: 128.0
2026-08-09 09:41:34.413 | DEBUG    | eval.evaluation.evaluation:evaluate_single_query:321 - wide2deep_ws_en_091, col l3cache(mb), metric_func_name exact_match, score [0.0, 0.0, 0.0, 0.0, 0.0, 0.0, 0.0, 0.0, 0.0, 0.0, 0.0, 0.0, 0.0, 0.0, 0.0, 0.0, 0.0, 0.0, 0.0, 0.0, 0.0, 0.0, 0.0, 0.0, 0.0, 0.0, 0.0, 0.0, 0.0, 0.0, 0.0, 0.0, 0.0, 0.0, 0.0, 0.0, 0.0, 0.0, 0.0, 0.0, 0.0, 0.0, 0.0, 0.0, 0.0, 0.0, 0.0, 0.0, 0.0, 0.0, 0.0, 0.0, 0.0, 0.0, 0.0, 0.0, 0.0, 0.0, 0.0]
2026-08-09 09:41:41.027 | DEBUG    | eval.evaluation.evaluation:evaluate_single_query:321 - wide2deep_ws_en_091, col graphicsmodel, metric_func_name llm_judge, score [0, 0, 0, 0, 0, 0, 0, 0, 0, 0, 0, 0, 1, 1, 0, 0, 0, 0, 0, 0, 0, 0, 0, 0, 0, 0, 0, 1, 1, 0, 0, 0, 0, 0, 0, 0, 0, 0, 0, 0, 1, 1, 0, 0, 0, 0, 1, 1, 1, 1, 1, 1, 1, 1, 1, 1, 0, 0, 0]
2026-08-09 09:41:41.027 | DEBUG    | eval.evaluation.evaluation:metric_call:77 - metric_func_name exact_match score 0.0 msg exact not match, response: 0, target: nan
2026-08-09 09:41:41.028 | DEBUG    | eval.evaluation.evaluation:metric_call:77 - metric_func_name exact_match score 0.0 msg exact not match, response: 0, target: nan
2026-08-09 09:41:41.028 | DEBUG    | eval.evaluation.evaluation:metric_call:77 - metric_func_name exact_match score 0.0 msg exact not match, response: 0, target: nan
2026-08-09 09:41:41.028 | DEBUG    | eval.evaluation.evaluation:metric_call:77 - metric_func_name exact_match score 0.0 msg exact not match, response: 0, target: nan
2026-08-09 09:41:41.028 | DEBUG    | eval.evaluation.evaluation:metric_call:77 - metric_func_name exact_match score 0.0 msg exact not match, response: 0, target: nan
2026-08-09 09:41:41.028 | DEBUG    | eval.evaluation.evaluation:metric_call:77 - metric_func_name exact_match score 0.0 msg exact not match, response: 0, target: nan
2026-08-09 09:41:41.028 | DEBUG    | eval.evaluation.evaluation:metric_call:77 - metric_func_name exact_match score 0.0 msg exact not match, response: 0, target: nan
2026-08-09 09:41:41.028 | DEBUG    | eval.evaluation.evaluation:metric_call:77 - metric_func_name exact_match score 0.0 msg exact not match, response: 0, target: nan
2026-08-09 09:41:41.028 | DEBUG    | eval.evaluation.evaluation:metric_call:77 - metric_func_name exact_match score 0.0 msg exact not match, response: 0, target: nan
2026-08-09 09:41:41.028 | DEBUG    | eval.evaluation.evaluation:metric_call:77 - metric_func_name exact_match score 0.0 msg exact not match, response: 0, target: nan
2026-08-09 09:41:41.029 | DEBUG    | eval.evaluation.evaluation:metric_call:77 - metric_func_name exact_match score 0.0 msg exact not match, response: 0, target: nan
2026-08-09 09:41:41.029 | DEBUG    | eval.evaluation.evaluation:metric_call:77 - metric_func_name exact_match score 0.0 msg exact not match, response: 0, target: nan
2026-08-09 09:41:41.029 | DEBUG    | eval.evaluation.evaluation:metric_call:77 - metric_func_name exact_match score 0.0 msg exact not match, response: 11, target: 11.0
2026-08-09 09:41:41.029 | DEBUG    | eval.evaluation.evaluation:metric_call:77 - metric_func_name exact_match score 0.0 msg exact not match, response: 8, target: 8.0
2026-08-09 09:41:41.029 | DEBUG    | eval.evaluation.evaluation:metric_call:77 - metric_func_name exact_match score 0.0 msg exact not match, response: 0, target: nan
2026-08-09 09:41:41.029 | DEBUG    | eval.evaluation.evaluation:metric_call:77 - metric_func_name exact_match score 0.0 msg exact not match, response: 0, target: nan
2026-08-09 09:41:41.029 | DEBUG    | eval.evaluation.evaluation:metric_call:77 - metric_func_name exact_match score 0.0 msg exact not match, response: 0, target: nan
2026-08-09 09:41:41.029 | DEBUG    | eval.evaluation.evaluation:metric_call:77 - metric_func_name exact_match score 0.0 msg exact not match, response: 0, target: nan
2026-08-09 09:41:41.029 | DEBUG    | eval.evaluation.evaluation:metric_call:77 - metric_func_name exact_match score 0.0 msg exact not match, response: 0, target: nan
2026-08-09 09:41:41.029 | DEBUG    | eval.evaluation.evaluation:metric_call:77 - metric_func_name exact_match score 0.0 msg exact not match, response: 0, target: nan
2026-08-09 09:41:41.029 | DEBUG    | eval.evaluation.evaluation:metric_call:77 - metric_func_name exact_match score 0.0 msg exact not match, response: 0, target: nan
2026-08-09 09:41:41.029 | DEBUG    | eval.evaluation.evaluation:metric_call:77 - metric_func_name exact_match score 0.0 msg exact not match, response: 0, target: nan
2026-08-09 09:41:41.029 | DEBUG    | eval.evaluation.evaluation:metric_call:77 - metric_func_name exact_match score 0.0 msg exact not match, response: 0, target: nan
2026-08-09 09:41:41.029 | DEBUG    | eval.evaluation.evaluation:metric_call:77 - metric_func_name exact_match score 0.0 msg exact not match, response: 0, target: nan
2026-08-09 09:41:41.029 | DEBUG    | eval.evaluation.evaluation:metric_call:77 - metric_func_name exact_match score 0.0 msg exact not match, response: 0, target: nan
2026-08-09 09:41:41.029 | DEBUG    | eval.evaluation.evaluation:metric_call:77 - metric_func_name exact_match score 0.0 msg exact not match, response: 0, target: nan
2026-08-09 09:41:41.029 | DEBUG    | eval.evaluation.evaluation:metric_call:77 - metric_func_name exact_match score 0.0 msg exact not match, response: 0, target: nan
2026-08-09 09:41:41.029 | DEBUG    | eval.evaluation.evaluation:metric_call:77 - metric_func_name exact_match score 0.0 msg exact not match, response: 11, target: 11.0
2026-08-09 09:41:41.029 | DEBUG    | eval.evaluation.evaluation:metric_call:77 - metric_func_name exact_match score 0.0 msg exact not match, response: 8, target: 8.0
2026-08-09 09:41:41.029 | DEBUG    | eval.evaluation.evaluation:metric_call:77 - metric_func_name exact_match score 0.0 msg exact not match, response: 0, target: nan
2026-08-09 09:41:41.029 | DEBUG    | eval.evaluation.evaluation:metric_call:77 - metric_func_name exact_match score 0.0 msg exact not match, response: 0, target: nan
2026-08-09 09:41:41.030 | DEBUG    | eval.evaluation.evaluation:metric_call:77 - metric_func_name exact_match score 0.0 msg exact not match, response: 0, target: nan
2026-08-09 09:41:41.030 | DEBUG    | eval.evaluation.evaluation:metric_call:77 - metric_func_name exact_match score 0.0 msg exact not match, response: 0, target: nan
2026-08-09 09:41:41.030 | DEBUG    | eval.evaluation.evaluation:metric_call:77 - metric_func_name exact_match score 0.0 msg exact not match, response: 0, target: nan
2026-08-09 09:41:41.030 | DEBUG    | eval.evaluation.evaluation:metric_call:77 - metric_func_name exact_match score 0.0 msg exact not match, response: 0, target: nan
2026-08-09 09:41:41.030 | DEBUG    | eval.evaluation.evaluation:metric_call:77 - metric_func_name exact_match score 0.0 msg exact not match, response: 0, target: nan
2026-08-09 09:41:41.030 | DEBUG    | eval.evaluation.evaluation:metric_call:77 - metric_func_name exact_match score 0.0 msg exact not match, response: 0, target: nan
2026-08-09 09:41:41.030 | DEBUG    | eval.evaluation.evaluation:metric_call:77 - metric_func_name exact_match score 0.0 msg exact not match, response: 0, target: nan
2026-08-09 09:41:41.030 | DEBUG    | eval.evaluation.evaluation:metric_call:77 - metric_func_name exact_match score 0.0 msg exact not match, response: 0, target: nan
2026-08-09 09:41:41.030 | DEBUG    | eval.evaluation.evaluation:metric_call:77 - metric_func_name exact_match score 0.0 msg exact not match, response: 0, target: nan
2026-08-09 09:41:41.030 | DEBUG    | eval.evaluation.evaluation:metric_call:77 - metric_func_name exact_match score 0.0 msg exact not match, response: 8, target: 8.0
2026-08-09 09:41:41.030 | DEBUG    | eval.evaluation.evaluation:metric_call:77 - metric_func_name exact_match score 0.0 msg exact not match, response: 7, target: 7.0
2026-08-09 09:41:41.030 | DEBUG    | eval.evaluation.evaluation:metric_call:77 - metric_func_name exact_match score 0.0 msg exact not match, response: 0, target: nan
2026-08-09 09:41:41.030 | DEBUG    | eval.evaluation.evaluation:metric_call:77 - metric_func_name exact_match score 0.0 msg exact not match, response: 0, target: nan
2026-08-09 09:41:41.030 | DEBUG    | eval.evaluation.evaluation:metric_call:77 - metric_func_name exact_match score 0.0 msg exact not match, response: 0, target: nan
2026-08-09 09:41:41.030 | DEBUG    | eval.evaluation.evaluation:metric_call:77 - metric_func_name exact_match score 0.0 msg exact not match, response: 0, target: nan
2026-08-09 09:41:41.030 | DEBUG    | eval.evaluation.evaluation:metric_call:77 - metric_func_name exact_match score 0.0 msg exact not match, response: 2, target: 2.0
2026-08-09 09:41:41.030 | DEBUG    | eval.evaluation.evaluation:metric_call:77 - metric_func_name exact_match score 0.0 msg exact not match, response: 2, target: 2.0
2026-08-09 09:41:41.030 | DEBUG    | eval.evaluation.evaluation:metric_call:77 - metric_func_name exact_match score 0.0 msg exact not match, response: 2, target: 2.0
2026-08-09 09:41:41.030 | DEBUG    | eval.evaluation.evaluation:metric_call:77 - metric_func_name exact_match score 0.0 msg exact not match, response: 2, target: 2.0
2026-08-09 09:41:41.030 | DEBUG    | eval.evaluation.evaluation:metric_call:77 - metric_func_name exact_match score 0.0 msg exact not match, response: 2, target: 2.0
2026-08-09 09:41:41.030 | DEBUG    | eval.evaluation.evaluation:metric_call:77 - metric_func_name exact_match score 0.0 msg exact not match, response: 2, target: 2.0
2026-08-09 09:41:41.030 | DEBUG    | eval.evaluation.evaluation:metric_call:77 - metric_func_name exact_match score 0.0 msg exact not match, response: 2, target: 2.0
2026-08-09 09:41:41.031 | DEBUG    | eval.evaluation.evaluation:metric_call:77 - metric_func_name exact_match score 0.0 msg exact not match, response: 2, target: 2.0
2026-08-09 09:41:41.031 | DEBUG    | eval.evaluation.evaluation:metric_call:77 - metric_func_name exact_match score 0.0 msg exact not match, response: 2, target: 2.0
2026-08-09 09:41:41.031 | DEBUG    | eval.evaluation.evaluation:metric_call:77 - metric_func_name exact_match score 0.0 msg exact not match, response: 2, target: 2.0
2026-08-09 09:41:41.031 | DEBUG    | eval.evaluation.evaluation:metric_call:77 - metric_func_name exact_match score 0.0 msg exact not match, response: 0, target: nan
2026-08-09 09:41:41.031 | DEBUG    | eval.evaluation.evaluation:metric_call:77 - metric_func_name exact_match score 0.0 msg exact not match, response: 0, target: nan
2026-08-09 09:41:41.031 | DEBUG    | eval.evaluation.evaluation:metric_call:77 - metric_func_name exact_match score 0.0 msg exact not match, response: 0, target: nan
2026-08-09 09:41:41.032 | DEBUG    | eval.evaluation.evaluation:evaluate_single_query:321 - wide2deep_ws_en_091, col numberofgraphicscores, metric_func_name exact_match, score [0.0, 0.0, 0.0, 0.0, 0.0, 0.0, 0.0, 0.0, 0.0, 0.0, 0.0, 0.0, 0.0, 0.0, 0.0, 0.0, 0.0, 0.0, 0.0, 0.0, 0.0, 0.0, 0.0, 0.0, 0.0, 0.0, 0.0, 0.0, 0.0, 0.0, 0.0, 0.0, 0.0, 0.0, 0.0, 0.0, 0.0, 0.0, 0.0, 0.0, 0.0, 0.0, 0.0, 0.0, 0.0, 0.0, 0.0, 0.0, 0.0, 0.0, 0.0, 0.0, 0.0, 0.0, 0.0, 0.0, 0.0, 0.0, 0.0]
2026-08-09 09:41:41.056 | INFO     | eval.evaluation.evaluation:evaluate_single_query:380 - wide2deep_ws_en_091, P/R/F1 by unique_columns: 0.7973/0.1782/0.2914
2026-08-09 09:41:41.056 | INFO     | eval.evaluation.evaluation:evaluate_single_query:383 - wide2deep_ws_en_091, P/R/F1 by row: 0.0000/0.0000/0.0000
2026-08-09 09:41:41.056 | INFO     | eval.evaluation.evaluation:evaluate_single_query:386 - wide2deep_ws_en_091, P/R/F1 by item: 0.4662/0.1042/0.1704
2026-08-09 09:41:41.068 | INFO     | eval.evaluation.evaluation:evaluate_single_query:398 - wide2deep_ws_en_091, final table score: 0.0
{"event": "eval_done", "idx": 1, "instance_id": "wide2deep_ws_en_091", "score": 0.0, "entity_acc": 1.0, "f1_by_row": 0.0, "f1_by_item": 0.1703703703703704, "column_f1": 0.291358024691358, "error": null, "elapsed_seconds": 44.081, "running_n": 1}
2026-08-09 09:41:42.046 | DEBUG    | eval.evaluation.data_loader:extract_dataframe:167 - find markdown_str 
| Event | Primary State Affected | Death Toll | Acres Burned |  ...
2026-08-09 09:41:44.280 | INFO     | eval.evaluation.metric_utils:primary_key_preprocess:246 - primary_key_preprocess result: ```json
{
  "2003-10": "2003-10",
  "2013-06": "2013-06",
  "2017-10": "2017-10",
  "2018-11": "2018-11",
  "2020-08": "2020-08",
  "2023-08": "2023-08"
}
```
2026-08-09 09:41:44.280 | INFO     | eval.evaluation.evaluation:evaluate_single_query:223 - col: startmonth, primary_key_map {'2003-10': '2003-10', '2013-06': '2013-06', '2017-10': '2017-10', '2018-11': '2018-11', '2020-08': '2020-08', '2023-08': '2023-08'}
2026-08-09 09:41:44.287 | INFO     | eval.evaluation.evaluation:evaluate_single_query:275 - wide2deep_ws_en_099, df_inner shape: (6, 14), answer_df shape: (11, 7), response_df shape: (7, 8)
2026-08-09 09:41:47.735 | DEBUG    | eval.evaluation.evaluation:evaluate_single_query:321 - wide2deep_ws_en_099, col event, metric_func_name llm_judge, score [1, 1, 0, 1, 1, 1]
2026-08-09 09:41:50.155 | DEBUG    | eval.evaluation.evaluation:evaluate_single_query:321 - wide2deep_ws_en_099, col primarystateaffected, metric_func_name llm_judge, score [1, 1, 1, 1, 1, 1]
2026-08-09 09:41:50.155 | DEBUG    | eval.evaluation.evaluation:metric_call:77 - metric_func_name number_near score 1.0 msg number near in range 10.0%, response: 15.0, target: 15.0
2026-08-09 09:41:50.156 | DEBUG    | eval.evaluation.evaluation:metric_call:77 - metric_func_name number_near score 1.0 msg number near in range 10.0%, response: 19.0, target: 19.0
2026-08-09 09:41:50.156 | DEBUG    | eval.evaluation.evaluation:metric_call:77 - metric_func_name number_near score 0.0 msg number not near, response: 22.0, target: 44.0
2026-08-09 09:41:50.156 | DEBUG    | eval.evaluation.evaluation:metric_call:77 - metric_func_name number_near score 1.0 msg number near in range 10.0%, response: 85.0, target: 85.0
2026-08-09 09:41:50.156 | DEBUG    | eval.evaluation.evaluation:metric_call:77 - metric_func_name number_near score 1.0 msg number near in range 10.0%, response: 102.0, target: 102.0
2026-08-09 09:41:50.156 | DEBUG    | eval.evaluation.evaluation:metric_call:77 - metric_func_name number_near score 1.0 msg number near in range 10.0%, response: 16.0, target: 16.0
2026-08-09 09:41:50.156 | DEBUG    | eval.evaluation.evaluation:evaluate_single_query:321 - wide2deep_ws_en_099, col deathtoll, metric_func_name number_near, score [1.0, 1.0, 0.0, 1.0, 1.0, 1.0]
2026-08-09 09:41:50.157 | DEBUG    | eval.evaluation.evaluation:metric_call:77 - metric_func_name number_near score 1.0 msg number near in range 10.0%, response: 273246.0, target: 273246.0
2026-08-09 09:41:50.157 | DEBUG    | eval.evaluation.evaluation:metric_call:77 - metric_func_name number_near score 1.0 msg number near in range 10.0%, response: 8400.0, target: 8400.0
2026-08-09 09:41:50.157 | DEBUG    | eval.evaluation.evaluation:metric_call:77 - metric_func_name number_near score 0.0 msg number not near, response: 36807.0, target: 245000.0
2026-08-09 09:41:50.157 | DEBUG    | eval.evaluation.evaluation:metric_call:77 - metric_func_name number_near score 1.0 msg number near in range 10.0%, response: 153336.0, target: 153336.0
2026-08-09 09:41:50.157 | DEBUG    | eval.evaluation.evaluation:metric_call:77 - metric_func_name number_near score 0.0 msg number not near, response: 2170.0, target: 17000.0
2026-08-09 09:41:50.157 | DEBUG    | eval.evaluation.evaluation:metric_call:77 - metric_func_name number_near score 1.0 msg number near in range 10.0%, response: 318935.0, target: 318935.0
2026-08-09 09:41:50.158 | DEBUG    | eval.evaluation.evaluation:evaluate_single_query:321 - wide2deep_ws_en_099, col acresburned, metric_func_name number_near, score [1.0, 1.0, 0.0, 1.0, 0.0, 1.0]
2026-08-09 09:41:50.158 | DEBUG    | eval.evaluation.evaluation:metric_call:77 - metric_func_name number_near score 1.0 msg number near in range 10.0%, response: 2820.0, target: 2826.0
2026-08-09 09:41:50.158 | DEBUG    | eval.evaluation.evaluation:metric_call:77 - metric_func_name number_near score 1.0 msg number near in range 10.0%, response: 129.0, target: 129.0
2026-08-09 09:41:50.158 | DEBUG    | eval.evaluation.evaluation:metric_call:77 - metric_func_name number_near score 0.0 msg number not near, response: 5643.0, target: 8900.0
2026-08-09 09:41:50.158 | DEBUG    | eval.evaluation.evaluation:metric_call:77 - metric_func_name number_near score 0.0 msg number not near, response: 18804.0, target: 188804.0
2026-08-09 09:41:50.158 | DEBUG    | eval.evaluation.evaluation:metric_call:77 - metric_func_name number_near score 1.0 msg number near in range 10.0%, response: 2207.0, target: 2207.0
2026-08-09 09:41:50.158 | DEBUG    | eval.evaluation.evaluation:metric_call:77 - metric_func_name number_near score 1.0 msg number near in range 10.0%, response: 2352.0, target: 2352.0
2026-08-09 09:41:50.159 | DEBUG    | eval.evaluation.evaluation:evaluate_single_query:321 - wide2deep_ws_en_099, col structuredestroyed, metric_func_name number_near, score [1.0, 1.0, 0.0, 0.0, 1.0, 1.0]
2026-08-09 09:41:50.159 | DEBUG    | eval.evaluation.evaluation:metric_call:77 - metric_func_name number_near score 1.0 msg number near in range 10.0%, response: 1.3, target: 1.3
2026-08-09 09:41:50.159 | DEBUG    | eval.evaluation.evaluation:metric_call:77 - metric_func_name number_near score 0.0 msg number not near, response: 0.004, target: 0.9
2026-08-09 09:41:50.159 | DEBUG    | eval.evaluation.evaluation:metric_call:77 - metric_func_name number_near score 0.0 msg number not near, response: 8.7, target: 14.5
2026-08-09 09:41:50.159 | DEBUG    | eval.evaluation.evaluation:metric_call:77 - metric_func_name number_near score 1.0 msg number near in range 10.0%, response: 16.5, target: 16.6
2026-08-09 09:41:50.159 | DEBUG    | eval.evaluation.evaluation:metric_call:77 - metric_func_name number_near score 1.0 msg number near in range 10.0%, response: 5.5, target: 5.5
2026-08-09 09:41:50.159 | DEBUG    | eval.evaluation.evaluation:metric_call:77 - metric_func_name number_near score 1.0 msg number near in range 10.0%, response: 1.3, target: 1.2
2026-08-09 09:41:50.160 | DEBUG    | eval.evaluation.evaluation:evaluate_single_query:321 - wide2deep_ws_en_099, col damage(billion), metric_func_name number_near, score [1.0, 0.0, 0.0, 1.0, 1.0, 1.0]
2026-08-09 09:41:50.165 | INFO     | eval.evaluation.evaluation:evaluate_single_query:380 - wide2deep_ws_en_099, P/R/F1 by unique_columns: 0.8571/0.5455/0.6667
2026-08-09 09:41:50.165 | INFO     | eval.evaluation.evaluation:evaluate_single_query:383 - wide2deep_ws_en_099, P/R/F1 by row: 0.2857/0.1818/0.2222
2026-08-09 09:41:50.165 | INFO     | eval.evaluation.evaluation:evaluate_single_query:386 - wide2deep_ws_en_099, P/R/F1 by item: 0.6939/0.4416/0.5397
2026-08-09 09:41:50.167 | INFO     | eval.evaluation.evaluation:evaluate_single_query:398 - wide2deep_ws_en_099, final table score: 0.0
{"event": "eval_done", "idx": 2, "instance_id": "wide2deep_ws_en_099", "score": 0.0, "entity_acc": 1.0, "f1_by_row": 0.2222222222222222, "f1_by_item": 0.5396825396825397, "column_f1": 0.6666666666666665, "error": null, "elapsed_seconds": 9.085, "running_n": 2}
2026-08-09 09:41:52.249 | DEBUG    | eval.evaluation.data_loader:extract_dataframe:167 - find markdown_str 
| 年份 | 院校 | 专业组 | 投档线总分 | 本段人数 | 累计人数 |
| --- | --- | --- | --- ...
2026-08-09 09:41:53.877 | INFO     | eval.evaluation.metric_utils:primary_key_preprocess:246 - primary_key_preprocess result: ```json
{
  "2024": "2024",
  "2023": "2023",
  "2022": "2022",
  "2021": "2021",
  "2020": "2020"
}
```
2026-08-09 09:41:53.878 | INFO     | eval.evaluation.evaluation:evaluate_single_query:223 - col: 年份, primary_key_map {'2024': '2024', '2023': '2023', '2022': '2022', '2021': '2021', '2020': '2020'}
2026-08-09 09:41:57.241 | INFO     | eval.evaluation.metric_utils:primary_key_preprocess:246 - primary_key_preprocess result: ```json
{}
```
2026-08-09 09:41:57.241 | INFO     | eval.evaluation.evaluation:evaluate_single_query:223 - col: 院校, primary_key_map {}
2026-08-09 09:41:59.489 | INFO     | eval.evaluation.metric_utils:primary_key_preprocess:246 - primary_key_preprocess result: ```json
{}
```
2026-08-09 09:41:59.489 | INFO     | eval.evaluation.evaluation:evaluate_single_query:223 - col: 专业组, primary_key_map {}
2026-08-09 09:42:01.712 | INFO     | eval.evaluation.metric_utils:primary_key_preprocess:246 - primary_key_preprocess result: ```json
{}
```
2026-08-09 09:42:01.712 | INFO     | eval.evaluation.evaluation:evaluate_single_query:223 - col: 投档线总分, primary_key_map {}
2026-08-09 09:42:01.728 | INFO     | eval.evaluation.evaluation:evaluate_single_query:275 - wide2deep_ws_zh_008, df_inner shape: (0, 12), answer_df shape: (1452, 6), response_df shape: (5, 10)
2026-08-09 09:42:01.733 | ERROR    | eval.evaluation.evaluation:evaluate_single_query:401 - evaluator error: 
Traceback (most recent call last):
  File "/home/azureuser/workspace-gzy/zyf/deep/external/Marco-Search-Agent/Marco-DeepResearch-Family/DeepWideSearch/eval/evaluation/evaluation.py", line 315, in evaluate_single_query
    df_inner_score[f"{col}_{metric_func_name}"] = (
    ~~~~~~~~~~~~~~^^^^^^^^^^^^^^^^^^^^^^^^^^^^^
  File "/home/azureuser/workspace-gzy/zyf/deep/.venv-eval/lib/python3.12/site-packages/pandas/core/frame.py", line 4312, in __setitem__
    self._set_item_frame_value(key, value)
  File "/home/azureuser/workspace-gzy/zyf/deep/.venv-eval/lib/python3.12/site-packages/pandas/core/frame.py", line 4470, in _set_item_frame_value
    raise ValueError(
ValueError: Cannot set a DataFrame with multiple columns to the single column 本段人数_number_near

{"event": "eval_done", "idx": 3, "instance_id": "wide2deep_ws_zh_008", "score": null, "entity_acc": null, "f1_by_row": null, "f1_by_item": null, "column_f1": null, "error": "RuntimeError: official evaluator reported an internal error", "elapsed_seconds": 11.549, "running_n": 3}
2026-08-09 09:42:04.660 | DEBUG    | eval.evaluation.data_loader:extract_dataframe:167 - find markdown_str 
| 届数 | 奖项名称 | 获奖歌曲/专辑 | 演唱者 |
| --- | --- | --- | --- |
| 第67届  ...
2026-08-09 09:42:06.111 | INFO     | eval.evaluation.metric_utils:primary_key_preprocess:246 - primary_key_preprocess result: ```json
{
  "第67届": "67"
}
```
2026-08-09 09:42:06.111 | INFO     | eval.evaluation.evaluation:evaluate_single_query:223 - col: 届数, primary_key_map {'第67届': '67'}
2026-08-09 09:42:07.528 | INFO     | eval.evaluation.metric_utils:primary_key_preprocess:246 - primary_key_preprocess result: ```json
{
  "Best Rap Performance": "Best Rap Performance",
  "Best Melodic Rap Performance": "Best Melodic Rap Performance",
  "Best Rap Song": "Best Rap Song",
  "Best Rap Album": "Best Rap Album"
}
```
2026-08-09 09:42:07.528 | INFO     | eval.evaluation.evaluation:evaluate_single_query:223 - col: 奖项名称, primary_key_map {'Best Rap Performance': 'Best Rap Performance', 'Best Melodic Rap Performance': 'Best Melodic Rap Performance', 'Best Rap Song': 'Best Rap Song', 'Best Rap Album': 'Best Rap Album'}
2026-08-09 09:42:07.534 | INFO     | eval.evaluation.evaluation:evaluate_single_query:275 - wide2deep_ws_zh_013, df_inner shape: (4, 8), answer_df shape: (124, 4), response_df shape: (4, 6)
2026-08-09 09:42:10.685 | DEBUG    | eval.evaluation.evaluation:evaluate_single_query:321 - wide2deep_ws_zh_013, col 获奖歌曲/专辑, metric_func_name llm_judge, score [1, 1, 1, 1]
2026-08-09 09:42:13.620 | DEBUG    | eval.evaluation.evaluation:evaluate_single_query:321 - wide2deep_ws_zh_013, col 演唱者, metric_func_name llm_judge, score [1, 1, 1, 1]
2026-08-09 09:42:13.624 | INFO     | eval.evaluation.evaluation:evaluate_single_query:380 - wide2deep_ws_zh_013, P/R/F1 by unique_columns: 1.0000/0.0323/0.0625
2026-08-09 09:42:13.625 | INFO     | eval.evaluation.evaluation:evaluate_single_query:383 - wide2deep_ws_zh_013, P/R/F1 by row: 1.0000/0.0323/0.0625
2026-08-09 09:42:13.625 | INFO     | eval.evaluation.evaluation:evaluate_single_query:386 - wide2deep_ws_zh_013, P/R/F1 by item: 1.0000/0.0323/0.0625
2026-08-09 09:42:13.626 | INFO     | eval.evaluation.evaluation:evaluate_single_query:398 - wide2deep_ws_zh_013, final table score: 0.0
{"event": "eval_done", "idx": 4, "instance_id": "wide2deep_ws_zh_013", "score": 0.0, "entity_acc": 1.0, "f1_by_row": 0.0625, "f1_by_item": 0.0625, "column_f1": 0.0625, "error": null, "elapsed_seconds": 11.877, "running_n": 4}
{"event": "eval_done", "idx": 5, "instance_id": "wide2deep_ws_zh_014", "score": 0.0, "entity_acc": 0.0, "f1_by_row": 0.0, "f1_by_item": 0.0, "column_f1": 0.0, "error": null, "elapsed_seconds": 1.466, "running_n": 5}
2026-08-09 09:42:16.424 | DEBUG    | eval.evaluation.data_loader:extract_dataframe:167 - find markdown_str 
| 年份 | 博彩企业 | 博彩净收益（百万） | 其他非博彩收益（百万） | 豪华五星级酒店 | 房间数（个） | 入住率  ...
2026-08-09 09:42:20.722 | INFO     | eval.evaluation.metric_utils:primary_key_preprocess:246 - primary_key_preprocess result: ```json
{
  "美高梅金殿超濠股份有限公司（美高梅中国）": "美高梅金殿超濠股份有限公司",
  "银河娱乐场股份有限公司（银河娱乐集团）": "银河娱乐场股份有限公司",
  "威尼斯人澳门股份有限公司（金沙中国）": "威尼斯人澳门股份有限公司",
  "新濠博亚（澳门）股份有限公司（新濠国际发展）": "新濠博亚(澳门)股份有限公司",
  "永利渡假村（澳门）股份有限公司（永利澳门）": "永利度假村(澳门)股份有限公司",
  "澳娱综合度假股份有限公司（澳博控股）": "澳娱综合度假股份有限公司"
}
```
2026-08-09 09:42:20.722 | INFO     | eval.evaluation.evaluation:evaluate_single_query:223 - col: 博彩企业, primary_key_map {'美高梅金殿超濠股份有限公司（美高梅中国）': '美高梅金殿超濠股份有限公司', '银河娱乐场股份有限公司（银河娱乐集团）': '银河娱乐场股份有限公司', '威尼斯人澳门股份有限公司（金沙中国）': '威尼斯人澳门股份有限公司', '新濠博亚（澳门）股份有限公司（新濠国际发展）': '新濠博亚(澳门)股份有限公司', '永利渡假村（澳门）股份有限公司（永利澳门）': '永利度假村(澳门)股份有限公司', '澳娱综合度假股份有限公司（澳博控股）': '澳娱综合度假股份有限公司'}
2026-08-09 09:42:31.763 | INFO     | eval.evaluation.metric_utils:primary_key_preprocess:246 - primary_key_preprocess result: ```json
{}
```
2026-08-09 09:42:31.764 | INFO     | eval.evaluation.evaluation:evaluate_single_query:223 - col: 豪华五星级酒店, primary_key_map {}
2026-08-09 09:42:31.772 | INFO     | eval.evaluation.evaluation:evaluate_single_query:275 - wide2deep_ws_zh_024, df_inner shape: (0, 18), answer_df shape: (10, 9), response_df shape: (6, 11)
2026-08-09 09:42:33.019 | DEBUG    | eval.evaluation.evaluation:evaluate_single_query:321 - wide2deep_ws_zh_024, col 年份, metric_func_name llm_judge, score []
2026-08-09 09:42:33.020 | ERROR    | eval.evaluation.evaluation:evaluate_single_query:401 - evaluator error: 
Traceback (most recent call last):
  File "/home/azureuser/workspace-gzy/zyf/deep/external/Marco-Search-Agent/Marco-DeepResearch-Family/DeepWideSearch/eval/evaluation/evaluation.py", line 315, in evaluate_single_query
    df_inner_score[f"{col}_{metric_func_name}"] = (
    ~~~~~~~~~~~~~~^^^^^^^^^^^^^^^^^^^^^^^^^^^^^
  File "/home/azureuser/workspace-gzy/zyf/deep/.venv-eval/lib/python3.12/site-packages/pandas/core/frame.py", line 4312, in __setitem__
    self._set_item_frame_value(key, value)
  File "/home/azureuser/workspace-gzy/zyf/deep/.venv-eval/lib/python3.12/site-packages/pandas/core/frame.py", line 4470, in _set_item_frame_value
    raise ValueError(
ValueError: Cannot set a DataFrame with multiple columns to the single column 博彩净收益（百万）_number_near

{"event": "eval_done", "idx": 6, "instance_id": "wide2deep_ws_zh_024", "score": null, "entity_acc": null, "f1_by_row": null, "f1_by_item": null, "column_f1": null, "error": "RuntimeError: official evaluator reported an internal error", "elapsed_seconds": 17.897, "running_n": 6}
2026-08-09 09:42:34.895 | DEBUG    | eval.evaluation.data_loader:extract_dataframe:167 - find markdown_str 
| 赛季 | 所属联赛 | 冠军俱乐部名称 | MVP球员 | 所属俱乐部 | 评分 |
| --- | --- | ---  ...
2026-08-09 09:42:36.134 | INFO     | eval.evaluation.metric_utils:primary_key_preprocess:246 - primary_key_preprocess result: ```json
{
  "2020-21": "2020-21",
  "2021-22": "2021-22",
  "2022-23": "2022-23",
  "2023-24": "2023-24",
  "2024-25": "2024-25"
}
```
2026-08-09 09:42:36.135 | INFO     | eval.evaluation.evaluation:evaluate_single_query:223 - col: 赛季, primary_key_map {'2020-21': '2020-21', '2021-22': '2021-22', '2022-23': '2022-23', '2023-24': '2023-24', '2024-25': '2024-25'}
2026-08-09 09:42:37.637 | INFO     | eval.evaluation.metric_utils:primary_key_preprocess:246 - primary_key_preprocess result: ```json
{
  "英格兰足球超级联赛": "英格兰足球超级联赛"
}
```
2026-08-09 09:42:37.637 | INFO     | eval.evaluation.evaluation:evaluate_single_query:223 - col: 所属联赛, primary_key_map {'英格兰足球超级联赛': '英格兰足球超级联赛'}
2026-08-09 09:42:37.643 | INFO     | eval.evaluation.evaluation:evaluate_single_query:275 - wide2deep_ws_zh_036, df_inner shape: (5, 12), answer_df shape: (25, 6), response_df shape: (5, 8)
2026-08-09 09:42:39.189 | DEBUG    | eval.evaluation.evaluation:evaluate_single_query:321 - wide2deep_ws_zh_036, col 冠军俱乐部名称, metric_func_name llm_judge, score [1, 1, 1, 1, 1]
2026-08-09 09:42:42.083 | DEBUG    | eval.evaluation.evaluation:evaluate_single_query:321 - wide2deep_ws_zh_036, col mvp球员, metric_func_name llm_judge, score [1, 0, 0, 1, 1]
2026-08-09 09:42:44.344 | DEBUG    | eval.evaluation.evaluation:evaluate_single_query:321 - wide2deep_ws_zh_036, col 所属俱乐部, metric_func_name llm_judge, score [1, 0, 0, 1, 1]
2026-08-09 09:42:44.345 | DEBUG    | eval.evaluation.evaluation:metric_call:77 - metric_func_name number_near score 1.0 msg number near in range 10.0%, response: 7.79, target: 7.63
2026-08-09 09:42:44.345 | DEBUG    | eval.evaluation.evaluation:metric_call:77 - metric_func_name number_near score 1.0 msg number near in range 10.0%, response: 7.71, target: 7.78
2026-08-09 09:42:44.345 | DEBUG    | eval.evaluation.evaluation:metric_call:77 - metric_func_name number_near score 1.0 msg number near in range 10.0%, response: 7.74, target: 7.78
2026-08-09 09:42:44.345 | DEBUG    | eval.evaluation.evaluation:metric_call:77 - metric_func_name number_near score 1.0 msg number near in range 10.0%, response: 7.91, target: 8.01
2026-08-09 09:42:44.345 | DEBUG    | eval.evaluation.evaluation:metric_call:77 - metric_func_name number_near score 1.0 msg number near in range 10.0%, response: 7.78, target: 7.78
2026-08-09 09:42:44.347 | DEBUG    | eval.evaluation.evaluation:evaluate_single_query:321 - wide2deep_ws_zh_036, col 评分, metric_func_name number_near, score [1.0, 1.0, 1.0, 1.0, 1.0]
2026-08-09 09:42:44.351 | INFO     | eval.evaluation.evaluation:evaluate_single_query:380 - wide2deep_ws_zh_036, P/R/F1 by unique_columns: 1.0000/0.2000/0.3333
2026-08-09 09:42:44.351 | INFO     | eval.evaluation.evaluation:evaluate_single_query:383 - wide2deep_ws_zh_036, P/R/F1 by row: 0.6000/0.1200/0.2000
2026-08-09 09:42:44.351 | INFO     | eval.evaluation.evaluation:evaluate_single_query:386 - wide2deep_ws_zh_036, P/R/F1 by item: 0.8667/0.1733/0.2889
2026-08-09 09:42:44.352 | INFO     | eval.evaluation.evaluation:evaluate_single_query:398 - wide2deep_ws_zh_036, final table score: 0.0
{"event": "eval_done", "idx": 7, "instance_id": "wide2deep_ws_zh_036", "score": 0.0, "entity_acc": 1.0, "f1_by_row": 0.19999999999999998, "f1_by_item": 0.2888888888888889, "column_f1": 0.33333333333333337, "error": null, "elapsed_seconds": 11.313, "running_n": 7}
SUMMARY {"n": 7, "valid_n": 5, "errors": 2, "complete": false, "judge_calls_current_process": 31, "score": 0.0, "entity_acc": 0.8, "precision_by_row": 0.3771428571428571, "recall_by_row": 0.06681524926686218, "f1_by_row": 0.09694444444444443, "precision_by_item": 0.6053520867806582, "recall_by_item": 0.15027588933173183, "f1_by_item": 0.2122883597883598, "column_precision": 0.7308880308880308, "column_recall": 0.19119206882192946, "column_f1": 0.27077160493827157}
