INFO: Pandarallel will run on 8 workers.
INFO: Pandarallel will use Memory file system to transfer data between the main process and workers.
{"event": "eval_start", "selected": 7, "resume_committed": 0, "committed_errors": 0, "crash_only_resume": false}
2026-08-12 23:13:28.984 | DEBUG    | eval.evaluation.data_loader:extract_dataframe:167 - find markdown_str 
| Category | Rank | Title | Singer | Language | Songwriter(s) | ...
2026-08-12 23:13:31.426 | INFO     | eval.evaluation.metric_utils:primary_key_preprocess:246 - primary_key_preprocess result: ```json
{
  "Global Most-Streamed Songs": "Top 10 Spotify's Most-Streamed Songs Globally",
  "U.S. Most-Streamed Songs": "Top 10 U.S. Most-Streamed Songs"
}
```
2026-08-12 23:13:31.427 | INFO     | eval.evaluation.evaluation:evaluate_single_query:223 - col: category, primary_key_map {'Global Most-Streamed Songs': "Top 10 Spotify's Most-Streamed Songs Globally", 'U.S. Most-Streamed Songs': 'Top 10 U.S. Most-Streamed Songs'}
2026-08-12 23:13:34.390 | INFO     | eval.evaluation.metric_utils:primary_key_preprocess:246 - primary_key_preprocess result: ```json
{
  "1": "1",
  "2": "2",
  "3": "3",
  "4": "4",
  "5": "5",
  "6": "6",
  "7": "7",
  "8": "8",
  "9": "9",
  "10": "10"
}
```
2026-08-12 23:13:34.390 | INFO     | eval.evaluation.evaluation:evaluate_single_query:223 - col: rank, primary_key_map {'1': '1', '2': '2', '3': '3', '4': '4', '5': '5', '6': '6', '7': '7', '8': '8', '9': '9', '10': '10'}
2026-08-12 23:13:34.466 | INFO     | eval.evaluation.evaluation:evaluate_single_query:275 - wide2deep_ws_en_022, df_inner shape: (20, 16), answer_df shape: (20, 8), response_df shape: (20, 10)
2026-08-12 23:13:38.414 | DEBUG    | eval.evaluation.evaluation:evaluate_single_query:321 - wide2deep_ws_en_022, col title, metric_func_name llm_judge, score [1, 1, 1, 1, 1, 1, 1, 1, 1, 1, 1, 1, 1, 1, 1, 1, 0, 0, 0, 0]
2026-08-12 23:13:41.611 | DEBUG    | eval.evaluation.evaluation:evaluate_single_query:321 - wide2deep_ws_en_022, col singer, metric_func_name llm_judge, score [1, 1, 1, 1, 1, 1, 1, 1, 1, 1, 1, 1, 1, 1, 1, 1, 0, 0, 0, 0]
2026-08-12 23:13:41.611 | DEBUG    | eval.evaluation.evaluation:metric_call:77 - metric_func_name exact_match score 1.0 msg exact match, response: english, target: english
2026-08-12 23:13:41.611 | DEBUG    | eval.evaluation.evaluation:metric_call:77 - metric_func_name exact_match score 1.0 msg exact match, response: english, target: english
2026-08-12 23:13:41.611 | DEBUG    | eval.evaluation.evaluation:metric_call:77 - metric_func_name exact_match score 1.0 msg exact match, response: english, target: english
2026-08-12 23:13:41.611 | DEBUG    | eval.evaluation.evaluation:metric_call:77 - metric_func_name exact_match score 1.0 msg exact match, response: spanish, target: spanish
2026-08-12 23:13:41.611 | DEBUG    | eval.evaluation.evaluation:metric_call:77 - metric_func_name exact_match score 1.0 msg exact match, response: english, target: english
2026-08-12 23:13:41.611 | DEBUG    | eval.evaluation.evaluation:metric_call:77 - metric_func_name exact_match score 1.0 msg exact match, response: english, target: english
2026-08-12 23:13:41.611 | DEBUG    | eval.evaluation.evaluation:metric_call:77 - metric_func_name exact_match score 1.0 msg exact match, response: english, target: english
2026-08-12 23:13:41.611 | DEBUG    | eval.evaluation.evaluation:metric_call:77 - metric_func_name exact_match score 1.0 msg exact match, response: english, target: english
2026-08-12 23:13:41.611 | DEBUG    | eval.evaluation.evaluation:metric_call:77 - metric_func_name exact_match score 1.0 msg exact match, response: english, target: english
2026-08-12 23:13:41.611 | DEBUG    | eval.evaluation.evaluation:metric_call:77 - metric_func_name exact_match score 1.0 msg exact match, response: english, target: english
2026-08-12 23:13:41.612 | DEBUG    | eval.evaluation.evaluation:metric_call:77 - metric_func_name exact_match score 1.0 msg exact match, response: english, target: english
2026-08-12 23:13:41.612 | DEBUG    | eval.evaluation.evaluation:metric_call:77 - metric_func_name exact_match score 1.0 msg exact match, response: english, target: english
2026-08-12 23:13:41.612 | DEBUG    | eval.evaluation.evaluation:metric_call:77 - metric_func_name exact_match score 1.0 msg exact match, response: english, target: english
2026-08-12 23:13:41.612 | DEBUG    | eval.evaluation.evaluation:metric_call:77 - metric_func_name exact_match score 1.0 msg exact match, response: english, target: english
2026-08-12 23:13:41.612 | DEBUG    | eval.evaluation.evaluation:metric_call:77 - metric_func_name exact_match score 1.0 msg exact match, response: english, target: english
2026-08-12 23:13:41.612 | DEBUG    | eval.evaluation.evaluation:metric_call:77 - metric_func_name exact_match score 1.0 msg exact match, response: english, target: english
2026-08-12 23:13:41.612 | DEBUG    | eval.evaluation.evaluation:metric_call:77 - metric_func_name exact_match score 1.0 msg exact match, response: english, target: english
2026-08-12 23:13:41.612 | DEBUG    | eval.evaluation.evaluation:metric_call:77 - metric_func_name exact_match score 1.0 msg exact match, response: english, target: english
2026-08-12 23:13:41.612 | DEBUG    | eval.evaluation.evaluation:metric_call:77 - metric_func_name exact_match score 1.0 msg exact match, response: english, target: english
2026-08-12 23:13:41.612 | DEBUG    | eval.evaluation.evaluation:metric_call:77 - metric_func_name exact_match score 1.0 msg exact match, response: english, target: english
2026-08-12 23:13:41.613 | DEBUG    | eval.evaluation.evaluation:evaluate_single_query:321 - wide2deep_ws_en_022, col language, metric_func_name exact_match, score [1.0, 1.0, 1.0, 1.0, 1.0, 1.0, 1.0, 1.0, 1.0, 1.0, 1.0, 1.0, 1.0, 1.0, 1.0, 1.0, 1.0, 1.0, 1.0, 1.0]
2026-08-12 23:13:50.386 | DEBUG    | eval.evaluation.evaluation:evaluate_single_query:321 - wide2deep_ws_en_022, col songwriter(s), metric_func_name llm_judge, score [1, 1, 1, 1, 1, 1, 1, 1, 1, 1, 1, 1, 1, 1, 1, 1, 0, 0, 0, 0]
2026-08-12 23:13:57.711 | DEBUG    | eval.evaluation.evaluation:evaluate_single_query:321 - wide2deep_ws_en_022, col producer(s), metric_func_name llm_judge, score [1, 1, 1, 1, 1, 1, 1, 1, 1, 1, 1, 1, 1, 1, 1, 1, 0, 0, 0, 0]
2026-08-12 23:13:57.714 | DEBUG    | eval.evaluation.evaluation:metric_call:77 - metric_func_name date_near score 1.0 msg date near, response: 2024-04-11 00:00:00, target: 2024-04-11 00:00:00
2026-08-12 23:13:57.716 | DEBUG    | eval.evaluation.evaluation:metric_call:77 - metric_func_name date_near score 1.0 msg date near, response: 2024-01-18 00:00:00, target: 2024-01-19 00:00:00
2026-08-12 23:13:57.718 | DEBUG    | eval.evaluation.evaluation:metric_call:77 - metric_func_name date_near score 1.0 msg date near, response: 2024-05-17 00:00:00, target: 2024-05-17 00:00:00
2026-08-12 23:13:57.721 | DEBUG    | eval.evaluation.evaluation:metric_call:77 - metric_func_name date_near score 1.0 msg date near, response: 2024-02-02 00:00:00, target: 2024-02-02 00:00:00
2026-08-12 23:13:57.723 | DEBUG    | eval.evaluation.evaluation:metric_call:77 - metric_func_name date_near score 1.0 msg date near, response: 2023-06-23 00:00:00, target: 2023-06-23 00:00:00
2026-08-12 23:13:57.725 | DEBUG    | eval.evaluation.evaluation:metric_call:77 - metric_func_name date_near score 0.0 msg date not near, response: 2022-09-16 00:00:00, target: 2024-03-01 00:00:00
2026-08-12 23:13:57.727 | DEBUG    | eval.evaluation.evaluation:metric_call:77 - metric_func_name date_near score 1.0 msg date near, response: 2024-03-22 00:00:00, target: 2024-03-22 00:00:00
2026-08-12 23:13:57.729 | DEBUG    | eval.evaluation.evaluation:metric_call:77 - metric_func_name date_near score 0.0 msg date not near, response: 2023-06-23 00:00:00, target: 2023-12-08 00:00:00
2026-08-12 23:13:57.731 | DEBUG    | eval.evaluation.evaluation:metric_call:77 - metric_func_name date_near score 1.0 msg date near, response: 2019-08-23 00:00:00, target: 2019-08-23 00:00:00
2026-08-12 23:13:57.734 | DEBUG    | eval.evaluation.evaluation:metric_call:77 - metric_func_name date_near score 1.0 msg date near, response: 2024-08-16 00:00:00, target: 2024-08-16 00:00:00
2026-08-12 23:13:57.736 | DEBUG    | eval.evaluation.evaluation:metric_call:77 - metric_func_name date_near score 1.0 msg date near, response: 2024-04-11 00:00:00, target: 2024-04-11 00:00:00
2026-08-12 23:13:57.738 | DEBUG    | eval.evaluation.evaluation:metric_call:77 - metric_func_name date_near score 1.0 msg date near, response: 2024-05-04 00:00:00, target: 2024-05-04 00:00:00
2026-08-12 23:13:57.740 | DEBUG    | eval.evaluation.evaluation:metric_call:77 - metric_func_name date_near score 1.0 msg date near, response: 2024-04-12 00:00:00, target: 2024-04-12 00:00:00
2026-08-12 23:13:57.742 | DEBUG    | eval.evaluation.evaluation:metric_call:77 - metric_func_name date_near score 1.0 msg date near, response: 2024-05-10 00:00:00, target: 2024-05-10 00:00:00
2026-08-12 23:13:57.744 | DEBUG    | eval.evaluation.evaluation:metric_call:77 - metric_func_name date_near score 1.0 msg date near, response: 2024-04-26 00:00:00, target: 2024-04-26 00:00:00
2026-08-12 23:13:57.746 | DEBUG    | eval.evaluation.evaluation:metric_call:77 - metric_func_name date_near score 1.0 msg date near, response: 2024-04-05 00:00:00, target: 2024-04-05 00:00:00
2026-08-12 23:13:57.748 | DEBUG    | eval.evaluation.evaluation:metric_call:77 - metric_func_name date_near score 0.0 msg date not near, response: 2024-03-22 00:00:00, target: 2024-01-18 00:00:00
2026-08-12 23:13:57.751 | DEBUG    | eval.evaluation.evaluation:metric_call:77 - metric_func_name date_near score 0.0 msg date not near, response: 2024-01-18 00:00:00, target: 2024-05-17 00:00:00
2026-08-12 23:13:57.753 | DEBUG    | eval.evaluation.evaluation:metric_call:77 - metric_func_name date_near score 0.0 msg date not near, response: 2024-05-17 00:00:00, target: 2023-08-25 00:00:00
2026-08-12 23:13:57.755 | DEBUG    | eval.evaluation.evaluation:metric_call:77 - metric_func_name date_near score 0.0 msg date not near, response: 2023-08-25 00:00:00, target: 2022-10-14 00:00:00
2026-08-12 23:13:57.756 | DEBUG    | eval.evaluation.evaluation:evaluate_single_query:321 - wide2deep_ws_en_022, col releasedate, metric_func_name date_near, score [1.0, 1.0, 1.0, 1.0, 1.0, 0.0, 1.0, 0.0, 1.0, 1.0, 1.0, 1.0, 1.0, 1.0, 1.0, 1.0, 0.0, 0.0, 0.0, 0.0]
2026-08-12 23:13:57.763 | INFO     | eval.evaluation.evaluation:evaluate_single_query:380 - wide2deep_ws_en_022, P/R/F1 by unique_columns: 1.0000/1.0000/1.0000
2026-08-12 23:13:57.763 | INFO     | eval.evaluation.evaluation:evaluate_single_query:383 - wide2deep_ws_en_022, P/R/F1 by row: 0.7000/0.7000/0.7000
2026-08-12 23:13:57.763 | INFO     | eval.evaluation.evaluation:evaluate_single_query:386 - wide2deep_ws_en_022, P/R/F1 by item: 0.8625/0.8625/0.8625
2026-08-12 23:13:57.767 | INFO     | eval.evaluation.evaluation:evaluate_single_query:398 - wide2deep_ws_en_022, final table score: 0.0
{"event": "eval_done", "idx": 1, "instance_id": "wide2deep_ws_en_022", "score": 0.0, "entity_acc": 1.0, "f1_by_row": 0.7, "f1_by_item": 0.8625, "column_f1": 1.0, "error": null, "elapsed_seconds": 32.125, "running_n": 1}
2026-08-12 23:14:00.729 | DEBUG    | eval.evaluation.data_loader:extract_dataframe:167 - find markdown_str 
| Clinic | County | Full Address | Phone Number | Saturday Oper ...
2026-08-12 23:14:04.208 | INFO     | eval.evaluation.metric_utils:primary_key_preprocess:246 - primary_key_preprocess result: ```json
{
  "FPA Women’s Health – Fresno": "FPA Women's Health - Fresno",
  "Planned Parenthood Mar Monte – Fresno Health Center": "Planned Parenthood - Fulton Street Health Center"
}
```
2026-08-12 23:14:04.208 | INFO     | eval.evaluation.evaluation:evaluate_single_query:223 - col: clinic, primary_key_map {'FPA Women’s Health – Fresno': "FPA Women's Health - Fresno", 'Planned Parenthood Mar Monte – Fresno Health Center': 'Planned Parenthood - Fulton Street Health Center'}
2026-08-12 23:14:04.214 | INFO     | eval.evaluation.evaluation:evaluate_single_query:275 - wide2deep_ws_en_025, df_inner shape: (2, 10), answer_df shape: (6, 5), response_df shape: (2, 6)
2026-08-12 23:14:04.215 | DEBUG    | eval.evaluation.evaluation:metric_call:77 - metric_func_name exact_match score 1.0 msg exact match, response: fresno, target: fresno
2026-08-12 23:14:04.215 | DEBUG    | eval.evaluation.evaluation:metric_call:77 - metric_func_name exact_match score 1.0 msg exact match, response: fresno, target: fresno
2026-08-12 23:14:04.216 | DEBUG    | eval.evaluation.evaluation:evaluate_single_query:321 - wide2deep_ws_en_025, col county, metric_func_name exact_match, score [1.0, 1.0]
2026-08-12 23:14:08.751 | DEBUG    | eval.evaluation.evaluation:evaluate_single_query:321 - wide2deep_ws_en_025, col fulladdress, metric_func_name llm_judge, score [1, 0]
2026-08-12 23:14:08.751 | DEBUG    | eval.evaluation.evaluation:metric_call:77 - metric_func_name exact_match score 0.0 msg exact not match, response: (559)446-1515, target: (559)488-4900
2026-08-12 23:14:08.751 | DEBUG    | eval.evaluation.evaluation:metric_call:77 - metric_func_name exact_match score 1.0 msg exact match, response: (559)233-8657, target: (559)233-8657
2026-08-12 23:14:08.752 | DEBUG    | eval.evaluation.evaluation:evaluate_single_query:321 - wide2deep_ws_en_025, col phonenumber, metric_func_name exact_match, score [0.0, 1.0]
2026-08-12 23:14:12.421 | DEBUG    | eval.evaluation.evaluation:evaluate_single_query:321 - wide2deep_ws_en_025, col saturdayoperationhours, metric_func_name llm_judge, score [0, 0]
2026-08-12 23:14:12.426 | INFO     | eval.evaluation.evaluation:evaluate_single_query:380 - wide2deep_ws_en_025, P/R/F1 by unique_columns: 1.0000/0.3333/0.5000
2026-08-12 23:14:12.426 | INFO     | eval.evaluation.evaluation:evaluate_single_query:383 - wide2deep_ws_en_025, P/R/F1 by row: 0.0000/0.0000/0.0000
2026-08-12 23:14:12.426 | INFO     | eval.evaluation.evaluation:evaluate_single_query:386 - wide2deep_ws_en_025, P/R/F1 by item: 0.6000/0.2000/0.3000
2026-08-12 23:14:12.427 | INFO     | eval.evaluation.evaluation:evaluate_single_query:398 - wide2deep_ws_en_025, final table score: 0.0
{"event": "eval_done", "idx": 2, "instance_id": "wide2deep_ws_en_025", "score": 0.0, "entity_acc": 1.0, "f1_by_row": 0.0, "f1_by_item": 0.3, "column_f1": 0.5, "error": null, "elapsed_seconds": 14.645, "running_n": 2}
2026-08-12 23:14:18.307 | DEBUG    | eval.evaluation.data_loader:extract_dataframe:167 - find markdown_str 
| Season | Couple married at the show | Status |
| --- | --- |  ...
2026-08-12 23:14:21.640 | INFO     | eval.evaluation.metric_utils:primary_key_preprocess:246 - primary_key_preprocess result: ```json
{
  "Cameron & Lauren": "Cameron Hamilton & Lauren Speed",
  "Matthew & Amber": "Matthew Barnett & Amber Pike",
  "Jarrette & Iyanna": "Jarrette Jones & Iyanna McNeely",
  "Nick & Danielle": "Nick Thompson & Danielle Ruhl",
  "Brennon & Alexa": "Brennon Lemieux & Alexa Alfia",
  "Matt & Colleen": "Matt Bolton & Colleen Reed",
  "Brett & Tiffany": "Brett Brown & Tiffany Pennywell",
  "Kwame & Chelsea": "Kwame Appiah & Chelsea Griffin",
  "Zack & Bliss": "Bliss Poureetezadi & Zack Goytowski",
  "Milton & Lydia": "James \"Milton\" Johnson IV & Lydia Arleen Velez Gonzalez",
  "Johnny & Amy": "Johnny McIntyre & Amy Cortés",
  "Garrett & Taylor": "Garrett Josemans & Taylor Krause",
  "Tyler & Ashley": "Tyler Francis & Ashley Adionser"
}
```
2026-08-12 23:14:21.640 | INFO     | eval.evaluation.evaluation:evaluate_single_query:223 - col: couplemarriedattheshow, primary_key_map {'Cameron & Lauren': 'Cameron Hamilton & Lauren Speed', 'Matthew & Amber': 'Matthew Barnett & Amber Pike', 'Jarrette & Iyanna': 'Jarrette Jones & Iyanna McNeely', 'Nick & Danielle': 'Nick Thompson & Danielle Ruhl', 'Brennon & Alexa': 'Brennon Lemieux & Alexa Alfia', 'Matt & Colleen': 'Matt Bolton & Colleen Reed', 'Brett & Tiffany': 'Brett Brown & Tiffany Pennywell', 'Kwame & Chelsea': 'Kwame Appiah & Chelsea Griffin', 'Zack & Bliss': 'Bliss Poureetezadi & Zack Goytowski', 'Milton & Lydia': 'James "Milton" Johnson IV & Lydia Arleen Velez Gonzalez', 'Johnny & Amy': 'Johnny McIntyre & Amy Cortés', 'Garrett & Taylor': 'Garrett Josemans & Taylor Krause', 'Tyler & Ashley': 'Tyler Francis & Ashley Adionser'}
2026-08-12 23:14:21.645 | INFO     | eval.evaluation.evaluation:evaluate_single_query:275 - wide2deep_ws_en_037, df_inner shape: (13, 6), answer_df shape: (13, 3), response_df shape: (15, 4)
2026-08-12 23:14:24.143 | DEBUG    | eval.evaluation.evaluation:evaluate_single_query:321 - wide2deep_ws_en_037, col season, metric_func_name llm_judge, score [1, 1, 1, 1, 1, 1, 1, 1, 1, 1, 1, 1, 1]
2026-08-12 23:14:24.143 | DEBUG    | eval.evaluation.evaluation:metric_call:77 - metric_func_name exact_match score 1.0 msg exact match, response: stillmarried, target: stillmarried
2026-08-12 23:14:24.143 | DEBUG    | eval.evaluation.evaluation:metric_call:77 - metric_func_name exact_match score 1.0 msg exact match, response: stillmarried, target: stillmarried
2026-08-12 23:14:24.143 | DEBUG    | eval.evaluation.evaluation:metric_call:77 - metric_func_name exact_match score 1.0 msg exact match, response: divorced, target: divorced
2026-08-12 23:14:24.143 | DEBUG    | eval.evaluation.evaluation:metric_call:77 - metric_func_name exact_match score 1.0 msg exact match, response: divorced, target: divorced
2026-08-12 23:14:24.144 | DEBUG    | eval.evaluation.evaluation:metric_call:77 - metric_func_name exact_match score 1.0 msg exact match, response: stillmarried, target: stillmarried
2026-08-12 23:14:24.144 | DEBUG    | eval.evaluation.evaluation:metric_call:77 - metric_func_name exact_match score 1.0 msg exact match, response: divorced, target: divorced
2026-08-12 23:14:24.144 | DEBUG    | eval.evaluation.evaluation:metric_call:77 - metric_func_name exact_match score 1.0 msg exact match, response: stillmarried, target: stillmarried
2026-08-12 23:14:24.144 | DEBUG    | eval.evaluation.evaluation:metric_call:77 - metric_func_name exact_match score 1.0 msg exact match, response: stillmarried, target: stillmarried
2026-08-12 23:14:24.144 | DEBUG    | eval.evaluation.evaluation:metric_call:77 - metric_func_name exact_match score 1.0 msg exact match, response: stillmarried, target: stillmarried
2026-08-12 23:14:24.144 | DEBUG    | eval.evaluation.evaluation:metric_call:77 - metric_func_name exact_match score 0.0 msg exact not match, response: stillmarried, target: divorced
2026-08-12 23:14:24.144 | DEBUG    | eval.evaluation.evaluation:metric_call:77 - metric_func_name exact_match score 1.0 msg exact match, response: stillmarried, target: stillmarried
2026-08-12 23:14:24.144 | DEBUG    | eval.evaluation.evaluation:metric_call:77 - metric_func_name exact_match score 1.0 msg exact match, response: stillmarried, target: stillmarried
2026-08-12 23:14:24.144 | DEBUG    | eval.evaluation.evaluation:metric_call:77 - metric_func_name exact_match score 0.0 msg exact not match, response: stillmarried, target: divorced
2026-08-12 23:14:24.145 | DEBUG    | eval.evaluation.evaluation:evaluate_single_query:321 - wide2deep_ws_en_037, col status, metric_func_name exact_match, score [1.0, 1.0, 1.0, 1.0, 1.0, 1.0, 1.0, 1.0, 1.0, 0.0, 1.0, 1.0, 0.0]
2026-08-12 23:14:24.149 | INFO     | eval.evaluation.evaluation:evaluate_single_query:380 - wide2deep_ws_en_037, P/R/F1 by unique_columns: 0.8667/1.0000/0.9286
2026-08-12 23:14:24.149 | INFO     | eval.evaluation.evaluation:evaluate_single_query:383 - wide2deep_ws_en_037, P/R/F1 by row: 0.7333/0.8462/0.7857
2026-08-12 23:14:24.149 | INFO     | eval.evaluation.evaluation:evaluate_single_query:386 - wide2deep_ws_en_037, P/R/F1 by item: 0.8222/0.9487/0.8810
2026-08-12 23:14:24.150 | INFO     | eval.evaluation.evaluation:evaluate_single_query:398 - wide2deep_ws_en_037, final table score: 0.0
{"event": "eval_done", "idx": 3, "instance_id": "wide2deep_ws_en_037", "score": 0.0, "entity_acc": 1.0, "f1_by_row": 0.7857142857142856, "f1_by_item": 0.8809523809523809, "column_f1": 0.9285714285714286, "error": null, "elapsed_seconds": 11.708, "running_n": 3}
2026-08-12 23:14:25.204 | DEBUG    | eval.evaluation.data_loader:extract_dataframe:167 - find markdown_str 
| Park | States | Price (per adult) | Mountain Scenery |
| ---  ...
2026-08-12 23:14:32.027 | INFO     | eval.evaluation.metric_utils:primary_key_preprocess:246 - primary_key_preprocess result: ```json
{
  "Acadia National Park": "Acadia",
  "National Park of American Samoa": "American Samoa",
  "Arches National Park": "Arches",
  "Badlands National Park": "Badlands",
  "Big Bend National Park": "Big Bend",
  "Biscayne National Park": "Biscayne",
  "Black Canyon of the Gunnison National Park": "Black Canyon of the Gunnison",
  "Bryce Canyon National Park": "Bryce Canyon",
  "Canyonlands National Park": "Canyonlands",
  "Capitol Reef National Park": "Capitol Reef",
  "Carlsbad Caverns National Park": "Carlsbad Caverns",
  "Channel Islands National Park": "Channel Islands",
  "Congaree National Park": "Congaree",
  "Crater Lake National Park": "Crater Lake",
  "Cuyahoga Valley National Park": "Cuyahoga Valley",
  "Death Valley National Park": "Death Valley",
  "Denali National Park and Preserve": "Denali",
  "Dry Tortugas National Park": "Dry Tortugas",
  "Everglades National Park": "Everglades",
  "Gates of the Arctic National Park and Preserve": "Gates of the Arctic",
  "Gateway Arch National Park": "Gateway Arch",
  "Glacier National Park": "Glacier",
  "Glacier Bay National Park and Preserve": "Glacier Bay",
  "Grand Canyon National Park": "Grand Canyon",
  "Grand Teton National Park": "Grand Teton",
  "Great Basin National Park": "Great Basin",
  "Great Sand Dunes National Park and Preserve": "Great Sand Dunes",
  "Great Smoky Mountains National Park": "Great Smoky Mountains",
  "Guadalupe Mountains National Park": "Guadalupe Mountains",
  "Haleakalā National Park": "Haleakalā",
  "Hawaiʻi Volcanoes National Park": "Hawaiʻi Volcanoes",
  "Hot Springs National Park": "Hot Springs",
  "Indiana Dunes National Park": "Indiana Dunes",
  "Isle Royale National Park": "Isle Royale",
  "Joshua Tree National Park": "Joshua Tree",
  "Katmai National Park and Preserve": "Katmai",
  "Kenai Fjords National Park": "Kenai Fjords",
  "Kings Canyon National Park": "Kings Canyon",
  "Kobuk Valley National Park": "Kobuk Valley",
  "Lake Clark National Park and Preserve": "Lake Clark",
  "Lassen Volcanic National Park": "Lassen Volcanic",
  "Mammoth Cave National Park": "Mammoth Cave",
  "Mesa Verde National Park": "Mesa Verde",
  "Mount Rainier National Park": "Mount Rainier",
  "New River Gorge National Park and Preserve": "New River Gorge",
  "North Cascades National Park": "North Cascades",
  "Olympic National Park": "Olympic",
  "Petrified Forest National Park": "Petrified Forest",
  "Pinnacles National Park": "Pinnacles",
  "Redwood National and State Parks": "Redwood",
  "Rocky Mountain National Park": "Rocky Mountain",
  "Saguaro National Park": "Saguaro",
  "Sequoia National Park": "Sequoia",
  "Shenandoah National Park": "Shenandoah",
  "Theodore Roosevelt National Park": "Theodore Roosevelt",
  "Virgin Islands National Park": "Virgin Islands",
  "Voyageurs National Park": "Voyageurs",
  "White Sands National Park": "White Sands",
  "Wind Cave National Park": "Wind Cave",
  "Wrangell–St. Elias National Park and Preserve": "Wrangell–St. Elias",
  "Yellowstone National Park": "Yellowstone",
  "Yosemite National Park": "Yosemite",
  "Zion National Park": "Zion"
}
```
2026-08-12 23:14:32.028 | INFO     | eval.evaluation.evaluation:evaluate_single_query:223 - col: park, primary_key_map {'Acadia National Park': 'Acadia', 'National Park of American Samoa': 'American Samoa', 'Arches National Park': 'Arches', 'Badlands National Park': 'Badlands', 'Big Bend National Park': 'Big Bend', 'Biscayne National Park': 'Biscayne', 'Black Canyon of the Gunnison National Park': 'Black Canyon of the Gunnison', 'Bryce Canyon National Park': 'Bryce Canyon', 'Canyonlands National Park': 'Canyonlands', 'Capitol Reef National Park': 'Capitol Reef', 'Carlsbad Caverns National Park': 'Carlsbad Caverns', 'Channel Islands National Park': 'Channel Islands', 'Congaree National Park': 'Congaree', 'Crater Lake National Park': 'Crater Lake', 'Cuyahoga Valley National Park': 'Cuyahoga Valley', 'Death Valley National Park': 'Death Valley', 'Denali National Park and Preserve': 'Denali', 'Dry Tortugas National Park': 'Dry Tortugas', 'Everglades National Park': 'Everglades', 'Gates of the Arctic National Park and Preserve': 'Gates of the Arctic', 'Gateway Arch National Park': 'Gateway Arch', 'Glacier National Park': 'Glacier', 'Glacier Bay National Park and Preserve': 'Glacier Bay', 'Grand Canyon National Park': 'Grand Canyon', 'Grand Teton National Park': 'Grand Teton', 'Great Basin National Park': 'Great Basin', 'Great Sand Dunes National Park and Preserve': 'Great Sand Dunes', 'Great Smoky Mountains National Park': 'Great Smoky Mountains', 'Guadalupe Mountains National Park': 'Guadalupe Mountains', 'Haleakalā National Park': 'Haleakalā', 'Hawaiʻi Volcanoes National Park': 'Hawaiʻi Volcanoes', 'Hot Springs National Park': 'Hot Springs', 'Indiana Dunes National Park': 'Indiana Dunes', 'Isle Royale National Park': 'Isle Royale', 'Joshua Tree National Park': 'Joshua Tree', 'Katmai National Park and Preserve': 'Katmai', 'Kenai Fjords National Park': 'Kenai Fjords', 'Kings Canyon National Park': 'Kings Canyon', 'Kobuk Valley National Park': 'Kobuk Valley', 'Lake Clark National Park and Preserve': 'Lake Clark', 'Lassen Volcanic National Park': 'Lassen Volcanic', 'Mammoth Cave National Park': 'Mammoth Cave', 'Mesa Verde National Park': 'Mesa Verde', 'Mount Rainier National Park': 'Mount Rainier', 'New River Gorge National Park and Preserve': 'New River Gorge', 'North Cascades National Park': 'North Cascades', 'Olympic National Park': 'Olympic', 'Petrified Forest National Park': 'Petrified Forest', 'Pinnacles National Park': 'Pinnacles', 'Redwood National and State Parks': 'Redwood', 'Rocky Mountain National Park': 'Rocky Mountain', 'Saguaro National Park': 'Saguaro', 'Sequoia National Park': 'Sequoia', 'Shenandoah National Park': 'Shenandoah', 'Theodore Roosevelt National Park': 'Theodore Roosevelt', 'Virgin Islands National Park': 'Virgin Islands', 'Voyageurs National Park': 'Voyageurs', 'White Sands National Park': 'White Sands', 'Wind Cave National Park': 'Wind Cave', 'Wrangell–St. Elias National Park and Preserve': 'Wrangell–St. Elias', 'Yellowstone National Park': 'Yellowstone', 'Yosemite National Park': 'Yosemite', 'Zion National Park': 'Zion'}
2026-08-12 23:14:32.040 | INFO     | eval.evaluation.evaluation:evaluate_single_query:275 - wide2deep_ws_en_043, df_inner shape: (63, 8), answer_df shape: (63, 4), response_df shape: (63, 5)
2026-08-12 23:14:38.067 | DEBUG    | eval.evaluation.evaluation:evaluate_single_query:321 - wide2deep_ws_en_043, col states, metric_func_name llm_judge, score [1, 1, 1, 1, 1, 1, 1, 1, 1, 1, 1, 1, 1, 1, 1, 1, 1, 1, 1, 1, 0, 1, 1, 1, 1, 1, 1, 1, 1, 1, 1, 1, 1, 1, 1, 1, 1, 1, 1, 1, 1, 1, 1, 1, 1, 1, 1, 1, 1, 1, 1, 1, 1, 1, 1, 1, 1, 1, 1, 1, 1, 1, 1]
2026-08-12 23:14:38.067 | DEBUG    | eval.evaluation.evaluation:metric_call:77 - metric_func_name exact_match score 0.0 msg exact not match, response: $20, target: 20
2026-08-12 23:14:38.067 | DEBUG    | eval.evaluation.evaluation:metric_call:77 - metric_func_name exact_match score 0.0 msg exact not match, response: $0, target: free
2026-08-12 23:14:38.067 | DEBUG    | eval.evaluation.evaluation:metric_call:77 - metric_func_name exact_match score 0.0 msg exact not match, response: $15, target: 15
2026-08-12 23:14:38.068 | DEBUG    | eval.evaluation.evaluation:metric_call:77 - metric_func_name exact_match score 0.0 msg exact not match, response: $15, target: 15
2026-08-12 23:14:38.068 | DEBUG    | eval.evaluation.evaluation:metric_call:77 - metric_func_name exact_match score 0.0 msg exact not match, response: $15, target: 15
2026-08-12 23:14:38.068 | DEBUG    | eval.evaluation.evaluation:metric_call:77 - metric_func_name exact_match score 0.0 msg exact not match, response: $0, target: free
2026-08-12 23:14:38.068 | DEBUG    | eval.evaluation.evaluation:metric_call:77 - metric_func_name exact_match score 0.0 msg exact not match, response: $15, target: 15
2026-08-12 23:14:38.068 | DEBUG    | eval.evaluation.evaluation:metric_call:77 - metric_func_name exact_match score 0.0 msg exact not match, response: $20, target: 20
2026-08-12 23:14:38.068 | DEBUG    | eval.evaluation.evaluation:metric_call:77 - metric_func_name exact_match score 0.0 msg exact not match, response: $15, target: 15
2026-08-12 23:14:38.068 | DEBUG    | eval.evaluation.evaluation:metric_call:77 - metric_func_name exact_match score 0.0 msg exact not match, response: $15, target: 10
2026-08-12 23:14:38.068 | DEBUG    | eval.evaluation.evaluation:metric_call:77 - metric_func_name exact_match score 0.0 msg exact not match, response: $15, target: 15
2026-08-12 23:14:38.068 | DEBUG    | eval.evaluation.evaluation:metric_call:77 - metric_func_name exact_match score 0.0 msg exact not match, response: $0, target: free
2026-08-12 23:14:38.068 | DEBUG    | eval.evaluation.evaluation:metric_call:77 - metric_func_name exact_match score 0.0 msg exact not match, response: $0, target: free
2026-08-12 23:14:38.068 | DEBUG    | eval.evaluation.evaluation:metric_call:77 - metric_func_name exact_match score 0.0 msg exact not match, response: $15, target: 15
2026-08-12 23:14:38.068 | DEBUG    | eval.evaluation.evaluation:metric_call:77 - metric_func_name exact_match score 0.0 msg exact not match, response: $0, target: free
2026-08-12 23:14:38.068 | DEBUG    | eval.evaluation.evaluation:metric_call:77 - metric_func_name exact_match score 0.0 msg exact not match, response: $15, target: 15
2026-08-12 23:14:38.068 | DEBUG    | eval.evaluation.evaluation:metric_call:77 - metric_func_name exact_match score 0.0 msg exact not match, response: $15, target: 15
2026-08-12 23:14:38.068 | DEBUG    | eval.evaluation.evaluation:metric_call:77 - metric_func_name exact_match score 0.0 msg exact not match, response: $15, target: 15
2026-08-12 23:14:38.068 | DEBUG    | eval.evaluation.evaluation:metric_call:77 - metric_func_name exact_match score 0.0 msg exact not match, response: $20, target: 20
2026-08-12 23:14:38.068 | DEBUG    | eval.evaluation.evaluation:metric_call:77 - metric_func_name exact_match score 0.0 msg exact not match, response: $0, target: free
2026-08-12 23:14:38.068 | DEBUG    | eval.evaluation.evaluation:metric_call:77 - metric_func_name exact_match score 0.0 msg exact not match, response: $0, target: free
2026-08-12 23:14:38.069 | DEBUG    | eval.evaluation.evaluation:metric_call:77 - metric_func_name exact_match score 0.0 msg exact not match, response: $20, target: 20
2026-08-12 23:14:38.069 | DEBUG    | eval.evaluation.evaluation:metric_call:77 - metric_func_name exact_match score 0.0 msg exact not match, response: $0, target: free
2026-08-12 23:14:38.069 | DEBUG    | eval.evaluation.evaluation:metric_call:77 - metric_func_name exact_match score 0.0 msg exact not match, response: $20, target: 20
2026-08-12 23:14:38.069 | DEBUG    | eval.evaluation.evaluation:metric_call:77 - metric_func_name exact_match score 0.0 msg exact not match, response: $20, target: 20
2026-08-12 23:14:38.069 | DEBUG    | eval.evaluation.evaluation:metric_call:77 - metric_func_name exact_match score 0.0 msg exact not match, response: $0, target: free
2026-08-12 23:14:38.069 | DEBUG    | eval.evaluation.evaluation:metric_call:77 - metric_func_name exact_match score 0.0 msg exact not match, response: $15, target: 15
2026-08-12 23:14:38.069 | DEBUG    | eval.evaluation.evaluation:metric_call:77 - metric_func_name exact_match score 0.0 msg exact not match, response: $0, target: free
2026-08-12 23:14:38.069 | DEBUG    | eval.evaluation.evaluation:metric_call:77 - metric_func_name exact_match score 0.0 msg exact not match, response: $10, target: 10
2026-08-12 23:14:38.069 | DEBUG    | eval.evaluation.evaluation:metric_call:77 - metric_func_name exact_match score 0.0 msg exact not match, response: $15, target: 15
2026-08-12 23:14:38.069 | DEBUG    | eval.evaluation.evaluation:metric_call:77 - metric_func_name exact_match score 0.0 msg exact not match, response: $15, target: 15
2026-08-12 23:14:38.069 | DEBUG    | eval.evaluation.evaluation:metric_call:77 - metric_func_name exact_match score 0.0 msg exact not match, response: $0, target: free
2026-08-12 23:14:38.069 | DEBUG    | eval.evaluation.evaluation:metric_call:77 - metric_func_name exact_match score 0.0 msg exact not match, response: $15, target: 15
2026-08-12 23:14:38.069 | DEBUG    | eval.evaluation.evaluation:metric_call:77 - metric_func_name exact_match score 0.0 msg exact not match, response: $7perday, target: 7
2026-08-12 23:14:38.069 | DEBUG    | eval.evaluation.evaluation:metric_call:77 - metric_func_name exact_match score 0.0 msg exact not match, response: $15, target: 15
2026-08-12 23:14:38.069 | DEBUG    | eval.evaluation.evaluation:metric_call:77 - metric_func_name exact_match score 0.0 msg exact not match, response: $0, target: free
2026-08-12 23:14:38.069 | DEBUG    | eval.evaluation.evaluation:metric_call:77 - metric_func_name exact_match score 0.0 msg exact not match, response: $0, target: free
2026-08-12 23:14:38.069 | DEBUG    | eval.evaluation.evaluation:metric_call:77 - metric_func_name exact_match score 0.0 msg exact not match, response: $20, target: 20
2026-08-12 23:14:38.069 | DEBUG    | eval.evaluation.evaluation:metric_call:77 - metric_func_name exact_match score 0.0 msg exact not match, response: $0, target: free
2026-08-12 23:14:38.069 | DEBUG    | eval.evaluation.evaluation:metric_call:77 - metric_func_name exact_match score 0.0 msg exact not match, response: $0, target: free
2026-08-12 23:14:38.069 | DEBUG    | eval.evaluation.evaluation:metric_call:77 - metric_func_name exact_match score 0.0 msg exact not match, response: $15, target: 15
2026-08-12 23:14:38.069 | DEBUG    | eval.evaluation.evaluation:metric_call:77 - metric_func_name exact_match score 0.0 msg exact not match, response: $0, target: free
2026-08-12 23:14:38.070 | DEBUG    | eval.evaluation.evaluation:metric_call:77 - metric_func_name exact_match score 0.0 msg exact not match, response: $15, target: 15
2026-08-12 23:14:38.070 | DEBUG    | eval.evaluation.evaluation:metric_call:77 - metric_func_name exact_match score 0.0 msg exact not match, response: $15, target: 15
2026-08-12 23:14:38.070 | DEBUG    | eval.evaluation.evaluation:metric_call:77 - metric_func_name exact_match score 0.0 msg exact not match, response: $0, target: free
2026-08-12 23:14:38.070 | DEBUG    | eval.evaluation.evaluation:metric_call:77 - metric_func_name exact_match score 0.0 msg exact not match, response: $0, target: free
2026-08-12 23:14:38.070 | DEBUG    | eval.evaluation.evaluation:metric_call:77 - metric_func_name exact_match score 0.0 msg exact not match, response: $15, target: 15
2026-08-12 23:14:38.070 | DEBUG    | eval.evaluation.evaluation:metric_call:77 - metric_func_name exact_match score 0.0 msg exact not match, response: $15, target: 15
2026-08-12 23:14:38.070 | DEBUG    | eval.evaluation.evaluation:metric_call:77 - metric_func_name exact_match score 0.0 msg exact not match, response: $15, target: 15
2026-08-12 23:14:38.070 | DEBUG    | eval.evaluation.evaluation:metric_call:77 - metric_func_name exact_match score 0.0 msg exact not match, response: $0, target: free
2026-08-12 23:14:38.070 | DEBUG    | eval.evaluation.evaluation:metric_call:77 - metric_func_name exact_match score 0.0 msg exact not match, response: $15, target: 15
2026-08-12 23:14:38.070 | DEBUG    | eval.evaluation.evaluation:metric_call:77 - metric_func_name exact_match score 0.0 msg exact not match, response: $15, target: 15
2026-08-12 23:14:38.070 | DEBUG    | eval.evaluation.evaluation:metric_call:77 - metric_func_name exact_match score 0.0 msg exact not match, response: $20, target: 20
2026-08-12 23:14:38.070 | DEBUG    | eval.evaluation.evaluation:metric_call:77 - metric_func_name exact_match score 0.0 msg exact not match, response: $15, target: 15
2026-08-12 23:14:38.070 | DEBUG    | eval.evaluation.evaluation:metric_call:77 - metric_func_name exact_match score 0.0 msg exact not match, response: $15, target: 15
2026-08-12 23:14:38.070 | DEBUG    | eval.evaluation.evaluation:metric_call:77 - metric_func_name exact_match score 0.0 msg exact not match, response: $0, target: free
2026-08-12 23:14:38.070 | DEBUG    | eval.evaluation.evaluation:metric_call:77 - metric_func_name exact_match score 0.0 msg exact not match, response: $0, target: free
2026-08-12 23:14:38.070 | DEBUG    | eval.evaluation.evaluation:metric_call:77 - metric_func_name exact_match score 0.0 msg exact not match, response: $15, target: 15
2026-08-12 23:14:38.070 | DEBUG    | eval.evaluation.evaluation:metric_call:77 - metric_func_name exact_match score 0.0 msg exact not match, response: $0, target: free
2026-08-12 23:14:38.070 | DEBUG    | eval.evaluation.evaluation:metric_call:77 - metric_func_name exact_match score 0.0 msg exact not match, response: $0, target: free
2026-08-12 23:14:38.070 | DEBUG    | eval.evaluation.evaluation:metric_call:77 - metric_func_name exact_match score 0.0 msg exact not match, response: $20, target: 20
2026-08-12 23:14:38.070 | DEBUG    | eval.evaluation.evaluation:metric_call:77 - metric_func_name exact_match score 0.0 msg exact not match, response: $20, target: 20
2026-08-12 23:14:38.071 | DEBUG    | eval.evaluation.evaluation:metric_call:77 - metric_func_name exact_match score 0.0 msg exact not match, response: $20, target: 20
2026-08-12 23:14:38.071 | DEBUG    | eval.evaluation.evaluation:evaluate_single_query:321 - wide2deep_ws_en_043, col price(peradult), metric_func_name exact_match, score [0.0, 0.0, 0.0, 0.0, 0.0, 0.0, 0.0, 0.0, 0.0, 0.0, 0.0, 0.0, 0.0, 0.0, 0.0, 0.0, 0.0, 0.0, 0.0, 0.0, 0.0, 0.0, 0.0, 0.0, 0.0, 0.0, 0.0, 0.0, 0.0, 0.0, 0.0, 0.0, 0.0, 0.0, 0.0, 0.0, 0.0, 0.0, 0.0, 0.0, 0.0, 0.0, 0.0, 0.0, 0.0, 0.0, 0.0, 0.0, 0.0, 0.0, 0.0, 0.0, 0.0, 0.0, 0.0, 0.0, 0.0, 0.0, 0.0, 0.0, 0.0, 0.0, 0.0]
2026-08-12 23:14:38.071 | DEBUG    | eval.evaluation.evaluation:metric_call:77 - metric_func_name exact_match score 1.0 msg exact match, response: yes, target: yes
2026-08-12 23:14:38.072 | DEBUG    | eval.evaluation.evaluation:metric_call:77 - metric_func_name exact_match score 1.0 msg exact match, response: yes, target: yes
2026-08-12 23:14:38.072 | DEBUG    | eval.evaluation.evaluation:metric_call:77 - metric_func_name exact_match score 1.0 msg exact match, response: yes, target: yes
2026-08-12 23:14:38.072 | DEBUG    | eval.evaluation.evaluation:metric_call:77 - metric_func_name exact_match score 1.0 msg exact match, response: yes, target: yes
2026-08-12 23:14:38.072 | DEBUG    | eval.evaluation.evaluation:metric_call:77 - metric_func_name exact_match score 1.0 msg exact match, response: yes, target: yes
2026-08-12 23:14:38.072 | DEBUG    | eval.evaluation.evaluation:metric_call:77 - metric_func_name exact_match score 1.0 msg exact match, response: no, target: no
2026-08-12 23:14:38.072 | DEBUG    | eval.evaluation.evaluation:metric_call:77 - metric_func_name exact_match score 1.0 msg exact match, response: yes, target: yes
2026-08-12 23:14:38.072 | DEBUG    | eval.evaluation.evaluation:metric_call:77 - metric_func_name exact_match score 1.0 msg exact match, response: yes, target: yes
2026-08-12 23:14:38.072 | DEBUG    | eval.evaluation.evaluation:metric_call:77 - metric_func_name exact_match score 1.0 msg exact match, response: yes, target: yes
2026-08-12 23:14:38.072 | DEBUG    | eval.evaluation.evaluation:metric_call:77 - metric_func_name exact_match score 1.0 msg exact match, response: yes, target: yes
2026-08-12 23:14:38.072 | DEBUG    | eval.evaluation.evaluation:metric_call:77 - metric_func_name exact_match score 1.0 msg exact match, response: yes, target: yes
2026-08-12 23:14:38.072 | DEBUG    | eval.evaluation.evaluation:metric_call:77 - metric_func_name exact_match score 1.0 msg exact match, response: yes, target: yes
2026-08-12 23:14:38.072 | DEBUG    | eval.evaluation.evaluation:metric_call:77 - metric_func_name exact_match score 1.0 msg exact match, response: no, target: no
2026-08-12 23:14:38.072 | DEBUG    | eval.evaluation.evaluation:metric_call:77 - metric_func_name exact_match score 1.0 msg exact match, response: yes, target: yes
2026-08-12 23:14:38.072 | DEBUG    | eval.evaluation.evaluation:metric_call:77 - metric_func_name exact_match score 1.0 msg exact match, response: yes, target: yes
2026-08-12 23:14:38.072 | DEBUG    | eval.evaluation.evaluation:metric_call:77 - metric_func_name exact_match score 1.0 msg exact match, response: yes, target: yes
2026-08-12 23:14:38.072 | DEBUG    | eval.evaluation.evaluation:metric_call:77 - metric_func_name exact_match score 1.0 msg exact match, response: yes, target: yes
2026-08-12 23:14:38.072 | DEBUG    | eval.evaluation.evaluation:metric_call:77 - metric_func_name exact_match score 1.0 msg exact match, response: no, target: no
2026-08-12 23:14:38.072 | DEBUG    | eval.evaluation.evaluation:metric_call:77 - metric_func_name exact_match score 1.0 msg exact match, response: no, target: no
2026-08-12 23:14:38.073 | DEBUG    | eval.evaluation.evaluation:metric_call:77 - metric_func_name exact_match score 1.0 msg exact match, response: yes, target: yes
2026-08-12 23:14:38.073 | DEBUG    | eval.evaluation.evaluation:metric_call:77 - metric_func_name exact_match score 1.0 msg exact match, response: no, target: no
2026-08-12 23:14:38.073 | DEBUG    | eval.evaluation.evaluation:metric_call:77 - metric_func_name exact_match score 1.0 msg exact match, response: yes, target: yes
2026-08-12 23:14:38.073 | DEBUG    | eval.evaluation.evaluation:metric_call:77 - metric_func_name exact_match score 1.0 msg exact match, response: yes, target: yes
2026-08-12 23:14:38.073 | DEBUG    | eval.evaluation.evaluation:metric_call:77 - metric_func_name exact_match score 1.0 msg exact match, response: yes, target: yes
2026-08-12 23:14:38.073 | DEBUG    | eval.evaluation.evaluation:metric_call:77 - metric_func_name exact_match score 1.0 msg exact match, response: yes, target: yes
2026-08-12 23:14:38.073 | DEBUG    | eval.evaluation.evaluation:metric_call:77 - metric_func_name exact_match score 1.0 msg exact match, response: yes, target: yes
2026-08-12 23:14:38.073 | DEBUG    | eval.evaluation.evaluation:metric_call:77 - metric_func_name exact_match score 1.0 msg exact match, response: yes, target: yes
2026-08-12 23:14:38.073 | DEBUG    | eval.evaluation.evaluation:metric_call:77 - metric_func_name exact_match score 1.0 msg exact match, response: yes, target: yes
2026-08-12 23:14:38.073 | DEBUG    | eval.evaluation.evaluation:metric_call:77 - metric_func_name exact_match score 1.0 msg exact match, response: yes, target: yes
2026-08-12 23:14:38.073 | DEBUG    | eval.evaluation.evaluation:metric_call:77 - metric_func_name exact_match score 1.0 msg exact match, response: yes, target: yes
2026-08-12 23:14:38.073 | DEBUG    | eval.evaluation.evaluation:metric_call:77 - metric_func_name exact_match score 1.0 msg exact match, response: yes, target: yes
2026-08-12 23:14:38.073 | DEBUG    | eval.evaluation.evaluation:metric_call:77 - metric_func_name exact_match score 1.0 msg exact match, response: yes, target: yes
2026-08-12 23:14:38.073 | DEBUG    | eval.evaluation.evaluation:metric_call:77 - metric_func_name exact_match score 1.0 msg exact match, response: yes, target: yes
2026-08-12 23:14:38.073 | DEBUG    | eval.evaluation.evaluation:metric_call:77 - metric_func_name exact_match score 1.0 msg exact match, response: yes, target: yes
2026-08-12 23:14:38.073 | DEBUG    | eval.evaluation.evaluation:metric_call:77 - metric_func_name exact_match score 1.0 msg exact match, response: yes, target: yes
2026-08-12 23:14:38.073 | DEBUG    | eval.evaluation.evaluation:metric_call:77 - metric_func_name exact_match score 1.0 msg exact match, response: yes, target: yes
2026-08-12 23:14:38.073 | DEBUG    | eval.evaluation.evaluation:metric_call:77 - metric_func_name exact_match score 1.0 msg exact match, response: yes, target: yes
2026-08-12 23:14:38.073 | DEBUG    | eval.evaluation.evaluation:metric_call:77 - metric_func_name exact_match score 1.0 msg exact match, response: yes, target: yes
2026-08-12 23:14:38.073 | DEBUG    | eval.evaluation.evaluation:metric_call:77 - metric_func_name exact_match score 1.0 msg exact match, response: yes, target: yes
2026-08-12 23:14:38.073 | DEBUG    | eval.evaluation.evaluation:metric_call:77 - metric_func_name exact_match score 1.0 msg exact match, response: yes, target: yes
2026-08-12 23:14:38.073 | DEBUG    | eval.evaluation.evaluation:metric_call:77 - metric_func_name exact_match score 1.0 msg exact match, response: yes, target: yes
2026-08-12 23:14:38.074 | DEBUG    | eval.evaluation.evaluation:metric_call:77 - metric_func_name exact_match score 1.0 msg exact match, response: yes, target: yes
2026-08-12 23:14:38.074 | DEBUG    | eval.evaluation.evaluation:metric_call:77 - metric_func_name exact_match score 1.0 msg exact match, response: yes, target: yes
2026-08-12 23:14:38.074 | DEBUG    | eval.evaluation.evaluation:metric_call:77 - metric_func_name exact_match score 1.0 msg exact match, response: yes, target: yes
2026-08-12 23:14:38.074 | DEBUG    | eval.evaluation.evaluation:metric_call:77 - metric_func_name exact_match score 1.0 msg exact match, response: yes, target: yes
2026-08-12 23:14:38.074 | DEBUG    | eval.evaluation.evaluation:metric_call:77 - metric_func_name exact_match score 1.0 msg exact match, response: yes, target: yes
2026-08-12 23:14:38.074 | DEBUG    | eval.evaluation.evaluation:metric_call:77 - metric_func_name exact_match score 1.0 msg exact match, response: yes, target: yes
2026-08-12 23:14:38.074 | DEBUG    | eval.evaluation.evaluation:metric_call:77 - metric_func_name exact_match score 1.0 msg exact match, response: yes, target: yes
2026-08-12 23:14:38.074 | DEBUG    | eval.evaluation.evaluation:metric_call:77 - metric_func_name exact_match score 1.0 msg exact match, response: yes, target: yes
2026-08-12 23:14:38.074 | DEBUG    | eval.evaluation.evaluation:metric_call:77 - metric_func_name exact_match score 1.0 msg exact match, response: yes, target: yes
2026-08-12 23:14:38.074 | DEBUG    | eval.evaluation.evaluation:metric_call:77 - metric_func_name exact_match score 1.0 msg exact match, response: yes, target: yes
2026-08-12 23:14:38.074 | DEBUG    | eval.evaluation.evaluation:metric_call:77 - metric_func_name exact_match score 1.0 msg exact match, response: yes, target: yes
2026-08-12 23:14:38.074 | DEBUG    | eval.evaluation.evaluation:metric_call:77 - metric_func_name exact_match score 1.0 msg exact match, response: yes, target: yes
2026-08-12 23:14:38.074 | DEBUG    | eval.evaluation.evaluation:metric_call:77 - metric_func_name exact_match score 1.0 msg exact match, response: yes, target: yes
2026-08-12 23:14:38.074 | DEBUG    | eval.evaluation.evaluation:metric_call:77 - metric_func_name exact_match score 1.0 msg exact match, response: yes, target: yes
2026-08-12 23:14:38.074 | DEBUG    | eval.evaluation.evaluation:metric_call:77 - metric_func_name exact_match score 1.0 msg exact match, response: yes, target: yes
2026-08-12 23:14:38.074 | DEBUG    | eval.evaluation.evaluation:metric_call:77 - metric_func_name exact_match score 1.0 msg exact match, response: yes, target: yes
2026-08-12 23:14:38.074 | DEBUG    | eval.evaluation.evaluation:metric_call:77 - metric_func_name exact_match score 1.0 msg exact match, response: yes, target: yes
2026-08-12 23:14:38.074 | DEBUG    | eval.evaluation.evaluation:metric_call:77 - metric_func_name exact_match score 1.0 msg exact match, response: yes, target: yes
2026-08-12 23:14:38.074 | DEBUG    | eval.evaluation.evaluation:metric_call:77 - metric_func_name exact_match score 1.0 msg exact match, response: yes, target: yes
2026-08-12 23:14:38.074 | DEBUG    | eval.evaluation.evaluation:metric_call:77 - metric_func_name exact_match score 1.0 msg exact match, response: yes, target: yes
2026-08-12 23:14:38.074 | DEBUG    | eval.evaluation.evaluation:metric_call:77 - metric_func_name exact_match score 1.0 msg exact match, response: yes, target: yes
2026-08-12 23:14:38.074 | DEBUG    | eval.evaluation.evaluation:metric_call:77 - metric_func_name exact_match score 1.0 msg exact match, response: yes, target: yes
2026-08-12 23:14:38.075 | DEBUG    | eval.evaluation.evaluation:evaluate_single_query:321 - wide2deep_ws_en_043, col mountainscenery, metric_func_name exact_match, score [1.0, 1.0, 1.0, 1.0, 1.0, 1.0, 1.0, 1.0, 1.0, 1.0, 1.0, 1.0, 1.0, 1.0, 1.0, 1.0, 1.0, 1.0, 1.0, 1.0, 1.0, 1.0, 1.0, 1.0, 1.0, 1.0, 1.0, 1.0, 1.0, 1.0, 1.0, 1.0, 1.0, 1.0, 1.0, 1.0, 1.0, 1.0, 1.0, 1.0, 1.0, 1.0, 1.0, 1.0, 1.0, 1.0, 1.0, 1.0, 1.0, 1.0, 1.0, 1.0, 1.0, 1.0, 1.0, 1.0, 1.0, 1.0, 1.0, 1.0, 1.0, 1.0, 1.0]
2026-08-12 23:14:38.084 | INFO     | eval.evaluation.evaluation:evaluate_single_query:380 - wide2deep_ws_en_043, P/R/F1 by unique_columns: 1.0000/1.0000/1.0000
2026-08-12 23:14:38.084 | INFO     | eval.evaluation.evaluation:evaluate_single_query:383 - wide2deep_ws_en_043, P/R/F1 by row: 0.0000/0.0000/0.0000
2026-08-12 23:14:38.084 | INFO     | eval.evaluation.evaluation:evaluate_single_query:386 - wide2deep_ws_en_043, P/R/F1 by item: 0.7460/0.7460/0.7460
2026-08-12 23:14:38.089 | INFO     | eval.evaluation.evaluation:evaluate_single_query:398 - wide2deep_ws_en_043, final table score: 0.0
{"event": "eval_done", "idx": 4, "instance_id": "wide2deep_ws_en_043", "score": 0.0, "entity_acc": 1.0, "f1_by_row": 0.0, "f1_by_item": 0.746031746031746, "column_f1": 1.0, "error": null, "elapsed_seconds": 13.92, "running_n": 4}
2026-08-12 23:14:41.215 | DEBUG    | eval.evaluation.data_loader:extract_dataframe:167 - find markdown_str 
| Start Date | End Date | Duration (days) | President | Speaker ...
2026-08-12 23:14:45.112 | INFO     | eval.evaluation.metric_utils:primary_key_preprocess:246 - primary_key_preprocess result: ```json
{
  "1980-05-01": "1980-05-01",
  "1984-10-04": "1984-10-04",
  "1986-10-17": "1986-10-17",
  "1990-10-06": "1990-10-06",
  "1995-11-14": "1995-11-14",
  "1995-12-16": "1995-12-16",
  "2013-10-01": "2013-10-01",
  "2018-01-20": "2018-01-20",
  "2018-12-22": "2018-12-22"
}
```
2026-08-12 23:14:45.112 | INFO     | eval.evaluation.evaluation:evaluate_single_query:223 - col: startdate, primary_key_map {'1980-05-01': '1980-05-01', '1984-10-04': '1984-10-04', '1986-10-17': '1986-10-17', '1990-10-06': '1990-10-06', '1995-11-14': '1995-11-14', '1995-12-16': '1995-12-16', '2013-10-01': '2013-10-01', '2018-01-20': '2018-01-20', '2018-12-22': '2018-12-22'}
2026-08-12 23:14:45.121 | INFO     | eval.evaluation.evaluation:evaluate_single_query:275 - wide2deep_ws_en_047, df_inner shape: (9, 18), answer_df shape: (20, 9), response_df shape: (10, 10)
2026-08-12 23:14:45.122 | DEBUG    | eval.evaluation.evaluation:metric_call:77 - metric_func_name exact_match score 1.0 msg exact match, response: 1980-05-01, target: 1980-05-01
2026-08-12 23:14:45.122 | DEBUG    | eval.evaluation.evaluation:metric_call:77 - metric_func_name exact_match score 0.0 msg exact not match, response: 1984-10-04, target: 1984-10-05
2026-08-12 23:14:45.122 | DEBUG    | eval.evaluation.evaluation:metric_call:77 - metric_func_name exact_match score 0.0 msg exact not match, response: 1986-10-17, target: 1986-10-18
2026-08-12 23:14:45.122 | DEBUG    | eval.evaluation.evaluation:metric_call:77 - metric_func_name exact_match score 0.0 msg exact not match, response: 1990-10-08, target: 1990-10-09
2026-08-12 23:14:45.122 | DEBUG    | eval.evaluation.evaluation:metric_call:77 - metric_func_name exact_match score 1.0 msg exact match, response: 1995-11-19, target: 1995-11-19
2026-08-12 23:14:45.122 | DEBUG    | eval.evaluation.evaluation:metric_call:77 - metric_func_name exact_match score 1.0 msg exact match, response: 1996-01-06, target: 1996-01-06
2026-08-12 23:14:45.122 | DEBUG    | eval.evaluation.evaluation:metric_call:77 - metric_func_name exact_match score 0.0 msg exact not match, response: 2013-10-16, target: 2013-10-17
2026-08-12 23:14:45.122 | DEBUG    | eval.evaluation.evaluation:metric_call:77 - metric_func_name exact_match score 1.0 msg exact match, response: 2018-01-22, target: 2018-01-22
2026-08-12 23:14:45.122 | DEBUG    | eval.evaluation.evaluation:metric_call:77 - metric_func_name exact_match score 1.0 msg exact match, response: 2019-01-25, target: 2019-01-25
2026-08-12 23:14:45.123 | DEBUG    | eval.evaluation.evaluation:evaluate_single_query:321 - wide2deep_ws_en_047, col enddate, metric_func_name exact_match, score [1.0, 0.0, 0.0, 0.0, 1.0, 1.0, 0.0, 1.0, 1.0]
2026-08-12 23:14:49.975 | DEBUG    | eval.evaluation.evaluation:evaluate_single_query:321 - wide2deep_ws_en_047, col duration(days), metric_func_name llm_judge, score [1, 1, 1, 1, 1, 1, 1, 1, 1]
2026-08-12 23:14:53.650 | DEBUG    | eval.evaluation.evaluation:evaluate_single_query:321 - wide2deep_ws_en_047, col president, metric_func_name llm_judge, score [1, 1, 1, 1, 1, 1, 1, 1, 1]
2026-08-12 23:14:58.362 | DEBUG    | eval.evaluation.evaluation:evaluate_single_query:321 - wide2deep_ws_en_047, col speakerofthehouse, metric_func_name llm_judge, score [1, 1, 1, 1, 1, 1, 1, 1, 0]
2026-08-12 23:15:00.859 | DEBUG    | eval.evaluation.evaluation:evaluate_single_query:321 - wide2deep_ws_en_047, col senatemajorityleader, metric_func_name llm_judge, score [1, 1, 1, 1, 1, 1, 1, 1, 1]
2026-08-12 23:15:00.860 | DEBUG    | eval.evaluation.evaluation:metric_call:77 - metric_func_name number_near score 1.0 msg number near in range 5.0%, response: 1600.0, target: 1600.0
2026-08-12 23:15:00.860 | DEBUG    | eval.evaluation.evaluation:metric_call:77 - metric_func_name number_near score 0.0 msg number not convertable, response: None, target: 500000.0
2026-08-12 23:15:00.860 | DEBUG    | eval.evaluation.evaluation:metric_call:77 - metric_func_name number_near score 0.0 msg number not convertable, response: None, target: 500000.0
2026-08-12 23:15:00.860 | DEBUG    | eval.evaluation.evaluation:metric_call:77 - metric_func_name number_near score 0.0 msg number not convertable, response: None, target: 2800.0
2026-08-12 23:15:00.860 | DEBUG    | eval.evaluation.evaluation:metric_call:77 - metric_func_name number_near score 0.0 msg number not convertable, response: None, target: 800000.0
2026-08-12 23:15:00.861 | DEBUG    | eval.evaluation.evaluation:metric_call:77 - metric_func_name number_near score 0.0 msg number not convertable, response: None, target: 284000.0
2026-08-12 23:15:00.861 | DEBUG    | eval.evaluation.evaluation:metric_call:77 - metric_func_name number_near score 0.0 msg number not convertable, response: None, target: 800000.0
2026-08-12 23:15:00.861 | DEBUG    | eval.evaluation.evaluation:metric_call:77 - metric_func_name number_near score 0.0 msg number not convertable, response: None, target: 692900.0
2026-08-12 23:15:00.861 | DEBUG    | eval.evaluation.evaluation:metric_call:77 - metric_func_name number_near score 0.0 msg number not convertable, response: None, target: 380000.0
2026-08-12 23:15:00.862 | DEBUG    | eval.evaluation.evaluation:evaluate_single_query:321 - wide2deep_ws_en_047, col furloughedemployees, metric_func_name number_near, score [1.0, 0.0, 0.0, 0.0, 0.0, 0.0, 0.0, 0.0, 0.0]
2026-08-12 23:15:00.862 | DEBUG    | eval.evaluation.evaluation:metric_call:77 - metric_func_name number_near score 1.0 msg number near in range 5.0%, response: 0.7, target: 0.7
2026-08-12 23:15:00.862 | DEBUG    | eval.evaluation.evaluation:metric_call:77 - metric_func_name number_near score 1.0 msg number near in range 5.0%, response: 65.0, target: 65.0
2026-08-12 23:15:00.862 | DEBUG    | eval.evaluation.evaluation:metric_call:77 - metric_func_name number_near score 1.0 msg number near in range 5.0%, response: 62.0, target: 62.0
2026-08-12 23:15:00.862 | DEBUG    | eval.evaluation.evaluation:metric_call:77 - metric_func_name number_near score 1.0 msg number near in range 5.0%, response: 2.6, target: 2.6
2026-08-12 23:15:00.862 | DEBUG    | eval.evaluation.evaluation:metric_call:77 - metric_func_name number_near score 0.0 msg number not near, response: 430.0, target: 400.0
2026-08-12 23:15:00.862 | DEBUG    | eval.evaluation.evaluation:metric_call:77 - metric_func_name number_near score 1.0 msg number near in range 5.0%, response: 970.0, target: 1000.0
2026-08-12 23:15:00.862 | DEBUG    | eval.evaluation.evaluation:metric_call:77 - metric_func_name number_near score 1.0 msg number near in range 5.0%, response: 2000.0, target: 2100.0
2026-08-12 23:15:00.863 | DEBUG    | eval.evaluation.evaluation:metric_call:77 - metric_func_name number_near score 1.0 msg number equal, response: NULL, target: NULL
2026-08-12 23:15:00.863 | DEBUG    | eval.evaluation.evaluation:metric_call:77 - metric_func_name number_near score 0.0 msg number not near, response: 3000.0, target: 5000.0
2026-08-12 23:15:00.863 | DEBUG    | eval.evaluation.evaluation:evaluate_single_query:321 - wide2deep_ws_en_047, col estimatedloss(usdmillion), metric_func_name number_near, score [1.0, 1.0, 1.0, 1.0, 0.0, 1.0, 1.0, 1.0, 0.0]
2026-08-12 23:15:05.184 | DEBUG    | eval.evaluation.evaluation:evaluate_single_query:321 - wide2deep_ws_en_047, col maindisputedprovisions, metric_func_name llm_judge, score [0, 1, 0, 1, 1, 1, 1, 1, 1]
2026-08-12 23:15:05.189 | INFO     | eval.evaluation.evaluation:evaluate_single_query:380 - wide2deep_ws_en_047, P/R/F1 by unique_columns: 0.9000/0.4500/0.6000
2026-08-12 23:15:05.189 | INFO     | eval.evaluation.evaluation:evaluate_single_query:383 - wide2deep_ws_en_047, P/R/F1 by row: 0.0000/0.0000/0.0000
2026-08-12 23:15:05.189 | INFO     | eval.evaluation.evaluation:evaluate_single_query:386 - wide2deep_ws_en_047, P/R/F1 by item: 0.7111/0.3556/0.4741
2026-08-12 23:15:05.191 | INFO     | eval.evaluation.evaluation:evaluate_single_query:398 - wide2deep_ws_en_047, final table score: 0.0
{"event": "eval_done", "idx": 5, "instance_id": "wide2deep_ws_en_047", "score": 0.0, "entity_acc": 1.0, "f1_by_row": 0.0, "f1_by_item": 0.4740740740740741, "column_f1": 0.6, "error": null, "elapsed_seconds": 27.085, "running_n": 5}
{"event": "eval_done", "idx": 6, "instance_id": "wide2deep_ws_en_049", "score": 0.0, "entity_acc": 0.0, "f1_by_row": 0.0, "f1_by_item": 0.0, "column_f1": 0.0, "error": null, "elapsed_seconds": 2.371, "running_n": 6}
2026-08-12 23:15:11.903 | DEBUG    | eval.evaluation.data_loader:extract_dataframe:167 - find markdown_str 
| Country | Share of Women Seats 1995(%) | Total Seats 1995 | S ...
2026-08-12 23:15:16.593 | INFO     | eval.evaluation.metric_utils:primary_key_preprocess:246 - primary_key_preprocess result: ```json
{
  "Australia": "Australia",
  "Austria": "Austria",
  "Belgium": "Belgium",
  "Canada": "Canada",
  "Chile": "Chile",
  "Colombia": "Colombia",
  "Costa Rica": "Costa Rica",
  "Czechia": "Czech Republic",
  "Denmark": "Denmark",
  "Estonia": "Estonia",
  "Finland": "Finland",
  "France": "France",
  "Germany": "Germany",
  "Greece": "Greece",
  "Hungary": "Hungary",
  "Iceland": "Iceland",
  "Ireland": "Ireland",
  "Israel": "Israel",
  "Italy": "Italy",
  "Japan": "Japan",
  "Latvia": "Latvia",
  "Lithuania": "Lithuania",
  "Luxembourg": "Luxembourg",
  "Mexico": "Mexico",
  "Netherlands": "Netherlands",
  "New Zealand": "New Zealand",
  "Norway": "Norway",
  "Poland": "Poland",
  "Portugal": "Portugal",
  "Slovakia": "Slovak Republic",
  "Slovenia": "Slovenia",
  "South Korea": "Korea",
  "Spain": "Spain",
  "Sweden": "Sweden",
  "Switzerland": "Switzerland",
  "Türkiye": "Turkey",
  "United Kingdom": "United Kingdom",
  "United States": "United States"
}
```
2026-08-12 23:15:16.593 | INFO     | eval.evaluation.evaluation:evaluate_single_query:223 - col: country, primary_key_map {'Australia': 'Australia', 'Austria': 'Austria', 'Belgium': 'Belgium', 'Canada': 'Canada', 'Chile': 'Chile', 'Colombia': 'Colombia', 'Costa Rica': 'Costa Rica', 'Czechia': 'Czech Republic', 'Denmark': 'Denmark', 'Estonia': 'Estonia', 'Finland': 'Finland', 'France': 'France', 'Germany': 'Germany', 'Greece': 'Greece', 'Hungary': 'Hungary', 'Iceland': 'Iceland', 'Ireland': 'Ireland', 'Israel': 'Israel', 'Italy': 'Italy', 'Japan': 'Japan', 'Latvia': 'Latvia', 'Lithuania': 'Lithuania', 'Luxembourg': 'Luxembourg', 'Mexico': 'Mexico', 'Netherlands': 'Netherlands', 'New Zealand': 'New Zealand', 'Norway': 'Norway', 'Poland': 'Poland', 'Portugal': 'Portugal', 'Slovakia': 'Slovak Republic', 'Slovenia': 'Slovenia', 'South Korea': 'Korea', 'Spain': 'Spain', 'Sweden': 'Sweden', 'Switzerland': 'Switzerland', 'Türkiye': 'Turkey', 'United Kingdom': 'United Kingdom', 'United States': 'United States'}
2026-08-12 23:15:16.601 | INFO     | eval.evaluation.evaluation:evaluate_single_query:275 - wide2deep_ws_en_050, df_inner shape: (38, 18), answer_df shape: (38, 9), response_df shape: (38, 10)
2026-08-12 23:15:16.602 | DEBUG    | eval.evaluation.evaluation:metric_call:77 - metric_func_name number_near score 1.0 msg number near in range 5.0%, response: 8.8, target: 8.8
2026-08-12 23:15:16.602 | DEBUG    | eval.evaluation.evaluation:metric_call:77 - metric_func_name number_near score 0.0 msg number not near, response: 26.8, target: 14.2
2026-08-12 23:15:16.602 | DEBUG    | eval.evaluation.evaluation:metric_call:77 - metric_func_name number_near score 1.0 msg number near in range 5.0%, response: 12.0, target: 12.0
2026-08-12 23:15:16.602 | DEBUG    | eval.evaluation.evaluation:metric_call:77 - metric_func_name number_near score 1.0 msg number near in range 5.0%, response: 18.0, target: 18.0
2026-08-12 23:15:16.602 | DEBUG    | eval.evaluation.evaluation:metric_call:77 - metric_func_name number_near score 1.0 msg number equal, response: NULL, target: NULL
2026-08-12 23:15:16.602 | DEBUG    | eval.evaluation.evaluation:metric_call:77 - metric_func_name number_near score 1.0 msg number equal, response: NULL, target: NULL
2026-08-12 23:15:16.602 | DEBUG    | eval.evaluation.evaluation:metric_call:77 - metric_func_name number_near score 1.0 msg number equal, response: NULL, target: NULL
2026-08-12 23:15:16.603 | DEBUG    | eval.evaluation.evaluation:metric_call:77 - metric_func_name number_near score 1.0 msg number near in range 5.0%, response: 10.0, target: 10.0
2026-08-12 23:15:16.603 | DEBUG    | eval.evaluation.evaluation:metric_call:77 - metric_func_name number_near score 1.0 msg number near in range 5.0%, response: 33.0, target: 33.5
2026-08-12 23:15:16.603 | DEBUG    | eval.evaluation.evaluation:metric_call:77 - metric_func_name number_near score 1.0 msg number equal, response: NULL, target: NULL
2026-08-12 23:15:16.603 | DEBUG    | eval.evaluation.evaluation:metric_call:77 - metric_func_name number_near score 1.0 msg number near in range 5.0%, response: 33.5, target: 33.5
2026-08-12 23:15:16.603 | DEBUG    | eval.evaluation.evaluation:metric_call:77 - metric_func_name number_near score 1.0 msg number near in range 5.0%, response: 6.4, target: 6.4
2026-08-12 23:15:16.603 | DEBUG    | eval.evaluation.evaluation:metric_call:77 - metric_func_name number_near score 1.0 msg number near in range 5.0%, response: 26.3, target: 26.3
2026-08-12 23:15:16.603 | DEBUG    | eval.evaluation.evaluation:metric_call:77 - metric_func_name number_near score 1.0 msg number near in range 5.0%, response: 6.3, target: 6.0
2026-08-12 23:15:16.603 | DEBUG    | eval.evaluation.evaluation:metric_call:77 - metric_func_name number_near score 1.0 msg number equal, response: NULL, target: NULL
2026-08-12 23:15:16.603 | DEBUG    | eval.evaluation.evaluation:metric_call:77 - metric_func_name number_near score 1.0 msg number near in range 5.0%, response: 25.4, target: 25.4
2026-08-12 23:15:16.603 | DEBUG    | eval.evaluation.evaluation:metric_call:77 - metric_func_name number_near score 1.0 msg number near in range 5.0%, response: 12.0, target: 12.0
2026-08-12 23:15:16.603 | DEBUG    | eval.evaluation.evaluation:metric_call:77 - metric_func_name number_near score 0.0 msg number not convertable, response: 9.2, target: None
2026-08-12 23:15:16.603 | DEBUG    | eval.evaluation.evaluation:metric_call:77 - metric_func_name number_near score 1.0 msg number near in range 5.0%, response: 15.1, target: 15.1
2026-08-12 23:15:16.603 | DEBUG    | eval.evaluation.evaluation:metric_call:77 - metric_func_name number_near score 1.0 msg number near in range 5.0%, response: 2.7, target: 2.7
2026-08-12 23:15:16.603 | DEBUG    | eval.evaluation.evaluation:metric_call:77 - metric_func_name number_near score 1.0 msg number equal, response: NULL, target: NULL
2026-08-12 23:15:16.603 | DEBUG    | eval.evaluation.evaluation:metric_call:77 - metric_func_name number_near score 1.0 msg number equal, response: NULL, target: NULL
2026-08-12 23:15:16.603 | DEBUG    | eval.evaluation.evaluation:metric_call:77 - metric_func_name number_near score 1.0 msg number equal, response: NULL, target: NULL
2026-08-12 23:15:16.603 | DEBUG    | eval.evaluation.evaluation:metric_call:77 - metric_func_name number_near score 1.0 msg number near in range 5.0%, response: 20.0, target: 20.0
2026-08-12 23:15:16.603 | DEBUG    | eval.evaluation.evaluation:metric_call:77 - metric_func_name number_near score 1.0 msg number near in range 5.0%, response: 14.2, target: 14.2
2026-08-12 23:15:16.603 | DEBUG    | eval.evaluation.evaluation:metric_call:77 - metric_func_name number_near score 1.0 msg number near in range 5.0%, response: 31.3, target: 32.7
2026-08-12 23:15:16.604 | DEBUG    | eval.evaluation.evaluation:metric_call:77 - metric_func_name number_near score 1.0 msg number near in range 5.0%, response: 21.2, target: 21.2
2026-08-12 23:15:16.604 | DEBUG    | eval.evaluation.evaluation:metric_call:77 - metric_func_name number_near score 1.0 msg number near in range 5.0%, response: 39.4, target: 39.4
2026-08-12 23:15:16.604 | DEBUG    | eval.evaluation.evaluation:metric_call:77 - metric_func_name number_near score 1.0 msg number equal, response: NULL, target: NULL
2026-08-12 23:15:16.604 | DEBUG    | eval.evaluation.evaluation:metric_call:77 - metric_func_name number_near score 1.0 msg number near in range 5.0%, response: 13.0, target: 13.0
2026-08-12 23:15:16.604 | DEBUG    | eval.evaluation.evaluation:metric_call:77 - metric_func_name number_near score 1.0 msg number equal, response: NULL, target: NULL
2026-08-12 23:15:16.604 | DEBUG    | eval.evaluation.evaluation:metric_call:77 - metric_func_name number_near score 1.0 msg number equal, response: NULL, target: NULL
2026-08-12 23:15:16.604 | DEBUG    | eval.evaluation.evaluation:metric_call:77 - metric_func_name number_near score 1.0 msg number near in range 5.0%, response: 16.0, target: 16.0
2026-08-12 23:15:16.604 | DEBUG    | eval.evaluation.evaluation:metric_call:77 - metric_func_name number_near score 1.0 msg number near in range 5.0%, response: 40.4, target: 40.4
2026-08-12 23:15:16.604 | DEBUG    | eval.evaluation.evaluation:metric_call:77 - metric_func_name number_near score 1.0 msg number near in range 5.0%, response: 21.0, target: 21.0
2026-08-12 23:15:16.604 | DEBUG    | eval.evaluation.evaluation:metric_call:77 - metric_func_name number_near score 1.0 msg number near in range 5.0%, response: 2.4, target: 2.4
2026-08-12 23:15:16.604 | DEBUG    | eval.evaluation.evaluation:metric_call:77 - metric_func_name number_near score 1.0 msg number near in range 5.0%, response: 9.2, target: 9.2
2026-08-12 23:15:16.604 | DEBUG    | eval.evaluation.evaluation:metric_call:77 - metric_func_name number_near score 1.0 msg number near in range 5.0%, response: 10.9, target: 10.9
2026-08-12 23:15:16.605 | DEBUG    | eval.evaluation.evaluation:evaluate_single_query:321 - wide2deep_ws_en_050, col shareofwomenseats1995(%), metric_func_name number_near, score [1.0, 0.0, 1.0, 1.0, 1.0, 1.0, 1.0, 1.0, 1.0, 1.0, 1.0, 1.0, 1.0, 1.0, 1.0, 1.0, 1.0, 0.0, 1.0, 1.0, 1.0, 1.0, 1.0, 1.0, 1.0, 1.0, 1.0, 1.0, 1.0, 1.0, 1.0, 1.0, 1.0, 1.0, 1.0, 1.0, 1.0, 1.0]
2026-08-12 23:15:16.605 | DEBUG    | eval.evaluation.evaluation:metric_call:77 - metric_func_name number_near score 1.0 msg number near in range 5.0%, response: 148.0, target: 148.0
2026-08-12 23:15:16.605 | DEBUG    | eval.evaluation.evaluation:metric_call:77 - metric_func_name number_near score 1.0 msg number near in range 5.0%, response: 183.0, target: 183.0
2026-08-12 23:15:16.605 | DEBUG    | eval.evaluation.evaluation:metric_call:77 - metric_func_name number_near score 1.0 msg number near in range 5.0%, response: 150.0, target: 150.0
2026-08-12 23:15:16.605 | DEBUG    | eval.evaluation.evaluation:metric_call:77 - metric_func_name number_near score 1.0 msg number near in range 5.0%, response: 295.0, target: 295.0
2026-08-12 23:15:16.605 | DEBUG    | eval.evaluation.evaluation:metric_call:77 - metric_func_name number_near score 1.0 msg number equal, response: NULL, target: NULL
2026-08-12 23:15:16.605 | DEBUG    | eval.evaluation.evaluation:metric_call:77 - metric_func_name number_near score 1.0 msg number equal, response: NULL, target: NULL
2026-08-12 23:15:16.605 | DEBUG    | eval.evaluation.evaluation:metric_call:77 - metric_func_name number_near score 1.0 msg number equal, response: NULL, target: NULL
2026-08-12 23:15:16.605 | DEBUG    | eval.evaluation.evaluation:metric_call:77 - metric_func_name number_near score 1.0 msg number near in range 5.0%, response: 200.0, target: 200.0
2026-08-12 23:15:16.605 | DEBUG    | eval.evaluation.evaluation:metric_call:77 - metric_func_name number_near score 1.0 msg number near in range 5.0%, response: 179.0, target: 179.0
2026-08-12 23:15:16.606 | DEBUG    | eval.evaluation.evaluation:metric_call:77 - metric_func_name number_near score 1.0 msg number equal, response: NULL, target: NULL
2026-08-12 23:15:16.606 | DEBUG    | eval.evaluation.evaluation:metric_call:77 - metric_func_name number_near score 1.0 msg number near in range 5.0%, response: 200.0, target: 200.0
2026-08-12 23:15:16.606 | DEBUG    | eval.evaluation.evaluation:metric_call:77 - metric_func_name number_near score 1.0 msg number near in range 5.0%, response: 577.0, target: 577.0
2026-08-12 23:15:16.606 | DEBUG    | eval.evaluation.evaluation:metric_call:77 - metric_func_name number_near score 1.0 msg number near in range 5.0%, response: 672.0, target: 672.0
2026-08-12 23:15:16.606 | DEBUG    | eval.evaluation.evaluation:metric_call:77 - metric_func_name number_near score 1.0 msg number near in range 5.0%, response: 300.0, target: 300.0
2026-08-12 23:15:16.606 | DEBUG    | eval.evaluation.evaluation:metric_call:77 - metric_func_name number_near score 1.0 msg number equal, response: NULL, target: NULL
2026-08-12 23:15:16.606 | DEBUG    | eval.evaluation.evaluation:metric_call:77 - metric_func_name number_near score 1.0 msg number near in range 5.0%, response: 63.0, target: 63.0
2026-08-12 23:15:16.606 | DEBUG    | eval.evaluation.evaluation:metric_call:77 - metric_func_name number_near score 1.0 msg number near in range 5.0%, response: 166.0, target: 166.0
2026-08-12 23:15:16.606 | DEBUG    | eval.evaluation.evaluation:metric_call:77 - metric_func_name number_near score 0.0 msg number not convertable, response: 120.0, target: None
2026-08-12 23:15:16.606 | DEBUG    | eval.evaluation.evaluation:metric_call:77 - metric_func_name number_near score 1.0 msg number near in range 5.0%, response: 630.0, target: 630.0
2026-08-12 23:15:16.606 | DEBUG    | eval.evaluation.evaluation:metric_call:77 - metric_func_name number_near score 1.0 msg number near in range 5.0%, response: 511.0, target: 511.0
2026-08-12 23:15:16.606 | DEBUG    | eval.evaluation.evaluation:metric_call:77 - metric_func_name number_near score 1.0 msg number equal, response: NULL, target: NULL
2026-08-12 23:15:16.606 | DEBUG    | eval.evaluation.evaluation:metric_call:77 - metric_func_name number_near score 1.0 msg number equal, response: NULL, target: NULL
2026-08-12 23:15:16.606 | DEBUG    | eval.evaluation.evaluation:metric_call:77 - metric_func_name number_near score 1.0 msg number equal, response: NULL, target: NULL
2026-08-12 23:15:16.606 | DEBUG    | eval.evaluation.evaluation:metric_call:77 - metric_func_name number_near score 1.0 msg number near in range 5.0%, response: 60.0, target: 60.0
2026-08-12 23:15:16.606 | DEBUG    | eval.evaluation.evaluation:metric_call:77 - metric_func_name number_near score 1.0 msg number near in range 5.0%, response: 500.0, target: 500.0
2026-08-12 23:15:16.606 | DEBUG    | eval.evaluation.evaluation:metric_call:77 - metric_func_name number_near score 1.0 msg number near in range 5.0%, response: 150.0, target: 150.0
2026-08-12 23:15:16.606 | DEBUG    | eval.evaluation.evaluation:metric_call:77 - metric_func_name number_near score 1.0 msg number near in range 5.0%, response: 99.0, target: 99.0
2026-08-12 23:15:16.606 | DEBUG    | eval.evaluation.evaluation:metric_call:77 - metric_func_name number_near score 1.0 msg number near in range 5.0%, response: 165.0, target: 165.0
2026-08-12 23:15:16.607 | DEBUG    | eval.evaluation.evaluation:metric_call:77 - metric_func_name number_near score 1.0 msg number equal, response: NULL, target: NULL
2026-08-12 23:15:16.607 | DEBUG    | eval.evaluation.evaluation:metric_call:77 - metric_func_name number_near score 1.0 msg number near in range 5.0%, response: 230.0, target: 230.0
2026-08-12 23:15:16.607 | DEBUG    | eval.evaluation.evaluation:metric_call:77 - metric_func_name number_near score 1.0 msg number equal, response: NULL, target: NULL
2026-08-12 23:15:16.607 | DEBUG    | eval.evaluation.evaluation:metric_call:77 - metric_func_name number_near score 1.0 msg number equal, response: NULL, target: NULL
2026-08-12 23:15:16.607 | DEBUG    | eval.evaluation.evaluation:metric_call:77 - metric_func_name number_near score 1.0 msg number near in range 5.0%, response: 350.0, target: 350.0
2026-08-12 23:15:16.607 | DEBUG    | eval.evaluation.evaluation:metric_call:77 - metric_func_name number_near score 1.0 msg number near in range 5.0%, response: 349.0, target: 349.0
2026-08-12 23:15:16.607 | DEBUG    | eval.evaluation.evaluation:metric_call:77 - metric_func_name number_near score 1.0 msg number near in range 5.0%, response: 200.0, target: 200.0
2026-08-12 23:15:16.607 | DEBUG    | eval.evaluation.evaluation:metric_call:77 - metric_func_name number_near score 1.0 msg number near in range 5.0%, response: 550.0, target: 550.0
2026-08-12 23:15:16.607 | DEBUG    | eval.evaluation.evaluation:metric_call:77 - metric_func_name number_near score 1.0 msg number near in range 5.0%, response: 651.0, target: 651.0
2026-08-12 23:15:16.607 | DEBUG    | eval.evaluation.evaluation:metric_call:77 - metric_func_name number_near score 1.0 msg number near in range 5.0%, response: 435.0, target: 435.0
2026-08-12 23:15:16.608 | DEBUG    | eval.evaluation.evaluation:evaluate_single_query:321 - wide2deep_ws_en_050, col totalseats1995, metric_func_name number_near, score [1.0, 1.0, 1.0, 1.0, 1.0, 1.0, 1.0, 1.0, 1.0, 1.0, 1.0, 1.0, 1.0, 1.0, 1.0, 1.0, 1.0, 0.0, 1.0, 1.0, 1.0, 1.0, 1.0, 1.0, 1.0, 1.0, 1.0, 1.0, 1.0, 1.0, 1.0, 1.0, 1.0, 1.0, 1.0, 1.0, 1.0, 1.0]
2026-08-12 23:15:16.608 | DEBUG    | eval.evaluation.evaluation:metric_call:77 - metric_func_name number_near score 1.0 msg number near in range 5.0%, response: 24.7, target: 24.7
2026-08-12 23:15:16.608 | DEBUG    | eval.evaluation.evaluation:metric_call:77 - metric_func_name number_near score 1.0 msg number near in range 5.0%, response: 33.9, target: 33.9
2026-08-12 23:15:16.608 | DEBUG    | eval.evaluation.evaluation:metric_call:77 - metric_func_name number_near score 1.0 msg number near in range 5.0%, response: 34.7, target: 34.7
2026-08-12 23:15:16.608 | DEBUG    | eval.evaluation.evaluation:metric_call:77 - metric_func_name number_near score 1.0 msg number near in range 5.0%, response: 21.1, target: 21.1
2026-08-12 23:15:16.608 | DEBUG    | eval.evaluation.evaluation:metric_call:77 - metric_func_name number_near score 1.0 msg number equal, response: NULL, target: NULL
2026-08-12 23:15:16.608 | DEBUG    | eval.evaluation.evaluation:metric_call:77 - metric_func_name number_near score 1.0 msg number equal, response: NULL, target: NULL
2026-08-12 23:15:16.608 | DEBUG    | eval.evaluation.evaluation:metric_call:77 - metric_func_name number_near score 1.0 msg number equal, response: NULL, target: NULL
2026-08-12 23:15:16.608 | DEBUG    | eval.evaluation.evaluation:metric_call:77 - metric_func_name number_near score 1.0 msg number near in range 5.0%, response: 17.0, target: 17.0
2026-08-12 23:15:16.608 | DEBUG    | eval.evaluation.evaluation:metric_call:77 - metric_func_name number_near score 1.0 msg number near in range 5.0%, response: 36.9, target: 36.9
2026-08-12 23:15:16.608 | DEBUG    | eval.evaluation.evaluation:metric_call:77 - metric_func_name number_near score 1.0 msg number equal, response: NULL, target: NULL
2026-08-12 23:15:16.608 | DEBUG    | eval.evaluation.evaluation:metric_call:77 - metric_func_name number_near score 1.0 msg number near in range 5.0%, response: 37.5, target: 37.5
2026-08-12 23:15:16.608 | DEBUG    | eval.evaluation.evaluation:metric_call:77 - metric_func_name number_near score 1.0 msg number near in range 5.0%, response: 12.2, target: 12.2
2026-08-12 23:15:16.608 | DEBUG    | eval.evaluation.evaluation:metric_call:77 - metric_func_name number_near score 1.0 msg number near in range 5.0%, response: 31.8, target: 31.8
2026-08-12 23:15:16.609 | DEBUG    | eval.evaluation.evaluation:metric_call:77 - metric_func_name number_near score 1.0 msg number near in range 5.0%, response: 13.0, target: 13.0
2026-08-12 23:15:16.609 | DEBUG    | eval.evaluation.evaluation:metric_call:77 - metric_func_name number_near score 1.0 msg number near in range 5.0%, response: 9.1, target: 9.1
2026-08-12 23:15:16.609 | DEBUG    | eval.evaluation.evaluation:metric_call:77 - metric_func_name number_near score 1.0 msg number near in range 5.0%, response: 33.3, target: 33.3
2026-08-12 23:15:16.609 | DEBUG    | eval.evaluation.evaluation:metric_call:77 - metric_func_name number_near score 1.0 msg number near in range 5.0%, response: 13.3, target: 13.3
2026-08-12 23:15:16.609 | DEBUG    | eval.evaluation.evaluation:metric_call:77 - metric_func_name number_near score 0.0 msg number not convertable, response: 15.0, target: None
2026-08-12 23:15:16.609 | DEBUG    | eval.evaluation.evaluation:metric_call:77 - metric_func_name number_near score 1.0 msg number near in range 5.0%, response: 11.5, target: 11.5
2026-08-12 23:15:16.609 | DEBUG    | eval.evaluation.evaluation:metric_call:77 - metric_func_name number_near score 1.0 msg number near in range 5.0%, response: 9.0, target: 9.0
2026-08-12 23:15:16.609 | DEBUG    | eval.evaluation.evaluation:metric_call:77 - metric_func_name number_near score 1.0 msg number near in range 5.0%, response: 13.0, target: 13.4
2026-08-12 23:15:16.609 | DEBUG    | eval.evaluation.evaluation:metric_call:77 - metric_func_name number_near score 1.0 msg number equal, response: NULL, target: NULL
2026-08-12 23:15:16.609 | DEBUG    | eval.evaluation.evaluation:metric_call:77 - metric_func_name number_near score 1.0 msg number equal, response: NULL, target: NULL
2026-08-12 23:15:16.609 | DEBUG    | eval.evaluation.evaluation:metric_call:77 - metric_func_name number_near score 1.0 msg number near in range 5.0%, response: 23.3, target: 23.3
2026-08-12 23:15:16.609 | DEBUG    | eval.evaluation.evaluation:metric_call:77 - metric_func_name number_near score 1.0 msg number near in range 5.0%, response: 24.2, target: 24.2
2026-08-12 23:15:16.609 | DEBUG    | eval.evaluation.evaluation:metric_call:77 - metric_func_name number_near score 1.0 msg number near in range 5.0%, response: 36.7, target: 36.7
2026-08-12 23:15:16.609 | DEBUG    | eval.evaluation.evaluation:metric_call:77 - metric_func_name number_near score 1.0 msg number near in range 5.0%, response: 32.2, target: 32.2
2026-08-12 23:15:16.609 | DEBUG    | eval.evaluation.evaluation:metric_call:77 - metric_func_name number_near score 1.0 msg number near in range 5.0%, response: 37.9, target: 37.9
2026-08-12 23:15:16.609 | DEBUG    | eval.evaluation.evaluation:metric_call:77 - metric_func_name number_near score 1.0 msg number near in range 5.0%, response: 20.2, target: 20.4
2026-08-12 23:15:16.609 | DEBUG    | eval.evaluation.evaluation:metric_call:77 - metric_func_name number_near score 1.0 msg number near in range 5.0%, response: 21.3, target: 21.3
2026-08-12 23:15:16.609 | DEBUG    | eval.evaluation.evaluation:metric_call:77 - metric_func_name number_near score 1.0 msg number near in range 5.0%, response: 16.7, target: 16.7
2026-08-12 23:15:16.609 | DEBUG    | eval.evaluation.evaluation:metric_call:77 - metric_func_name number_near score 1.0 msg number equal, response: NULL, target: NULL
2026-08-12 23:15:16.609 | DEBUG    | eval.evaluation.evaluation:metric_call:77 - metric_func_name number_near score 1.0 msg number near in range 5.0%, response: 36.0, target: 36.0
2026-08-12 23:15:16.610 | DEBUG    | eval.evaluation.evaluation:metric_call:77 - metric_func_name number_near score 1.0 msg number near in range 5.0%, response: 45.3, target: 45.3
2026-08-12 23:15:16.610 | DEBUG    | eval.evaluation.evaluation:metric_call:77 - metric_func_name number_near score 1.0 msg number near in range 5.0%, response: 25.0, target: 25.0
2026-08-12 23:15:16.610 | DEBUG    | eval.evaluation.evaluation:metric_call:77 - metric_func_name number_near score 1.0 msg number near in range 5.0%, response: 4.4, target: 4.4
2026-08-12 23:15:16.610 | DEBUG    | eval.evaluation.evaluation:metric_call:77 - metric_func_name number_near score 1.0 msg number near in range 5.0%, response: 19.8, target: 19.8
2026-08-12 23:15:16.610 | DEBUG    | eval.evaluation.evaluation:metric_call:77 - metric_func_name number_near score 1.0 msg number near in range 5.0%, response: 15.2, target: 15.2
2026-08-12 23:15:16.610 | DEBUG    | eval.evaluation.evaluation:evaluate_single_query:321 - wide2deep_ws_en_050, col shareofwomenseats2005(%), metric_func_name number_near, score [1.0, 1.0, 1.0, 1.0, 1.0, 1.0, 1.0, 1.0, 1.0, 1.0, 1.0, 1.0, 1.0, 1.0, 1.0, 1.0, 1.0, 0.0, 1.0, 1.0, 1.0, 1.0, 1.0, 1.0, 1.0, 1.0, 1.0, 1.0, 1.0, 1.0, 1.0, 1.0, 1.0, 1.0, 1.0, 1.0, 1.0, 1.0]
2026-08-12 23:15:16.611 | DEBUG    | eval.evaluation.evaluation:metric_call:77 - metric_func_name number_near score 1.0 msg number near in range 5.0%, response: 150.0, target: 150.0
2026-08-12 23:15:16.611 | DEBUG    | eval.evaluation.evaluation:metric_call:77 - metric_func_name number_near score 1.0 msg number near in range 5.0%, response: 183.0, target: 183.0
2026-08-12 23:15:16.611 | DEBUG    | eval.evaluation.evaluation:metric_call:77 - metric_func_name number_near score 1.0 msg number near in range 5.0%, response: 150.0, target: 150.0
2026-08-12 23:15:16.611 | DEBUG    | eval.evaluation.evaluation:metric_call:77 - metric_func_name number_near score 1.0 msg number near in range 5.0%, response: 308.0, target: 308.0
2026-08-12 23:15:16.611 | DEBUG    | eval.evaluation.evaluation:metric_call:77 - metric_func_name number_near score 1.0 msg number equal, response: NULL, target: NULL
2026-08-12 23:15:16.611 | DEBUG    | eval.evaluation.evaluation:metric_call:77 - metric_func_name number_near score 1.0 msg number equal, response: NULL, target: NULL
2026-08-12 23:15:16.611 | DEBUG    | eval.evaluation.evaluation:metric_call:77 - metric_func_name number_near score 1.0 msg number equal, response: NULL, target: NULL
2026-08-12 23:15:16.611 | DEBUG    | eval.evaluation.evaluation:metric_call:77 - metric_func_name number_near score 1.0 msg number near in range 5.0%, response: 200.0, target: 200.0
2026-08-12 23:15:16.611 | DEBUG    | eval.evaluation.evaluation:metric_call:77 - metric_func_name number_near score 1.0 msg number near in range 5.0%, response: 179.0, target: 179.0
2026-08-12 23:15:16.611 | DEBUG    | eval.evaluation.evaluation:metric_call:77 - metric_func_name number_near score 1.0 msg number equal, response: NULL, target: NULL
2026-08-12 23:15:16.611 | DEBUG    | eval.evaluation.evaluation:metric_call:77 - metric_func_name number_near score 1.0 msg number near in range 5.0%, response: 200.0, target: 200.0
2026-08-12 23:15:16.611 | DEBUG    | eval.evaluation.evaluation:metric_call:77 - metric_func_name number_near score 1.0 msg number near in range 5.0%, response: 577.0, target: 574.0
2026-08-12 23:15:16.611 | DEBUG    | eval.evaluation.evaluation:metric_call:77 - metric_func_name number_near score 1.0 msg number near in range 5.0%, response: 614.0, target: 614.0
2026-08-12 23:15:16.611 | DEBUG    | eval.evaluation.evaluation:metric_call:77 - metric_func_name number_near score 1.0 msg number near in range 5.0%, response: 300.0, target: 300.0
2026-08-12 23:15:16.611 | DEBUG    | eval.evaluation.evaluation:metric_call:77 - metric_func_name number_near score 1.0 msg number near in range 5.0%, response: 386.0, target: 385.0
2026-08-12 23:15:16.611 | DEBUG    | eval.evaluation.evaluation:metric_call:77 - metric_func_name number_near score 1.0 msg number near in range 5.0%, response: 63.0, target: 63.0
2026-08-12 23:15:16.611 | DEBUG    | eval.evaluation.evaluation:metric_call:77 - metric_func_name number_near score 1.0 msg number near in range 5.0%, response: 166.0, target: 166.0
2026-08-12 23:15:16.611 | DEBUG    | eval.evaluation.evaluation:metric_call:77 - metric_func_name number_near score 0.0 msg number not convertable, response: 120.0, target: None
2026-08-12 23:15:16.611 | DEBUG    | eval.evaluation.evaluation:metric_call:77 - metric_func_name number_near score 1.0 msg number near in range 5.0%, response: 630.0, target: 616.0
2026-08-12 23:15:16.611 | DEBUG    | eval.evaluation.evaluation:metric_call:77 - metric_func_name number_near score 1.0 msg number near in range 5.0%, response: 480.0, target: 480.0
2026-08-12 23:15:16.611 | DEBUG    | eval.evaluation.evaluation:metric_call:77 - metric_func_name number_near score 1.0 msg number near in range 5.0%, response: 299.0, target: 299.0
2026-08-12 23:15:16.612 | DEBUG    | eval.evaluation.evaluation:metric_call:77 - metric_func_name number_near score 1.0 msg number equal, response: NULL, target: NULL
2026-08-12 23:15:16.612 | DEBUG    | eval.evaluation.evaluation:metric_call:77 - metric_func_name number_near score 1.0 msg number equal, response: NULL, target: NULL
2026-08-12 23:15:16.612 | DEBUG    | eval.evaluation.evaluation:metric_call:77 - metric_func_name number_near score 1.0 msg number near in range 5.0%, response: 60.0, target: 60.0
2026-08-12 23:15:16.612 | DEBUG    | eval.evaluation.evaluation:metric_call:77 - metric_func_name number_near score 1.0 msg number near in range 5.0%, response: 500.0, target: 500.0
2026-08-12 23:15:16.612 | DEBUG    | eval.evaluation.evaluation:metric_call:77 - metric_func_name number_near score 1.0 msg number near in range 5.0%, response: 150.0, target: 150.0
2026-08-12 23:15:16.612 | DEBUG    | eval.evaluation.evaluation:metric_call:77 - metric_func_name number_near score 1.0 msg number near in range 5.0%, response: 121.0, target: 121.0
2026-08-12 23:15:16.612 | DEBUG    | eval.evaluation.evaluation:metric_call:77 - metric_func_name number_near score 1.0 msg number near in range 5.0%, response: 169.0, target: 169.0
2026-08-12 23:15:16.612 | DEBUG    | eval.evaluation.evaluation:metric_call:77 - metric_func_name number_near score 1.0 msg number near in range 5.0%, response: 460.0, target: 460.0
2026-08-12 23:15:16.612 | DEBUG    | eval.evaluation.evaluation:metric_call:77 - metric_func_name number_near score 1.0 msg number near in range 5.0%, response: 230.0, target: 230.0
2026-08-12 23:15:16.612 | DEBUG    | eval.evaluation.evaluation:metric_call:77 - metric_func_name number_near score 1.0 msg number near in range 5.0%, response: 150.0, target: 150.0
2026-08-12 23:15:16.612 | DEBUG    | eval.evaluation.evaluation:metric_call:77 - metric_func_name number_near score 1.0 msg number equal, response: NULL, target: NULL
2026-08-12 23:15:16.612 | DEBUG    | eval.evaluation.evaluation:metric_call:77 - metric_func_name number_near score 1.0 msg number near in range 5.0%, response: 350.0, target: 350.0
2026-08-12 23:15:16.612 | DEBUG    | eval.evaluation.evaluation:metric_call:77 - metric_func_name number_near score 1.0 msg number near in range 5.0%, response: 349.0, target: 349.0
2026-08-12 23:15:16.612 | DEBUG    | eval.evaluation.evaluation:metric_call:77 - metric_func_name number_near score 1.0 msg number near in range 5.0%, response: 200.0, target: 200.0
2026-08-12 23:15:16.612 | DEBUG    | eval.evaluation.evaluation:metric_call:77 - metric_func_name number_near score 1.0 msg number near in range 5.0%, response: 550.0, target: 550.0
2026-08-12 23:15:16.612 | DEBUG    | eval.evaluation.evaluation:metric_call:77 - metric_func_name number_near score 1.0 msg number near in range 5.0%, response: 646.0, target: 646.0
2026-08-12 23:15:16.612 | DEBUG    | eval.evaluation.evaluation:metric_call:77 - metric_func_name number_near score 1.0 msg number near in range 5.0%, response: 435.0, target: 435.0
2026-08-12 23:15:16.613 | DEBUG    | eval.evaluation.evaluation:evaluate_single_query:321 - wide2deep_ws_en_050, col totalseats2005, metric_func_name number_near, score [1.0, 1.0, 1.0, 1.0, 1.0, 1.0, 1.0, 1.0, 1.0, 1.0, 1.0, 1.0, 1.0, 1.0, 1.0, 1.0, 1.0, 0.0, 1.0, 1.0, 1.0, 1.0, 1.0, 1.0, 1.0, 1.0, 1.0, 1.0, 1.0, 1.0, 1.0, 1.0, 1.0, 1.0, 1.0, 1.0, 1.0, 1.0]
2026-08-12 23:15:16.613 | DEBUG    | eval.evaluation.evaluation:metric_call:77 - metric_func_name number_near score 1.0 msg number near in range 5.0%, response: 26.7, target: 26.7
2026-08-12 23:15:16.613 | DEBUG    | eval.evaluation.evaluation:metric_call:77 - metric_func_name number_near score 1.0 msg number near in range 5.0%, response: 30.6, target: 30.6
2026-08-12 23:15:16.613 | DEBUG    | eval.evaluation.evaluation:metric_call:77 - metric_func_name number_near score 1.0 msg number near in range 5.0%, response: 39.3, target: 39.3
2026-08-12 23:15:16.613 | DEBUG    | eval.evaluation.evaluation:metric_call:77 - metric_func_name number_near score 1.0 msg number near in range 5.0%, response: 26.0, target: 26.0
2026-08-12 23:15:16.613 | DEBUG    | eval.evaluation.evaluation:metric_call:77 - metric_func_name number_near score 1.0 msg number near in range 5.0%, response: 15.8, target: 15.8
2026-08-12 23:15:16.614 | DEBUG    | eval.evaluation.evaluation:metric_call:77 - metric_func_name number_near score 0.0 msg number not convertable, response: 19.9, target: None
2026-08-12 23:15:16.614 | DEBUG    | eval.evaluation.evaluation:metric_call:77 - metric_func_name number_near score 1.0 msg number equal, response: NULL, target: NULL
2026-08-12 23:15:16.614 | DEBUG    | eval.evaluation.evaluation:metric_call:77 - metric_func_name number_near score 1.0 msg number near in range 5.0%, response: 20.0, target: 20.0
2026-08-12 23:15:16.614 | DEBUG    | eval.evaluation.evaluation:metric_call:77 - metric_func_name number_near score 1.0 msg number near in range 5.0%, response: 37.4, target: 37.4
2026-08-12 23:15:16.614 | DEBUG    | eval.evaluation.evaluation:metric_call:77 - metric_func_name number_near score 1.0 msg number near in range 5.0%, response: 23.8, target: 23.8
2026-08-12 23:15:16.614 | DEBUG    | eval.evaluation.evaluation:metric_call:77 - metric_func_name number_near score 1.0 msg number near in range 5.0%, response: 41.5, target: 41.5
2026-08-12 23:15:16.614 | DEBUG    | eval.evaluation.evaluation:metric_call:77 - metric_func_name number_near score 1.0 msg number near in range 5.0%, response: 26.2, target: 26.2
2026-08-12 23:15:16.614 | DEBUG    | eval.evaluation.evaluation:metric_call:77 - metric_func_name number_near score 1.0 msg number near in range 5.0%, response: 36.5, target: 36.5
2026-08-12 23:15:16.614 | DEBUG    | eval.evaluation.evaluation:metric_call:77 - metric_func_name number_near score 1.0 msg number near in range 5.0%, response: 19.7, target: 19.7
2026-08-12 23:15:16.614 | DEBUG    | eval.evaluation.evaluation:metric_call:77 - metric_func_name number_near score 1.0 msg number near in range 5.0%, response: 10.1, target: 10.1
2026-08-12 23:15:16.614 | DEBUG    | eval.evaluation.evaluation:metric_call:77 - metric_func_name number_near score 1.0 msg number near in range 5.0%, response: 41.3, target: 41.3
2026-08-12 23:15:16.614 | DEBUG    | eval.evaluation.evaluation:metric_call:77 - metric_func_name number_near score 1.0 msg number near in range 5.0%, response: 15.7, target: 16.3
2026-08-12 23:15:16.614 | DEBUG    | eval.evaluation.evaluation:metric_call:77 - metric_func_name number_near score 1.0 msg number near in range 5.0%, response: 26.7, target: 26.7
2026-08-12 23:15:16.614 | DEBUG    | eval.evaluation.evaluation:metric_call:77 - metric_func_name number_near score 1.0 msg number near in range 5.0%, response: 31.0, target: 31.0
2026-08-12 23:15:16.614 | DEBUG    | eval.evaluation.evaluation:metric_call:77 - metric_func_name number_near score 1.0 msg number near in range 5.0%, response: 9.5, target: 9.5
2026-08-12 23:15:16.614 | DEBUG    | eval.evaluation.evaluation:metric_call:77 - metric_func_name number_near score 1.0 msg number near in range 5.0%, response: 16.3, target: 16.3
2026-08-12 23:15:16.614 | DEBUG    | eval.evaluation.evaluation:metric_call:77 - metric_func_name number_near score 1.0 msg number equal, response: NULL, target: NULL
2026-08-12 23:15:16.614 | DEBUG    | eval.evaluation.evaluation:metric_call:77 - metric_func_name number_near score 1.0 msg number equal, response: NULL, target: NULL
2026-08-12 23:15:16.614 | DEBUG    | eval.evaluation.evaluation:metric_call:77 - metric_func_name number_near score 1.0 msg number near in range 5.0%, response: 28.3, target: 28.3
2026-08-12 23:15:16.614 | DEBUG    | eval.evaluation.evaluation:metric_call:77 - metric_func_name number_near score 1.0 msg number near in range 5.0%, response: 42.4, target: 42.4
2026-08-12 23:15:16.615 | DEBUG    | eval.evaluation.evaluation:metric_call:77 - metric_func_name number_near score 1.0 msg number near in range 5.0%, response: 37.3, target: 37.3
2026-08-12 23:15:16.615 | DEBUG    | eval.evaluation.evaluation:metric_call:77 - metric_func_name number_near score 1.0 msg number near in range 5.0%, response: 31.4, target: 31.4
2026-08-12 23:15:16.615 | DEBUG    | eval.evaluation.evaluation:metric_call:77 - metric_func_name number_near score 1.0 msg number near in range 5.0%, response: 39.6, target: 39.6
2026-08-12 23:15:16.615 | DEBUG    | eval.evaluation.evaluation:metric_call:77 - metric_func_name number_near score 1.0 msg number near in range 5.0%, response: 27.4, target: 27.4
2026-08-12 23:15:16.615 | DEBUG    | eval.evaluation.evaluation:metric_call:77 - metric_func_name number_near score 1.0 msg number near in range 5.0%, response: 34.8, target: 34.8
2026-08-12 23:15:16.615 | DEBUG    | eval.evaluation.evaluation:metric_call:77 - metric_func_name number_near score 0.0 msg number not near, response: 20.0, target: 18.7
2026-08-12 23:15:16.615 | DEBUG    | eval.evaluation.evaluation:metric_call:77 - metric_func_name number_near score 1.0 msg number near in range 5.0%, response: 36.7, target: 36.7
2026-08-12 23:15:16.615 | DEBUG    | eval.evaluation.evaluation:metric_call:77 - metric_func_name number_near score 1.0 msg number near in range 5.0%, response: 39.7, target: 40.0
2026-08-12 23:15:16.615 | DEBUG    | eval.evaluation.evaluation:metric_call:77 - metric_func_name number_near score 1.0 msg number near in range 5.0%, response: 43.6, target: 43.6
2026-08-12 23:15:16.615 | DEBUG    | eval.evaluation.evaluation:metric_call:77 - metric_func_name number_near score 1.0 msg number near in range 5.0%, response: 32.0, target: 32.0
2026-08-12 23:15:16.615 | DEBUG    | eval.evaluation.evaluation:metric_call:77 - metric_func_name number_near score 1.0 msg number near in range 5.0%, response: 14.9, target: 14.9
2026-08-12 23:15:16.615 | DEBUG    | eval.evaluation.evaluation:metric_call:77 - metric_func_name number_near score 1.0 msg number near in range 5.0%, response: 29.4, target: 29.4
2026-08-12 23:15:16.615 | DEBUG    | eval.evaluation.evaluation:metric_call:77 - metric_func_name number_near score 1.0 msg number near in range 5.0%, response: 19.3, target: 19.4
2026-08-12 23:15:16.616 | DEBUG    | eval.evaluation.evaluation:evaluate_single_query:321 - wide2deep_ws_en_050, col shareofwomenseats2015(%), metric_func_name number_near, score [1.0, 1.0, 1.0, 1.0, 1.0, 0.0, 1.0, 1.0, 1.0, 1.0, 1.0, 1.0, 1.0, 1.0, 1.0, 1.0, 1.0, 1.0, 1.0, 1.0, 1.0, 1.0, 1.0, 1.0, 1.0, 1.0, 1.0, 1.0, 1.0, 1.0, 0.0, 1.0, 1.0, 1.0, 1.0, 1.0, 1.0, 1.0]
2026-08-12 23:15:16.616 | DEBUG    | eval.evaluation.evaluation:metric_call:77 - metric_func_name number_near score 1.0 msg number near in range 5.0%, response: 150.0, target: 150.0
2026-08-12 23:15:16.616 | DEBUG    | eval.evaluation.evaluation:metric_call:77 - metric_func_name number_near score 1.0 msg number near in range 5.0%, response: 183.0, target: 183.0
2026-08-12 23:15:16.616 | DEBUG    | eval.evaluation.evaluation:metric_call:77 - metric_func_name number_near score 1.0 msg number near in range 5.0%, response: 150.0, target: 150.0
2026-08-12 23:15:16.616 | DEBUG    | eval.evaluation.evaluation:metric_call:77 - metric_func_name number_near score 1.0 msg number near in range 5.0%, response: 338.0, target: 338.0
2026-08-12 23:15:16.616 | DEBUG    | eval.evaluation.evaluation:metric_call:77 - metric_func_name number_near score 1.0 msg number near in range 5.0%, response: 120.0, target: 120.0
2026-08-12 23:15:16.616 | DEBUG    | eval.evaluation.evaluation:metric_call:77 - metric_func_name number_near score 0.0 msg number not convertable, response: 166.0, target: None
2026-08-12 23:15:16.616 | DEBUG    | eval.evaluation.evaluation:metric_call:77 - metric_func_name number_near score 1.0 msg number equal, response: NULL, target: NULL
2026-08-12 23:15:16.616 | DEBUG    | eval.evaluation.evaluation:metric_call:77 - metric_func_name number_near score 1.0 msg number near in range 5.0%, response: 200.0, target: 200.0
2026-08-12 23:15:16.616 | DEBUG    | eval.evaluation.evaluation:metric_call:77 - metric_func_name number_near score 1.0 msg number near in range 5.0%, response: 179.0, target: 179.0
2026-08-12 23:15:16.616 | DEBUG    | eval.evaluation.evaluation:metric_call:77 - metric_func_name number_near score 1.0 msg number near in range 5.0%, response: 101.0, target: 101.0
2026-08-12 23:15:16.616 | DEBUG    | eval.evaluation.evaluation:metric_call:77 - metric_func_name number_near score 1.0 msg number near in range 5.0%, response: 200.0, target: 200.0
2026-08-12 23:15:16.617 | DEBUG    | eval.evaluation.evaluation:metric_call:77 - metric_func_name number_near score 1.0 msg number near in range 5.0%, response: 577.0, target: 577.0
2026-08-12 23:15:16.617 | DEBUG    | eval.evaluation.evaluation:metric_call:77 - metric_func_name number_near score 1.0 msg number near in range 5.0%, response: 630.0, target: 631.0
2026-08-12 23:15:16.617 | DEBUG    | eval.evaluation.evaluation:metric_call:77 - metric_func_name number_near score 1.0 msg number near in range 5.0%, response: 300.0, target: 300.0
2026-08-12 23:15:16.617 | DEBUG    | eval.evaluation.evaluation:metric_call:77 - metric_func_name number_near score 1.0 msg number near in range 5.0%, response: 199.0, target: 198.0
2026-08-12 23:15:16.617 | DEBUG    | eval.evaluation.evaluation:metric_call:77 - metric_func_name number_near score 1.0 msg number near in range 5.0%, response: 63.0, target: 63.0
2026-08-12 23:15:16.617 | DEBUG    | eval.evaluation.evaluation:metric_call:77 - metric_func_name number_near score 1.0 msg number near in range 5.0%, response: 166.0, target: 166.0
2026-08-12 23:15:16.617 | DEBUG    | eval.evaluation.evaluation:metric_call:77 - metric_func_name number_near score 1.0 msg number near in range 5.0%, response: 120.0, target: 120.0
2026-08-12 23:15:16.617 | DEBUG    | eval.evaluation.evaluation:metric_call:77 - metric_func_name number_near score 1.0 msg number near in range 5.0%, response: 630.0, target: 630.0
2026-08-12 23:15:16.617 | DEBUG    | eval.evaluation.evaluation:metric_call:77 - metric_func_name number_near score 1.0 msg number near in range 5.0%, response: 475.0, target: 475.0
2026-08-12 23:15:16.617 | DEBUG    | eval.evaluation.evaluation:metric_call:77 - metric_func_name number_near score 1.0 msg number near in range 5.0%, response: 300.0, target: 300.0
2026-08-12 23:15:16.617 | DEBUG    | eval.evaluation.evaluation:metric_call:77 - metric_func_name number_near score 1.0 msg number equal, response: NULL, target: NULL
2026-08-12 23:15:16.617 | DEBUG    | eval.evaluation.evaluation:metric_call:77 - metric_func_name number_near score 1.0 msg number equal, response: NULL, target: NULL
2026-08-12 23:15:16.617 | DEBUG    | eval.evaluation.evaluation:metric_call:77 - metric_func_name number_near score 1.0 msg number near in range 5.0%, response: 60.0, target: 60.0
2026-08-12 23:15:16.617 | DEBUG    | eval.evaluation.evaluation:metric_call:77 - metric_func_name number_near score 1.0 msg number near in range 5.0%, response: 500.0, target: 498.0
2026-08-12 23:15:16.617 | DEBUG    | eval.evaluation.evaluation:metric_call:77 - metric_func_name number_near score 1.0 msg number near in range 5.0%, response: 150.0, target: 150.0
2026-08-12 23:15:16.617 | DEBUG    | eval.evaluation.evaluation:metric_call:77 - metric_func_name number_near score 1.0 msg number near in range 5.0%, response: 121.0, target: 121.0
2026-08-12 23:15:16.617 | DEBUG    | eval.evaluation.evaluation:metric_call:77 - metric_func_name number_near score 1.0 msg number near in range 5.0%, response: 169.0, target: 169.0
2026-08-12 23:15:16.617 | DEBUG    | eval.evaluation.evaluation:metric_call:77 - metric_func_name number_near score 1.0 msg number near in range 5.0%, response: 460.0, target: 460.0
2026-08-12 23:15:16.617 | DEBUG    | eval.evaluation.evaluation:metric_call:77 - metric_func_name number_near score 1.0 msg number near in range 5.0%, response: 230.0, target: 230.0
2026-08-12 23:15:16.617 | DEBUG    | eval.evaluation.evaluation:metric_call:77 - metric_func_name number_near score 1.0 msg number near in range 5.0%, response: 150.0, target: 150.0
2026-08-12 23:15:16.618 | DEBUG    | eval.evaluation.evaluation:metric_call:77 - metric_func_name number_near score 1.0 msg number near in range 5.0%, response: 90.0, target: 90.0
2026-08-12 23:15:16.618 | DEBUG    | eval.evaluation.evaluation:metric_call:77 - metric_func_name number_near score 1.0 msg number near in range 5.0%, response: 350.0, target: 350.0
2026-08-12 23:15:16.618 | DEBUG    | eval.evaluation.evaluation:metric_call:77 - metric_func_name number_near score 1.0 msg number near in range 5.0%, response: 349.0, target: 349.0
2026-08-12 23:15:16.618 | DEBUG    | eval.evaluation.evaluation:metric_call:77 - metric_func_name number_near score 1.0 msg number near in range 5.0%, response: 200.0, target: 200.0
2026-08-12 23:15:16.618 | DEBUG    | eval.evaluation.evaluation:metric_call:77 - metric_func_name number_near score 1.0 msg number near in range 5.0%, response: 550.0, target: 550.0
2026-08-12 23:15:16.618 | DEBUG    | eval.evaluation.evaluation:metric_call:77 - metric_func_name number_near score 1.0 msg number near in range 5.0%, response: 650.0, target: 650.0
2026-08-12 23:15:16.618 | DEBUG    | eval.evaluation.evaluation:metric_call:77 - metric_func_name number_near score 1.0 msg number near in range 5.0%, response: 435.0, target: 434.0
2026-08-12 23:15:16.618 | DEBUG    | eval.evaluation.evaluation:evaluate_single_query:321 - wide2deep_ws_en_050, col totalseats2015, metric_func_name number_near, score [1.0, 1.0, 1.0, 1.0, 1.0, 0.0, 1.0, 1.0, 1.0, 1.0, 1.0, 1.0, 1.0, 1.0, 1.0, 1.0, 1.0, 1.0, 1.0, 1.0, 1.0, 1.0, 1.0, 1.0, 1.0, 1.0, 1.0, 1.0, 1.0, 1.0, 1.0, 1.0, 1.0, 1.0, 1.0, 1.0, 1.0, 1.0]
2026-08-12 23:15:16.619 | DEBUG    | eval.evaluation.evaluation:metric_call:77 - metric_func_name number_near score 1.0 msg number near in range 5.0%, response: 38.4, target: 39.6
2026-08-12 23:15:16.619 | DEBUG    | eval.evaluation.evaluation:metric_call:77 - metric_func_name number_near score 1.0 msg number near in range 5.0%, response: 40.4, target: 40.0
2026-08-12 23:15:16.619 | DEBUG    | eval.evaluation.evaluation:metric_call:77 - metric_func_name number_near score 1.0 msg number near in range 5.0%, response: 42.7, target: 42.7
2026-08-12 23:15:16.619 | DEBUG    | eval.evaluation.evaluation:metric_call:77 - metric_func_name number_near score 1.0 msg number near in range 5.0%, response: 30.5, target: 30.3
2026-08-12 23:15:16.619 | DEBUG    | eval.evaluation.evaluation:metric_call:77 - metric_func_name number_near score 0.0 msg number not near, response: 35.5, target: 23.0
2026-08-12 23:15:16.619 | DEBUG    | eval.evaluation.evaluation:metric_call:77 - metric_func_name number_near score 1.0 msg number near in range 5.0%, response: 29.6, target: 30.0
2026-08-12 23:15:16.619 | DEBUG    | eval.evaluation.evaluation:metric_call:77 - metric_func_name number_near score 1.0 msg number near in range 5.0%, response: 49.1, target: 47.4
2026-08-12 23:15:16.619 | DEBUG    | eval.evaluation.evaluation:metric_call:77 - metric_func_name number_near score 1.0 msg number near in range 5.0%, response: 25.5, target: 25.0
2026-08-12 23:15:16.619 | DEBUG    | eval.evaluation.evaluation:metric_call:77 - metric_func_name number_near score 1.0 msg number near in range 5.0%, response: 44.1, target: 45.6
2026-08-12 23:15:16.619 | DEBUG    | eval.evaluation.evaluation:metric_call:77 - metric_func_name number_near score 1.0 msg number near in range 5.0%, response: 29.7, target: 29.7
2026-08-12 23:15:16.619 | DEBUG    | eval.evaluation.evaluation:metric_call:77 - metric_func_name number_near score 1.0 msg number near in range 5.0%, response: 46.0, target: 46.5
2026-08-12 23:15:16.619 | DEBUG    | eval.evaluation.evaluation:metric_call:77 - metric_func_name number_near score 1.0 msg number near in range 5.0%, response: 36.2, target: 37.3
2026-08-12 23:15:16.619 | DEBUG    | eval.evaluation.evaluation:metric_call:77 - metric_func_name number_near score 1.0 msg number near in range 5.0%, response: 35.3, target: 34.9
2026-08-12 23:15:16.619 | DEBUG    | eval.evaluation.evaluation:metric_call:77 - metric_func_name number_near score 1.0 msg number near in range 5.0%, response: 23.0, target: 22.0
2026-08-12 23:15:16.619 | DEBUG    | eval.evaluation.evaluation:metric_call:77 - metric_func_name number_near score 0.0 msg number not near, response: 14.6, target: 13.5
2026-08-12 23:15:16.620 | DEBUG    | eval.evaluation.evaluation:metric_call:77 - metric_func_name number_near score 1.0 msg number near in range 5.0%, response: 47.6, target: 47.6
2026-08-12 23:15:16.620 | DEBUG    | eval.evaluation.evaluation:metric_call:77 - metric_func_name number_near score 1.0 msg number near in range 5.0%, response: 23.1, target: 23.0
2026-08-12 23:15:16.620 | DEBUG    | eval.evaluation.evaluation:metric_call:77 - metric_func_name number_near score 0.0 msg number not near, response: 25.0, target: 28.3
2026-08-12 23:15:16.620 | DEBUG    | eval.evaluation.evaluation:metric_call:77 - metric_func_name number_near score 1.0 msg number near in range 5.0%, response: 32.3, target: 31.3
2026-08-12 23:15:16.620 | DEBUG    | eval.evaluation.evaluation:metric_call:77 - metric_func_name number_near score 0.0 msg number not near, response: 15.7, target: 10.3
2026-08-12 23:15:16.620 | DEBUG    | eval.evaluation.evaluation:metric_call:77 - metric_func_name number_near score 0.0 msg number not near, response: 20.0, target: 19.0
2026-08-12 23:15:16.620 | DEBUG    | eval.evaluation.evaluation:metric_call:77 - metric_func_name number_near score 0.0 msg number not near, response: 29.0, target: 33.0
2026-08-12 23:15:16.620 | DEBUG    | eval.evaluation.evaluation:metric_call:77 - metric_func_name number_near score 1.0 msg number near in range 5.0%, response: 28.4, target: 28.0
2026-08-12 23:15:16.620 | DEBUG    | eval.evaluation.evaluation:metric_call:77 - metric_func_name number_near score 1.0 msg number near in range 5.0%, response: 33.3, target: 34.0
2026-08-12 23:15:16.620 | DEBUG    | eval.evaluation.evaluation:metric_call:77 - metric_func_name number_near score 1.0 msg number near in range 5.0%, response: 50.2, target: 50.8
2026-08-12 23:15:16.620 | DEBUG    | eval.evaluation.evaluation:metric_call:77 - metric_func_name number_near score 0.0 msg number not near, response: 38.7, target: 42.0
2026-08-12 23:15:16.620 | DEBUG    | eval.evaluation.evaluation:metric_call:77 - metric_func_name number_near score 1.0 msg number near in range 5.0%, response: 45.5, target: 47.5
2026-08-12 23:15:16.620 | DEBUG    | eval.evaluation.evaluation:metric_call:77 - metric_func_name number_near score 1.0 msg number near in range 5.0%, response: 45.6, target: 45.0
2026-08-12 23:15:16.620 | DEBUG    | eval.evaluation.evaluation:metric_call:77 - metric_func_name number_near score 1.0 msg number near in range 5.0%, response: 29.1, target: 28.7
2026-08-12 23:15:16.620 | DEBUG    | eval.evaluation.evaluation:metric_call:77 - metric_func_name number_near score 0.0 msg number not near, response: 33.0, target: 40.0
2026-08-12 23:15:16.620 | DEBUG    | eval.evaluation.evaluation:metric_call:77 - metric_func_name number_near score 0.0 msg number not near, response: 22.0, target: 34.0
2026-08-12 23:15:16.620 | DEBUG    | eval.evaluation.evaluation:metric_call:77 - metric_func_name number_near score 0.0 msg number not near, response: 36.7, target: 38.9
2026-08-12 23:15:16.620 | DEBUG    | eval.evaluation.evaluation:metric_call:77 - metric_func_name number_near score 1.0 msg number near in range 5.0%, response: 44.0, target: 43.0
2026-08-12 23:15:16.620 | DEBUG    | eval.evaluation.evaluation:metric_call:77 - metric_func_name number_near score 1.0 msg number near in range 5.0%, response: 45.6, target: 46.6
2026-08-12 23:15:16.620 | DEBUG    | eval.evaluation.evaluation:metric_call:77 - metric_func_name number_near score 0.0 msg number not near, response: 38.5, target: 42.5
2026-08-12 23:15:16.620 | DEBUG    | eval.evaluation.evaluation:metric_call:77 - metric_func_name number_near score 0.0 msg number not near, response: 19.8, target: 21.7
2026-08-12 23:15:16.621 | DEBUG    | eval.evaluation.evaluation:metric_call:77 - metric_func_name number_near score 0.0 msg number not near, response: 40.5, target: 34.6
2026-08-12 23:15:16.621 | DEBUG    | eval.evaluation.evaluation:metric_call:77 - metric_func_name number_near score 1.0 msg number near in range 5.0%, response: 28.7, target: 29.7
2026-08-12 23:15:16.621 | DEBUG    | eval.evaluation.evaluation:evaluate_single_query:321 - wide2deep_ws_en_050, col shareofwomenseats2024(%), metric_func_name number_near, score [1.0, 1.0, 1.0, 1.0, 0.0, 1.0, 1.0, 1.0, 1.0, 1.0, 1.0, 1.0, 1.0, 1.0, 0.0, 1.0, 1.0, 0.0, 1.0, 0.0, 0.0, 0.0, 1.0, 1.0, 1.0, 0.0, 1.0, 1.0, 1.0, 0.0, 0.0, 0.0, 1.0, 1.0, 0.0, 0.0, 0.0, 1.0]
2026-08-12 23:15:16.622 | DEBUG    | eval.evaluation.evaluation:metric_call:77 - metric_func_name number_near score 1.0 msg number near in range 5.0%, response: 151.0, target: 151.0
2026-08-12 23:15:16.622 | DEBUG    | eval.evaluation.evaluation:metric_call:77 - metric_func_name number_near score 1.0 msg number near in range 5.0%, response: 183.0, target: 183.0
2026-08-12 23:15:16.622 | DEBUG    | eval.evaluation.evaluation:metric_call:77 - metric_func_name number_near score 1.0 msg number near in range 5.0%, response: 150.0, target: 150.0
2026-08-12 23:15:16.622 | DEBUG    | eval.evaluation.evaluation:metric_call:77 - metric_func_name number_near score 1.0 msg number near in range 5.0%, response: 338.0, target: 338.0
2026-08-12 23:15:16.622 | DEBUG    | eval.evaluation.evaluation:metric_call:77 - metric_func_name number_near score 1.0 msg number near in range 5.0%, response: 155.0, target: 155.0
2026-08-12 23:15:16.622 | DEBUG    | eval.evaluation.evaluation:metric_call:77 - metric_func_name number_near score 1.0 msg number near in range 5.0%, response: 188.0, target: 188.0
2026-08-12 23:15:16.622 | DEBUG    | eval.evaluation.evaluation:metric_call:77 - metric_func_name number_near score 1.0 msg number near in range 5.0%, response: 57.0, target: 57.0
2026-08-12 23:15:16.622 | DEBUG    | eval.evaluation.evaluation:metric_call:77 - metric_func_name number_near score 1.0 msg number near in range 5.0%, response: 200.0, target: 200.0
2026-08-12 23:15:16.622 | DEBUG    | eval.evaluation.evaluation:metric_call:77 - metric_func_name number_near score 1.0 msg number near in range 5.0%, response: 179.0, target: 179.0
2026-08-12 23:15:16.622 | DEBUG    | eval.evaluation.evaluation:metric_call:77 - metric_func_name number_near score 1.0 msg number near in range 5.0%, response: 101.0, target: 101.0
2026-08-12 23:15:16.622 | DEBUG    | eval.evaluation.evaluation:metric_call:77 - metric_func_name number_near score 1.0 msg number near in range 5.0%, response: 200.0, target: 200.0
2026-08-12 23:15:16.622 | DEBUG    | eval.evaluation.evaluation:metric_call:77 - metric_func_name number_near score 1.0 msg number near in range 5.0%, response: 577.0, target: 577.0
2026-08-12 23:15:16.622 | DEBUG    | eval.evaluation.evaluation:metric_call:77 - metric_func_name number_near score 1.0 msg number near in range 5.0%, response: 733.0, target: 735.0
2026-08-12 23:15:16.622 | DEBUG    | eval.evaluation.evaluation:metric_call:77 - metric_func_name number_near score 1.0 msg number near in range 5.0%, response: 300.0, target: 300.0
2026-08-12 23:15:16.622 | DEBUG    | eval.evaluation.evaluation:metric_call:77 - metric_func_name number_near score 1.0 msg number near in range 5.0%, response: 199.0, target: 199.0
2026-08-12 23:15:16.622 | DEBUG    | eval.evaluation.evaluation:metric_call:77 - metric_func_name number_near score 1.0 msg number near in range 5.0%, response: 63.0, target: 63.0
2026-08-12 23:15:16.622 | DEBUG    | eval.evaluation.evaluation:metric_call:77 - metric_func_name number_near score 1.0 msg number near in range 5.0%, response: 160.0, target: 160.0
2026-08-12 23:15:16.622 | DEBUG    | eval.evaluation.evaluation:metric_call:77 - metric_func_name number_near score 1.0 msg number near in range 5.0%, response: 120.0, target: 120.0
2026-08-12 23:15:16.622 | DEBUG    | eval.evaluation.evaluation:metric_call:77 - metric_func_name number_near score 1.0 msg number near in range 5.0%, response: 400.0, target: 400.0
2026-08-12 23:15:16.623 | DEBUG    | eval.evaluation.evaluation:metric_call:77 - metric_func_name number_near score 1.0 msg number near in range 5.0%, response: 465.0, target: 465.0
2026-08-12 23:15:16.623 | DEBUG    | eval.evaluation.evaluation:metric_call:77 - metric_func_name number_near score 1.0 msg number near in range 5.0%, response: 300.0, target: 300.0
2026-08-12 23:15:16.623 | DEBUG    | eval.evaluation.evaluation:metric_call:77 - metric_func_name number_near score 1.0 msg number near in range 5.0%, response: 100.0, target: 100.0
2026-08-12 23:15:16.623 | DEBUG    | eval.evaluation.evaluation:metric_call:77 - metric_func_name number_near score 1.0 msg number near in range 5.0%, response: 141.0, target: 141.0
2026-08-12 23:15:16.623 | DEBUG    | eval.evaluation.evaluation:metric_call:77 - metric_func_name number_near score 1.0 msg number near in range 5.0%, response: 60.0, target: 60.0
2026-08-12 23:15:16.623 | DEBUG    | eval.evaluation.evaluation:metric_call:77 - metric_func_name number_near score 1.0 msg number near in range 5.0%, response: 500.0, target: 500.0
2026-08-12 23:15:16.623 | DEBUG    | eval.evaluation.evaluation:metric_call:77 - metric_func_name number_near score 1.0 msg number near in range 5.0%, response: 150.0, target: 150.0
2026-08-12 23:15:16.623 | DEBUG    | eval.evaluation.evaluation:metric_call:77 - metric_func_name number_near score 1.0 msg number near in range 5.0%, response: 123.0, target: 123.0
2026-08-12 23:15:16.623 | DEBUG    | eval.evaluation.evaluation:metric_call:77 - metric_func_name number_near score 1.0 msg number near in range 5.0%, response: 169.0, target: 169.0
2026-08-12 23:15:16.623 | DEBUG    | eval.evaluation.evaluation:metric_call:77 - metric_func_name number_near score 1.0 msg number near in range 5.0%, response: 460.0, target: 460.0
2026-08-12 23:15:16.623 | DEBUG    | eval.evaluation.evaluation:metric_call:77 - metric_func_name number_near score 1.0 msg number near in range 5.0%, response: 230.0, target: 230.0
2026-08-12 23:15:16.623 | DEBUG    | eval.evaluation.evaluation:metric_call:77 - metric_func_name number_near score 1.0 msg number near in range 5.0%, response: 150.0, target: 150.0
2026-08-12 23:15:16.623 | DEBUG    | eval.evaluation.evaluation:metric_call:77 - metric_func_name number_near score 1.0 msg number near in range 5.0%, response: 90.0, target: 90.0
2026-08-12 23:15:16.623 | DEBUG    | eval.evaluation.evaluation:metric_call:77 - metric_func_name number_near score 1.0 msg number near in range 5.0%, response: 350.0, target: 350.0
2026-08-12 23:15:16.623 | DEBUG    | eval.evaluation.evaluation:metric_call:77 - metric_func_name number_near score 1.0 msg number near in range 5.0%, response: 349.0, target: 349.0
2026-08-12 23:15:16.623 | DEBUG    | eval.evaluation.evaluation:metric_call:77 - metric_func_name number_near score 1.0 msg number near in range 5.0%, response: 200.0, target: 200.0
2026-08-12 23:15:16.623 | DEBUG    | eval.evaluation.evaluation:metric_call:77 - metric_func_name number_near score 1.0 msg number near in range 5.0%, response: 600.0, target: 600.0
2026-08-12 23:15:16.623 | DEBUG    | eval.evaluation.evaluation:metric_call:77 - metric_func_name number_near score 1.0 msg number near in range 5.0%, response: 650.0, target: 650.0
2026-08-12 23:15:16.623 | DEBUG    | eval.evaluation.evaluation:metric_call:77 - metric_func_name number_near score 1.0 msg number near in range 5.0%, response: 435.0, target: 435.0
2026-08-12 23:15:16.624 | DEBUG    | eval.evaluation.evaluation:evaluate_single_query:321 - wide2deep_ws_en_050, col totalseats2024, metric_func_name number_near, score [1.0, 1.0, 1.0, 1.0, 1.0, 1.0, 1.0, 1.0, 1.0, 1.0, 1.0, 1.0, 1.0, 1.0, 1.0, 1.0, 1.0, 1.0, 1.0, 1.0, 1.0, 1.0, 1.0, 1.0, 1.0, 1.0, 1.0, 1.0, 1.0, 1.0, 1.0, 1.0, 1.0, 1.0, 1.0, 1.0, 1.0, 1.0]
2026-08-12 23:15:16.629 | INFO     | eval.evaluation.evaluation:evaluate_single_query:380 - wide2deep_ws_en_050, P/R/F1 by unique_columns: 1.0000/1.0000/1.0000
2026-08-12 23:15:16.629 | INFO     | eval.evaluation.evaluation:evaluate_single_query:383 - wide2deep_ws_en_050, P/R/F1 by row: 0.6053/0.6053/0.6053
2026-08-12 23:15:16.629 | INFO     | eval.evaluation.evaluation:evaluate_single_query:386 - wide2deep_ws_en_050, P/R/F1 by item: 0.9386/0.9386/0.9386
2026-08-12 23:15:16.637 | INFO     | eval.evaluation.evaluation:evaluate_single_query:398 - wide2deep_ws_en_050, final table score: 0.0
{"event": "eval_done", "idx": 7, "instance_id": "wide2deep_ws_en_050", "score": 0.0, "entity_acc": 1.0, "f1_by_row": 0.6052631578947368, "f1_by_item": 0.9385964912280702, "column_f1": 1.0, "error": null, "elapsed_seconds": 9.034, "running_n": 7}
SUMMARY {"n": 7, "valid_n": 7, "errors": 0, "complete": true, "judge_calls_current_process": 27, "score": 0.0, "entity_acc": 0.8571428571428571, "precision_by_row": 0.29122807017543856, "recall_by_row": 0.30734528629265473, "f1_by_row": 0.2987110633727175, "precision_by_item": 0.6686373672275928, "recall_by_item": 0.5787716773619029, "f1_by_item": 0.600307813183753, "column_precision": 0.8238095238095238, "column_recall": 0.6833333333333333, "column_f1": 0.7183673469387755}
