INFO: Pandarallel will run on 8 workers.
INFO: Pandarallel will use Memory file system to transfer data between the main process and workers.
{"event": "eval_start", "selected": 7, "resume_committed": 0, "committed_errors": 0, "crash_only_resume": false}
{"event": "eval_done", "idx": 1, "instance_id": "wide2deep_ws_en_039", "score": 0.0, "entity_acc": 0.0, "f1_by_row": 0.0, "f1_by_item": 0.0, "column_f1": 0.0, "error": null, "elapsed_seconds": 2.69, "running_n": 1}
2026-08-12 23:13:31.626 | DEBUG    | eval.evaluation.data_loader:extract_dataframe:167 - find markdown_str 
| infrastructure | Sea / Basin | Capacity (MW) | Turbines Numbe ...
2026-08-12 23:13:38.434 | INFO     | eval.evaluation.metric_utils:primary_key_preprocess:246 - primary_key_preprocess result: ```json
{
  "Thanet Offshore Wind Farm": "Thanet",
  "Greater Gabbard Offshore Wind Farm": "Greater Gabbard",
  "Sheringham Shoal Offshore Wind Farm": "Sheringham Shoal",
  "Anholt Offshore Wind Farm": "Anholt",
  "BARD Offshore 1": "Bard Offshore 1",
  "London Array": "London Array",
  "Thornton Bank Offshore Wind Farm": "Thornton Bank (C-Power)",
  "West of Duddon Sands Offshore Wind Farm": "West of Duddon Sands",
  "Amrumbank West Offshore Wind Farm": "Amrumbank West",
  "Global Tech I": "Global Tech I",
  "Gwynt y Môr Offshore Wind Farm": "Gwynt y Môr",
  "Gemini Offshore Wind Park": "Gemini",
  "Dudgeon Offshore Wind Farm": "Dudgeon",
  "Veja Mate Offshore Wind Farm": "Veja Mate",
  "Wikinger Offshore Wind Farm": "Wikinger",
  "Galloper Offshore Wind Farm": "Galloper",
  "Race Bank Offshore Wind Farm": "Race Bank",
  "Rampion Offshore Wind Farm": "Rampion",
  "Rentel Offshore Wind Farm": "Rentel",
  "Walney Extension Offshore Wind Farm": "Walney Extension",
  "Beatrice Offshore Wind Farm": "Beatrice",
  "Borkum Riffgrund 2": "Borkum Riffgrund 2",
  "Hohe See Offshore Wind Farm": "Hohe See",
  "Horns Rev 3": "Horns Rev 3",
  "Merkur Offshore Wind Farm": "Merkur",
  "Norther Offshore Wind Farm": "Norther",
  "Borssele 1 & 2": "Borssele 1 & 2",
  "East Anglia ONE": "East Anglia ONE",
  "Hornsea One": "Hornsea One",
  "SeaMade Offshore Wind Farm": "SeaMade",
  "Borssele 3 & 4": "Borssele 3 & 4",
  "Kriegers Flak Offshore Wind Farm": "Kriegers Flak",
  "Hornsea Two": "Hornsea Two",
  "Kaskasi Offshore Wind Farm": "Kaskasi",
  "Moray East Offshore Wind Farm": "Moray East",
  "Saint-Nazaire Offshore Wind Farm": "Saint-Nazaire",
  "Triton Knoll Offshore Wind Farm": "Triton Knoll",
  "Hollandse Kust Noord": "Hollandse Kust Noord",
  "Seagreen Offshore Wind Farm": "Seagreen ",
  "Fécamp Offshore Wind Farm": "Fécamp",
  "Saint-Brieuc Offshore Wind Farm": "Saint-Brieuc"
}
```
2026-08-12 23:13:38.434 | INFO     | eval.evaluation.evaluation:evaluate_single_query:223 - col: infrastructure, primary_key_map {'Thanet Offshore Wind Farm': 'Thanet', 'Greater Gabbard Offshore Wind Farm': 'Greater Gabbard', 'Sheringham Shoal Offshore Wind Farm': 'Sheringham Shoal', 'Anholt Offshore Wind Farm': 'Anholt', 'BARD Offshore 1': 'Bard Offshore 1', 'London Array': 'London Array', 'Thornton Bank Offshore Wind Farm': 'Thornton Bank (C-Power)', 'West of Duddon Sands Offshore Wind Farm': 'West of Duddon Sands', 'Amrumbank West Offshore Wind Farm': 'Amrumbank West', 'Global Tech I': 'Global Tech I', 'Gwynt y Môr Offshore Wind Farm': 'Gwynt y Môr', 'Gemini Offshore Wind Park': 'Gemini', 'Dudgeon Offshore Wind Farm': 'Dudgeon', 'Veja Mate Offshore Wind Farm': 'Veja Mate', 'Wikinger Offshore Wind Farm': 'Wikinger', 'Galloper Offshore Wind Farm': 'Galloper', 'Race Bank Offshore Wind Farm': 'Race Bank', 'Rampion Offshore Wind Farm': 'Rampion', 'Rentel Offshore Wind Farm': 'Rentel', 'Walney Extension Offshore Wind Farm': 'Walney Extension', 'Beatrice Offshore Wind Farm': 'Beatrice', 'Borkum Riffgrund 2': 'Borkum Riffgrund 2', 'Hohe See Offshore Wind Farm': 'Hohe See', 'Horns Rev 3': 'Horns Rev 3', 'Merkur Offshore Wind Farm': 'Merkur', 'Norther Offshore Wind Farm': 'Norther', 'Borssele 1 & 2': 'Borssele 1 & 2', 'East Anglia ONE': 'East Anglia ONE', 'Hornsea One': 'Hornsea One', 'SeaMade Offshore Wind Farm': 'SeaMade', 'Borssele 3 & 4': 'Borssele 3 & 4', 'Kriegers Flak Offshore Wind Farm': 'Kriegers Flak', 'Hornsea Two': 'Hornsea Two', 'Kaskasi Offshore Wind Farm': 'Kaskasi', 'Moray East Offshore Wind Farm': 'Moray East', 'Saint-Nazaire Offshore Wind Farm': 'Saint-Nazaire', 'Triton Knoll Offshore Wind Farm': 'Triton Knoll', 'Hollandse Kust Noord': 'Hollandse Kust Noord', 'Seagreen Offshore Wind Farm': 'Seagreen ', 'Fécamp Offshore Wind Farm': 'Fécamp', 'Saint-Brieuc Offshore Wind Farm': 'Saint-Brieuc'}
2026-08-12 23:13:38.443 | INFO     | eval.evaluation.evaluation:evaluate_single_query:275 - wide2deep_ws_en_052, df_inner shape: (41, 14), answer_df shape: (49, 7), response_df shape: (45, 8)
2026-08-12 23:13:50.227 | DEBUG    | eval.evaluation.evaluation:evaluate_single_query:321 - wide2deep_ws_en_052, col sea/basin, metric_func_name llm_judge, score [1, 1, 0, 0, 0, 0, 0, 1, 1, 1, 1, 0, 1, 0, 1, 1, 0, 0, 1, 1, 1, 1, 0, 0, 1, 0, 1, 1, 0, 1, 1, 1, 0, 1, 0, 1, 1, 0, 1, 1, 1]
2026-08-12 23:13:50.227 | DEBUG    | eval.evaluation.evaluation:metric_call:77 - metric_func_name number_near score 1.0 msg number near in range 10.0%, response: 302.0, target: 302.0
2026-08-12 23:13:50.227 | DEBUG    | eval.evaluation.evaluation:metric_call:77 - metric_func_name number_near score 1.0 msg number near in range 10.0%, response: 400.0, target: 400.0
2026-08-12 23:13:50.227 | DEBUG    | eval.evaluation.evaluation:metric_call:77 - metric_func_name number_near score 1.0 msg number near in range 10.0%, response: 400.0, target: 400.0
2026-08-12 23:13:50.227 | DEBUG    | eval.evaluation.evaluation:metric_call:77 - metric_func_name number_near score 1.0 msg number near in range 10.0%, response: 588.0, target: 588.0
2026-08-12 23:13:50.227 | DEBUG    | eval.evaluation.evaluation:metric_call:77 - metric_func_name number_near score 1.0 msg number near in range 10.0%, response: 450.0, target: 450.0
2026-08-12 23:13:50.227 | DEBUG    | eval.evaluation.evaluation:metric_call:77 - metric_func_name number_near score 1.0 msg number near in range 10.0%, response: 752.0, target: 752.0
2026-08-12 23:13:50.227 | DEBUG    | eval.evaluation.evaluation:metric_call:77 - metric_func_name number_near score 1.0 msg number near in range 10.0%, response: 731.5, target: 731.0
2026-08-12 23:13:50.227 | DEBUG    | eval.evaluation.evaluation:metric_call:77 - metric_func_name number_near score 1.0 msg number near in range 10.0%, response: 402.0, target: 402.0
2026-08-12 23:13:50.228 | DEBUG    | eval.evaluation.evaluation:metric_call:77 - metric_func_name number_near score 1.0 msg number near in range 10.0%, response: 714.0, target: 714.0
2026-08-12 23:13:50.228 | DEBUG    | eval.evaluation.evaluation:metric_call:77 - metric_func_name number_near score 1.0 msg number near in range 10.0%, response: 497.0, target: 497.0
2026-08-12 23:13:50.228 | DEBUG    | eval.evaluation.evaluation:metric_call:77 - metric_func_name number_near score 1.0 msg number near in range 10.0%, response: 353.0, target: 353.0
2026-08-12 23:13:50.228 | DEBUG    | eval.evaluation.evaluation:metric_call:77 - metric_func_name number_near score 1.0 msg number near in range 10.0%, response: 600.0, target: 600.0
2026-08-12 23:13:50.228 | DEBUG    | eval.evaluation.evaluation:metric_call:77 - metric_func_name number_near score 1.0 msg number near in range 10.0%, response: 400.0, target: 400.0
2026-08-12 23:13:50.228 | DEBUG    | eval.evaluation.evaluation:metric_call:77 - metric_func_name number_near score 1.0 msg number near in range 10.0%, response: 504.0, target: 504.0
2026-08-12 23:13:50.228 | DEBUG    | eval.evaluation.evaluation:metric_call:77 - metric_func_name number_near score 1.0 msg number near in range 10.0%, response: 576.0, target: 576.0
2026-08-12 23:13:50.228 | DEBUG    | eval.evaluation.evaluation:metric_call:77 - metric_func_name number_near score 1.0 msg number near in range 10.0%, response: 497.0, target: 497.0
2026-08-12 23:13:50.228 | DEBUG    | eval.evaluation.evaluation:metric_call:77 - metric_func_name number_near score 1.0 msg number near in range 10.0%, response: 759.0, target: 759.0
2026-08-12 23:13:50.228 | DEBUG    | eval.evaluation.evaluation:metric_call:77 - metric_func_name number_near score 1.0 msg number near in range 10.0%, response: 407.0, target: 407.0
2026-08-12 23:13:50.228 | DEBUG    | eval.evaluation.evaluation:metric_call:77 - metric_func_name number_near score 1.0 msg number near in range 10.0%, response: 1218.0, target: 1218.0
2026-08-12 23:13:50.228 | DEBUG    | eval.evaluation.evaluation:metric_call:77 - metric_func_name number_near score 1.0 msg number near in range 10.0%, response: 1320.0, target: 1386.0
2026-08-12 23:13:50.228 | DEBUG    | eval.evaluation.evaluation:metric_call:77 - metric_func_name number_near score 1.0 msg number near in range 10.0%, response: 342.0, target: 342.0
2026-08-12 23:13:50.228 | DEBUG    | eval.evaluation.evaluation:metric_call:77 - metric_func_name number_near score 1.0 msg number near in range 10.0%, response: 604.8, target: 604.0
2026-08-12 23:13:50.228 | DEBUG    | eval.evaluation.evaluation:metric_call:77 - metric_func_name number_near score 1.0 msg number near in range 10.0%, response: 630.0, target: 630.0
2026-08-12 23:13:50.228 | DEBUG    | eval.evaluation.evaluation:metric_call:77 - metric_func_name number_near score 1.0 msg number near in range 10.0%, response: 396.0, target: 396.0
2026-08-12 23:13:50.228 | DEBUG    | eval.evaluation.evaluation:metric_call:77 - metric_func_name number_near score 1.0 msg number near in range 10.0%, response: 950.0, target: 950.0
2026-08-12 23:13:50.228 | DEBUG    | eval.evaluation.evaluation:metric_call:77 - metric_func_name number_near score 1.0 msg number near in range 10.0%, response: 370.0, target: 370.0
2026-08-12 23:13:50.228 | DEBUG    | eval.evaluation.evaluation:metric_call:77 - metric_func_name number_near score 1.0 msg number near in range 10.0%, response: 573.0, target: 573.0
2026-08-12 23:13:50.229 | DEBUG    | eval.evaluation.evaluation:metric_call:77 - metric_func_name number_near score 1.0 msg number near in range 10.0%, response: 400.0, target: 400.0
2026-08-12 23:13:50.229 | DEBUG    | eval.evaluation.evaluation:metric_call:77 - metric_func_name number_near score 1.0 msg number near in range 10.0%, response: 309.0, target: 309.0
2026-08-12 23:13:50.229 | DEBUG    | eval.evaluation.evaluation:metric_call:77 - metric_func_name number_near score 1.0 msg number near in range 10.0%, response: 496.0, target: 496.0
2026-08-12 23:13:50.229 | DEBUG    | eval.evaluation.evaluation:metric_call:77 - metric_func_name number_near score 1.0 msg number near in range 10.0%, response: 480.0, target: 480.0
2026-08-12 23:13:50.229 | DEBUG    | eval.evaluation.evaluation:metric_call:77 - metric_func_name number_near score 1.0 msg number near in range 10.0%, response: 1075.0, target: 1075.0
2026-08-12 23:13:50.229 | DEBUG    | eval.evaluation.evaluation:metric_call:77 - metric_func_name number_near score 1.0 msg number near in range 10.0%, response: 487.0, target: 487.0
2026-08-12 23:13:50.229 | DEBUG    | eval.evaluation.evaluation:metric_call:77 - metric_func_name number_near score 1.0 msg number near in range 10.0%, response: 316.8, target: 317.0
2026-08-12 23:13:50.229 | DEBUG    | eval.evaluation.evaluation:metric_call:77 - metric_func_name number_near score 1.0 msg number near in range 10.0%, response: 300.0, target: 300.0
2026-08-12 23:13:50.229 | DEBUG    | eval.evaluation.evaluation:metric_call:77 - metric_func_name number_near score 1.0 msg number near in range 10.0%, response: 325.0, target: 325.0
2026-08-12 23:13:50.229 | DEBUG    | eval.evaluation.evaluation:metric_call:77 - metric_func_name number_near score 1.0 msg number near in range 10.0%, response: 857.0, target: 857.0
2026-08-12 23:13:50.229 | DEBUG    | eval.evaluation.evaluation:metric_call:77 - metric_func_name number_near score 1.0 msg number near in range 10.0%, response: 402.0, target: 402.0
2026-08-12 23:13:50.229 | DEBUG    | eval.evaluation.evaluation:metric_call:77 - metric_func_name number_near score 1.0 msg number near in range 10.0%, response: 659.0, target: 659.0
2026-08-12 23:13:50.229 | DEBUG    | eval.evaluation.evaluation:metric_call:77 - metric_func_name number_near score 1.0 msg number near in range 10.0%, response: 389.0, target: 389.0
2026-08-12 23:13:50.229 | DEBUG    | eval.evaluation.evaluation:metric_call:77 - metric_func_name number_near score 1.0 msg number near in range 10.0%, response: 350.0, target: 350.0
2026-08-12 23:13:50.230 | DEBUG    | eval.evaluation.evaluation:evaluate_single_query:321 - wide2deep_ws_en_052, col capacity(mw), metric_func_name number_near, score [1.0, 1.0, 1.0, 1.0, 1.0, 1.0, 1.0, 1.0, 1.0, 1.0, 1.0, 1.0, 1.0, 1.0, 1.0, 1.0, 1.0, 1.0, 1.0, 1.0, 1.0, 1.0, 1.0, 1.0, 1.0, 1.0, 1.0, 1.0, 1.0, 1.0, 1.0, 1.0, 1.0, 1.0, 1.0, 1.0, 1.0, 1.0, 1.0, 1.0, 1.0]
2026-08-12 23:13:50.230 | DEBUG    | eval.evaluation.evaluation:metric_call:77 - metric_func_name exact_match score 1.0 msg exact match, response: 80, target: 80
2026-08-12 23:13:50.230 | DEBUG    | eval.evaluation.evaluation:metric_call:77 - metric_func_name exact_match score 1.0 msg exact match, response: 111, target: 111
2026-08-12 23:13:50.230 | DEBUG    | eval.evaluation.evaluation:metric_call:77 - metric_func_name exact_match score 1.0 msg exact match, response: 80, target: 80
2026-08-12 23:13:50.230 | DEBUG    | eval.evaluation.evaluation:metric_call:77 - metric_func_name exact_match score 1.0 msg exact match, response: 84, target: 84
2026-08-12 23:13:50.230 | DEBUG    | eval.evaluation.evaluation:metric_call:77 - metric_func_name exact_match score 1.0 msg exact match, response: 56, target: 56
2026-08-12 23:13:50.230 | DEBUG    | eval.evaluation.evaluation:metric_call:77 - metric_func_name exact_match score 1.0 msg exact match, response: 94, target: 94
2026-08-12 23:13:50.230 | DEBUG    | eval.evaluation.evaluation:metric_call:77 - metric_func_name exact_match score 1.0 msg exact match, response: 77, target: 77
2026-08-12 23:13:50.230 | DEBUG    | eval.evaluation.evaluation:metric_call:77 - metric_func_name exact_match score 1.0 msg exact match, response: 67, target: 67
2026-08-12 23:13:50.231 | DEBUG    | eval.evaluation.evaluation:metric_call:77 - metric_func_name exact_match score 1.0 msg exact match, response: 102, target: 102
2026-08-12 23:13:50.231 | DEBUG    | eval.evaluation.evaluation:metric_call:77 - metric_func_name exact_match score 1.0 msg exact match, response: 71, target: 71
2026-08-12 23:13:50.231 | DEBUG    | eval.evaluation.evaluation:metric_call:77 - metric_func_name exact_match score 1.0 msg exact match, response: 56, target: 56
2026-08-12 23:13:50.231 | DEBUG    | eval.evaluation.evaluation:metric_call:77 - metric_func_name exact_match score 1.0 msg exact match, response: 150, target: 150
2026-08-12 23:13:50.231 | DEBUG    | eval.evaluation.evaluation:metric_call:77 - metric_func_name exact_match score 1.0 msg exact match, response: 80, target: 80
2026-08-12 23:13:50.231 | DEBUG    | eval.evaluation.evaluation:metric_call:77 - metric_func_name exact_match score 1.0 msg exact match, response: 140, target: 140
2026-08-12 23:13:50.231 | DEBUG    | eval.evaluation.evaluation:metric_call:77 - metric_func_name exact_match score 1.0 msg exact match, response: 160, target: 160
2026-08-12 23:13:50.231 | DEBUG    | eval.evaluation.evaluation:metric_call:77 - metric_func_name exact_match score 1.0 msg exact match, response: 71, target: 71
2026-08-12 23:13:50.231 | DEBUG    | eval.evaluation.evaluation:metric_call:77 - metric_func_name exact_match score 1.0 msg exact match, response: 69, target: 69
2026-08-12 23:13:50.231 | DEBUG    | eval.evaluation.evaluation:metric_call:77 - metric_func_name exact_match score 1.0 msg exact match, response: 49, target: 49
2026-08-12 23:13:50.231 | DEBUG    | eval.evaluation.evaluation:metric_call:77 - metric_func_name exact_match score 1.0 msg exact match, response: 174, target: 174
2026-08-12 23:13:50.231 | DEBUG    | eval.evaluation.evaluation:metric_call:77 - metric_func_name exact_match score 1.0 msg exact match, response: 165, target: 165
2026-08-12 23:13:50.231 | DEBUG    | eval.evaluation.evaluation:metric_call:77 - metric_func_name exact_match score 1.0 msg exact match, response: 38, target: 38
2026-08-12 23:13:50.231 | DEBUG    | eval.evaluation.evaluation:metric_call:77 - metric_func_name exact_match score 1.0 msg exact match, response: 72, target: 72
2026-08-12 23:13:50.231 | DEBUG    | eval.evaluation.evaluation:metric_call:77 - metric_func_name exact_match score 1.0 msg exact match, response: 175, target: 175
2026-08-12 23:13:50.231 | DEBUG    | eval.evaluation.evaluation:metric_call:77 - metric_func_name exact_match score 1.0 msg exact match, response: 66, target: 66
2026-08-12 23:13:50.231 | DEBUG    | eval.evaluation.evaluation:metric_call:77 - metric_func_name exact_match score 1.0 msg exact match, response: 100, target: 100
2026-08-12 23:13:50.231 | DEBUG    | eval.evaluation.evaluation:metric_call:77 - metric_func_name exact_match score 1.0 msg exact match, response: 44, target: 44
2026-08-12 23:13:50.231 | DEBUG    | eval.evaluation.evaluation:metric_call:77 - metric_func_name exact_match score 1.0 msg exact match, response: 91, target: 91
2026-08-12 23:13:50.231 | DEBUG    | eval.evaluation.evaluation:metric_call:77 - metric_func_name exact_match score 1.0 msg exact match, response: 116, target: 116
2026-08-12 23:13:50.231 | DEBUG    | eval.evaluation.evaluation:metric_call:77 - metric_func_name exact_match score 1.0 msg exact match, response: 42, target: 42
2026-08-12 23:13:50.231 | DEBUG    | eval.evaluation.evaluation:metric_call:77 - metric_func_name exact_match score 1.0 msg exact match, response: 62, target: 62
2026-08-12 23:13:50.232 | DEBUG    | eval.evaluation.evaluation:metric_call:77 - metric_func_name exact_match score 1.0 msg exact match, response: 80, target: 80
2026-08-12 23:13:50.232 | DEBUG    | eval.evaluation.evaluation:metric_call:77 - metric_func_name exact_match score 1.0 msg exact match, response: 114, target: 114
2026-08-12 23:13:50.232 | DEBUG    | eval.evaluation.evaluation:metric_call:77 - metric_func_name exact_match score 1.0 msg exact match, response: 58, target: 58
2026-08-12 23:13:50.232 | DEBUG    | eval.evaluation.evaluation:metric_call:77 - metric_func_name exact_match score 1.0 msg exact match, response: 88, target: 88
2026-08-12 23:13:50.232 | DEBUG    | eval.evaluation.evaluation:metric_call:77 - metric_func_name exact_match score 1.0 msg exact match, response: 100, target: 100
2026-08-12 23:13:50.232 | DEBUG    | eval.evaluation.evaluation:metric_call:77 - metric_func_name exact_match score 1.0 msg exact match, response: 54, target: 54
2026-08-12 23:13:50.232 | DEBUG    | eval.evaluation.evaluation:metric_call:77 - metric_func_name exact_match score 1.0 msg exact match, response: 90, target: 90
2026-08-12 23:13:50.232 | DEBUG    | eval.evaluation.evaluation:metric_call:77 - metric_func_name exact_match score 1.0 msg exact match, response: 67, target: 67
2026-08-12 23:13:50.232 | DEBUG    | eval.evaluation.evaluation:metric_call:77 - metric_func_name exact_match score 1.0 msg exact match, response: 87, target: 87
2026-08-12 23:13:50.232 | DEBUG    | eval.evaluation.evaluation:metric_call:77 - metric_func_name exact_match score 1.0 msg exact match, response: 108, target: 108
2026-08-12 23:13:50.232 | DEBUG    | eval.evaluation.evaluation:metric_call:77 - metric_func_name exact_match score 1.0 msg exact match, response: 70, target: 70
2026-08-12 23:13:50.233 | DEBUG    | eval.evaluation.evaluation:evaluate_single_query:321 - wide2deep_ws_en_052, col turbinesnumber, metric_func_name exact_match, score [1.0, 1.0, 1.0, 1.0, 1.0, 1.0, 1.0, 1.0, 1.0, 1.0, 1.0, 1.0, 1.0, 1.0, 1.0, 1.0, 1.0, 1.0, 1.0, 1.0, 1.0, 1.0, 1.0, 1.0, 1.0, 1.0, 1.0, 1.0, 1.0, 1.0, 1.0, 1.0, 1.0, 1.0, 1.0, 1.0, 1.0, 1.0, 1.0, 1.0, 1.0]
2026-08-12 23:13:58.686 | DEBUG    | eval.evaluation.evaluation:evaluate_single_query:321 - wide2deep_ws_en_052, col turbinemodel, metric_func_name llm_judge, score [1, 0, 1, 1, 1, 1, 1, 1, 1, 1, 1, 1, 1, 1, 1, 1, 1, 1, 1, 1, 0, 1, 1, 1, 1, 1, 1, 1, 1, 1, 1, 1, 0, 1, 1, 0, 1, 1, 1, 1, 1]
2026-08-12 23:13:58.686 | DEBUG    | eval.evaluation.evaluation:metric_call:77 - metric_func_name exact_match score 1.0 msg exact match, response: 2015, target: 2015
2026-08-12 23:13:58.686 | DEBUG    | eval.evaluation.evaluation:metric_call:77 - metric_func_name exact_match score 1.0 msg exact match, response: 2013, target: 2013
2026-08-12 23:13:58.686 | DEBUG    | eval.evaluation.evaluation:metric_call:77 - metric_func_name exact_match score 1.0 msg exact match, response: 2013, target: 2013
2026-08-12 23:13:58.686 | DEBUG    | eval.evaluation.evaluation:metric_call:77 - metric_func_name exact_match score 1.0 msg exact match, response: 2019, target: 2019
2026-08-12 23:13:58.686 | DEBUG    | eval.evaluation.evaluation:metric_call:77 - metric_func_name exact_match score 1.0 msg exact match, response: 2019, target: 2019
2026-08-12 23:13:58.686 | DEBUG    | eval.evaluation.evaluation:metric_call:77 - metric_func_name exact_match score 1.0 msg exact match, response: 2020, target: 2020
2026-08-12 23:13:58.686 | DEBUG    | eval.evaluation.evaluation:metric_call:77 - metric_func_name exact_match score 1.0 msg exact match, response: 2021, target: 2021
2026-08-12 23:13:58.686 | DEBUG    | eval.evaluation.evaluation:metric_call:77 - metric_func_name exact_match score 1.0 msg exact match, response: 2017, target: 2017
2026-08-12 23:13:58.686 | DEBUG    | eval.evaluation.evaluation:metric_call:77 - metric_func_name exact_match score 1.0 msg exact match, response: 2020, target: 2020
2026-08-12 23:13:58.686 | DEBUG    | eval.evaluation.evaluation:metric_call:77 - metric_func_name exact_match score 1.0 msg exact match, response: 2024, target: 2024
2026-08-12 23:13:58.687 | DEBUG    | eval.evaluation.evaluation:metric_call:77 - metric_func_name exact_match score 1.0 msg exact match, response: 2018, target: 2018
2026-08-12 23:13:58.687 | DEBUG    | eval.evaluation.evaluation:metric_call:77 - metric_func_name exact_match score 0.0 msg exact not match, response: 2016, target: 2017
2026-08-12 23:13:58.687 | DEBUG    | eval.evaluation.evaluation:metric_call:77 - metric_func_name exact_match score 1.0 msg exact match, response: 2015, target: 2015
2026-08-12 23:13:58.687 | DEBUG    | eval.evaluation.evaluation:metric_call:77 - metric_func_name exact_match score 1.0 msg exact match, response: 2012, target: 2012
2026-08-12 23:13:58.687 | DEBUG    | eval.evaluation.evaluation:metric_call:77 - metric_func_name exact_match score 1.0 msg exact match, response: 2015, target: 2015
2026-08-12 23:13:58.687 | DEBUG    | eval.evaluation.evaluation:metric_call:77 - metric_func_name exact_match score 1.0 msg exact match, response: 2019, target: 2019
2026-08-12 23:13:58.687 | DEBUG    | eval.evaluation.evaluation:metric_call:77 - metric_func_name exact_match score 1.0 msg exact match, response: 2023, target: 2023
2026-08-12 23:13:58.687 | DEBUG    | eval.evaluation.evaluation:metric_call:77 - metric_func_name exact_match score 1.0 msg exact match, response: 2019, target: 2019
2026-08-12 23:13:58.687 | DEBUG    | eval.evaluation.evaluation:metric_call:77 - metric_func_name exact_match score 0.0 msg exact not match, response: 2020, target: 2019
2026-08-12 23:13:58.687 | DEBUG    | eval.evaluation.evaluation:metric_call:77 - metric_func_name exact_match score 1.0 msg exact match, response: 2022, target: 2022
2026-08-12 23:13:58.687 | DEBUG    | eval.evaluation.evaluation:metric_call:77 - metric_func_name exact_match score 1.0 msg exact match, response: 2022, target: 2022
2026-08-12 23:13:58.687 | DEBUG    | eval.evaluation.evaluation:metric_call:77 - metric_func_name exact_match score 1.0 msg exact match, response: 2021, target: 2021
2026-08-12 23:13:58.687 | DEBUG    | eval.evaluation.evaluation:metric_call:77 - metric_func_name exact_match score 1.0 msg exact match, response: 2013, target: 2013
2026-08-12 23:13:58.687 | DEBUG    | eval.evaluation.evaluation:metric_call:77 - metric_func_name exact_match score 1.0 msg exact match, response: 2019, target: 2019
2026-08-12 23:13:58.687 | DEBUG    | eval.evaluation.evaluation:metric_call:77 - metric_func_name exact_match score 1.0 msg exact match, response: 2022, target: 2022
2026-08-12 23:13:58.687 | DEBUG    | eval.evaluation.evaluation:metric_call:77 - metric_func_name exact_match score 1.0 msg exact match, response: 2019, target: 2019
2026-08-12 23:13:58.687 | DEBUG    | eval.evaluation.evaluation:metric_call:77 - metric_func_name exact_match score 1.0 msg exact match, response: 2018, target: 2018
2026-08-12 23:13:58.687 | DEBUG    | eval.evaluation.evaluation:metric_call:77 - metric_func_name exact_match score 1.0 msg exact match, response: 2018, target: 2018
2026-08-12 23:13:58.687 | DEBUG    | eval.evaluation.evaluation:metric_call:77 - metric_func_name exact_match score 1.0 msg exact match, response: 2018, target: 2018
2026-08-12 23:13:58.687 | DEBUG    | eval.evaluation.evaluation:metric_call:77 - metric_func_name exact_match score 1.0 msg exact match, response: 2024, target: 2024
2026-08-12 23:13:58.687 | DEBUG    | eval.evaluation.evaluation:metric_call:77 - metric_func_name exact_match score 1.0 msg exact match, response: 2022, target: 2022
2026-08-12 23:13:58.688 | DEBUG    | eval.evaluation.evaluation:metric_call:77 - metric_func_name exact_match score 1.0 msg exact match, response: 2023, target: 2023
2026-08-12 23:13:58.688 | DEBUG    | eval.evaluation.evaluation:metric_call:77 - metric_func_name exact_match score 1.0 msg exact match, response: 2020, target: 2020
2026-08-12 23:13:58.688 | DEBUG    | eval.evaluation.evaluation:metric_call:77 - metric_func_name exact_match score 1.0 msg exact match, response: 2012, target: 2012
2026-08-12 23:13:58.688 | DEBUG    | eval.evaluation.evaluation:metric_call:77 - metric_func_name exact_match score 1.0 msg exact match, response: 2010, target: 2010
2026-08-12 23:13:58.688 | DEBUG    | eval.evaluation.evaluation:metric_call:77 - metric_func_name exact_match score 1.0 msg exact match, response: 2013, target: 2013
2026-08-12 23:13:58.688 | DEBUG    | eval.evaluation.evaluation:metric_call:77 - metric_func_name exact_match score 1.0 msg exact match, response: 2022, target: 2022
2026-08-12 23:13:58.688 | DEBUG    | eval.evaluation.evaluation:metric_call:77 - metric_func_name exact_match score 1.0 msg exact match, response: 2017, target: 2017
2026-08-12 23:13:58.688 | DEBUG    | eval.evaluation.evaluation:metric_call:77 - metric_func_name exact_match score 1.0 msg exact match, response: 2018, target: 2018
2026-08-12 23:13:58.688 | DEBUG    | eval.evaluation.evaluation:metric_call:77 - metric_func_name exact_match score 1.0 msg exact match, response: 2014, target: 2014
2026-08-12 23:13:58.688 | DEBUG    | eval.evaluation.evaluation:metric_call:77 - metric_func_name exact_match score 0.0 msg exact not match, response: 2017, target: 2018
2026-08-12 23:13:58.689 | DEBUG    | eval.evaluation.evaluation:evaluate_single_query:321 - wide2deep_ws_en_052, col commissioningyear, metric_func_name exact_match, score [1.0, 1.0, 1.0, 1.0, 1.0, 1.0, 1.0, 1.0, 1.0, 1.0, 1.0, 0.0, 1.0, 1.0, 1.0, 1.0, 1.0, 1.0, 0.0, 1.0, 1.0, 1.0, 1.0, 1.0, 1.0, 1.0, 1.0, 1.0, 1.0, 1.0, 1.0, 1.0, 1.0, 1.0, 1.0, 1.0, 1.0, 1.0, 1.0, 1.0, 0.0]
2026-08-12 23:14:12.657 | DEBUG    | eval.evaluation.evaluation:evaluate_single_query:321 - wide2deep_ws_en_052, col owner/operator, metric_func_name llm_judge, score [1, 0, 1, 0, 0, 1, 0, 0, 1, 1, 0, 1, 1, 1, 0, 1, 1, 1, 0, 1, 1, 1, 0, 0, 0, 0, 1, 1, 1, 1, 1, 1, 1, 0, 0, 1, 1, 0, 1, 0, 1]
2026-08-12 23:14:12.668 | INFO     | eval.evaluation.evaluation:evaluate_single_query:380 - wide2deep_ws_en_052, P/R/F1 by unique_columns: 0.9111/0.8367/0.8723
2026-08-12 23:14:12.668 | INFO     | eval.evaluation.evaluation:evaluate_single_query:383 - wide2deep_ws_en_052, P/R/F1 by row: 0.3111/0.2857/0.2979
2026-08-12 23:14:12.668 | INFO     | eval.evaluation.evaluation:evaluate_single_query:386 - wide2deep_ws_en_052, P/R/F1 by item: 0.7873/0.7230/0.7538
2026-08-12 23:14:12.673 | INFO     | eval.evaluation.evaluation:evaluate_single_query:398 - wide2deep_ws_en_052, final table score: 0.0
{"event": "eval_done", "idx": 2, "instance_id": "wide2deep_ws_en_052", "score": 0.0, "entity_acc": 1.0, "f1_by_row": 0.29787234042553196, "f1_by_item": 0.7537993920972645, "column_f1": 0.8723404255319148, "error": null, "elapsed_seconds": 44.487, "running_n": 2}
2026-08-12 23:14:15.327 | DEBUG    | eval.evaluation.data_loader:extract_dataframe:167 - find markdown_str 
| Project | State | Start Year | Completion Year | Final Total  ...
2026-08-12 23:14:20.099 | INFO     | eval.evaluation.metric_utils:primary_key_preprocess:246 - primary_key_preprocess result: ```json
{
  "Salt Lake City International Airport New SLC Redevelopment Program": "the New Salt Lake City International Airport",
  "LaGuardia Airport Redevelopment Program": "LaGuardia Reconstruction",
  "John F. Kennedy International Airport Redevelopment Program": "JFK International Airport Master Plan",
  "Kansas City International Airport New Terminal Project": "Kansas City International - single-terminal replacement",
  "Denver International Airport Great Hall Project": "Denver Airport Great Hall Renovation",
  "Dallas Fort Worth International Airport Terminal Renewal and Improvement Program": "Dallas/Fort Worth Airport Terminal Renewal & Improvement Program",
  "George Bush Intercontinental Airport International Terminal Redevelopment Program": "IAH Terminal Redevelopment Program (ITRP)",
  "Nashville International Airport BNA Vision": "(Nashville International Airport) BNA Vision Expansion",
  "Newark Liberty International Airport Terminal A Redevelopment Program": "Newark Liberty International Airport– New Terminal A",
  "Portland International Airport PDX Next Program": "Portland International Airport- new terminal(PDXNext)",
  "Louis Armstrong New Orleans International Airport New Terminal Project": "Louis Armstrong New Orleans International - North Terminal"
}
```
2026-08-12 23:14:20.099 | INFO     | eval.evaluation.evaluation:evaluate_single_query:223 - col: project, primary_key_map {'Salt Lake City International Airport New SLC Redevelopment Program': 'the New Salt Lake City International Airport', 'LaGuardia Airport Redevelopment Program': 'LaGuardia Reconstruction', 'John F. Kennedy International Airport Redevelopment Program': 'JFK International Airport Master Plan', 'Kansas City International Airport New Terminal Project': 'Kansas City International - single-terminal replacement', 'Denver International Airport Great Hall Project': 'Denver Airport Great Hall Renovation', 'Dallas Fort Worth International Airport Terminal Renewal and Improvement Program': 'Dallas/Fort Worth Airport Terminal Renewal & Improvement Program', 'George Bush Intercontinental Airport International Terminal Redevelopment Program': 'IAH Terminal Redevelopment Program (ITRP)', 'Nashville International Airport BNA Vision': '(Nashville International Airport) BNA Vision Expansion', 'Newark Liberty International Airport Terminal A Redevelopment Program': 'Newark Liberty International Airport– New Terminal A', 'Portland International Airport PDX Next Program': 'Portland International Airport- new terminal(PDXNext)', 'Louis Armstrong New Orleans International Airport New Terminal Project': 'Louis Armstrong New Orleans International - North Terminal'}
2026-08-12 23:14:20.106 | INFO     | eval.evaluation.evaluation:evaluate_single_query:275 - wide2deep_ws_en_054, df_inner shape: (11, 10), answer_df shape: (16, 5), response_df shape: (12, 6)
2026-08-12 23:14:26.600 | DEBUG    | eval.evaluation.evaluation:evaluate_single_query:321 - wide2deep_ws_en_054, col state, metric_func_name llm_judge, score [1, 1, 1, 1, 1, 1, 1, 1, 1, 1, 1]
2026-08-12 23:14:30.091 | DEBUG    | eval.evaluation.evaluation:evaluate_single_query:321 - wide2deep_ws_en_054, col startyear, metric_func_name llm_judge, score [1, 1, 1, 1, 0, 1, 0, 1, 0, 1, 1]
2026-08-12 23:14:30.091 | DEBUG    | eval.evaluation.evaluation:metric_call:77 - metric_func_name exact_match score 1.0 msg exact match, response: nan, target: nan
2026-08-12 23:14:30.092 | DEBUG    | eval.evaluation.evaluation:metric_call:77 - metric_func_name exact_match score 1.0 msg exact match, response: 2019.0, target: 2019.0
2026-08-12 23:14:30.092 | DEBUG    | eval.evaluation.evaluation:metric_call:77 - metric_func_name exact_match score 1.0 msg exact match, response: 2023.0, target: 2023.0
2026-08-12 23:14:30.092 | DEBUG    | eval.evaluation.evaluation:metric_call:77 - metric_func_name exact_match score 1.0 msg exact match, response: 2023.0, target: 2023.0
2026-08-12 23:14:30.092 | DEBUG    | eval.evaluation.evaluation:metric_call:77 - metric_func_name exact_match score 1.0 msg exact match, response: nan, target: nan
2026-08-12 23:14:30.092 | DEBUG    | eval.evaluation.evaluation:metric_call:77 - metric_func_name exact_match score 1.0 msg exact match, response: 2022.0, target: 2022.0
2026-08-12 23:14:30.092 | DEBUG    | eval.evaluation.evaluation:metric_call:77 - metric_func_name exact_match score 0.0 msg exact not match, response: nan, target: 2024.0
2026-08-12 23:14:30.092 | DEBUG    | eval.evaluation.evaluation:metric_call:77 - metric_func_name exact_match score 0.0 msg exact not match, response: 2024.0, target: 2023.0
2026-08-12 23:14:30.092 | DEBUG    | eval.evaluation.evaluation:metric_call:77 - metric_func_name exact_match score 1.0 msg exact match, response: nan, target: nan
2026-08-12 23:14:30.092 | DEBUG    | eval.evaluation.evaluation:metric_call:77 - metric_func_name exact_match score 1.0 msg exact match, response: 2018.0, target: 2018.0
2026-08-12 23:14:30.092 | DEBUG    | eval.evaluation.evaluation:metric_call:77 - metric_func_name exact_match score 1.0 msg exact match, response: nan, target: nan
2026-08-12 23:14:30.093 | DEBUG    | eval.evaluation.evaluation:evaluate_single_query:321 - wide2deep_ws_en_054, col completionyear, metric_func_name exact_match, score [1.0, 1.0, 1.0, 1.0, 1.0, 1.0, 0.0, 0.0, 1.0, 1.0, 1.0]
2026-08-12 23:14:30.093 | DEBUG    | eval.evaluation.evaluation:metric_call:77 - metric_func_name number_near score 0.0 msg number not near, response: 2.1, target: 1.3
2026-08-12 23:14:30.093 | DEBUG    | eval.evaluation.evaluation:metric_call:77 - metric_func_name number_near score 1.0 msg number near in range 10.0%, response: 1.3, target: 1.3
2026-08-12 23:14:30.093 | DEBUG    | eval.evaluation.evaluation:metric_call:77 - metric_func_name number_near score 1.0 msg number near in range 10.0%, response: 1.5, target: 1.5
2026-08-12 23:14:30.093 | DEBUG    | eval.evaluation.evaluation:metric_call:77 - metric_func_name number_near score 1.0 msg number near in range 10.0%, response: 2.7, target: 2.7
2026-08-12 23:14:30.093 | DEBUG    | eval.evaluation.evaluation:metric_call:77 - metric_func_name number_near score 1.0 msg number near in range 10.0%, response: 19.0, target: 19.0
2026-08-12 23:14:30.093 | DEBUG    | eval.evaluation.evaluation:metric_call:77 - metric_func_name number_near score 1.0 msg number near in range 10.0%, response: 8.0, target: 8.0
2026-08-12 23:14:30.093 | DEBUG    | eval.evaluation.evaluation:metric_call:77 - metric_func_name number_near score 1.0 msg number near in range 10.0%, response: 2.15, target: 2.15
2026-08-12 23:14:30.093 | DEBUG    | eval.evaluation.evaluation:metric_call:77 - metric_func_name number_near score 1.0 msg number near in range 10.0%, response: 1.4, target: 1.5
2026-08-12 23:14:30.093 | DEBUG    | eval.evaluation.evaluation:metric_call:77 - metric_func_name number_near score 0.0 msg number not near, response: 1.46, target: 1.3
2026-08-12 23:14:30.093 | DEBUG    | eval.evaluation.evaluation:metric_call:77 - metric_func_name number_near score 0.0 msg number not near, response: 2.7, target: 3.1
2026-08-12 23:14:30.093 | DEBUG    | eval.evaluation.evaluation:metric_call:77 - metric_func_name number_near score 1.0 msg number near in range 10.0%, response: 5.1, target: 5.1
2026-08-12 23:14:30.094 | DEBUG    | eval.evaluation.evaluation:evaluate_single_query:321 - wide2deep_ws_en_054, col finaltotalcost, metric_func_name number_near, score [0.0, 1.0, 1.0, 1.0, 1.0, 1.0, 1.0, 1.0, 0.0, 0.0, 1.0]
2026-08-12 23:14:30.099 | INFO     | eval.evaluation.evaluation:evaluate_single_query:380 - wide2deep_ws_en_054, P/R/F1 by unique_columns: 0.9167/0.6875/0.7857
2026-08-12 23:14:30.099 | INFO     | eval.evaluation.evaluation:evaluate_single_query:383 - wide2deep_ws_en_054, P/R/F1 by row: 0.4167/0.3125/0.3571
2026-08-12 23:14:30.099 | INFO     | eval.evaluation.evaluation:evaluate_single_query:386 - wide2deep_ws_en_054, P/R/F1 by item: 0.7833/0.5875/0.6714
2026-08-12 23:14:30.101 | INFO     | eval.evaluation.evaluation:evaluate_single_query:398 - wide2deep_ws_en_054, final table score: 0.0
{"event": "eval_done", "idx": 3, "instance_id": "wide2deep_ws_en_054", "score": 0.0, "entity_acc": 1.0, "f1_by_row": 0.35714285714285715, "f1_by_item": 0.6714285714285714, "column_f1": 0.7857142857142857, "error": null, "elapsed_seconds": 17.413, "running_n": 3}
2026-08-12 23:14:32.191 | DEBUG    | eval.evaluation.data_loader:extract_dataframe:167 - find markdown_str 
| State Name | Current Constitution Effective Date | Number of  ...
2026-08-12 23:14:35.151 | INFO     | eval.evaluation.metric_utils:primary_key_preprocess:246 - primary_key_preprocess result: ```json
{
  "Alabama": "Alabama",
  "Alaska": "Alaska",
  "Arizona": "Arizona",
  "Arkansas": "Arkansas",
  "California": "California",
  "Colorado": "Colorado",
  "Connecticut": "Connecticut",
  "Florida": "Florida",
  "Georgia": "Georgia",
  "Hawaii": "Hawaii",
  "Idaho": "Idaho",
  "Illinois": "Illinois",
  "Indiana": "Indiana",
  "Iowa": "Iowa",
  "Kansas": "Kansas",
  "Kentucky": "Kentucky",
  "Louisiana": "Louisiana",
  "Maine": "Maine",
  "Maryland": "Maryland",
  "Michigan": "Michigan",
  "Minnesota": "Minnesota",
  "Mississippi": "Mississippi",
  "Missouri": "Missouri",
  "Montana": "Montana",
  "Nebraska": "Nebraska",
  "New Jersey": "New Jersey",
  "New Mexico": "New Mexico",
  "North Carolina": "North Carolina",
  "North Dakota": "North Dakota",
  "Ohio": "Ohio",
  "Oklahoma": "Oklahoma",
  "Oregon": "Oregon",
  "Pennsylvania": "Pennsylvania",
  "South Carolina": "South Carolina",
  "South Dakota": "South Dakota",
  "Texas": "Texas",
  "Utah": "Utah",
  "Virginia": "Virginia",
  "Washington": "Washington",
  "Wisconsin": "Wisconsin",
  "Wyoming": "Wyoming"
}
```
2026-08-12 23:14:35.151 | INFO     | eval.evaluation.evaluation:evaluate_single_query:223 - col: statename, primary_key_map {'Alabama': 'Alabama', 'Alaska': 'Alaska', 'Arizona': 'Arizona', 'Arkansas': 'Arkansas', 'California': 'California', 'Colorado': 'Colorado', 'Connecticut': 'Connecticut', 'Florida': 'Florida', 'Georgia': 'Georgia', 'Hawaii': 'Hawaii', 'Idaho': 'Idaho', 'Illinois': 'Illinois', 'Indiana': 'Indiana', 'Iowa': 'Iowa', 'Kansas': 'Kansas', 'Kentucky': 'Kentucky', 'Louisiana': 'Louisiana', 'Maine': 'Maine', 'Maryland': 'Maryland', 'Michigan': 'Michigan', 'Minnesota': 'Minnesota', 'Mississippi': 'Mississippi', 'Missouri': 'Missouri', 'Montana': 'Montana', 'Nebraska': 'Nebraska', 'New Jersey': 'New Jersey', 'New Mexico': 'New Mexico', 'North Carolina': 'North Carolina', 'North Dakota': 'North Dakota', 'Ohio': 'Ohio', 'Oklahoma': 'Oklahoma', 'Oregon': 'Oregon', 'Pennsylvania': 'Pennsylvania', 'South Carolina': 'South Carolina', 'South Dakota': 'South Dakota', 'Texas': 'Texas', 'Utah': 'Utah', 'Virginia': 'Virginia', 'Washington': 'Washington', 'Wisconsin': 'Wisconsin', 'Wyoming': 'Wyoming'}
2026-08-12 23:14:35.157 | INFO     | eval.evaluation.evaluation:evaluate_single_query:275 - wide2deep_ws_en_064, df_inner shape: (41, 8), answer_df shape: (41, 4), response_df shape: (41, 5)
2026-08-12 23:14:35.158 | DEBUG    | eval.evaluation.evaluation:metric_call:77 - metric_func_name exact_match score 0.0 msg exact not match, response: 2023-01-01, target: 2022-11-28
2026-08-12 23:14:35.158 | DEBUG    | eval.evaluation.evaluation:metric_call:77 - metric_func_name exact_match score 1.0 msg exact match, response: 1959-01-03, target: 1959-01-03
2026-08-12 23:14:35.158 | DEBUG    | eval.evaluation.evaluation:metric_call:77 - metric_func_name exact_match score 1.0 msg exact match, response: 1912-02-14, target: 1912-02-14
2026-08-12 23:14:35.158 | DEBUG    | eval.evaluation.evaluation:metric_call:77 - metric_func_name exact_match score 1.0 msg exact match, response: 1874-10-30, target: 1874-10-30
2026-08-12 23:14:35.158 | DEBUG    | eval.evaluation.evaluation:metric_call:77 - metric_func_name exact_match score 0.0 msg exact not match, response: 1879-07-04, target: 1879-05-07
2026-08-12 23:14:35.158 | DEBUG    | eval.evaluation.evaluation:metric_call:77 - metric_func_name exact_match score 1.0 msg exact match, response: 1876-08-01, target: 1876-08-01
2026-08-12 23:14:35.158 | DEBUG    | eval.evaluation.evaluation:metric_call:77 - metric_func_name exact_match score 1.0 msg exact match, response: 1965-12-30, target: 1965-12-30
2026-08-12 23:14:35.158 | DEBUG    | eval.evaluation.evaluation:metric_call:77 - metric_func_name exact_match score 0.0 msg exact not match, response: 1969-01-07, target: 1968-11-05
2026-08-12 23:14:35.158 | DEBUG    | eval.evaluation.evaluation:metric_call:77 - metric_func_name exact_match score 1.0 msg exact match, response: 1983-07-01, target: 1983-07-01
2026-08-12 23:14:35.158 | DEBUG    | eval.evaluation.evaluation:metric_call:77 - metric_func_name exact_match score 1.0 msg exact match, response: 1959-08-21, target: 1959-08-21
2026-08-12 23:14:35.158 | DEBUG    | eval.evaluation.evaluation:metric_call:77 - metric_func_name exact_match score 1.0 msg exact match, response: 1890-07-03, target: 1890-07-03
2026-08-12 23:14:35.158 | DEBUG    | eval.evaluation.evaluation:metric_call:77 - metric_func_name exact_match score 1.0 msg exact match, response: 1971-07-01, target: 1971-07-01
2026-08-12 23:14:35.158 | DEBUG    | eval.evaluation.evaluation:metric_call:77 - metric_func_name exact_match score 1.0 msg exact match, response: 1851-11-01, target: 1851-11-01
2026-08-12 23:14:35.158 | DEBUG    | eval.evaluation.evaluation:metric_call:77 - metric_func_name exact_match score 1.0 msg exact match, response: 1857-09-03, target: 1857-09-03
2026-08-12 23:14:35.158 | DEBUG    | eval.evaluation.evaluation:metric_call:77 - metric_func_name exact_match score 1.0 msg exact match, response: 1861-01-29, target: 1861-01-29
2026-08-12 23:14:35.159 | DEBUG    | eval.evaluation.evaluation:metric_call:77 - metric_func_name exact_match score 1.0 msg exact match, response: 1891-09-28, target: 1891-09-28
2026-08-12 23:14:35.159 | DEBUG    | eval.evaluation.evaluation:metric_call:77 - metric_func_name exact_match score 1.0 msg exact match, response: 1975-01-01, target: 1975-01-01
2026-08-12 23:14:35.159 | DEBUG    | eval.evaluation.evaluation:metric_call:77 - metric_func_name exact_match score 1.0 msg exact match, response: 1820-03-15, target: 1820-03-15
2026-08-12 23:14:35.159 | DEBUG    | eval.evaluation.evaluation:metric_call:77 - metric_func_name exact_match score 1.0 msg exact match, response: 1867-10-05, target: 1867-10-05
2026-08-12 23:14:35.159 | DEBUG    | eval.evaluation.evaluation:metric_call:77 - metric_func_name exact_match score 1.0 msg exact match, response: 1964-01-01, target: 1964-01-01
2026-08-12 23:14:35.159 | DEBUG    | eval.evaluation.evaluation:metric_call:77 - metric_func_name exact_match score 1.0 msg exact match, response: 1858-05-11, target: 1858-05-11
2026-08-12 23:14:35.159 | DEBUG    | eval.evaluation.evaluation:metric_call:77 - metric_func_name exact_match score 1.0 msg exact match, response: 1890-11-01, target: 1890-11-01
2026-08-12 23:14:35.159 | DEBUG    | eval.evaluation.evaluation:metric_call:77 - metric_func_name exact_match score 0.0 msg exact not match, response: 1945-03-30, target: 1945-02-27
2026-08-12 23:14:35.159 | DEBUG    | eval.evaluation.evaluation:metric_call:77 - metric_func_name exact_match score 1.0 msg exact match, response: 1973-07-01, target: 1973-07-01
2026-08-12 23:14:35.159 | DEBUG    | eval.evaluation.evaluation:metric_call:77 - metric_func_name exact_match score 0.0 msg exact not match, response: 1875-10-12, target: 1875-11-01
2026-08-12 23:14:35.159 | DEBUG    | eval.evaluation.evaluation:metric_call:77 - metric_func_name exact_match score 1.0 msg exact match, response: 1948-01-01, target: 1948-01-01
2026-08-12 23:14:35.159 | DEBUG    | eval.evaluation.evaluation:metric_call:77 - metric_func_name exact_match score 1.0 msg exact match, response: 1912-01-06, target: 1912-01-06
2026-08-12 23:14:35.159 | DEBUG    | eval.evaluation.evaluation:metric_call:77 - metric_func_name exact_match score 1.0 msg exact match, response: 1971-07-01, target: 1971-07-01
2026-08-12 23:14:35.159 | DEBUG    | eval.evaluation.evaluation:metric_call:77 - metric_func_name exact_match score 1.0 msg exact match, response: 1889-11-02, target: 1889-11-02
2026-08-12 23:14:35.159 | DEBUG    | eval.evaluation.evaluation:metric_call:77 - metric_func_name exact_match score 1.0 msg exact match, response: 1851-09-01, target: 1851-09-01
2026-08-12 23:14:35.159 | DEBUG    | eval.evaluation.evaluation:metric_call:77 - metric_func_name exact_match score 1.0 msg exact match, response: 1907-11-16, target: 1907-11-16
2026-08-12 23:14:35.159 | DEBUG    | eval.evaluation.evaluation:metric_call:77 - metric_func_name exact_match score 1.0 msg exact match, response: 1859-02-14, target: 1859-02-14
2026-08-12 23:14:35.159 | DEBUG    | eval.evaluation.evaluation:metric_call:77 - metric_func_name exact_match score 0.0 msg exact not match, response: 1790-09-02, target: 1968-04-23
2026-08-12 23:14:35.159 | DEBUG    | eval.evaluation.evaluation:metric_call:77 - metric_func_name exact_match score 0.0 msg exact not match, response: 1895-12-31, target: 1895-12-04
2026-08-12 23:14:35.159 | DEBUG    | eval.evaluation.evaluation:metric_call:77 - metric_func_name exact_match score 1.0 msg exact match, response: 1889-11-02, target: 1889-11-02
2026-08-12 23:14:35.159 | DEBUG    | eval.evaluation.evaluation:metric_call:77 - metric_func_name exact_match score 1.0 msg exact match, response: 1876-02-15, target: 1876-02-15
2026-08-12 23:14:35.160 | DEBUG    | eval.evaluation.evaluation:metric_call:77 - metric_func_name exact_match score 1.0 msg exact match, response: 1896-01-04, target: 1896-01-04
2026-08-12 23:14:35.160 | DEBUG    | eval.evaluation.evaluation:metric_call:77 - metric_func_name exact_match score 1.0 msg exact match, response: 1971-07-01, target: 1971-07-01
2026-08-12 23:14:35.160 | DEBUG    | eval.evaluation.evaluation:metric_call:77 - metric_func_name exact_match score 1.0 msg exact match, response: 1889-11-11, target: 1889-11-11
2026-08-12 23:14:35.160 | DEBUG    | eval.evaluation.evaluation:metric_call:77 - metric_func_name exact_match score 1.0 msg exact match, response: 1848-05-29, target: 1848-05-29
2026-08-12 23:14:35.160 | DEBUG    | eval.evaluation.evaluation:metric_call:77 - metric_func_name exact_match score 1.0 msg exact match, response: 1890-07-10, target: 1890-07-10
2026-08-12 23:14:35.160 | DEBUG    | eval.evaluation.evaluation:evaluate_single_query:321 - wide2deep_ws_en_064, col currentconstitutioneffectivedate, metric_func_name exact_match, score [0.0, 1.0, 1.0, 1.0, 0.0, 1.0, 1.0, 0.0, 1.0, 1.0, 1.0, 1.0, 1.0, 1.0, 1.0, 1.0, 1.0, 1.0, 1.0, 1.0, 1.0, 1.0, 0.0, 1.0, 0.0, 1.0, 1.0, 1.0, 1.0, 1.0, 1.0, 1.0, 0.0, 0.0, 1.0, 1.0, 1.0, 1.0, 1.0, 1.0, 1.0]
2026-08-12 23:14:35.161 | DEBUG    | eval.evaluation.evaluation:metric_call:77 - metric_func_name exact_match score 0.0 msg exact not match, response: 18, target: 12
2026-08-12 23:14:35.161 | DEBUG    | eval.evaluation.evaluation:metric_call:77 - metric_func_name exact_match score 0.0 msg exact not match, response: 29, target: 28
2026-08-12 23:14:35.161 | DEBUG    | eval.evaluation.evaluation:metric_call:77 - metric_func_name exact_match score 1.0 msg exact match, response: 161, target: 161
2026-08-12 23:14:35.161 | DEBUG    | eval.evaluation.evaluation:metric_call:77 - metric_func_name exact_match score 0.0 msg exact not match, response: 112, target: 104
2026-08-12 23:14:35.161 | DEBUG    | eval.evaluation.evaluation:metric_call:77 - metric_func_name exact_match score 0.0 msg exact not match, response: 543, target: 524
2026-08-12 23:14:35.161 | DEBUG    | eval.evaluation.evaluation:metric_call:77 - metric_func_name exact_match score 0.0 msg exact not match, response: 174, target: 176
2026-08-12 23:14:35.161 | DEBUG    | eval.evaluation.evaluation:metric_call:77 - metric_func_name exact_match score 0.0 msg exact not match, response: 35, target: 34
2026-08-12 23:14:35.161 | DEBUG    | eval.evaluation.evaluation:metric_call:77 - metric_func_name exact_match score 0.0 msg exact not match, response: 143, target: 146
2026-08-12 23:14:35.161 | DEBUG    | eval.evaluation.evaluation:metric_call:77 - metric_func_name exact_match score 0.0 msg exact not match, response: 90, target: 91
2026-08-12 23:14:35.161 | DEBUG    | eval.evaluation.evaluation:metric_call:77 - metric_func_name exact_match score 0.0 msg exact not match, response: 116, target: 117
2026-08-12 23:14:35.161 | DEBUG    | eval.evaluation.evaluation:metric_call:77 - metric_func_name exact_match score 0.0 msg exact not match, response: 129, target: 143
2026-08-12 23:14:35.161 | DEBUG    | eval.evaluation.evaluation:metric_call:77 - metric_func_name exact_match score 0.0 msg exact not match, response: 16, target: 15
2026-08-12 23:14:35.161 | DEBUG    | eval.evaluation.evaluation:metric_call:77 - metric_func_name exact_match score 0.0 msg exact not match, response: 50, target: 46
2026-08-12 23:14:35.161 | DEBUG    | eval.evaluation.evaluation:metric_call:77 - metric_func_name exact_match score 0.0 msg exact not match, response: 57, target: 51
2026-08-12 23:14:35.161 | DEBUG    | eval.evaluation.evaluation:metric_call:77 - metric_func_name exact_match score 0.0 msg exact not match, response: 100, target: 95
2026-08-12 23:14:35.161 | DEBUG    | eval.evaluation.evaluation:metric_call:77 - metric_func_name exact_match score 0.0 msg exact not match, response: 44, target: 41
2026-08-12 23:14:35.162 | DEBUG    | eval.evaluation.evaluation:metric_call:77 - metric_func_name exact_match score 0.0 msg exact not match, response: 222, target: 221
2026-08-12 23:14:35.162 | DEBUG    | eval.evaluation.evaluation:metric_call:77 - metric_func_name exact_match score 1.0 msg exact match, response: 177, target: 177
2026-08-12 23:14:35.162 | DEBUG    | eval.evaluation.evaluation:metric_call:77 - metric_func_name exact_match score 1.0 msg exact match, response: 240, target: 240
2026-08-12 23:14:35.162 | DEBUG    | eval.evaluation.evaluation:metric_call:77 - metric_func_name exact_match score 0.0 msg exact not match, response: 37, target: 39
2026-08-12 23:14:35.162 | DEBUG    | eval.evaluation.evaluation:metric_call:77 - metric_func_name exact_match score 0.0 msg exact not match, response: 122, target: 121
2026-08-12 23:14:35.162 | DEBUG    | eval.evaluation.evaluation:metric_call:77 - metric_func_name exact_match score 0.0 msg exact not match, response: 127, target: 123
2026-08-12 23:14:35.162 | DEBUG    | eval.evaluation.evaluation:metric_call:77 - metric_func_name exact_match score 0.0 msg exact not match, response: 135, target: 126
2026-08-12 23:14:35.162 | DEBUG    | eval.evaluation.evaluation:metric_call:77 - metric_func_name exact_match score 0.0 msg exact not match, response: 37, target: 38
2026-08-12 23:14:35.162 | DEBUG    | eval.evaluation.evaluation:metric_call:77 - metric_func_name exact_match score 0.0 msg exact not match, response: 236, target: 240
2026-08-12 23:14:35.162 | DEBUG    | eval.evaluation.evaluation:metric_call:77 - metric_func_name exact_match score 0.0 msg exact not match, response: 38, target: 59
2026-08-12 23:14:35.162 | DEBUG    | eval.evaluation.evaluation:metric_call:77 - metric_func_name exact_match score 0.0 msg exact not match, response: 172, target: 182
2026-08-12 23:14:35.162 | DEBUG    | eval.evaluation.evaluation:metric_call:77 - metric_func_name exact_match score 0.0 msg exact not match, response: 42, target: 37
2026-08-12 23:14:35.162 | DEBUG    | eval.evaluation.evaluation:metric_call:77 - metric_func_name exact_match score 0.0 msg exact not match, response: 163, target: 167
2026-08-12 23:14:35.162 | DEBUG    | eval.evaluation.evaluation:metric_call:77 - metric_func_name exact_match score 1.0 msg exact match, response: 173, target: 173
2026-08-12 23:14:35.162 | DEBUG    | eval.evaluation.evaluation:metric_call:77 - metric_func_name exact_match score 0.0 msg exact not match, response: 200, target: 205
2026-08-12 23:14:35.162 | DEBUG    | eval.evaluation.evaluation:metric_call:77 - metric_func_name exact_match score 0.0 msg exact not match, response: 259, target: 260
2026-08-12 23:14:35.162 | DEBUG    | eval.evaluation.evaluation:metric_call:77 - metric_func_name exact_match score 0.0 msg exact not match, response: 35, target: 44
2026-08-12 23:14:35.162 | DEBUG    | eval.evaluation.evaluation:metric_call:77 - metric_func_name exact_match score 0.0 msg exact not match, response: 16, target: 410
2026-08-12 23:14:35.162 | DEBUG    | eval.evaluation.evaluation:metric_call:77 - metric_func_name exact_match score 0.0 msg exact not match, response: 138, target: 13
2026-08-12 23:14:35.162 | DEBUG    | eval.evaluation.evaluation:metric_call:77 - metric_func_name exact_match score 0.0 msg exact not match, response: 530, target: 528
2026-08-12 23:14:35.162 | DEBUG    | eval.evaluation.evaluation:metric_call:77 - metric_func_name exact_match score 0.0 msg exact not match, response: 130, target: 134
2026-08-12 23:14:35.163 | DEBUG    | eval.evaluation.evaluation:metric_call:77 - metric_func_name exact_match score 0.0 msg exact not match, response: 42, target: 15
2026-08-12 23:14:35.163 | DEBUG    | eval.evaluation.evaluation:metric_call:77 - metric_func_name exact_match score 0.0 msg exact not match, response: 111, target: 109
2026-08-12 23:14:35.163 | DEBUG    | eval.evaluation.evaluation:metric_call:77 - metric_func_name exact_match score 0.0 msg exact not match, response: 150, target: 152
2026-08-12 23:14:35.163 | DEBUG    | eval.evaluation.evaluation:metric_call:77 - metric_func_name exact_match score 0.0 msg exact not match, response: 111, target: 71
2026-08-12 23:14:35.163 | DEBUG    | eval.evaluation.evaluation:evaluate_single_query:321 - wide2deep_ws_en_064, col numberofconstitutionalamendments, metric_func_name exact_match, score [0.0, 0.0, 1.0, 0.0, 0.0, 0.0, 0.0, 0.0, 0.0, 0.0, 0.0, 0.0, 0.0, 0.0, 0.0, 0.0, 0.0, 1.0, 1.0, 0.0, 0.0, 0.0, 0.0, 0.0, 0.0, 0.0, 0.0, 0.0, 0.0, 1.0, 0.0, 0.0, 0.0, 0.0, 0.0, 0.0, 0.0, 0.0, 0.0, 0.0, 0.0]
2026-08-12 23:14:35.164 | DEBUG    | eval.evaluation.evaluation:metric_call:77 - metric_func_name exact_match score 1.0 msg exact match, response: 18, target: 18
2026-08-12 23:14:35.164 | DEBUG    | eval.evaluation.evaluation:metric_call:77 - metric_func_name exact_match score 1.0 msg exact match, response: 15, target: 15
2026-08-12 23:14:35.164 | DEBUG    | eval.evaluation.evaluation:metric_call:77 - metric_func_name exact_match score 1.0 msg exact match, response: 30, target: 30
2026-08-12 23:14:35.164 | DEBUG    | eval.evaluation.evaluation:metric_call:77 - metric_func_name exact_match score 0.0 msg exact not match, response: 19, target: 20
2026-08-12 23:14:35.164 | DEBUG    | eval.evaluation.evaluation:metric_call:77 - metric_func_name exact_match score 1.0 msg exact match, response: 35, target: 35
2026-08-12 23:14:35.164 | DEBUG    | eval.evaluation.evaluation:metric_call:77 - metric_func_name exact_match score 0.0 msg exact not match, response: 30, target: 29
2026-08-12 23:14:35.164 | DEBUG    | eval.evaluation.evaluation:metric_call:77 - metric_func_name exact_match score 1.0 msg exact match, response: 14, target: 14
2026-08-12 23:14:35.164 | DEBUG    | eval.evaluation.evaluation:metric_call:77 - metric_func_name exact_match score 1.0 msg exact match, response: 12, target: 12
2026-08-12 23:14:35.164 | DEBUG    | eval.evaluation.evaluation:metric_call:77 - metric_func_name exact_match score 1.0 msg exact match, response: 11, target: 11
2026-08-12 23:14:35.164 | DEBUG    | eval.evaluation.evaluation:metric_call:77 - metric_func_name exact_match score 1.0 msg exact match, response: 18, target: 18
2026-08-12 23:14:35.164 | DEBUG    | eval.evaluation.evaluation:metric_call:77 - metric_func_name exact_match score 1.0 msg exact match, response: 21, target: 21
2026-08-12 23:14:35.164 | DEBUG    | eval.evaluation.evaluation:metric_call:77 - metric_func_name exact_match score 1.0 msg exact match, response: 14, target: 14
2026-08-12 23:14:35.164 | DEBUG    | eval.evaluation.evaluation:metric_call:77 - metric_func_name exact_match score 1.0 msg exact match, response: 16, target: 16
2026-08-12 23:14:35.164 | DEBUG    | eval.evaluation.evaluation:metric_call:77 - metric_func_name exact_match score 1.0 msg exact match, response: 12, target: 12
2026-08-12 23:14:35.164 | DEBUG    | eval.evaluation.evaluation:metric_call:77 - metric_func_name exact_match score 1.0 msg exact match, response: 15, target: 15
2026-08-12 23:14:35.164 | DEBUG    | eval.evaluation.evaluation:metric_call:77 - metric_func_name exact_match score 1.0 msg exact match, response: 20, target: 20
2026-08-12 23:14:35.164 | DEBUG    | eval.evaluation.evaluation:metric_call:77 - metric_func_name exact_match score 1.0 msg exact match, response: 14, target: 14
2026-08-12 23:14:35.164 | DEBUG    | eval.evaluation.evaluation:metric_call:77 - metric_func_name exact_match score 1.0 msg exact match, response: 10, target: 10
2026-08-12 23:14:35.165 | DEBUG    | eval.evaluation.evaluation:metric_call:77 - metric_func_name exact_match score 0.0 msg exact not match, response: 17, target: 20
2026-08-12 23:14:35.165 | DEBUG    | eval.evaluation.evaluation:metric_call:77 - metric_func_name exact_match score 1.0 msg exact match, response: 12, target: 12
2026-08-12 23:14:35.165 | DEBUG    | eval.evaluation.evaluation:metric_call:77 - metric_func_name exact_match score 1.0 msg exact match, response: 14, target: 14
2026-08-12 23:14:35.165 | DEBUG    | eval.evaluation.evaluation:metric_call:77 - metric_func_name exact_match score 1.0 msg exact match, response: 15, target: 15
2026-08-12 23:14:35.165 | DEBUG    | eval.evaluation.evaluation:metric_call:77 - metric_func_name exact_match score 1.0 msg exact match, response: 14, target: 14
2026-08-12 23:14:35.165 | DEBUG    | eval.evaluation.evaluation:metric_call:77 - metric_func_name exact_match score 1.0 msg exact match, response: 14, target: 14
2026-08-12 23:14:35.165 | DEBUG    | eval.evaluation.evaluation:metric_call:77 - metric_func_name exact_match score 0.0 msg exact not match, response: 17, target: 18
2026-08-12 23:14:35.165 | DEBUG    | eval.evaluation.evaluation:metric_call:77 - metric_func_name exact_match score 1.0 msg exact match, response: 11, target: 11
2026-08-12 23:14:35.165 | DEBUG    | eval.evaluation.evaluation:metric_call:77 - metric_func_name exact_match score 1.0 msg exact match, response: 24, target: 24
2026-08-12 23:14:35.165 | DEBUG    | eval.evaluation.evaluation:metric_call:77 - metric_func_name exact_match score 1.0 msg exact match, response: 14, target: 14
2026-08-12 23:14:35.165 | DEBUG    | eval.evaluation.evaluation:metric_call:77 - metric_func_name exact_match score 0.0 msg exact not match, response: 13, target: 16
2026-08-12 23:14:35.165 | DEBUG    | eval.evaluation.evaluation:metric_call:77 - metric_func_name exact_match score 1.0 msg exact match, response: 19, target: 19
2026-08-12 23:14:35.165 | DEBUG    | eval.evaluation.evaluation:metric_call:77 - metric_func_name exact_match score 0.0 msg exact not match, response: 29, target: 30
2026-08-12 23:14:35.165 | DEBUG    | eval.evaluation.evaluation:metric_call:77 - metric_func_name exact_match score 1.0 msg exact match, response: 18, target: 18
2026-08-12 23:14:35.165 | DEBUG    | eval.evaluation.evaluation:metric_call:77 - metric_func_name exact_match score 1.0 msg exact match, response: 11, target: 11
2026-08-12 23:14:35.165 | DEBUG    | eval.evaluation.evaluation:metric_call:77 - metric_func_name exact_match score 1.0 msg exact match, response: 17, target: 17
2026-08-12 23:14:35.165 | DEBUG    | eval.evaluation.evaluation:metric_call:77 - metric_func_name exact_match score 0.0 msg exact not match, response: 26, target: 30
2026-08-12 23:14:35.165 | DEBUG    | eval.evaluation.evaluation:metric_call:77 - metric_func_name exact_match score 1.0 msg exact match, response: 17, target: 17
2026-08-12 23:14:35.165 | DEBUG    | eval.evaluation.evaluation:metric_call:77 - metric_func_name exact_match score 0.0 msg exact not match, response: 24, target: 22
2026-08-12 23:14:35.165 | DEBUG    | eval.evaluation.evaluation:metric_call:77 - metric_func_name exact_match score 1.0 msg exact match, response: 12, target: 12
2026-08-12 23:14:35.165 | DEBUG    | eval.evaluation.evaluation:metric_call:77 - metric_func_name exact_match score 1.0 msg exact match, response: 32, target: 32
2026-08-12 23:14:35.165 | DEBUG    | eval.evaluation.evaluation:metric_call:77 - metric_func_name exact_match score 1.0 msg exact match, response: 14, target: 14
2026-08-12 23:14:35.166 | DEBUG    | eval.evaluation.evaluation:metric_call:77 - metric_func_name exact_match score 1.0 msg exact match, response: 21, target: 21
2026-08-12 23:14:35.166 | DEBUG    | eval.evaluation.evaluation:evaluate_single_query:321 - wide2deep_ws_en_064, col numberofarticlesincurrentconstitution, metric_func_name exact_match, score [1.0, 1.0, 1.0, 0.0, 1.0, 0.0, 1.0, 1.0, 1.0, 1.0, 1.0, 1.0, 1.0, 1.0, 1.0, 1.0, 1.0, 1.0, 0.0, 1.0, 1.0, 1.0, 1.0, 1.0, 0.0, 1.0, 1.0, 1.0, 0.0, 1.0, 0.0, 1.0, 1.0, 1.0, 0.0, 1.0, 0.0, 1.0, 1.0, 1.0, 1.0]
2026-08-12 23:14:35.170 | INFO     | eval.evaluation.evaluation:evaluate_single_query:380 - wide2deep_ws_en_064, P/R/F1 by unique_columns: 1.0000/1.0000/1.0000
2026-08-12 23:14:35.170 | INFO     | eval.evaluation.evaluation:evaluate_single_query:383 - wide2deep_ws_en_064, P/R/F1 by row: 0.0732/0.0732/0.0732
2026-08-12 23:14:35.170 | INFO     | eval.evaluation.evaluation:evaluate_single_query:386 - wide2deep_ws_en_064, P/R/F1 by item: 0.6829/0.6829/0.6829
2026-08-12 23:14:35.174 | INFO     | eval.evaluation.evaluation:evaluate_single_query:398 - wide2deep_ws_en_064, final table score: 0.0
{"event": "eval_done", "idx": 4, "instance_id": "wide2deep_ws_en_064", "score": 0.0, "entity_acc": 1.0, "f1_by_row": 0.07317073170731707, "f1_by_item": 0.6829268292682927, "column_f1": 1.0, "error": null, "elapsed_seconds": 5.046, "running_n": 4}
2026-08-12 23:14:37.817 | DEBUG    | eval.evaluation.data_loader:extract_dataframe:167 - find markdown_str 
| Year | Total Population(Million) | Male Population(Million) | ...
2026-08-12 23:14:41.391 | INFO     | eval.evaluation.metric_utils:primary_key_preprocess:246 - primary_key_preprocess result: ```json
{
  "2012": "2012",
  "2013": "2013",
  "2014": "2014",
  "2015": "2015",
  "2016": "2016",
  "2017": "2017",
  "2018": "2018",
  "2019": "2019",
  "2020": "2020",
  "2021": "2021",
  "2022": "2022",
  "2023": "2023"
}
```
2026-08-12 23:14:41.391 | INFO     | eval.evaluation.evaluation:evaluate_single_query:223 - col: year, primary_key_map {'2012': '2012', '2013': '2013', '2014': '2014', '2015': '2015', '2016': '2016', '2017': '2017', '2018': '2018', '2019': '2019', '2020': '2020', '2021': '2021', '2022': '2022', '2023': '2023'}
2026-08-12 23:14:41.397 | INFO     | eval.evaluation.evaluation:evaluate_single_query:275 - wide2deep_ws_en_065, df_inner shape: (12, 12), answer_df shape: (12, 6), response_df shape: (12, 7)
2026-08-12 23:14:41.397 | DEBUG    | eval.evaluation.evaluation:metric_call:77 - metric_func_name number_near score 1.0 msg number near in range 5.0%, response: 314.167, target: 314.1
2026-08-12 23:14:41.398 | DEBUG    | eval.evaluation.evaluation:metric_call:77 - metric_func_name number_near score 1.0 msg number near in range 5.0%, response: 316.854, target: 316.2
2026-08-12 23:14:41.398 | DEBUG    | eval.evaluation.evaluation:metric_call:77 - metric_func_name number_near score 1.0 msg number near in range 5.0%, response: 319.258, target: 318.9
2026-08-12 23:14:41.398 | DEBUG    | eval.evaluation.evaluation:metric_call:77 - metric_func_name number_near score 1.0 msg number near in range 5.0%, response: 321.815, target: 321.4
2026-08-12 23:14:41.398 | DEBUG    | eval.evaluation.evaluation:metric_call:77 - metric_func_name number_near score 1.0 msg number near in range 5.0%, response: 324.353, target: 323.1
2026-08-12 23:14:41.398 | DEBUG    | eval.evaluation.evaluation:metric_call:77 - metric_func_name number_near score 1.0 msg number near in range 5.0%, response: 326.609, target: 325.7
2026-08-12 23:14:41.398 | DEBUG    | eval.evaluation.evaluation:metric_call:77 - metric_func_name number_near score 1.0 msg number near in range 5.0%, response: 328.53, target: 326.7
2026-08-12 23:14:41.398 | DEBUG    | eval.evaluation.evaluation:metric_call:77 - metric_func_name number_near score 1.0 msg number near in range 5.0%, response: 330.226, target: 330.3
2026-08-12 23:14:41.398 | DEBUG    | eval.evaluation.evaluation:metric_call:77 - metric_func_name number_near score 1.0 msg number near in range 5.0%, response: 331.578, target: 331.6
2026-08-12 23:14:41.398 | DEBUG    | eval.evaluation.evaluation:metric_call:77 - metric_func_name number_near score 1.0 msg number near in range 5.0%, response: 332.1, target: 332.1
2026-08-12 23:14:41.398 | DEBUG    | eval.evaluation.evaluation:metric_call:77 - metric_func_name number_near score 1.0 msg number near in range 5.0%, response: 334.017, target: 334.0
2026-08-12 23:14:41.398 | DEBUG    | eval.evaluation.evaluation:metric_call:77 - metric_func_name number_near score 1.0 msg number near in range 5.0%, response: 336.806, target: 336.8
2026-08-12 23:14:41.399 | DEBUG    | eval.evaluation.evaluation:evaluate_single_query:321 - wide2deep_ws_en_065, col totalpopulation(million), metric_func_name number_near, score [1.0, 1.0, 1.0, 1.0, 1.0, 1.0, 1.0, 1.0, 1.0, 1.0, 1.0, 1.0]
2026-08-12 23:14:41.399 | DEBUG    | eval.evaluation.evaluation:metric_call:77 - metric_func_name number_near score 1.0 msg number near in range 5.0%, response: 155.209, target: 154.5
2026-08-12 23:14:41.399 | DEBUG    | eval.evaluation.evaluation:metric_call:77 - metric_func_name number_near score 1.0 msg number near in range 5.0%, response: 156.558, target: 155.6
2026-08-12 23:14:41.399 | DEBUG    | eval.evaluation.evaluation:metric_call:77 - metric_func_name number_near score 1.0 msg number near in range 5.0%, response: 157.766, target: 156.9
2026-08-12 23:14:41.399 | DEBUG    | eval.evaluation.evaluation:metric_call:77 - metric_func_name number_near score 1.0 msg number near in range 5.0%, response: 159.047, target: 158.1
2026-08-12 23:14:41.399 | DEBUG    | eval.evaluation.evaluation:metric_call:77 - metric_func_name number_near score 1.0 msg number near in range 5.0%, response: 160.319, target: 159.0
2026-08-12 23:14:41.399 | DEBUG    | eval.evaluation.evaluation:metric_call:77 - metric_func_name number_near score 1.0 msg number near in range 5.0%, response: 161.453, target: 160.3
2026-08-12 23:14:41.399 | DEBUG    | eval.evaluation.evaluation:metric_call:77 - metric_func_name number_near score 1.0 msg number near in range 5.0%, response: 162.423, target: 160.9
2026-08-12 23:14:41.399 | DEBUG    | eval.evaluation.evaluation:metric_call:77 - metric_func_name number_near score 1.0 msg number near in range 5.0%, response: 163.283, target: 162.6
2026-08-12 23:14:41.399 | DEBUG    | eval.evaluation.evaluation:metric_call:77 - metric_func_name number_near score 1.0 msg number near in range 5.0%, response: 163.97, target: 163.3
2026-08-12 23:14:41.400 | DEBUG    | eval.evaluation.evaluation:metric_call:77 - metric_func_name number_near score 1.0 msg number near in range 5.0%, response: 164.246, target: 163.5
2026-08-12 23:14:41.400 | DEBUG    | eval.evaluation.evaluation:metric_call:77 - metric_func_name number_near score 1.0 msg number near in range 5.0%, response: 165.221, target: 164.5
2026-08-12 23:14:41.400 | DEBUG    | eval.evaluation.evaluation:metric_call:77 - metric_func_name number_near score 1.0 msg number near in range 5.0%, response: 166.633, target: 165.8
2026-08-12 23:14:41.400 | DEBUG    | eval.evaluation.evaluation:evaluate_single_query:321 - wide2deep_ws_en_065, col malepopulation(million), metric_func_name number_near, score [1.0, 1.0, 1.0, 1.0, 1.0, 1.0, 1.0, 1.0, 1.0, 1.0, 1.0, 1.0]
2026-08-12 23:14:41.400 | DEBUG    | eval.evaluation.evaluation:metric_call:77 - metric_func_name number_near score 1.0 msg number near in range 5.0%, response: 158.958, target: 159.6
2026-08-12 23:14:41.401 | DEBUG    | eval.evaluation.evaluation:metric_call:77 - metric_func_name number_near score 1.0 msg number near in range 5.0%, response: 160.296, target: 160.6
2026-08-12 23:14:41.401 | DEBUG    | eval.evaluation.evaluation:metric_call:77 - metric_func_name number_near score 1.0 msg number near in range 5.0%, response: 161.492, target: 162.0
2026-08-12 23:14:41.401 | DEBUG    | eval.evaluation.evaluation:metric_call:77 - metric_func_name number_near score 1.0 msg number near in range 5.0%, response: 162.768, target: 163.3
2026-08-12 23:14:41.401 | DEBUG    | eval.evaluation.evaluation:metric_call:77 - metric_func_name number_near score 1.0 msg number near in range 5.0%, response: 164.034, target: 164.2
2026-08-12 23:14:41.401 | DEBUG    | eval.evaluation.evaluation:metric_call:77 - metric_func_name number_near score 1.0 msg number near in range 5.0%, response: 165.156, target: 165.5
2026-08-12 23:14:41.401 | DEBUG    | eval.evaluation.evaluation:metric_call:77 - metric_func_name number_near score 1.0 msg number near in range 5.0%, response: 166.107, target: 165.8
2026-08-12 23:14:41.401 | DEBUG    | eval.evaluation.evaluation:metric_call:77 - metric_func_name number_near score 1.0 msg number near in range 5.0%, response: 166.943, target: 167.7
2026-08-12 23:14:41.401 | DEBUG    | eval.evaluation.evaluation:metric_call:77 - metric_func_name number_near score 1.0 msg number near in range 5.0%, response: 167.608, target: 168.3
2026-08-12 23:14:41.401 | DEBUG    | eval.evaluation.evaluation:metric_call:77 - metric_func_name number_near score 1.0 msg number near in range 5.0%, response: 167.854, target: 168.6
2026-08-12 23:14:41.401 | DEBUG    | eval.evaluation.evaluation:metric_call:77 - metric_func_name number_near score 1.0 msg number near in range 5.0%, response: 168.796, target: 169.6
2026-08-12 23:14:41.401 | DEBUG    | eval.evaluation.evaluation:metric_call:77 - metric_func_name number_near score 1.0 msg number near in range 5.0%, response: 170.173, target: 171.0
2026-08-12 23:14:41.402 | DEBUG    | eval.evaluation.evaluation:evaluate_single_query:321 - wide2deep_ws_en_065, col femalepopulation(million), metric_func_name number_near, score [1.0, 1.0, 1.0, 1.0, 1.0, 1.0, 1.0, 1.0, 1.0, 1.0, 1.0, 1.0]
2026-08-12 23:14:41.402 | DEBUG    | eval.evaluation.evaluation:metric_call:77 - metric_func_name number_near score 1.0 msg number near in range 5.0%, response: 12.6, target: 12.6
2026-08-12 23:14:41.402 | DEBUG    | eval.evaluation.evaluation:metric_call:77 - metric_func_name number_near score 1.0 msg number near in range 5.0%, response: 12.4, target: 12.4
2026-08-12 23:14:41.402 | DEBUG    | eval.evaluation.evaluation:metric_call:77 - metric_func_name number_near score 1.0 msg number near in range 5.0%, response: 12.5, target: 12.5
2026-08-12 23:14:41.402 | DEBUG    | eval.evaluation.evaluation:metric_call:77 - metric_func_name number_near score 1.0 msg number near in range 5.0%, response: 12.4, target: 12.4
2026-08-12 23:14:41.402 | DEBUG    | eval.evaluation.evaluation:metric_call:77 - metric_func_name number_near score 1.0 msg number near in range 5.0%, response: 12.2, target: 12.2
2026-08-12 23:14:41.402 | DEBUG    | eval.evaluation.evaluation:metric_call:77 - metric_func_name number_near score 1.0 msg number near in range 5.0%, response: 11.8, target: 11.8
2026-08-12 23:14:41.402 | DEBUG    | eval.evaluation.evaluation:metric_call:77 - metric_func_name number_near score 1.0 msg number near in range 5.0%, response: 11.6, target: 11.6
2026-08-12 23:14:41.402 | DEBUG    | eval.evaluation.evaluation:metric_call:77 - metric_func_name number_near score 1.0 msg number near in range 5.0%, response: 11.4, target: 11.4
2026-08-12 23:14:41.402 | DEBUG    | eval.evaluation.evaluation:metric_call:77 - metric_func_name number_near score 1.0 msg number near in range 5.0%, response: 10.9, target: 10.9
2026-08-12 23:14:41.402 | DEBUG    | eval.evaluation.evaluation:metric_call:77 - metric_func_name number_near score 1.0 msg number near in range 5.0%, response: 11.0, target: 11.0
2026-08-12 23:14:41.402 | DEBUG    | eval.evaluation.evaluation:metric_call:77 - metric_func_name number_near score 1.0 msg number near in range 5.0%, response: 11.0, target: 11.0
2026-08-12 23:14:41.402 | DEBUG    | eval.evaluation.evaluation:metric_call:77 - metric_func_name number_near score 1.0 msg number near in range 5.0%, response: 10.7, target: 10.7
2026-08-12 23:14:41.403 | DEBUG    | eval.evaluation.evaluation:evaluate_single_query:321 - wide2deep_ws_en_065, col birthrate, metric_func_name number_near, score [1.0, 1.0, 1.0, 1.0, 1.0, 1.0, 1.0, 1.0, 1.0, 1.0, 1.0, 1.0]
2026-08-12 23:14:41.403 | DEBUG    | eval.evaluation.evaluation:metric_call:77 - metric_func_name number_near score 1.0 msg number near in range 5.0%, response: 8.1, target: 8.1
2026-08-12 23:14:41.403 | DEBUG    | eval.evaluation.evaluation:metric_call:77 - metric_func_name number_near score 1.0 msg number near in range 5.0%, response: 8.2, target: 8.2
2026-08-12 23:14:41.403 | DEBUG    | eval.evaluation.evaluation:metric_call:77 - metric_func_name number_near score 1.0 msg number near in range 5.0%, response: 8.2, target: 8.2
2026-08-12 23:14:41.404 | DEBUG    | eval.evaluation.evaluation:metric_call:77 - metric_func_name number_near score 1.0 msg number near in range 5.0%, response: 8.4, target: 8.4
2026-08-12 23:14:41.404 | DEBUG    | eval.evaluation.evaluation:metric_call:77 - metric_func_name number_near score 1.0 msg number near in range 5.0%, response: 8.5, target: 8.5
2026-08-12 23:14:41.404 | DEBUG    | eval.evaluation.evaluation:metric_call:77 - metric_func_name number_near score 1.0 msg number near in range 5.0%, response: 8.6, target: 8.6
2026-08-12 23:14:41.404 | DEBUG    | eval.evaluation.evaluation:metric_call:77 - metric_func_name number_near score 1.0 msg number near in range 5.0%, response: 8.7, target: 8.7
2026-08-12 23:14:41.404 | DEBUG    | eval.evaluation.evaluation:metric_call:77 - metric_func_name number_near score 1.0 msg number near in range 5.0%, response: 8.7, target: 8.6
2026-08-12 23:14:41.404 | DEBUG    | eval.evaluation.evaluation:metric_call:77 - metric_func_name number_near score 1.0 msg number near in range 5.0%, response: 10.3, target: 10.2
2026-08-12 23:14:41.404 | DEBUG    | eval.evaluation.evaluation:metric_call:77 - metric_func_name number_near score 1.0 msg number near in range 5.0%, response: 10.4, target: 10.4
2026-08-12 23:14:41.404 | DEBUG    | eval.evaluation.evaluation:metric_call:77 - metric_func_name number_near score 1.0 msg number near in range 5.0%, response: 9.8, target: 9.8
2026-08-12 23:14:41.404 | DEBUG    | eval.evaluation.evaluation:metric_call:77 - metric_func_name number_near score 1.0 msg number near in range 5.0%, response: 9.2, target: 9.2
2026-08-12 23:14:41.405 | DEBUG    | eval.evaluation.evaluation:evaluate_single_query:321 - wide2deep_ws_en_065, col deathrate, metric_func_name number_near, score [1.0, 1.0, 1.0, 1.0, 1.0, 1.0, 1.0, 1.0, 1.0, 1.0, 1.0, 1.0]
2026-08-12 23:14:41.408 | INFO     | eval.evaluation.evaluation:evaluate_single_query:380 - wide2deep_ws_en_065, P/R/F1 by unique_columns: 1.0000/1.0000/1.0000
2026-08-12 23:14:41.409 | INFO     | eval.evaluation.evaluation:evaluate_single_query:383 - wide2deep_ws_en_065, P/R/F1 by row: 1.0000/1.0000/1.0000
2026-08-12 23:14:41.409 | INFO     | eval.evaluation.evaluation:evaluate_single_query:386 - wide2deep_ws_en_065, P/R/F1 by item: 1.0000/1.0000/1.0000
2026-08-12 23:14:41.411 | INFO     | eval.evaluation.evaluation:evaluate_single_query:398 - wide2deep_ws_en_065, final table score: 1
{"event": "eval_done", "idx": 5, "instance_id": "wide2deep_ws_en_065", "score": 1, "entity_acc": 1.0, "f1_by_row": 1.0, "f1_by_item": 1.0, "column_f1": 1.0, "error": null, "elapsed_seconds": 6.217, "running_n": 5}
2026-08-12 23:14:46.204 | DEBUG    | eval.evaluation.data_loader:extract_dataframe:167 - find markdown_str 
| Year | Gambling Enterprise | Net Gambling Revenue (in million ...
2026-08-12 23:14:49.260 | INFO     | eval.evaluation.metric_utils:primary_key_preprocess:246 - primary_key_preprocess result: ```json
{
  "Altira Macau": "Altira Macau",
  "MGM MACAU": "MGM Macau",
  "Grand Lisboa": "Grand Lisboa",
  "Grand Lisboa Palace Macau": "Grand Lisboa Palace Resort Macau",
  "Wynn Macau": "Wynn Macau",
  "Wynn Palace": "Wynn Palace"
}
```
2026-08-12 23:14:49.260 | INFO     | eval.evaluation.evaluation:evaluate_single_query:223 - col: 5-stardeluxehotels/resorts, primary_key_map {'Altira Macau': 'Altira Macau', 'MGM MACAU': 'MGM Macau', 'Grand Lisboa': 'Grand Lisboa', 'Grand Lisboa Palace Macau': 'Grand Lisboa Palace Resort Macau', 'Wynn Macau': 'Wynn Macau', 'Wynn Palace': 'Wynn Palace'}
2026-08-12 23:14:49.268 | INFO     | eval.evaluation.evaluation:evaluate_single_query:275 - wide2deep_ws_en_079, df_inner shape: (6, 18), answer_df shape: (8, 9), response_df shape: (28, 10)
2026-08-12 23:14:49.269 | DEBUG    | eval.evaluation.evaluation:metric_call:77 - metric_func_name exact_match score 1.0 msg exact match, response: 2024, target: 2024
2026-08-12 23:14:49.269 | DEBUG    | eval.evaluation.evaluation:metric_call:77 - metric_func_name exact_match score 1.0 msg exact match, response: 2024, target: 2024
2026-08-12 23:14:49.269 | DEBUG    | eval.evaluation.evaluation:metric_call:77 - metric_func_name exact_match score 1.0 msg exact match, response: 2024, target: 2024
2026-08-12 23:14:49.269 | DEBUG    | eval.evaluation.evaluation:metric_call:77 - metric_func_name exact_match score 1.0 msg exact match, response: 2024, target: 2024
2026-08-12 23:14:49.269 | DEBUG    | eval.evaluation.evaluation:metric_call:77 - metric_func_name exact_match score 1.0 msg exact match, response: 2024, target: 2024
2026-08-12 23:14:49.269 | DEBUG    | eval.evaluation.evaluation:metric_call:77 - metric_func_name exact_match score 1.0 msg exact match, response: 2024, target: 2024
2026-08-12 23:14:49.269 | DEBUG    | eval.evaluation.evaluation:evaluate_single_query:321 - wide2deep_ws_en_079, col year, metric_func_name exact_match, score [1.0, 1.0, 1.0, 1.0, 1.0, 1.0]
2026-08-12 23:14:55.020 | DEBUG    | eval.evaluation.evaluation:evaluate_single_query:321 - wide2deep_ws_en_079, col gamblingenterprise, metric_func_name llm_judge, score [1, 1, 0, 0, 1, 0]
2026-08-12 23:14:55.021 | DEBUG    | eval.evaluation.evaluation:metric_call:77 - metric_func_name number_near score 1.0 msg number near in range 5.0%, response: 26846.0, target: 26846.1
2026-08-12 23:14:55.021 | DEBUG    | eval.evaluation.evaluation:metric_call:77 - metric_func_name number_near score 1.0 msg number near in range 5.0%, response: 26846.0, target: 26846.0
2026-08-12 23:14:55.021 | DEBUG    | eval.evaluation.evaluation:metric_call:77 - metric_func_name number_near score 0.0 msg number not convertable, response: None, target: 23617.9
2026-08-12 23:14:55.021 | DEBUG    | eval.evaluation.evaluation:metric_call:77 - metric_func_name number_near score 0.0 msg number not convertable, response: None, target: 23617.9
2026-08-12 23:14:55.021 | DEBUG    | eval.evaluation.evaluation:metric_call:77 - metric_func_name number_near score 0.0 msg number not convertable, response: None, target: 29432.3
2026-08-12 23:14:55.021 | DEBUG    | eval.evaluation.evaluation:metric_call:77 - metric_func_name number_near score 0.0 msg number not convertable, response: None, target: 27282.9
2026-08-12 23:14:55.022 | DEBUG    | eval.evaluation.evaluation:evaluate_single_query:321 - wide2deep_ws_en_079, col netgamblingrevenue(inmillions), metric_func_name number_near, score [1.0, 1.0, 0.0, 0.0, 0.0, 0.0]
2026-08-12 23:14:55.022 | DEBUG    | eval.evaluation.evaluation:metric_call:77 - metric_func_name number_near score 0.0 msg number not near, response: 2186.0, target: 1923.0
2026-08-12 23:14:55.022 | DEBUG    | eval.evaluation.evaluation:metric_call:77 - metric_func_name number_near score 0.0 msg number not near, response: 2186.0, target: 1923.0
2026-08-12 23:14:55.022 | DEBUG    | eval.evaluation.evaluation:metric_call:77 - metric_func_name number_near score 0.0 msg number not convertable, response: None, target: 5122.5
2026-08-12 23:14:55.022 | DEBUG    | eval.evaluation.evaluation:metric_call:77 - metric_func_name number_near score 0.0 msg number not convertable, response: None, target: 5122.5
2026-08-12 23:14:55.022 | DEBUG    | eval.evaluation.evaluation:metric_call:77 - metric_func_name number_near score 0.0 msg number not convertable, response: None, target: 6740.6
2026-08-12 23:14:55.022 | DEBUG    | eval.evaluation.evaluation:metric_call:77 - metric_func_name number_near score 0.0 msg number not convertable, response: None, target: 4104.2
2026-08-12 23:14:55.022 | DEBUG    | eval.evaluation.evaluation:evaluate_single_query:321 - wide2deep_ws_en_079, col non-gamblingrevenue(inmillions), metric_func_name number_near, score [0.0, 0.0, 0.0, 0.0, 0.0, 0.0]
2026-08-12 23:14:55.023 | DEBUG    | eval.evaluation.evaluation:metric_call:77 - metric_func_name number_near score 0.0 msg number not near, response: 1350.0, target: 1892.0
2026-08-12 23:14:55.023 | DEBUG    | eval.evaluation.evaluation:metric_call:77 - metric_func_name number_near score 1.0 msg number near in range 5.0%, response: 431.0, target: 431.0
2026-08-12 23:14:55.023 | DEBUG    | eval.evaluation.evaluation:metric_call:77 - metric_func_name number_near score 1.0 msg number near in range 5.0%, response: 1010.0, target: 1014.0
2026-08-12 23:14:55.023 | DEBUG    | eval.evaluation.evaluation:metric_call:77 - metric_func_name number_near score 1.0 msg number near in range 5.0%, response: 1706.0, target: 1706.0
2026-08-12 23:14:55.023 | DEBUG    | eval.evaluation.evaluation:metric_call:77 - metric_func_name number_near score 1.0 msg number near in range 5.0%, response: 216.0, target: 216.0
2026-08-12 23:14:55.023 | DEBUG    | eval.evaluation.evaluation:metric_call:77 - metric_func_name number_near score 1.0 msg number near in range 5.0%, response: 582.0, target: 585.0
2026-08-12 23:14:55.024 | DEBUG    | eval.evaluation.evaluation:evaluate_single_query:321 - wide2deep_ws_en_079, col numberofrooms, metric_func_name number_near, score [0.0, 1.0, 1.0, 1.0, 1.0, 1.0]
2026-08-12 23:14:55.024 | DEBUG    | eval.evaluation.evaluation:metric_call:77 - metric_func_name number_near score 0.0 msg number not convertable, response: None, target: 0.97
2026-08-12 23:14:55.024 | DEBUG    | eval.evaluation.evaluation:metric_call:77 - metric_func_name number_near score 0.0 msg number not convertable, response: None, target: 0.987
2026-08-12 23:14:55.024 | DEBUG    | eval.evaluation.evaluation:metric_call:77 - metric_func_name number_near score 0.0 msg number not convertable, response: None, target: 0.993
2026-08-12 23:14:55.024 | DEBUG    | eval.evaluation.evaluation:metric_call:77 - metric_func_name number_near score 0.0 msg number not convertable, response: None, target: 0.986
2026-08-12 23:14:55.024 | DEBUG    | eval.evaluation.evaluation:metric_call:77 - metric_func_name number_near score 0.0 msg number not convertable, response: None, target: 0.95
2026-08-12 23:14:55.024 | DEBUG    | eval.evaluation.evaluation:metric_call:77 - metric_func_name number_near score 0.0 msg number not convertable, response: None, target: 0.945
2026-08-12 23:14:55.025 | DEBUG    | eval.evaluation.evaluation:evaluate_single_query:321 - wide2deep_ws_en_079, col occupancyrate, metric_func_name number_near, score [0.0, 0.0, 0.0, 0.0, 0.0, 0.0]
2026-08-12 23:14:55.025 | DEBUG    | eval.evaluation.evaluation:metric_call:77 - metric_func_name number_near score 0.0 msg number not convertable, response: None, target: 1191.0
2026-08-12 23:14:55.025 | DEBUG    | eval.evaluation.evaluation:metric_call:77 - metric_func_name number_near score 0.0 msg number not convertable, response: None, target: 1226.0
2026-08-12 23:14:55.025 | DEBUG    | eval.evaluation.evaluation:metric_call:77 - metric_func_name number_near score 0.0 msg number not convertable, response: None, target: 1947.0
2026-08-12 23:14:55.025 | DEBUG    | eval.evaluation.evaluation:metric_call:77 - metric_func_name number_near score 0.0 msg number not convertable, response: None, target: 2434.0
2026-08-12 23:14:55.025 | DEBUG    | eval.evaluation.evaluation:metric_call:77 - metric_func_name number_near score 0.0 msg number not convertable, response: None, target: 1044.0
2026-08-12 23:14:55.025 | DEBUG    | eval.evaluation.evaluation:metric_call:77 - metric_func_name number_near score 1.0 msg number equal, response: NULL, target: NULL
2026-08-12 23:14:55.026 | DEBUG    | eval.evaluation.evaluation:evaluate_single_query:321 - wide2deep_ws_en_079, col averageroomrate, metric_func_name number_near, score [0.0, 0.0, 0.0, 0.0, 0.0, 1.0]
2026-08-12 23:14:55.026 | DEBUG    | eval.evaluation.evaluation:metric_call:77 - metric_func_name number_near score 0.0 msg number not convertable, response: None, target: 1155.0
2026-08-12 23:14:55.026 | DEBUG    | eval.evaluation.evaluation:metric_call:77 - metric_func_name number_near score 0.0 msg number not convertable, response: None, target: 1210.0
2026-08-12 23:14:55.026 | DEBUG    | eval.evaluation.evaluation:metric_call:77 - metric_func_name number_near score 0.0 msg number not convertable, response: None, target: 1931.0
2026-08-12 23:14:55.026 | DEBUG    | eval.evaluation.evaluation:metric_call:77 - metric_func_name number_near score 0.0 msg number not convertable, response: None, target: 2402.0
2026-08-12 23:14:55.027 | DEBUG    | eval.evaluation.evaluation:metric_call:77 - metric_func_name number_near score 0.0 msg number not convertable, response: None, target: 997.0
2026-08-12 23:14:55.027 | DEBUG    | eval.evaluation.evaluation:metric_call:77 - metric_func_name number_near score 0.0 msg number not convertable, response: None, target: 2632.0
2026-08-12 23:14:55.027 | DEBUG    | eval.evaluation.evaluation:evaluate_single_query:321 - wide2deep_ws_en_079, col revenueperavailableroom, metric_func_name number_near, score [0.0, 0.0, 0.0, 0.0, 0.0, 0.0]
2026-08-12 23:14:55.032 | INFO     | eval.evaluation.evaluation:evaluate_single_query:380 - wide2deep_ws_en_079, P/R/F1 by unique_columns: 0.2143/0.7500/0.3333
2026-08-12 23:14:55.032 | INFO     | eval.evaluation.evaluation:evaluate_single_query:383 - wide2deep_ws_en_079, P/R/F1 by row: 0.0000/0.0000/0.0000
2026-08-12 23:14:55.032 | INFO     | eval.evaluation.evaluation:evaluate_single_query:386 - wide2deep_ws_en_079, P/R/F1 by item: 0.0913/0.3194/0.1420
2026-08-12 23:14:55.034 | INFO     | eval.evaluation.evaluation:evaluate_single_query:398 - wide2deep_ws_en_079, final table score: 0.0
{"event": "eval_done", "idx": 6, "instance_id": "wide2deep_ws_en_079", "score": 0.0, "entity_acc": 1.0, "f1_by_row": 0.0, "f1_by_item": 0.1419753086419753, "column_f1": 0.3333333333333333, "error": null, "elapsed_seconds": 13.604, "running_n": 6}
2026-08-12 23:14:59.618 | DEBUG    | eval.evaluation.data_loader:extract_dataframe:167 - find markdown_str 
| Country | 2024 GDP growth (%) | 2023 GDP growth (%) | 2022 GD ...
2026-08-12 23:15:04.436 | INFO     | eval.evaluation.metric_utils:primary_key_preprocess:246 - primary_key_preprocess result: ```json
{
  "Angola": "Angola",
  "Benin": "Benin",
  "Botswana": "Botswana",
  "Burkina Faso": "Burkina Faso",
  "Burundi": "Burundi",
  "Cabo Verde": "Cabo Verde",
  "Cameroon": "Cameroon",
  "Central African Republic": "Central African Republic",
  "Chad": "Chad",
  "Comoros": "Comoros",
  "Congo, Dem. Rep.": "Congo, Dem. Rep.",
  "Congo, Rep.": "Congo, Rep.",
  "Côte d’Ivoire": "Cote d'Ivoire",
  "Equatorial Guinea": "Equatorial Guinea",
  "Eritrea": "Eritrea",
  "Eswatini": "Eswatini",
  "Ethiopia": "Ethiopia",
  "Gabon": "Gabon",
  "Gambia, The": "Gambia, The",
  "Ghana": "Ghana",
  "Guinea": "Guinea",
  "Guinea-Bissau": "Guinea-Bissau",
  "Kenya": "Kenya",
  "Lesotho": "Lesotho",
  "Liberia": "Liberia",
  "Madagascar": "Madagascar",
  "Malawi": "Malawi",
  "Mali": "Mali",
  "Mauritania": "Mauritania",
  "Mauritius": "Mauritius",
  "Mozambique": "Mozambique",
  "Namibia": "Namibia",
  "Niger": "Niger",
  "Nigeria": "Nigeria",
  "Rwanda": "Rwanda",
  "São Tomé and Príncipe": "Sao Tome and Principe",
  "Senegal": "Senegal",
  "Seychelles": "Seychelles",
  "Sierra Leone": "Sierra Leone",
  "Somalia": "Somalia",
  "South Africa": "South Africa",
  "South Sudan": "South Sudan",
  "Sudan": "Sudan",
  "Tanzania": "Tanzania",
  "Togo": "Togo",
  "Uganda": "Uganda",
  "Zambia": "Zambia",
  "Zimbabwe": "Zimbabwe"
}
```
2026-08-12 23:15:04.436 | INFO     | eval.evaluation.evaluation:evaluate_single_query:223 - col: country, primary_key_map {'Angola': 'Angola', 'Benin': 'Benin', 'Botswana': 'Botswana', 'Burkina Faso': 'Burkina Faso', 'Burundi': 'Burundi', 'Cabo Verde': 'Cabo Verde', 'Cameroon': 'Cameroon', 'Central African Republic': 'Central African Republic', 'Chad': 'Chad', 'Comoros': 'Comoros', 'Congo, Dem. Rep.': 'Congo, Dem. Rep.', 'Congo, Rep.': 'Congo, Rep.', 'Côte d’Ivoire': "Cote d'Ivoire", 'Equatorial Guinea': 'Equatorial Guinea', 'Eritrea': 'Eritrea', 'Eswatini': 'Eswatini', 'Ethiopia': 'Ethiopia', 'Gabon': 'Gabon', 'Gambia, The': 'Gambia, The', 'Ghana': 'Ghana', 'Guinea': 'Guinea', 'Guinea-Bissau': 'Guinea-Bissau', 'Kenya': 'Kenya', 'Lesotho': 'Lesotho', 'Liberia': 'Liberia', 'Madagascar': 'Madagascar', 'Malawi': 'Malawi', 'Mali': 'Mali', 'Mauritania': 'Mauritania', 'Mauritius': 'Mauritius', 'Mozambique': 'Mozambique', 'Namibia': 'Namibia', 'Niger': 'Niger', 'Nigeria': 'Nigeria', 'Rwanda': 'Rwanda', 'São Tomé and Príncipe': 'Sao Tome and Principe', 'Senegal': 'Senegal', 'Seychelles': 'Seychelles', 'Sierra Leone': 'Sierra Leone', 'Somalia': 'Somalia', 'South Africa': 'South Africa', 'South Sudan': 'South Sudan', 'Sudan': 'Sudan', 'Tanzania': 'Tanzania', 'Togo': 'Togo', 'Uganda': 'Uganda', 'Zambia': 'Zambia', 'Zimbabwe': 'Zimbabwe'}
2026-08-12 23:15:04.441 | INFO     | eval.evaluation.evaluation:evaluate_single_query:275 - wide2deep_ws_en_098, df_inner shape: (48, 8), answer_df shape: (48, 4), response_df shape: (48, 5)
2026-08-12 23:15:04.442 | DEBUG    | eval.evaluation.evaluation:metric_call:77 - metric_func_name number_near score 0.0 msg number not convertable, response: None, target: 4.4
2026-08-12 23:15:04.442 | DEBUG    | eval.evaluation.evaluation:metric_call:77 - metric_func_name number_near score 0.0 msg number not convertable, response: None, target: 7.5
2026-08-12 23:15:04.442 | DEBUG    | eval.evaluation.evaluation:metric_call:77 - metric_func_name number_near score 0.0 msg number not convertable, response: None, target: -3.0
2026-08-12 23:15:04.442 | DEBUG    | eval.evaluation.evaluation:metric_call:77 - metric_func_name number_near score 0.0 msg number not convertable, response: None, target: 5.0
2026-08-12 23:15:04.442 | DEBUG    | eval.evaluation.evaluation:metric_call:77 - metric_func_name number_near score 0.0 msg number not convertable, response: None, target: 3.5
2026-08-12 23:15:04.442 | DEBUG    | eval.evaluation.evaluation:metric_call:77 - metric_func_name number_near score 0.0 msg number not convertable, response: None, target: 7.3
2026-08-12 23:15:04.442 | DEBUG    | eval.evaluation.evaluation:metric_call:77 - metric_func_name number_near score 0.0 msg number not convertable, response: None, target: 3.7
2026-08-12 23:15:04.442 | DEBUG    | eval.evaluation.evaluation:metric_call:77 - metric_func_name number_near score 0.0 msg number not convertable, response: None, target: 1.5
2026-08-12 23:15:04.442 | DEBUG    | eval.evaluation.evaluation:metric_call:77 - metric_func_name number_near score 0.0 msg number not convertable, response: None, target: 3.7
2026-08-12 23:15:04.442 | DEBUG    | eval.evaluation.evaluation:metric_call:77 - metric_func_name number_near score 0.0 msg number not convertable, response: None, target: 3.4
2026-08-12 23:15:04.442 | DEBUG    | eval.evaluation.evaluation:metric_call:77 - metric_func_name number_near score 0.0 msg number not convertable, response: None, target: 6.7
2026-08-12 23:15:04.442 | DEBUG    | eval.evaluation.evaluation:metric_call:77 - metric_func_name number_near score 0.0 msg number not convertable, response: None, target: 2.6
2026-08-12 23:15:04.442 | DEBUG    | eval.evaluation.evaluation:metric_call:77 - metric_func_name number_near score 0.0 msg number not convertable, response: None, target: 6.0
2026-08-12 23:15:04.443 | DEBUG    | eval.evaluation.evaluation:metric_call:77 - metric_func_name number_near score 0.0 msg number not convertable, response: None, target: 0.9
2026-08-12 23:15:04.443 | DEBUG    | eval.evaluation.evaluation:metric_call:77 - metric_func_name number_near score 1.0 msg number equal, response: NULL, target: NULL
2026-08-12 23:15:04.443 | DEBUG    | eval.evaluation.evaluation:metric_call:77 - metric_func_name number_near score 0.0 msg number not convertable, response: None, target: 2.6
2026-08-12 23:15:04.443 | DEBUG    | eval.evaluation.evaluation:metric_call:77 - metric_func_name number_near score 0.0 msg number not convertable, response: None, target: 7.3
2026-08-12 23:15:04.443 | DEBUG    | eval.evaluation.evaluation:metric_call:77 - metric_func_name number_near score 0.0 msg number not convertable, response: None, target: 3.4
2026-08-12 23:15:04.443 | DEBUG    | eval.evaluation.evaluation:metric_call:77 - metric_func_name number_near score 0.0 msg number not convertable, response: None, target: 5.7
2026-08-12 23:15:04.443 | DEBUG    | eval.evaluation.evaluation:metric_call:77 - metric_func_name number_near score 0.0 msg number not convertable, response: None, target: 5.7
2026-08-12 23:15:04.443 | DEBUG    | eval.evaluation.evaluation:metric_call:77 - metric_func_name number_near score 0.0 msg number not convertable, response: None, target: 5.7
2026-08-12 23:15:04.443 | DEBUG    | eval.evaluation.evaluation:metric_call:77 - metric_func_name number_near score 0.0 msg number not convertable, response: None, target: 4.8
2026-08-12 23:15:04.443 | DEBUG    | eval.evaluation.evaluation:metric_call:77 - metric_func_name number_near score 0.0 msg number not convertable, response: None, target: 4.5
2026-08-12 23:15:04.443 | DEBUG    | eval.evaluation.evaluation:metric_call:77 - metric_func_name number_near score 0.0 msg number not convertable, response: None, target: 2.8
2026-08-12 23:15:04.443 | DEBUG    | eval.evaluation.evaluation:metric_call:77 - metric_func_name number_near score 0.0 msg number not convertable, response: None, target: 4.8
2026-08-12 23:15:04.443 | DEBUG    | eval.evaluation.evaluation:metric_call:77 - metric_func_name number_near score 0.0 msg number not convertable, response: None, target: 4.2
2026-08-12 23:15:04.443 | DEBUG    | eval.evaluation.evaluation:metric_call:77 - metric_func_name number_near score 0.0 msg number not convertable, response: None, target: 1.8
2026-08-12 23:15:04.443 | DEBUG    | eval.evaluation.evaluation:metric_call:77 - metric_func_name number_near score 0.0 msg number not convertable, response: None, target: 5.0
2026-08-12 23:15:04.443 | DEBUG    | eval.evaluation.evaluation:metric_call:77 - metric_func_name number_near score 0.0 msg number not convertable, response: None, target: 5.2
2026-08-12 23:15:04.443 | DEBUG    | eval.evaluation.evaluation:metric_call:77 - metric_func_name number_near score 0.0 msg number not convertable, response: None, target: 4.7
2026-08-12 23:15:04.443 | DEBUG    | eval.evaluation.evaluation:metric_call:77 - metric_func_name number_near score 0.0 msg number not convertable, response: None, target: 1.9
2026-08-12 23:15:04.443 | DEBUG    | eval.evaluation.evaluation:metric_call:77 - metric_func_name number_near score 0.0 msg number not convertable, response: None, target: 3.7
2026-08-12 23:15:04.443 | DEBUG    | eval.evaluation.evaluation:metric_call:77 - metric_func_name number_near score 0.0 msg number not convertable, response: None, target: 8.4
2026-08-12 23:15:04.443 | DEBUG    | eval.evaluation.evaluation:metric_call:77 - metric_func_name number_near score 0.0 msg number not convertable, response: None, target: 3.4
2026-08-12 23:15:04.443 | DEBUG    | eval.evaluation.evaluation:metric_call:77 - metric_func_name number_near score 0.0 msg number not convertable, response: None, target: 8.9
2026-08-12 23:15:04.443 | DEBUG    | eval.evaluation.evaluation:metric_call:77 - metric_func_name number_near score 0.0 msg number not convertable, response: None, target: 0.9
2026-08-12 23:15:04.444 | DEBUG    | eval.evaluation.evaluation:metric_call:77 - metric_func_name number_near score 0.0 msg number not convertable, response: None, target: 6.9
2026-08-12 23:15:04.444 | DEBUG    | eval.evaluation.evaluation:metric_call:77 - metric_func_name number_near score 0.0 msg number not convertable, response: None, target: 3.5
2026-08-12 23:15:04.444 | DEBUG    | eval.evaluation.evaluation:metric_call:77 - metric_func_name number_near score 0.0 msg number not convertable, response: None, target: 4.0
2026-08-12 23:15:04.444 | DEBUG    | eval.evaluation.evaluation:metric_call:77 - metric_func_name number_near score 0.0 msg number not convertable, response: None, target: 4.0
2026-08-12 23:15:04.444 | DEBUG    | eval.evaluation.evaluation:metric_call:77 - metric_func_name number_near score 0.0 msg number not convertable, response: None, target: 0.6
2026-08-12 23:15:04.444 | DEBUG    | eval.evaluation.evaluation:metric_call:77 - metric_func_name number_near score 1.0 msg number equal, response: NULL, target: NULL
2026-08-12 23:15:04.444 | DEBUG    | eval.evaluation.evaluation:metric_call:77 - metric_func_name number_near score 0.0 msg number not convertable, response: None, target: -13.5
2026-08-12 23:15:04.444 | DEBUG    | eval.evaluation.evaluation:metric_call:77 - metric_func_name number_near score 0.0 msg number not convertable, response: None, target: 5.5
2026-08-12 23:15:04.444 | DEBUG    | eval.evaluation.evaluation:metric_call:77 - metric_func_name number_near score 0.0 msg number not convertable, response: None, target: 5.3
2026-08-12 23:15:04.444 | DEBUG    | eval.evaluation.evaluation:metric_call:77 - metric_func_name number_near score 0.0 msg number not convertable, response: None, target: 6.1
2026-08-12 23:15:04.444 | DEBUG    | eval.evaluation.evaluation:metric_call:77 - metric_func_name number_near score 0.0 msg number not convertable, response: None, target: 4.0
2026-08-12 23:15:04.444 | DEBUG    | eval.evaluation.evaluation:metric_call:77 - metric_func_name number_near score 0.0 msg number not convertable, response: None, target: 2.0
2026-08-12 23:15:04.445 | DEBUG    | eval.evaluation.evaluation:evaluate_single_query:321 - wide2deep_ws_en_098, col 2024gdpgrowth(%), metric_func_name number_near, score [0.0, 0.0, 0.0, 0.0, 0.0, 0.0, 0.0, 0.0, 0.0, 0.0, 0.0, 0.0, 0.0, 0.0, 1.0, 0.0, 0.0, 0.0, 0.0, 0.0, 0.0, 0.0, 0.0, 0.0, 0.0, 0.0, 0.0, 0.0, 0.0, 0.0, 0.0, 0.0, 0.0, 0.0, 0.0, 0.0, 0.0, 0.0, 0.0, 0.0, 0.0, 1.0, 0.0, 0.0, 0.0, 0.0, 0.0, 0.0]
2026-08-12 23:15:04.445 | DEBUG    | eval.evaluation.evaluation:metric_call:77 - metric_func_name number_near score 0.0 msg number not convertable, response: None, target: 1.1
2026-08-12 23:15:04.445 | DEBUG    | eval.evaluation.evaluation:metric_call:77 - metric_func_name number_near score 0.0 msg number not convertable, response: None, target: 6.4
2026-08-12 23:15:04.445 | DEBUG    | eval.evaluation.evaluation:metric_call:77 - metric_func_name number_near score 0.0 msg number not convertable, response: None, target: 3.2
2026-08-12 23:15:04.445 | DEBUG    | eval.evaluation.evaluation:metric_call:77 - metric_func_name number_near score 0.0 msg number not convertable, response: None, target: 3.2
2026-08-12 23:15:04.445 | DEBUG    | eval.evaluation.evaluation:metric_call:77 - metric_func_name number_near score 0.0 msg number not convertable, response: None, target: 2.7
2026-08-12 23:15:04.445 | DEBUG    | eval.evaluation.evaluation:metric_call:77 - metric_func_name number_near score 0.0 msg number not convertable, response: None, target: 5.4
2026-08-12 23:15:04.445 | DEBUG    | eval.evaluation.evaluation:metric_call:77 - metric_func_name number_near score 0.0 msg number not convertable, response: None, target: 3.2
2026-08-12 23:15:04.445 | DEBUG    | eval.evaluation.evaluation:metric_call:77 - metric_func_name number_near score 0.0 msg number not convertable, response: None, target: 0.7
2026-08-12 23:15:04.445 | DEBUG    | eval.evaluation.evaluation:metric_call:77 - metric_func_name number_near score 0.0 msg number not convertable, response: None, target: 4.1
2026-08-12 23:15:04.445 | DEBUG    | eval.evaluation.evaluation:metric_call:77 - metric_func_name number_near score 0.0 msg number not convertable, response: None, target: 3.1
2026-08-12 23:15:04.445 | DEBUG    | eval.evaluation.evaluation:metric_call:77 - metric_func_name number_near score 0.0 msg number not convertable, response: None, target: 8.6
2026-08-12 23:15:04.445 | DEBUG    | eval.evaluation.evaluation:metric_call:77 - metric_func_name number_near score 0.0 msg number not convertable, response: None, target: 1.9
2026-08-12 23:15:04.445 | DEBUG    | eval.evaluation.evaluation:metric_call:77 - metric_func_name number_near score 0.0 msg number not convertable, response: None, target: 6.5
2026-08-12 23:15:04.445 | DEBUG    | eval.evaluation.evaluation:metric_call:77 - metric_func_name number_near score 0.0 msg number not convertable, response: None, target: -5.1
2026-08-12 23:15:04.445 | DEBUG    | eval.evaluation.evaluation:metric_call:77 - metric_func_name number_near score 1.0 msg number equal, response: NULL, target: NULL
2026-08-12 23:15:04.446 | DEBUG    | eval.evaluation.evaluation:metric_call:77 - metric_func_name number_near score 0.0 msg number not convertable, response: None, target: 3.4
2026-08-12 23:15:04.446 | DEBUG    | eval.evaluation.evaluation:metric_call:77 - metric_func_name number_near score 0.0 msg number not convertable, response: None, target: 6.6
2026-08-12 23:15:04.446 | DEBUG    | eval.evaluation.evaluation:metric_call:77 - metric_func_name number_near score 0.0 msg number not convertable, response: None, target: 2.4
2026-08-12 23:15:04.446 | DEBUG    | eval.evaluation.evaluation:metric_call:77 - metric_func_name number_near score 0.0 msg number not convertable, response: None, target: 4.8
2026-08-12 23:15:04.446 | DEBUG    | eval.evaluation.evaluation:metric_call:77 - metric_func_name number_near score 0.0 msg number not convertable, response: None, target: 3.1
2026-08-12 23:15:04.446 | DEBUG    | eval.evaluation.evaluation:metric_call:77 - metric_func_name number_near score 0.0 msg number not convertable, response: None, target: 5.5
2026-08-12 23:15:04.446 | DEBUG    | eval.evaluation.evaluation:metric_call:77 - metric_func_name number_near score 0.0 msg number not convertable, response: None, target: 4.5
2026-08-12 23:15:04.446 | DEBUG    | eval.evaluation.evaluation:metric_call:77 - metric_func_name number_near score 0.0 msg number not convertable, response: None, target: 5.6
2026-08-12 23:15:04.446 | DEBUG    | eval.evaluation.evaluation:metric_call:77 - metric_func_name number_near score 0.0 msg number not convertable, response: None, target: 1.8
2026-08-12 23:15:04.446 | DEBUG    | eval.evaluation.evaluation:metric_call:77 - metric_func_name number_near score 0.0 msg number not convertable, response: None, target: 4.7
2026-08-12 23:15:04.446 | DEBUG    | eval.evaluation.evaluation:metric_call:77 - metric_func_name number_near score 0.0 msg number not convertable, response: None, target: 4.2
2026-08-12 23:15:04.446 | DEBUG    | eval.evaluation.evaluation:metric_call:77 - metric_func_name number_near score 0.0 msg number not convertable, response: None, target: 1.9
2026-08-12 23:15:04.446 | DEBUG    | eval.evaluation.evaluation:metric_call:77 - metric_func_name number_near score 0.0 msg number not convertable, response: None, target: 4.7
2026-08-12 23:15:04.446 | DEBUG    | eval.evaluation.evaluation:metric_call:77 - metric_func_name number_near score 0.0 msg number not convertable, response: None, target: 6.5
2026-08-12 23:15:04.446 | DEBUG    | eval.evaluation.evaluation:metric_call:77 - metric_func_name number_near score 0.0 msg number not convertable, response: None, target: 5.0
2026-08-12 23:15:04.446 | DEBUG    | eval.evaluation.evaluation:metric_call:77 - metric_func_name number_near score 0.0 msg number not convertable, response: None, target: 5.4
2026-08-12 23:15:04.446 | DEBUG    | eval.evaluation.evaluation:metric_call:77 - metric_func_name number_near score 0.0 msg number not convertable, response: None, target: 4.4
2026-08-12 23:15:04.446 | DEBUG    | eval.evaluation.evaluation:metric_call:77 - metric_func_name number_near score 0.0 msg number not convertable, response: None, target: 1.7
2026-08-12 23:15:04.446 | DEBUG    | eval.evaluation.evaluation:metric_call:77 - metric_func_name number_near score 0.0 msg number not convertable, response: None, target: 2.9
2026-08-12 23:15:04.446 | DEBUG    | eval.evaluation.evaluation:metric_call:77 - metric_func_name number_near score 0.0 msg number not convertable, response: None, target: 8.2
2026-08-12 23:15:04.446 | DEBUG    | eval.evaluation.evaluation:metric_call:77 - metric_func_name number_near score 0.0 msg number not convertable, response: None, target: 0.4
2026-08-12 23:15:04.446 | DEBUG    | eval.evaluation.evaluation:metric_call:77 - metric_func_name number_near score 0.0 msg number not convertable, response: None, target: 4.3
2026-08-12 23:15:04.446 | DEBUG    | eval.evaluation.evaluation:metric_call:77 - metric_func_name number_near score 0.0 msg number not convertable, response: None, target: 2.3
2026-08-12 23:15:04.446 | DEBUG    | eval.evaluation.evaluation:metric_call:77 - metric_func_name number_near score 0.0 msg number not convertable, response: None, target: 5.7
2026-08-12 23:15:04.447 | DEBUG    | eval.evaluation.evaluation:metric_call:77 - metric_func_name number_near score 0.0 msg number not convertable, response: None, target: 4.2
2026-08-12 23:15:04.447 | DEBUG    | eval.evaluation.evaluation:metric_call:77 - metric_func_name number_near score 0.0 msg number not convertable, response: None, target: 0.7
2026-08-12 23:15:04.447 | DEBUG    | eval.evaluation.evaluation:metric_call:77 - metric_func_name number_near score 1.0 msg number equal, response: NULL, target: NULL
2026-08-12 23:15:04.447 | DEBUG    | eval.evaluation.evaluation:metric_call:77 - metric_func_name number_near score 0.0 msg number not convertable, response: None, target: -29.4
2026-08-12 23:15:04.447 | DEBUG    | eval.evaluation.evaluation:metric_call:77 - metric_func_name number_near score 0.0 msg number not convertable, response: None, target: 5.1
2026-08-12 23:15:04.447 | DEBUG    | eval.evaluation.evaluation:metric_call:77 - metric_func_name number_near score 0.0 msg number not convertable, response: None, target: 6.4
2026-08-12 23:15:04.447 | DEBUG    | eval.evaluation.evaluation:metric_call:77 - metric_func_name number_near score 0.0 msg number not convertable, response: None, target: 5.3
2026-08-12 23:15:04.447 | DEBUG    | eval.evaluation.evaluation:metric_call:77 - metric_func_name number_near score 0.0 msg number not convertable, response: None, target: 5.4
2026-08-12 23:15:04.447 | DEBUG    | eval.evaluation.evaluation:metric_call:77 - metric_func_name number_near score 0.0 msg number not convertable, response: None, target: 5.3
2026-08-12 23:15:04.447 | DEBUG    | eval.evaluation.evaluation:evaluate_single_query:321 - wide2deep_ws_en_098, col 2023gdpgrowth(%), metric_func_name number_near, score [0.0, 0.0, 0.0, 0.0, 0.0, 0.0, 0.0, 0.0, 0.0, 0.0, 0.0, 0.0, 0.0, 0.0, 1.0, 0.0, 0.0, 0.0, 0.0, 0.0, 0.0, 0.0, 0.0, 0.0, 0.0, 0.0, 0.0, 0.0, 0.0, 0.0, 0.0, 0.0, 0.0, 0.0, 0.0, 0.0, 0.0, 0.0, 0.0, 0.0, 0.0, 1.0, 0.0, 0.0, 0.0, 0.0, 0.0, 0.0]
2026-08-12 23:15:04.448 | DEBUG    | eval.evaluation.evaluation:metric_call:77 - metric_func_name number_near score 0.0 msg number not convertable, response: None, target: 3.0
2026-08-12 23:15:04.448 | DEBUG    | eval.evaluation.evaluation:metric_call:77 - metric_func_name number_near score 0.0 msg number not convertable, response: None, target: 6.3
2026-08-12 23:15:04.448 | DEBUG    | eval.evaluation.evaluation:metric_call:77 - metric_func_name number_near score 0.0 msg number not convertable, response: None, target: 5.5
2026-08-12 23:15:04.448 | DEBUG    | eval.evaluation.evaluation:metric_call:77 - metric_func_name number_near score 0.0 msg number not convertable, response: None, target: 1.5
2026-08-12 23:15:04.448 | DEBUG    | eval.evaluation.evaluation:metric_call:77 - metric_func_name number_near score 0.0 msg number not convertable, response: None, target: 1.8
2026-08-12 23:15:04.448 | DEBUG    | eval.evaluation.evaluation:metric_call:77 - metric_func_name number_near score 0.0 msg number not convertable, response: None, target: 15.8
2026-08-12 23:15:04.448 | DEBUG    | eval.evaluation.evaluation:metric_call:77 - metric_func_name number_near score 0.0 msg number not convertable, response: None, target: 3.7
2026-08-12 23:15:04.448 | DEBUG    | eval.evaluation.evaluation:metric_call:77 - metric_func_name number_near score 0.0 msg number not convertable, response: None, target: 0.5
2026-08-12 23:15:04.448 | DEBUG    | eval.evaluation.evaluation:metric_call:77 - metric_func_name number_near score 0.0 msg number not convertable, response: None, target: 12.9
2026-08-12 23:15:04.448 | DEBUG    | eval.evaluation.evaluation:metric_call:77 - metric_func_name number_near score 0.0 msg number not convertable, response: None, target: 2.8
2026-08-12 23:15:04.448 | DEBUG    | eval.evaluation.evaluation:metric_call:77 - metric_func_name number_near score 0.0 msg number not convertable, response: None, target: 8.9
2026-08-12 23:15:04.448 | DEBUG    | eval.evaluation.evaluation:metric_call:77 - metric_func_name number_near score 0.0 msg number not convertable, response: None, target: 1.5
2026-08-12 23:15:04.448 | DEBUG    | eval.evaluation.evaluation:metric_call:77 - metric_func_name number_near score 0.0 msg number not convertable, response: None, target: 6.4
2026-08-12 23:15:04.448 | DEBUG    | eval.evaluation.evaluation:metric_call:77 - metric_func_name number_near score 0.0 msg number not convertable, response: None, target: 3.2
2026-08-12 23:15:04.448 | DEBUG    | eval.evaluation.evaluation:metric_call:77 - metric_func_name number_near score 1.0 msg number equal, response: NULL, target: NULL
2026-08-12 23:15:04.448 | DEBUG    | eval.evaluation.evaluation:metric_call:77 - metric_func_name number_near score 0.0 msg number not convertable, response: None, target: 1.1
2026-08-12 23:15:04.448 | DEBUG    | eval.evaluation.evaluation:metric_call:77 - metric_func_name number_near score 0.0 msg number not convertable, response: None, target: 5.3
2026-08-12 23:15:04.448 | DEBUG    | eval.evaluation.evaluation:metric_call:77 - metric_func_name number_near score 0.0 msg number not convertable, response: None, target: 3.0
2026-08-12 23:15:04.448 | DEBUG    | eval.evaluation.evaluation:metric_call:77 - metric_func_name number_near score 0.0 msg number not convertable, response: None, target: 5.5
2026-08-12 23:15:04.448 | DEBUG    | eval.evaluation.evaluation:metric_call:77 - metric_func_name number_near score 0.0 msg number not convertable, response: None, target: 3.8
2026-08-12 23:15:04.449 | DEBUG    | eval.evaluation.evaluation:metric_call:77 - metric_func_name number_near score 0.0 msg number not convertable, response: None, target: 4.0
2026-08-12 23:15:04.449 | DEBUG    | eval.evaluation.evaluation:metric_call:77 - metric_func_name number_near score 0.0 msg number not convertable, response: None, target: 5.6
2026-08-12 23:15:04.449 | DEBUG    | eval.evaluation.evaluation:metric_call:77 - metric_func_name number_near score 0.0 msg number not convertable, response: None, target: 4.9
2026-08-12 23:15:04.449 | DEBUG    | eval.evaluation.evaluation:metric_call:77 - metric_func_name number_near score 0.0 msg number not convertable, response: None, target: 2.4
2026-08-12 23:15:04.449 | DEBUG    | eval.evaluation.evaluation:metric_call:77 - metric_func_name number_near score 0.0 msg number not convertable, response: None, target: 4.8
2026-08-12 23:15:04.449 | DEBUG    | eval.evaluation.evaluation:metric_call:77 - metric_func_name number_near score 0.0 msg number not convertable, response: None, target: 4.2
2026-08-12 23:15:04.449 | DEBUG    | eval.evaluation.evaluation:metric_call:77 - metric_func_name number_near score 0.0 msg number not convertable, response: None, target: 0.9
2026-08-12 23:15:04.449 | DEBUG    | eval.evaluation.evaluation:metric_call:77 - metric_func_name number_near score 0.0 msg number not convertable, response: None, target: 3.5
2026-08-12 23:15:04.449 | DEBUG    | eval.evaluation.evaluation:metric_call:77 - metric_func_name number_near score 0.0 msg number not convertable, response: None, target: 6.8
2026-08-12 23:15:04.449 | DEBUG    | eval.evaluation.evaluation:metric_call:77 - metric_func_name number_near score 0.0 msg number not convertable, response: None, target: 8.7
2026-08-12 23:15:04.449 | DEBUG    | eval.evaluation.evaluation:metric_call:77 - metric_func_name number_near score 0.0 msg number not convertable, response: None, target: 4.4
2026-08-12 23:15:04.449 | DEBUG    | eval.evaluation.evaluation:metric_call:77 - metric_func_name number_near score 0.0 msg number not convertable, response: None, target: 5.4
2026-08-12 23:15:04.449 | DEBUG    | eval.evaluation.evaluation:metric_call:77 - metric_func_name number_near score 0.0 msg number not convertable, response: None, target: 11.9
2026-08-12 23:15:04.449 | DEBUG    | eval.evaluation.evaluation:metric_call:77 - metric_func_name number_near score 0.0 msg number not convertable, response: None, target: 3.3
2026-08-12 23:15:04.449 | DEBUG    | eval.evaluation.evaluation:metric_call:77 - metric_func_name number_near score 0.0 msg number not convertable, response: None, target: 8.2
2026-08-12 23:15:04.449 | DEBUG    | eval.evaluation.evaluation:metric_call:77 - metric_func_name number_near score 0.0 msg number not convertable, response: None, target: 0.2
2026-08-12 23:15:04.449 | DEBUG    | eval.evaluation.evaluation:metric_call:77 - metric_func_name number_near score 0.0 msg number not convertable, response: None, target: 3.9
2026-08-12 23:15:04.449 | DEBUG    | eval.evaluation.evaluation:metric_call:77 - metric_func_name number_near score 0.0 msg number not convertable, response: None, target: 12.7
2026-08-12 23:15:04.449 | DEBUG    | eval.evaluation.evaluation:metric_call:77 - metric_func_name number_near score 0.0 msg number not convertable, response: None, target: 5.3
2026-08-12 23:15:04.449 | DEBUG    | eval.evaluation.evaluation:metric_call:77 - metric_func_name number_near score 0.0 msg number not convertable, response: None, target: 2.7
2026-08-12 23:15:04.450 | DEBUG    | eval.evaluation.evaluation:metric_call:77 - metric_func_name number_near score 0.0 msg number not convertable, response: None, target: 1.9
2026-08-12 23:15:04.450 | DEBUG    | eval.evaluation.evaluation:metric_call:77 - metric_func_name number_near score 1.0 msg number equal, response: NULL, target: NULL
2026-08-12 23:15:04.450 | DEBUG    | eval.evaluation.evaluation:metric_call:77 - metric_func_name number_near score 0.0 msg number not convertable, response: None, target: -1.0
2026-08-12 23:15:04.450 | DEBUG    | eval.evaluation.evaluation:metric_call:77 - metric_func_name number_near score 0.0 msg number not convertable, response: None, target: 4.6
2026-08-12 23:15:04.450 | DEBUG    | eval.evaluation.evaluation:metric_call:77 - metric_func_name number_near score 0.0 msg number not convertable, response: None, target: 5.8
2026-08-12 23:15:04.450 | DEBUG    | eval.evaluation.evaluation:metric_call:77 - metric_func_name number_near score 0.0 msg number not convertable, response: None, target: 4.6
2026-08-12 23:15:04.450 | DEBUG    | eval.evaluation.evaluation:metric_call:77 - metric_func_name number_near score 0.0 msg number not convertable, response: None, target: 5.2
2026-08-12 23:15:04.450 | DEBUG    | eval.evaluation.evaluation:metric_call:77 - metric_func_name number_near score 0.0 msg number not convertable, response: None, target: 6.1
2026-08-12 23:15:04.451 | DEBUG    | eval.evaluation.evaluation:evaluate_single_query:321 - wide2deep_ws_en_098, col 2022gdpgrowth(%), metric_func_name number_near, score [0.0, 0.0, 0.0, 0.0, 0.0, 0.0, 0.0, 0.0, 0.0, 0.0, 0.0, 0.0, 0.0, 0.0, 1.0, 0.0, 0.0, 0.0, 0.0, 0.0, 0.0, 0.0, 0.0, 0.0, 0.0, 0.0, 0.0, 0.0, 0.0, 0.0, 0.0, 0.0, 0.0, 0.0, 0.0, 0.0, 0.0, 0.0, 0.0, 0.0, 0.0, 1.0, 0.0, 0.0, 0.0, 0.0, 0.0, 0.0]
2026-08-12 23:15:04.454 | INFO     | eval.evaluation.evaluation:evaluate_single_query:380 - wide2deep_ws_en_098, P/R/F1 by unique_columns: 1.0000/1.0000/1.0000
2026-08-12 23:15:04.454 | INFO     | eval.evaluation.evaluation:evaluate_single_query:383 - wide2deep_ws_en_098, P/R/F1 by row: 0.0417/0.0417/0.0417
2026-08-12 23:15:04.454 | INFO     | eval.evaluation.evaluation:evaluate_single_query:386 - wide2deep_ws_en_098, P/R/F1 by item: 0.2812/0.2812/0.2812
2026-08-12 23:15:04.458 | INFO     | eval.evaluation.evaluation:evaluate_single_query:398 - wide2deep_ws_en_098, final table score: 0.0
{"event": "eval_done", "idx": 7, "instance_id": "wide2deep_ws_en_098", "score": 0.0, "entity_acc": 1.0, "f1_by_row": 0.041666666666666664, "f1_by_item": 0.28125, "column_f1": 1.0, "error": null, "elapsed_seconds": 9.406, "running_n": 7}
SUMMARY {"n": 7, "valid_n": 7, "errors": 0, "complete": true, "judge_calls_current_process": 19, "score": 0.14285714285714285, "entity_acc": 0.8571428571428571, "precision_by_row": 0.26323073945025166, "recall_by_row": 0.24472166915546706, "f1_by_row": 0.2528360851346247, "precision_by_item": 0.5180116558818649, "recall_by_item": 0.5134504776690832, "f1_by_item": 0.5044828716337292, "column_precision": 0.7202947845804989, "column_recall": 0.7534620991253644, "column_f1": 0.7130554349399334}
