INFO: Pandarallel will run on 8 workers.
INFO: Pandarallel will use Memory file system to transfer data between the main process and workers.
{"event": "eval_start", "selected": 7, "resume_committed": 0, "committed_errors": 0, "crash_only_resume": false}
2026-08-18 14:46:07.121 | DEBUG    | eval.evaluation.data_loader:extract_dataframe:167 - find markdown_str 
| Category | Rank | Title | Singer | Language | Songwriter(s) | ...
2026-08-18 14:46:12.561 | INFO     | eval.evaluation.metric_utils:primary_key_preprocess:246 - primary_key_preprocess result: ```json
{
  "Most-streamed songs globally": "Top 10 Spotify's Most-Streamed Songs Globally",
  "Most-streamed songs in the U.S.": "Top 10 U.S. Most-Streamed Songs"
}
```
2026-08-18 14:46:12.561 | INFO     | eval.evaluation.evaluation:evaluate_single_query:223 - col: category, primary_key_map {'Most-streamed songs globally': "Top 10 Spotify's Most-Streamed Songs Globally", 'Most-streamed songs in the U.S.': 'Top 10 U.S. Most-Streamed Songs'}
2026-08-18 14:46:19.977 | INFO     | eval.evaluation.metric_utils:primary_key_preprocess:246 - primary_key_preprocess result: ```json
{
  "10": "10",
  "9": "9",
  "8": "8",
  "7": "7",
  "6": "6",
  "5": "5",
  "4": "4",
  "3": "3",
  "2": "2",
  "1": "1"
}
```
2026-08-18 14:46:19.977 | INFO     | eval.evaluation.evaluation:evaluate_single_query:223 - col: rank, primary_key_map {'10': '10', '9': '9', '8': '8', '7': '7', '6': '6', '5': '5', '4': '4', '3': '3', '2': '2', '1': '1'}
2026-08-18 14:46:20.071 | INFO     | eval.evaluation.evaluation:evaluate_single_query:275 - wide2deep_ws_en_022, df_inner shape: (20, 16), answer_df shape: (20, 8), response_df shape: (20, 10)
2026-08-18 14:46:27.542 | DEBUG    | eval.evaluation.evaluation:evaluate_single_query:321 - wide2deep_ws_en_022, col title, metric_func_name llm_judge, score [1, 1, 1, 1, 1, 1, 1, 1, 1, 1, 1, 1, 1, 1, 1, 1, 1, 1, 1, 1]
2026-08-18 14:46:32.266 | DEBUG    | eval.evaluation.evaluation:evaluate_single_query:321 - wide2deep_ws_en_022, col singer, metric_func_name llm_judge, score [1, 1, 1, 1, 1, 1, 1, 1, 1, 1, 1, 1, 1, 1, 1, 1, 1, 1, 1, 0]
2026-08-18 14:46:32.266 | DEBUG    | eval.evaluation.evaluation:metric_call:77 - metric_func_name exact_match score 1.0 msg exact match, response: english, target: english
2026-08-18 14:46:32.266 | DEBUG    | eval.evaluation.evaluation:metric_call:77 - metric_func_name exact_match score 1.0 msg exact match, response: english, target: english
2026-08-18 14:46:32.266 | DEBUG    | eval.evaluation.evaluation:metric_call:77 - metric_func_name exact_match score 1.0 msg exact match, response: english, target: english
2026-08-18 14:46:32.266 | DEBUG    | eval.evaluation.evaluation:metric_call:77 - metric_func_name exact_match score 1.0 msg exact match, response: spanish, target: spanish
2026-08-18 14:46:32.266 | DEBUG    | eval.evaluation.evaluation:metric_call:77 - metric_func_name exact_match score 1.0 msg exact match, response: english, target: english
2026-08-18 14:46:32.266 | DEBUG    | eval.evaluation.evaluation:metric_call:77 - metric_func_name exact_match score 1.0 msg exact match, response: english, target: english
2026-08-18 14:46:32.266 | DEBUG    | eval.evaluation.evaluation:metric_call:77 - metric_func_name exact_match score 1.0 msg exact match, response: english, target: english
2026-08-18 14:46:32.266 | DEBUG    | eval.evaluation.evaluation:metric_call:77 - metric_func_name exact_match score 1.0 msg exact match, response: english, target: english
2026-08-18 14:46:32.267 | DEBUG    | eval.evaluation.evaluation:metric_call:77 - metric_func_name exact_match score 1.0 msg exact match, response: english, target: english
2026-08-18 14:46:32.267 | DEBUG    | eval.evaluation.evaluation:metric_call:77 - metric_func_name exact_match score 1.0 msg exact match, response: english, target: english
2026-08-18 14:46:32.267 | DEBUG    | eval.evaluation.evaluation:metric_call:77 - metric_func_name exact_match score 1.0 msg exact match, response: english, target: english
2026-08-18 14:46:32.267 | DEBUG    | eval.evaluation.evaluation:metric_call:77 - metric_func_name exact_match score 1.0 msg exact match, response: english, target: english
2026-08-18 14:46:32.267 | DEBUG    | eval.evaluation.evaluation:metric_call:77 - metric_func_name exact_match score 1.0 msg exact match, response: english, target: english
2026-08-18 14:46:32.267 | DEBUG    | eval.evaluation.evaluation:metric_call:77 - metric_func_name exact_match score 1.0 msg exact match, response: english, target: english
2026-08-18 14:46:32.267 | DEBUG    | eval.evaluation.evaluation:metric_call:77 - metric_func_name exact_match score 1.0 msg exact match, response: english, target: english
2026-08-18 14:46:32.267 | DEBUG    | eval.evaluation.evaluation:metric_call:77 - metric_func_name exact_match score 1.0 msg exact match, response: english, target: english
2026-08-18 14:46:32.267 | DEBUG    | eval.evaluation.evaluation:metric_call:77 - metric_func_name exact_match score 1.0 msg exact match, response: english, target: english
2026-08-18 14:46:32.267 | DEBUG    | eval.evaluation.evaluation:metric_call:77 - metric_func_name exact_match score 1.0 msg exact match, response: english, target: english
2026-08-18 14:46:32.267 | DEBUG    | eval.evaluation.evaluation:metric_call:77 - metric_func_name exact_match score 1.0 msg exact match, response: english, target: english
2026-08-18 14:46:32.267 | DEBUG    | eval.evaluation.evaluation:metric_call:77 - metric_func_name exact_match score 1.0 msg exact match, response: english, target: english
2026-08-18 14:46:32.268 | DEBUG    | eval.evaluation.evaluation:evaluate_single_query:321 - wide2deep_ws_en_022, col language, metric_func_name exact_match, score [1.0, 1.0, 1.0, 1.0, 1.0, 1.0, 1.0, 1.0, 1.0, 1.0, 1.0, 1.0, 1.0, 1.0, 1.0, 1.0, 1.0, 1.0, 1.0, 1.0]
2026-08-18 14:46:39.426 | DEBUG    | eval.evaluation.evaluation:evaluate_single_query:321 - wide2deep_ws_en_022, col songwriter(s), metric_func_name llm_judge, score [1, 1, 1, 1, 1, 1, 1, 1, 1, 1, 1, 1, 1, 1, 1, 1, 1, 1, 1, 1]
2026-08-18 14:46:49.945 | DEBUG    | eval.evaluation.evaluation:evaluate_single_query:321 - wide2deep_ws_en_022, col producer(s), metric_func_name llm_judge, score [1, 1, 1, 1, 1, 1, 1, 1, 1, 1, 1, 1, 1, 1, 1, 1, 1, 1, 1, 1]
2026-08-18 14:46:49.948 | DEBUG    | eval.evaluation.evaluation:metric_call:77 - metric_func_name date_near score 1.0 msg date near, response: 2024-04-11 00:00:00, target: 2024-04-11 00:00:00
2026-08-18 14:46:49.950 | DEBUG    | eval.evaluation.evaluation:metric_call:77 - metric_func_name date_near score 1.0 msg date near, response: 2024-01-18 00:00:00, target: 2024-01-19 00:00:00
2026-08-18 14:46:49.952 | DEBUG    | eval.evaluation.evaluation:metric_call:77 - metric_func_name date_near score 1.0 msg date near, response: 2024-05-17 00:00:00, target: 2024-05-17 00:00:00
2026-08-18 14:46:49.954 | DEBUG    | eval.evaluation.evaluation:metric_call:77 - metric_func_name date_near score 1.0 msg date near, response: 2024-02-02 00:00:00, target: 2024-02-02 00:00:00
2026-08-18 14:46:49.957 | DEBUG    | eval.evaluation.evaluation:metric_call:77 - metric_func_name date_near score 1.0 msg date near, response: 2023-06-23 00:00:00, target: 2023-06-23 00:00:00
2026-08-18 14:46:49.959 | DEBUG    | eval.evaluation.evaluation:metric_call:77 - metric_func_name date_near score 0.0 msg date not near, response: 2022-09-16 00:00:00, target: 2024-03-01 00:00:00
2026-08-18 14:46:49.961 | DEBUG    | eval.evaluation.evaluation:metric_call:77 - metric_func_name date_near score 1.0 msg date near, response: 2024-03-22 00:00:00, target: 2024-03-22 00:00:00
2026-08-18 14:46:49.963 | DEBUG    | eval.evaluation.evaluation:metric_call:77 - metric_func_name date_near score 0.0 msg date not near, response: 2023-06-23 00:00:00, target: 2023-12-08 00:00:00
2026-08-18 14:46:49.965 | DEBUG    | eval.evaluation.evaluation:metric_call:77 - metric_func_name date_near score 1.0 msg date near, response: 2019-08-23 00:00:00, target: 2019-08-23 00:00:00
2026-08-18 14:46:49.967 | DEBUG    | eval.evaluation.evaluation:metric_call:77 - metric_func_name date_near score 1.0 msg date near, response: 2024-08-16 00:00:00, target: 2024-08-16 00:00:00
2026-08-18 14:46:49.969 | DEBUG    | eval.evaluation.evaluation:metric_call:77 - metric_func_name date_near score 1.0 msg date near, response: 2024-04-11 00:00:00, target: 2024-04-11 00:00:00
2026-08-18 14:46:49.972 | DEBUG    | eval.evaluation.evaluation:metric_call:77 - metric_func_name date_near score 1.0 msg date near, response: 2024-05-04 00:00:00, target: 2024-05-04 00:00:00
2026-08-18 14:46:49.974 | DEBUG    | eval.evaluation.evaluation:metric_call:77 - metric_func_name date_near score 1.0 msg date near, response: 2024-04-12 00:00:00, target: 2024-04-12 00:00:00
2026-08-18 14:46:49.976 | DEBUG    | eval.evaluation.evaluation:metric_call:77 - metric_func_name date_near score 1.0 msg date near, response: 2024-05-10 00:00:00, target: 2024-05-10 00:00:00
2026-08-18 14:46:49.978 | DEBUG    | eval.evaluation.evaluation:metric_call:77 - metric_func_name date_near score 1.0 msg date near, response: 2024-04-26 00:00:00, target: 2024-04-26 00:00:00
2026-08-18 14:46:49.980 | DEBUG    | eval.evaluation.evaluation:metric_call:77 - metric_func_name date_near score 1.0 msg date near, response: 2024-04-05 00:00:00, target: 2024-04-05 00:00:00
2026-08-18 14:46:49.982 | DEBUG    | eval.evaluation.evaluation:metric_call:77 - metric_func_name date_near score 1.0 msg date near, response: 2024-01-18 00:00:00, target: 2024-01-18 00:00:00
2026-08-18 14:46:49.984 | DEBUG    | eval.evaluation.evaluation:metric_call:77 - metric_func_name date_near score 1.0 msg date near, response: 2024-05-17 00:00:00, target: 2024-05-17 00:00:00
2026-08-18 14:46:49.987 | DEBUG    | eval.evaluation.evaluation:metric_call:77 - metric_func_name date_near score 1.0 msg date near, response: 2023-08-25 00:00:00, target: 2023-08-25 00:00:00
2026-08-18 14:46:49.989 | DEBUG    | eval.evaluation.evaluation:metric_call:77 - metric_func_name date_near score 0.0 msg date not near, response: 2022-07-08 00:00:00, target: 2022-10-14 00:00:00
2026-08-18 14:46:49.989 | DEBUG    | eval.evaluation.evaluation:evaluate_single_query:321 - wide2deep_ws_en_022, col releasedate, metric_func_name date_near, score [1.0, 1.0, 1.0, 1.0, 1.0, 0.0, 1.0, 0.0, 1.0, 1.0, 1.0, 1.0, 1.0, 1.0, 1.0, 1.0, 1.0, 1.0, 1.0, 0.0]
2026-08-18 14:46:49.996 | INFO     | eval.evaluation.evaluation:evaluate_single_query:380 - wide2deep_ws_en_022, P/R/F1 by unique_columns: 1.0000/1.0000/1.0000
2026-08-18 14:46:49.996 | INFO     | eval.evaluation.evaluation:evaluate_single_query:383 - wide2deep_ws_en_022, P/R/F1 by row: 0.8500/0.8500/0.8500
2026-08-18 14:46:49.996 | INFO     | eval.evaluation.evaluation:evaluate_single_query:386 - wide2deep_ws_en_022, P/R/F1 by item: 0.9750/0.9750/0.9750
2026-08-18 14:46:49.999 | INFO     | eval.evaluation.evaluation:evaluate_single_query:398 - wide2deep_ws_en_022, final table score: 0.0
{"event": "eval_done", "idx": 1, "instance_id": "wide2deep_ws_en_022", "score": 0.0, "entity_acc": 1.0, "f1_by_row": 0.85, "f1_by_item": 0.975, "column_f1": 1.0, "error": null, "elapsed_seconds": 49.137, "running_n": 1}
2026-08-18 14:46:53.526 | DEBUG    | eval.evaluation.data_loader:extract_dataframe:167 - find markdown_str 
| Clinic | County | Full Address | Phone Number | Saturday Oper ...
2026-08-18 14:47:01.407 | INFO     | eval.evaluation.metric_utils:primary_key_preprocess:246 - primary_key_preprocess result: ```json
{
  "FPA Women's Health – Fresno": "FPA Women's Health - Fresno",
  "Planned Parenthood Mar Monte – Fresno Health Center": "Planned Parenthood - Fulton Street Health Center",
  "Planned Parenthood Mar Monte – Merced Health Center": "Planned Parenthood - Merced Health Center"
}
```
2026-08-18 14:47:01.407 | INFO     | eval.evaluation.evaluation:evaluate_single_query:223 - col: clinic, primary_key_map {"FPA Women's Health – Fresno": "FPA Women's Health - Fresno", 'Planned Parenthood Mar Monte – Fresno Health Center': 'Planned Parenthood - Fulton Street Health Center', 'Planned Parenthood Mar Monte – Merced Health Center': 'Planned Parenthood - Merced Health Center'}
2026-08-18 14:47:01.415 | INFO     | eval.evaluation.evaluation:evaluate_single_query:275 - wide2deep_ws_en_025, df_inner shape: (3, 10), answer_df shape: (6, 5), response_df shape: (4, 6)
2026-08-18 14:47:01.416 | DEBUG    | eval.evaluation.evaluation:metric_call:77 - metric_func_name exact_match score 1.0 msg exact match, response: fresno, target: fresno
2026-08-18 14:47:01.416 | DEBUG    | eval.evaluation.evaluation:metric_call:77 - metric_func_name exact_match score 1.0 msg exact match, response: fresno, target: fresno
2026-08-18 14:47:01.416 | DEBUG    | eval.evaluation.evaluation:metric_call:77 - metric_func_name exact_match score 1.0 msg exact match, response: merced, target: merced
2026-08-18 14:47:01.417 | DEBUG    | eval.evaluation.evaluation:evaluate_single_query:321 - wide2deep_ws_en_025, col county, metric_func_name exact_match, score [1.0, 1.0, 1.0]
2026-08-18 14:47:07.121 | DEBUG    | eval.evaluation.evaluation:evaluate_single_query:321 - wide2deep_ws_en_025, col fulladdress, metric_func_name llm_judge, score [1, 0, 1]
2026-08-18 14:47:07.121 | DEBUG    | eval.evaluation.evaluation:metric_call:77 - metric_func_name exact_match score 0.0 msg exact not match, response: (559)446-1515, target: (559)488-4900
2026-08-18 14:47:07.121 | DEBUG    | eval.evaluation.evaluation:metric_call:77 - metric_func_name exact_match score 0.0 msg exact not match, response: (877)883-7264, target: (559)233-8657
2026-08-18 14:47:07.121 | DEBUG    | eval.evaluation.evaluation:metric_call:77 - metric_func_name exact_match score 1.0 msg exact match, response: (209)723-7751, target: (209)723-7751
2026-08-18 14:47:07.122 | DEBUG    | eval.evaluation.evaluation:evaluate_single_query:321 - wide2deep_ws_en_025, col phonenumber, metric_func_name exact_match, score [0.0, 0.0, 1.0]
2026-08-18 14:47:14.969 | DEBUG    | eval.evaluation.evaluation:evaluate_single_query:321 - wide2deep_ws_en_025, col saturdayoperationhours, metric_func_name llm_judge, score [0, 1, 1]
2026-08-18 14:47:14.974 | INFO     | eval.evaluation.evaluation:evaluate_single_query:380 - wide2deep_ws_en_025, P/R/F1 by unique_columns: 0.7500/0.5000/0.6000
2026-08-18 14:47:14.975 | INFO     | eval.evaluation.evaluation:evaluate_single_query:383 - wide2deep_ws_en_025, P/R/F1 by row: 0.2500/0.1667/0.2000
2026-08-18 14:47:14.975 | INFO     | eval.evaluation.evaluation:evaluate_single_query:386 - wide2deep_ws_en_025, P/R/F1 by item: 0.5500/0.3667/0.4400
2026-08-18 14:47:14.976 | INFO     | eval.evaluation.evaluation:evaluate_single_query:398 - wide2deep_ws_en_025, final table score: 0.0
{"event": "eval_done", "idx": 2, "instance_id": "wide2deep_ws_en_025", "score": 0.0, "entity_acc": 1.0, "f1_by_row": 0.2, "f1_by_item": 0.43999999999999995, "column_f1": 0.6, "error": null, "elapsed_seconds": 24.96, "running_n": 2}
2026-08-18 14:47:21.281 | DEBUG    | eval.evaluation.data_loader:extract_dataframe:167 - find markdown_str 
| Season | Couple married at the show | Status |
| --- | --- |  ...
2026-08-18 14:47:26.157 | INFO     | eval.evaluation.metric_utils:primary_key_preprocess:246 - primary_key_preprocess result: ```json
{
  "Cameron & Lauren": "Cameron Hamilton & Lauren Speed",
  "Matthew & Amber": "Matthew Barnett & Amber Pike",
  "Jarrette & Iyanna": "Jarrette Jones & Iyanna McNeely",
  "Nick & Danielle": "Nick Thompson & Danielle Ruhl",
  "Brennon & Alexa": "Brennon Lemieux & Alexa Alfia",
  "Matt & Colleen": "Matt Bolton & Colleen Reed",
  "Kwame & Chelsea": "Kwame Appiah & Chelsea Griffin",
  "Zack & Bliss": "Bliss Poureetezadi & Zack Goytowski",
  "Brett & Tiffany": "Brett Brown & Tiffany Pennywell",
  "Milton & Lydia": "James \"Milton\" Johnson IV & Lydia Arleen Velez Gonzalez",
  "Johnny & Amy": "Johnny McIntyre & Amy Cortés",
  "Garrett & Taylor": "Garrett Josemans & Taylor Krause",
  "Tyler & Ashley": "Tyler Francis & Ashley Adionser"
}
```
2026-08-18 14:47:26.157 | INFO     | eval.evaluation.evaluation:evaluate_single_query:223 - col: couplemarriedattheshow, primary_key_map {'Cameron & Lauren': 'Cameron Hamilton & Lauren Speed', 'Matthew & Amber': 'Matthew Barnett & Amber Pike', 'Jarrette & Iyanna': 'Jarrette Jones & Iyanna McNeely', 'Nick & Danielle': 'Nick Thompson & Danielle Ruhl', 'Brennon & Alexa': 'Brennon Lemieux & Alexa Alfia', 'Matt & Colleen': 'Matt Bolton & Colleen Reed', 'Kwame & Chelsea': 'Kwame Appiah & Chelsea Griffin', 'Zack & Bliss': 'Bliss Poureetezadi & Zack Goytowski', 'Brett & Tiffany': 'Brett Brown & Tiffany Pennywell', 'Milton & Lydia': 'James "Milton" Johnson IV & Lydia Arleen Velez Gonzalez', 'Johnny & Amy': 'Johnny McIntyre & Amy Cortés', 'Garrett & Taylor': 'Garrett Josemans & Taylor Krause', 'Tyler & Ashley': 'Tyler Francis & Ashley Adionser'}
2026-08-18 14:47:26.164 | INFO     | eval.evaluation.evaluation:evaluate_single_query:275 - wide2deep_ws_en_037, df_inner shape: (13, 6), answer_df shape: (13, 3), response_df shape: (14, 4)
2026-08-18 14:47:32.832 | DEBUG    | eval.evaluation.evaluation:evaluate_single_query:321 - wide2deep_ws_en_037, col season, metric_func_name llm_judge, score [1, 1, 1, 1, 1, 1, 1, 1, 1, 1, 1, 1, 1]
2026-08-18 14:47:32.833 | DEBUG    | eval.evaluation.evaluation:metric_call:77 - metric_func_name exact_match score 1.0 msg exact match, response: stillmarried, target: stillmarried
2026-08-18 14:47:32.833 | DEBUG    | eval.evaluation.evaluation:metric_call:77 - metric_func_name exact_match score 1.0 msg exact match, response: stillmarried, target: stillmarried
2026-08-18 14:47:32.833 | DEBUG    | eval.evaluation.evaluation:metric_call:77 - metric_func_name exact_match score 1.0 msg exact match, response: divorced, target: divorced
2026-08-18 14:47:32.834 | DEBUG    | eval.evaluation.evaluation:metric_call:77 - metric_func_name exact_match score 1.0 msg exact match, response: divorced, target: divorced
2026-08-18 14:47:32.834 | DEBUG    | eval.evaluation.evaluation:metric_call:77 - metric_func_name exact_match score 1.0 msg exact match, response: stillmarried, target: stillmarried
2026-08-18 14:47:32.834 | DEBUG    | eval.evaluation.evaluation:metric_call:77 - metric_func_name exact_match score 0.0 msg exact not match, response: stillmarried, target: divorced
2026-08-18 14:47:32.834 | DEBUG    | eval.evaluation.evaluation:metric_call:77 - metric_func_name exact_match score 1.0 msg exact match, response: stillmarried, target: stillmarried
2026-08-18 14:47:32.834 | DEBUG    | eval.evaluation.evaluation:metric_call:77 - metric_func_name exact_match score 1.0 msg exact match, response: stillmarried, target: stillmarried
2026-08-18 14:47:32.834 | DEBUG    | eval.evaluation.evaluation:metric_call:77 - metric_func_name exact_match score 1.0 msg exact match, response: stillmarried, target: stillmarried
2026-08-18 14:47:32.834 | DEBUG    | eval.evaluation.evaluation:metric_call:77 - metric_func_name exact_match score 0.0 msg exact not match, response: stillmarried, target: divorced
2026-08-18 14:47:32.834 | DEBUG    | eval.evaluation.evaluation:metric_call:77 - metric_func_name exact_match score 1.0 msg exact match, response: stillmarried, target: stillmarried
2026-08-18 14:47:32.834 | DEBUG    | eval.evaluation.evaluation:metric_call:77 - metric_func_name exact_match score 1.0 msg exact match, response: stillmarried, target: stillmarried
2026-08-18 14:47:32.834 | DEBUG    | eval.evaluation.evaluation:metric_call:77 - metric_func_name exact_match score 1.0 msg exact match, response: divorced, target: divorced
2026-08-18 14:47:32.835 | DEBUG    | eval.evaluation.evaluation:evaluate_single_query:321 - wide2deep_ws_en_037, col status, metric_func_name exact_match, score [1.0, 1.0, 1.0, 1.0, 1.0, 0.0, 1.0, 1.0, 1.0, 0.0, 1.0, 1.0, 1.0]
2026-08-18 14:47:32.840 | INFO     | eval.evaluation.evaluation:evaluate_single_query:380 - wide2deep_ws_en_037, P/R/F1 by unique_columns: 0.9286/1.0000/0.9630
2026-08-18 14:47:32.840 | INFO     | eval.evaluation.evaluation:evaluate_single_query:383 - wide2deep_ws_en_037, P/R/F1 by row: 0.7857/0.8462/0.8148
2026-08-18 14:47:32.840 | INFO     | eval.evaluation.evaluation:evaluate_single_query:386 - wide2deep_ws_en_037, P/R/F1 by item: 0.8810/0.9487/0.9136
2026-08-18 14:47:32.841 | INFO     | eval.evaluation.evaluation:evaluate_single_query:398 - wide2deep_ws_en_037, final table score: 0.0
{"event": "eval_done", "idx": 3, "instance_id": "wide2deep_ws_en_037", "score": 0.0, "entity_acc": 1.0, "f1_by_row": 0.8148148148148148, "f1_by_item": 0.9135802469135802, "column_f1": 0.962962962962963, "error": null, "elapsed_seconds": 17.845, "running_n": 3}
2026-08-18 14:47:35.237 | DEBUG    | eval.evaluation.data_loader:extract_dataframe:167 - find markdown_str 
| Park | States | Price (per adult) | Mountain Scenery |
| ---  ...
2026-08-18 14:47:46.090 | INFO     | eval.evaluation.metric_utils:primary_key_preprocess:246 - primary_key_preprocess result: ```json
{
  "Acadia National Park": "Acadia",
  "National Park of American Samoa": "American Samoa",
  "Arches National Park": "Arches",
  "Badlands National Park": "Badlands",
  "Big Bend National Park": "Big Bend",
  "Biscayne National Park": "Biscayne",
  "Black Canyon of the Gunnison National Park": "Black Canyon of the Gunnison",
  "Bryce Canyon National Park": "Bryce Canyon",
  "Canyonlands National Park": "Canyonlands",
  "Capitol Reef National Park": "Capitol Reef",
  "Carlsbad Caverns National Park": "Carlsbad Caverns",
  "Channel Islands National Park": "Channel Islands",
  "Congaree National Park": "Congaree",
  "Crater Lake National Park": "Crater Lake",
  "Cuyahoga Valley National Park": "Cuyahoga Valley",
  "Death Valley National Park": "Death Valley",
  "Denali National Park and Preserve": "Denali",
  "Dry Tortugas National Park": "Dry Tortugas",
  "Everglades National Park": "Everglades",
  "Gates of the Arctic National Park and Preserve": "Gates of the Arctic",
  "Gateway Arch National Park": "Gateway Arch",
  "Glacier Bay National Park and Preserve": "Glacier Bay",
  "Glacier National Park": "Glacier",
  "Grand Canyon National Park": "Grand Canyon",
  "Grand Teton National Park": "Grand Teton",
  "Great Basin National Park": "Great Basin",
  "Great Sand Dunes National Park and Preserve": "Great Sand Dunes",
  "Great Smoky Mountains National Park": "Great Smoky Mountains",
  "Guadalupe Mountains National Park": "Guadalupe Mountains",
  "Haleakalā National Park": "Haleakalā",
  "Hawaiʻi Volcanoes National Park": "Hawaiʻi Volcanoes",
  "Hot Springs National Park": "Hot Springs",
  "Indiana Dunes National Park": "Indiana Dunes",
  "Isle Royale National Park": "Isle Royale",
  "Joshua Tree National Park": "Joshua Tree",
  "Katmai National Park and Preserve": "Katmai",
  "Kenai Fjords National Park": "Kenai Fjords",
  "Kings Canyon National Park": "Kings Canyon",
  "Kobuk Valley National Park": "Kobuk Valley",
  "Lake Clark National Park and Preserve": "Lake Clark",
  "Lassen Volcanic National Park": "Lassen Volcanic",
  "Mammoth Cave National Park": "Mammoth Cave",
  "Mesa Verde National Park": "Mesa Verde",
  "Mount Rainier National Park": "Mount Rainier",
  "New River Gorge National Park and Preserve": "New River Gorge",
  "North Cascades National Park": "North Cascades",
  "Olympic National Park": "Olympic",
  "Petrified Forest National Park": "Petrified Forest",
  "Pinnacles National Park": "Pinnacles",
  "Redwood National and State Parks": "Redwood",
  "Rocky Mountain National Park": "Rocky Mountain",
  "Saguaro National Park": "Saguaro",
  "Sequoia National Park": "Sequoia",
  "Shenandoah National Park": "Shenandoah",
  "Theodore Roosevelt National Park": "Theodore Roosevelt",
  "Virgin Islands National Park": "Virgin Islands",
  "Voyageurs National Park": "Voyageurs",
  "White Sands National Park": "White Sands",
  "Wind Cave National Park": "Wind Cave",
  "Wrangell–St. Elias National Park and Preserve": "Wrangell–St. Elias",
  "Yellowstone National Park": "Yellowstone",
  "Yosemite National Park": "Yosemite",
  "Zion National Park": "Zion"
}
```
2026-08-18 14:47:46.090 | INFO     | eval.evaluation.evaluation:evaluate_single_query:223 - col: park, primary_key_map {'Acadia National Park': 'Acadia', 'National Park of American Samoa': 'American Samoa', 'Arches National Park': 'Arches', 'Badlands National Park': 'Badlands', 'Big Bend National Park': 'Big Bend', 'Biscayne National Park': 'Biscayne', 'Black Canyon of the Gunnison National Park': 'Black Canyon of the Gunnison', 'Bryce Canyon National Park': 'Bryce Canyon', 'Canyonlands National Park': 'Canyonlands', 'Capitol Reef National Park': 'Capitol Reef', 'Carlsbad Caverns National Park': 'Carlsbad Caverns', 'Channel Islands National Park': 'Channel Islands', 'Congaree National Park': 'Congaree', 'Crater Lake National Park': 'Crater Lake', 'Cuyahoga Valley National Park': 'Cuyahoga Valley', 'Death Valley National Park': 'Death Valley', 'Denali National Park and Preserve': 'Denali', 'Dry Tortugas National Park': 'Dry Tortugas', 'Everglades National Park': 'Everglades', 'Gates of the Arctic National Park and Preserve': 'Gates of the Arctic', 'Gateway Arch National Park': 'Gateway Arch', 'Glacier Bay National Park and Preserve': 'Glacier Bay', 'Glacier National Park': 'Glacier', 'Grand Canyon National Park': 'Grand Canyon', 'Grand Teton National Park': 'Grand Teton', 'Great Basin National Park': 'Great Basin', 'Great Sand Dunes National Park and Preserve': 'Great Sand Dunes', 'Great Smoky Mountains National Park': 'Great Smoky Mountains', 'Guadalupe Mountains National Park': 'Guadalupe Mountains', 'Haleakalā National Park': 'Haleakalā', 'Hawaiʻi Volcanoes National Park': 'Hawaiʻi Volcanoes', 'Hot Springs National Park': 'Hot Springs', 'Indiana Dunes National Park': 'Indiana Dunes', 'Isle Royale National Park': 'Isle Royale', 'Joshua Tree National Park': 'Joshua Tree', 'Katmai National Park and Preserve': 'Katmai', 'Kenai Fjords National Park': 'Kenai Fjords', 'Kings Canyon National Park': 'Kings Canyon', 'Kobuk Valley National Park': 'Kobuk Valley', 'Lake Clark National Park and Preserve': 'Lake Clark', 'Lassen Volcanic National Park': 'Lassen Volcanic', 'Mammoth Cave National Park': 'Mammoth Cave', 'Mesa Verde National Park': 'Mesa Verde', 'Mount Rainier National Park': 'Mount Rainier', 'New River Gorge National Park and Preserve': 'New River Gorge', 'North Cascades National Park': 'North Cascades', 'Olympic National Park': 'Olympic', 'Petrified Forest National Park': 'Petrified Forest', 'Pinnacles National Park': 'Pinnacles', 'Redwood National and State Parks': 'Redwood', 'Rocky Mountain National Park': 'Rocky Mountain', 'Saguaro National Park': 'Saguaro', 'Sequoia National Park': 'Sequoia', 'Shenandoah National Park': 'Shenandoah', 'Theodore Roosevelt National Park': 'Theodore Roosevelt', 'Virgin Islands National Park': 'Virgin Islands', 'Voyageurs National Park': 'Voyageurs', 'White Sands National Park': 'White Sands', 'Wind Cave National Park': 'Wind Cave', 'Wrangell–St. Elias National Park and Preserve': 'Wrangell–St. Elias', 'Yellowstone National Park': 'Yellowstone', 'Yosemite National Park': 'Yosemite', 'Zion National Park': 'Zion'}
2026-08-18 14:47:46.097 | INFO     | eval.evaluation.evaluation:evaluate_single_query:275 - wide2deep_ws_en_043, df_inner shape: (63, 8), answer_df shape: (63, 4), response_df shape: (63, 5)
{"event": "judge_retry", "status": 429, "attempt": 1, "delay_seconds": 3.0}
{"event": "judge_retry", "status": 429, "attempt": 2, "delay_seconds": 8.0}
2026-08-18 14:48:06.888 | DEBUG    | eval.evaluation.evaluation:evaluate_single_query:321 - wide2deep_ws_en_043, col states, metric_func_name llm_judge, score [1, 1, 1, 1, 1, 1, 1, 1, 1, 1, 1, 1, 1, 1, 1, 1, 1, 1, 1, 1, 1, 1, 1, 1, 1, 1, 1, 1, 1, 1, 1, 1, 1, 1, 1, 1, 1, 1, 1, 1, 1, 1, 1, 1, 1, 1, 1, 1, 1, 1, 1, 1, 1, 1, 1, 1, 1, 1, 1, 1, 1, 1, 1]
2026-08-18 14:48:06.889 | DEBUG    | eval.evaluation.evaluation:metric_call:77 - metric_func_name exact_match score 0.0 msg exact not match, response: $20, target: 20
2026-08-18 14:48:06.889 | DEBUG    | eval.evaluation.evaluation:metric_call:77 - metric_func_name exact_match score 0.0 msg exact not match, response: $0, target: free
2026-08-18 14:48:06.889 | DEBUG    | eval.evaluation.evaluation:metric_call:77 - metric_func_name exact_match score 0.0 msg exact not match, response: $15, target: 15
2026-08-18 14:48:06.889 | DEBUG    | eval.evaluation.evaluation:metric_call:77 - metric_func_name exact_match score 0.0 msg exact not match, response: $15, target: 15
2026-08-18 14:48:06.889 | DEBUG    | eval.evaluation.evaluation:metric_call:77 - metric_func_name exact_match score 0.0 msg exact not match, response: $15, target: 15
2026-08-18 14:48:06.889 | DEBUG    | eval.evaluation.evaluation:metric_call:77 - metric_func_name exact_match score 0.0 msg exact not match, response: $0, target: free
2026-08-18 14:48:06.889 | DEBUG    | eval.evaluation.evaluation:metric_call:77 - metric_func_name exact_match score 0.0 msg exact not match, response: $15, target: 15
2026-08-18 14:48:06.889 | DEBUG    | eval.evaluation.evaluation:metric_call:77 - metric_func_name exact_match score 0.0 msg exact not match, response: $20, target: 20
2026-08-18 14:48:06.889 | DEBUG    | eval.evaluation.evaluation:metric_call:77 - metric_func_name exact_match score 0.0 msg exact not match, response: $15, target: 15
2026-08-18 14:48:06.889 | DEBUG    | eval.evaluation.evaluation:metric_call:77 - metric_func_name exact_match score 0.0 msg exact not match, response: $10, target: 10
2026-08-18 14:48:06.889 | DEBUG    | eval.evaluation.evaluation:metric_call:77 - metric_func_name exact_match score 0.0 msg exact not match, response: $15, target: 15
2026-08-18 14:48:06.889 | DEBUG    | eval.evaluation.evaluation:metric_call:77 - metric_func_name exact_match score 0.0 msg exact not match, response: $0, target: free
2026-08-18 14:48:06.889 | DEBUG    | eval.evaluation.evaluation:metric_call:77 - metric_func_name exact_match score 0.0 msg exact not match, response: $0, target: free
2026-08-18 14:48:06.889 | DEBUG    | eval.evaluation.evaluation:metric_call:77 - metric_func_name exact_match score 0.0 msg exact not match, response: $15, target: 15
2026-08-18 14:48:06.889 | DEBUG    | eval.evaluation.evaluation:metric_call:77 - metric_func_name exact_match score 0.0 msg exact not match, response: $0, target: free
2026-08-18 14:48:06.889 | DEBUG    | eval.evaluation.evaluation:metric_call:77 - metric_func_name exact_match score 0.0 msg exact not match, response: $15, target: 15
2026-08-18 14:48:06.889 | DEBUG    | eval.evaluation.evaluation:metric_call:77 - metric_func_name exact_match score 0.0 msg exact not match, response: $15, target: 15
2026-08-18 14:48:06.889 | DEBUG    | eval.evaluation.evaluation:metric_call:77 - metric_func_name exact_match score 0.0 msg exact not match, response: $15, target: 15
2026-08-18 14:48:06.890 | DEBUG    | eval.evaluation.evaluation:metric_call:77 - metric_func_name exact_match score 0.0 msg exact not match, response: $20, target: 20
2026-08-18 14:48:06.890 | DEBUG    | eval.evaluation.evaluation:metric_call:77 - metric_func_name exact_match score 0.0 msg exact not match, response: $0, target: free
2026-08-18 14:48:06.890 | DEBUG    | eval.evaluation.evaluation:metric_call:77 - metric_func_name exact_match score 0.0 msg exact not match, response: $0, target: free
2026-08-18 14:48:06.890 | DEBUG    | eval.evaluation.evaluation:metric_call:77 - metric_func_name exact_match score 0.0 msg exact not match, response: $20, target: 20
2026-08-18 14:48:06.890 | DEBUG    | eval.evaluation.evaluation:metric_call:77 - metric_func_name exact_match score 0.0 msg exact not match, response: $0, target: free
2026-08-18 14:48:06.890 | DEBUG    | eval.evaluation.evaluation:metric_call:77 - metric_func_name exact_match score 0.0 msg exact not match, response: $20, target: 20
2026-08-18 14:48:06.890 | DEBUG    | eval.evaluation.evaluation:metric_call:77 - metric_func_name exact_match score 0.0 msg exact not match, response: $20, target: 20
2026-08-18 14:48:06.890 | DEBUG    | eval.evaluation.evaluation:metric_call:77 - metric_func_name exact_match score 0.0 msg exact not match, response: $0, target: free
2026-08-18 14:48:06.890 | DEBUG    | eval.evaluation.evaluation:metric_call:77 - metric_func_name exact_match score 0.0 msg exact not match, response: $15, target: 15
2026-08-18 14:48:06.890 | DEBUG    | eval.evaluation.evaluation:metric_call:77 - metric_func_name exact_match score 0.0 msg exact not match, response: $0, target: free
2026-08-18 14:48:06.890 | DEBUG    | eval.evaluation.evaluation:metric_call:77 - metric_func_name exact_match score 0.0 msg exact not match, response: $10, target: 10
2026-08-18 14:48:06.890 | DEBUG    | eval.evaluation.evaluation:metric_call:77 - metric_func_name exact_match score 0.0 msg exact not match, response: $15, target: 15
2026-08-18 14:48:06.890 | DEBUG    | eval.evaluation.evaluation:metric_call:77 - metric_func_name exact_match score 0.0 msg exact not match, response: $15, target: 15
2026-08-18 14:48:06.890 | DEBUG    | eval.evaluation.evaluation:metric_call:77 - metric_func_name exact_match score 0.0 msg exact not match, response: $0, target: free
2026-08-18 14:48:06.890 | DEBUG    | eval.evaluation.evaluation:metric_call:77 - metric_func_name exact_match score 0.0 msg exact not match, response: $15, target: 15
2026-08-18 14:48:06.890 | DEBUG    | eval.evaluation.evaluation:metric_call:77 - metric_func_name exact_match score 0.0 msg exact not match, response: $7, target: 7
2026-08-18 14:48:06.890 | DEBUG    | eval.evaluation.evaluation:metric_call:77 - metric_func_name exact_match score 0.0 msg exact not match, response: $15, target: 15
2026-08-18 14:48:06.890 | DEBUG    | eval.evaluation.evaluation:metric_call:77 - metric_func_name exact_match score 0.0 msg exact not match, response: $0, target: free
2026-08-18 14:48:06.890 | DEBUG    | eval.evaluation.evaluation:metric_call:77 - metric_func_name exact_match score 0.0 msg exact not match, response: $0, target: free
2026-08-18 14:48:06.890 | DEBUG    | eval.evaluation.evaluation:metric_call:77 - metric_func_name exact_match score 0.0 msg exact not match, response: $20, target: 20
2026-08-18 14:48:06.890 | DEBUG    | eval.evaluation.evaluation:metric_call:77 - metric_func_name exact_match score 0.0 msg exact not match, response: $0, target: free
2026-08-18 14:48:06.890 | DEBUG    | eval.evaluation.evaluation:metric_call:77 - metric_func_name exact_match score 0.0 msg exact not match, response: $0, target: free
2026-08-18 14:48:06.890 | DEBUG    | eval.evaluation.evaluation:metric_call:77 - metric_func_name exact_match score 0.0 msg exact not match, response: $15, target: 15
2026-08-18 14:48:06.890 | DEBUG    | eval.evaluation.evaluation:metric_call:77 - metric_func_name exact_match score 0.0 msg exact not match, response: $0, target: free
2026-08-18 14:48:06.890 | DEBUG    | eval.evaluation.evaluation:metric_call:77 - metric_func_name exact_match score 0.0 msg exact not match, response: $15, target: 15
2026-08-18 14:48:06.890 | DEBUG    | eval.evaluation.evaluation:metric_call:77 - metric_func_name exact_match score 0.0 msg exact not match, response: $15, target: 15
2026-08-18 14:48:06.890 | DEBUG    | eval.evaluation.evaluation:metric_call:77 - metric_func_name exact_match score 0.0 msg exact not match, response: $0, target: free
2026-08-18 14:48:06.890 | DEBUG    | eval.evaluation.evaluation:metric_call:77 - metric_func_name exact_match score 0.0 msg exact not match, response: $0, target: free
2026-08-18 14:48:06.890 | DEBUG    | eval.evaluation.evaluation:metric_call:77 - metric_func_name exact_match score 0.0 msg exact not match, response: $15, target: 15
2026-08-18 14:48:06.890 | DEBUG    | eval.evaluation.evaluation:metric_call:77 - metric_func_name exact_match score 0.0 msg exact not match, response: $15, target: 15
2026-08-18 14:48:06.891 | DEBUG    | eval.evaluation.evaluation:metric_call:77 - metric_func_name exact_match score 0.0 msg exact not match, response: $15, target: 15
2026-08-18 14:48:06.891 | DEBUG    | eval.evaluation.evaluation:metric_call:77 - metric_func_name exact_match score 0.0 msg exact not match, response: $0, target: free
2026-08-18 14:48:06.891 | DEBUG    | eval.evaluation.evaluation:metric_call:77 - metric_func_name exact_match score 0.0 msg exact not match, response: $15, target: 15
2026-08-18 14:48:06.891 | DEBUG    | eval.evaluation.evaluation:metric_call:77 - metric_func_name exact_match score 0.0 msg exact not match, response: $15, target: 15
2026-08-18 14:48:06.891 | DEBUG    | eval.evaluation.evaluation:metric_call:77 - metric_func_name exact_match score 0.0 msg exact not match, response: $20, target: 20
2026-08-18 14:48:06.891 | DEBUG    | eval.evaluation.evaluation:metric_call:77 - metric_func_name exact_match score 0.0 msg exact not match, response: $15, target: 15
2026-08-18 14:48:06.891 | DEBUG    | eval.evaluation.evaluation:metric_call:77 - metric_func_name exact_match score 0.0 msg exact not match, response: $15, target: 15
2026-08-18 14:48:06.891 | DEBUG    | eval.evaluation.evaluation:metric_call:77 - metric_func_name exact_match score 0.0 msg exact not match, response: $0, target: free
2026-08-18 14:48:06.891 | DEBUG    | eval.evaluation.evaluation:metric_call:77 - metric_func_name exact_match score 0.0 msg exact not match, response: $0, target: free
2026-08-18 14:48:06.891 | DEBUG    | eval.evaluation.evaluation:metric_call:77 - metric_func_name exact_match score 0.0 msg exact not match, response: $15, target: 15
2026-08-18 14:48:06.891 | DEBUG    | eval.evaluation.evaluation:metric_call:77 - metric_func_name exact_match score 0.0 msg exact not match, response: $0, target: free
2026-08-18 14:48:06.891 | DEBUG    | eval.evaluation.evaluation:metric_call:77 - metric_func_name exact_match score 0.0 msg exact not match, response: $0, target: free
2026-08-18 14:48:06.891 | DEBUG    | eval.evaluation.evaluation:metric_call:77 - metric_func_name exact_match score 0.0 msg exact not match, response: $20, target: 20
2026-08-18 14:48:06.891 | DEBUG    | eval.evaluation.evaluation:metric_call:77 - metric_func_name exact_match score 0.0 msg exact not match, response: $20, target: 20
2026-08-18 14:48:06.891 | DEBUG    | eval.evaluation.evaluation:metric_call:77 - metric_func_name exact_match score 0.0 msg exact not match, response: $20, target: 20
2026-08-18 14:48:06.892 | DEBUG    | eval.evaluation.evaluation:evaluate_single_query:321 - wide2deep_ws_en_043, col price(peradult), metric_func_name exact_match, score [0.0, 0.0, 0.0, 0.0, 0.0, 0.0, 0.0, 0.0, 0.0, 0.0, 0.0, 0.0, 0.0, 0.0, 0.0, 0.0, 0.0, 0.0, 0.0, 0.0, 0.0, 0.0, 0.0, 0.0, 0.0, 0.0, 0.0, 0.0, 0.0, 0.0, 0.0, 0.0, 0.0, 0.0, 0.0, 0.0, 0.0, 0.0, 0.0, 0.0, 0.0, 0.0, 0.0, 0.0, 0.0, 0.0, 0.0, 0.0, 0.0, 0.0, 0.0, 0.0, 0.0, 0.0, 0.0, 0.0, 0.0, 0.0, 0.0, 0.0, 0.0, 0.0, 0.0]
2026-08-18 14:48:06.892 | DEBUG    | eval.evaluation.evaluation:metric_call:77 - metric_func_name exact_match score 1.0 msg exact match, response: yes, target: yes
2026-08-18 14:48:06.892 | DEBUG    | eval.evaluation.evaluation:metric_call:77 - metric_func_name exact_match score 1.0 msg exact match, response: yes, target: yes
2026-08-18 14:48:06.893 | DEBUG    | eval.evaluation.evaluation:metric_call:77 - metric_func_name exact_match score 1.0 msg exact match, response: yes, target: yes
2026-08-18 14:48:06.893 | DEBUG    | eval.evaluation.evaluation:metric_call:77 - metric_func_name exact_match score 1.0 msg exact match, response: yes, target: yes
2026-08-18 14:48:06.893 | DEBUG    | eval.evaluation.evaluation:metric_call:77 - metric_func_name exact_match score 1.0 msg exact match, response: yes, target: yes
2026-08-18 14:48:06.893 | DEBUG    | eval.evaluation.evaluation:metric_call:77 - metric_func_name exact_match score 1.0 msg exact match, response: no, target: no
2026-08-18 14:48:06.893 | DEBUG    | eval.evaluation.evaluation:metric_call:77 - metric_func_name exact_match score 1.0 msg exact match, response: yes, target: yes
2026-08-18 14:48:06.893 | DEBUG    | eval.evaluation.evaluation:metric_call:77 - metric_func_name exact_match score 1.0 msg exact match, response: yes, target: yes
2026-08-18 14:48:06.893 | DEBUG    | eval.evaluation.evaluation:metric_call:77 - metric_func_name exact_match score 1.0 msg exact match, response: yes, target: yes
2026-08-18 14:48:06.893 | DEBUG    | eval.evaluation.evaluation:metric_call:77 - metric_func_name exact_match score 1.0 msg exact match, response: yes, target: yes
2026-08-18 14:48:06.893 | DEBUG    | eval.evaluation.evaluation:metric_call:77 - metric_func_name exact_match score 1.0 msg exact match, response: yes, target: yes
2026-08-18 14:48:06.893 | DEBUG    | eval.evaluation.evaluation:metric_call:77 - metric_func_name exact_match score 1.0 msg exact match, response: yes, target: yes
2026-08-18 14:48:06.893 | DEBUG    | eval.evaluation.evaluation:metric_call:77 - metric_func_name exact_match score 1.0 msg exact match, response: no, target: no
2026-08-18 14:48:06.893 | DEBUG    | eval.evaluation.evaluation:metric_call:77 - metric_func_name exact_match score 1.0 msg exact match, response: yes, target: yes
2026-08-18 14:48:06.893 | DEBUG    | eval.evaluation.evaluation:metric_call:77 - metric_func_name exact_match score 1.0 msg exact match, response: yes, target: yes
2026-08-18 14:48:06.893 | DEBUG    | eval.evaluation.evaluation:metric_call:77 - metric_func_name exact_match score 1.0 msg exact match, response: yes, target: yes
2026-08-18 14:48:06.893 | DEBUG    | eval.evaluation.evaluation:metric_call:77 - metric_func_name exact_match score 1.0 msg exact match, response: yes, target: yes
2026-08-18 14:48:06.893 | DEBUG    | eval.evaluation.evaluation:metric_call:77 - metric_func_name exact_match score 1.0 msg exact match, response: no, target: no
2026-08-18 14:48:06.893 | DEBUG    | eval.evaluation.evaluation:metric_call:77 - metric_func_name exact_match score 1.0 msg exact match, response: no, target: no
2026-08-18 14:48:06.893 | DEBUG    | eval.evaluation.evaluation:metric_call:77 - metric_func_name exact_match score 1.0 msg exact match, response: yes, target: yes
2026-08-18 14:48:06.893 | DEBUG    | eval.evaluation.evaluation:metric_call:77 - metric_func_name exact_match score 1.0 msg exact match, response: no, target: no
2026-08-18 14:48:06.893 | DEBUG    | eval.evaluation.evaluation:metric_call:77 - metric_func_name exact_match score 1.0 msg exact match, response: yes, target: yes
2026-08-18 14:48:06.893 | DEBUG    | eval.evaluation.evaluation:metric_call:77 - metric_func_name exact_match score 1.0 msg exact match, response: yes, target: yes
2026-08-18 14:48:06.893 | DEBUG    | eval.evaluation.evaluation:metric_call:77 - metric_func_name exact_match score 1.0 msg exact match, response: yes, target: yes
2026-08-18 14:48:06.893 | DEBUG    | eval.evaluation.evaluation:metric_call:77 - metric_func_name exact_match score 1.0 msg exact match, response: yes, target: yes
2026-08-18 14:48:06.893 | DEBUG    | eval.evaluation.evaluation:metric_call:77 - metric_func_name exact_match score 1.0 msg exact match, response: yes, target: yes
2026-08-18 14:48:06.893 | DEBUG    | eval.evaluation.evaluation:metric_call:77 - metric_func_name exact_match score 1.0 msg exact match, response: yes, target: yes
2026-08-18 14:48:06.894 | DEBUG    | eval.evaluation.evaluation:metric_call:77 - metric_func_name exact_match score 1.0 msg exact match, response: yes, target: yes
2026-08-18 14:48:06.894 | DEBUG    | eval.evaluation.evaluation:metric_call:77 - metric_func_name exact_match score 1.0 msg exact match, response: yes, target: yes
2026-08-18 14:48:06.894 | DEBUG    | eval.evaluation.evaluation:metric_call:77 - metric_func_name exact_match score 1.0 msg exact match, response: yes, target: yes
2026-08-18 14:48:06.894 | DEBUG    | eval.evaluation.evaluation:metric_call:77 - metric_func_name exact_match score 1.0 msg exact match, response: yes, target: yes
2026-08-18 14:48:06.894 | DEBUG    | eval.evaluation.evaluation:metric_call:77 - metric_func_name exact_match score 1.0 msg exact match, response: yes, target: yes
2026-08-18 14:48:06.894 | DEBUG    | eval.evaluation.evaluation:metric_call:77 - metric_func_name exact_match score 0.0 msg exact not match, response: yes—dunehills, target: yes
2026-08-18 14:48:06.894 | DEBUG    | eval.evaluation.evaluation:metric_call:77 - metric_func_name exact_match score 0.0 msg exact not match, response: yes—ruggedridges, target: yes
2026-08-18 14:48:06.894 | DEBUG    | eval.evaluation.evaluation:metric_call:77 - metric_func_name exact_match score 1.0 msg exact match, response: yes, target: yes
2026-08-18 14:48:06.894 | DEBUG    | eval.evaluation.evaluation:metric_call:77 - metric_func_name exact_match score 1.0 msg exact match, response: yes, target: yes
2026-08-18 14:48:06.894 | DEBUG    | eval.evaluation.evaluation:metric_call:77 - metric_func_name exact_match score 1.0 msg exact match, response: yes, target: yes
2026-08-18 14:48:06.894 | DEBUG    | eval.evaluation.evaluation:metric_call:77 - metric_func_name exact_match score 1.0 msg exact match, response: yes, target: yes
2026-08-18 14:48:06.894 | DEBUG    | eval.evaluation.evaluation:metric_call:77 - metric_func_name exact_match score 1.0 msg exact match, response: yes, target: yes
2026-08-18 14:48:06.894 | DEBUG    | eval.evaluation.evaluation:metric_call:77 - metric_func_name exact_match score 1.0 msg exact match, response: yes, target: yes
2026-08-18 14:48:06.894 | DEBUG    | eval.evaluation.evaluation:metric_call:77 - metric_func_name exact_match score 1.0 msg exact match, response: yes, target: yes
2026-08-18 14:48:06.894 | DEBUG    | eval.evaluation.evaluation:metric_call:77 - metric_func_name exact_match score 0.0 msg exact not match, response: yes—rollinghills, target: yes
2026-08-18 14:48:06.894 | DEBUG    | eval.evaluation.evaluation:metric_call:77 - metric_func_name exact_match score 1.0 msg exact match, response: yes, target: yes
2026-08-18 14:48:06.894 | DEBUG    | eval.evaluation.evaluation:metric_call:77 - metric_func_name exact_match score 1.0 msg exact match, response: yes, target: yes
2026-08-18 14:48:06.894 | DEBUG    | eval.evaluation.evaluation:metric_call:77 - metric_func_name exact_match score 1.0 msg exact match, response: yes, target: yes
2026-08-18 14:48:06.894 | DEBUG    | eval.evaluation.evaluation:metric_call:77 - metric_func_name exact_match score 1.0 msg exact match, response: yes, target: yes
2026-08-18 14:48:06.894 | DEBUG    | eval.evaluation.evaluation:metric_call:77 - metric_func_name exact_match score 1.0 msg exact match, response: yes, target: yes
2026-08-18 14:48:06.894 | DEBUG    | eval.evaluation.evaluation:metric_call:77 - metric_func_name exact_match score 0.0 msg exact not match, response: yes—hillsandmesas, target: yes
2026-08-18 14:48:06.894 | DEBUG    | eval.evaluation.evaluation:metric_call:77 - metric_func_name exact_match score 1.0 msg exact match, response: yes, target: yes
2026-08-18 14:48:06.894 | DEBUG    | eval.evaluation.evaluation:metric_call:77 - metric_func_name exact_match score 1.0 msg exact match, response: yes, target: yes
2026-08-18 14:48:06.894 | DEBUG    | eval.evaluation.evaluation:metric_call:77 - metric_func_name exact_match score 1.0 msg exact match, response: yes, target: yes
2026-08-18 14:48:06.894 | DEBUG    | eval.evaluation.evaluation:metric_call:77 - metric_func_name exact_match score 1.0 msg exact match, response: yes, target: yes
2026-08-18 14:48:06.894 | DEBUG    | eval.evaluation.evaluation:metric_call:77 - metric_func_name exact_match score 1.0 msg exact match, response: yes, target: yes
2026-08-18 14:48:06.894 | DEBUG    | eval.evaluation.evaluation:metric_call:77 - metric_func_name exact_match score 1.0 msg exact match, response: yes, target: yes
2026-08-18 14:48:06.894 | DEBUG    | eval.evaluation.evaluation:metric_call:77 - metric_func_name exact_match score 0.0 msg exact not match, response: yes—badlandhills, target: yes
2026-08-18 14:48:06.894 | DEBUG    | eval.evaluation.evaluation:metric_call:77 - metric_func_name exact_match score 1.0 msg exact match, response: yes, target: yes
2026-08-18 14:48:06.894 | DEBUG    | eval.evaluation.evaluation:metric_call:77 - metric_func_name exact_match score 0.0 msg exact not match, response: yes—rockyhills, target: yes
2026-08-18 14:48:06.895 | DEBUG    | eval.evaluation.evaluation:metric_call:77 - metric_func_name exact_match score 0.0 msg exact not match, response: yes—dunehillsandmountainviews, target: yes
2026-08-18 14:48:06.895 | DEBUG    | eval.evaluation.evaluation:metric_call:77 - metric_func_name exact_match score 1.0 msg exact match, response: yes, target: yes
2026-08-18 14:48:06.895 | DEBUG    | eval.evaluation.evaluation:metric_call:77 - metric_func_name exact_match score 1.0 msg exact match, response: yes, target: yes
2026-08-18 14:48:06.895 | DEBUG    | eval.evaluation.evaluation:metric_call:77 - metric_func_name exact_match score 1.0 msg exact match, response: yes, target: yes
2026-08-18 14:48:06.895 | DEBUG    | eval.evaluation.evaluation:metric_call:77 - metric_func_name exact_match score 1.0 msg exact match, response: yes, target: yes
2026-08-18 14:48:06.895 | DEBUG    | eval.evaluation.evaluation:metric_call:77 - metric_func_name exact_match score 1.0 msg exact match, response: yes, target: yes
2026-08-18 14:48:06.896 | DEBUG    | eval.evaluation.evaluation:evaluate_single_query:321 - wide2deep_ws_en_043, col mountainscenery, metric_func_name exact_match, score [1.0, 1.0, 1.0, 1.0, 1.0, 1.0, 1.0, 1.0, 1.0, 1.0, 1.0, 1.0, 1.0, 1.0, 1.0, 1.0, 1.0, 1.0, 1.0, 1.0, 1.0, 1.0, 1.0, 1.0, 1.0, 1.0, 1.0, 1.0, 1.0, 1.0, 1.0, 1.0, 0.0, 0.0, 1.0, 1.0, 1.0, 1.0, 1.0, 1.0, 1.0, 0.0, 1.0, 1.0, 1.0, 1.0, 1.0, 0.0, 1.0, 1.0, 1.0, 1.0, 1.0, 1.0, 0.0, 1.0, 0.0, 0.0, 1.0, 1.0, 1.0, 1.0, 1.0]
2026-08-18 14:48:06.902 | INFO     | eval.evaluation.evaluation:evaluate_single_query:380 - wide2deep_ws_en_043, P/R/F1 by unique_columns: 1.0000/1.0000/1.0000
2026-08-18 14:48:06.902 | INFO     | eval.evaluation.evaluation:evaluate_single_query:383 - wide2deep_ws_en_043, P/R/F1 by row: 0.0000/0.0000/0.0000
2026-08-18 14:48:06.902 | INFO     | eval.evaluation.evaluation:evaluate_single_query:386 - wide2deep_ws_en_043, P/R/F1 by item: 0.7222/0.7222/0.7222
2026-08-18 14:48:06.907 | INFO     | eval.evaluation.evaluation:evaluate_single_query:398 - wide2deep_ws_en_043, final table score: 0.0
{"event": "eval_done", "idx": 4, "instance_id": "wide2deep_ws_en_043", "score": 0.0, "entity_acc": 1.0, "f1_by_row": 0.0, "f1_by_item": 0.7222222222222222, "column_f1": 1.0, "error": null, "elapsed_seconds": 34.043, "running_n": 4}
{"event": "eval_done", "idx": 5, "instance_id": "wide2deep_ws_en_047", "score": 0.0, "entity_acc": 0.0, "f1_by_row": 0.0, "f1_by_item": 0.0, "column_f1": 0.0, "error": null, "elapsed_seconds": 3.917, "running_n": 5}
2026-08-18 14:48:14.166 | DEBUG    | eval.evaluation.data_loader:extract_dataframe:167 - find markdown_str 
| Model Name | Price (USD, launch MSRPs) | Dimensions L/W/H (mm ...
2026-08-18 14:48:19.835 | INFO     | eval.evaluation.metric_utils:primary_key_preprocess:246 - primary_key_preprocess result: ```json
{
  "modelname": "modelname",
  "price(usd,launchmsrps)": "price(launchmsrpsinusd)",
  "dimensionsl/w/h(mm)": "dimensionsl/w/h(mm)",
  "wheelbase(mm)": "wheelbase(mm)",
  "maxtorque(n·m)": "maxtorque(n·m)",
  "frontsuspension": "frontsuspension",
  "rearsuspension": "rearsuspension",
  "advanced-driver-assistsystems(adas²)": "advanced-driver-assistsystems(adas²)",
  "intelligentparkingassist": "intelligentparkingassist"
}
```
2026-08-18 14:48:19.835 | INFO     | eval.evaluation.evaluation:evaluate_single_query:172 - column map: {'modelname': 'modelname', 'price(usd,launchmsrps)': 'price(launchmsrpsinusd)', 'dimensionsl/w/h(mm)': 'dimensionsl/w/h(mm)', 'wheelbase(mm)': 'wheelbase(mm)', 'maxtorque(n·m)': 'maxtorque(n·m)', 'frontsuspension': 'frontsuspension', 'rearsuspension': 'rearsuspension', 'advanced-driver-assistsystems(adas²)': 'advanced-driver-assistsystems(adas²)', 'intelligentparkingassist': 'intelligentparkingassist'}
2026-08-18 14:48:19.835 | INFO     | eval.evaluation.evaluation:evaluate_single_query:173 - befor mapping: Index(['modelname', 'price(usd,launchmsrps)', 'dimensionsl/w/h(mm)',
       'wheelbase(mm)', 'maxtorque(n·m)', 'frontsuspension', 'rearsuspension',
       'advanced-driver-assistsystems(adas²)', 'intelligentparkingassist'],
      dtype='object')
2026-08-18 14:48:19.836 | INFO     | eval.evaluation.evaluation:evaluate_single_query:175 - after mapping: Index(['modelname', 'price(launchmsrpsinusd)', 'dimensionsl/w/h(mm)',
       'wheelbase(mm)', 'maxtorque(n·m)', 'frontsuspension', 'rearsuspension',
       'advanced-driver-assistsystems(adas²)', 'intelligentparkingassist'],
      dtype='object')
{"event": "judge_retry", "status": 429, "attempt": 1, "delay_seconds": 6.0}
2026-08-18 14:48:31.312 | INFO     | eval.evaluation.metric_utils:primary_key_preprocess:246 - primary_key_preprocess result: ```json
{
  "Ford Explorer (2011)": "Ford Explorer (2011)",
  "Ford Explorer (2020)": "Ford Explorer (2020)"
}
```
2026-08-18 14:48:31.312 | INFO     | eval.evaluation.evaluation:evaluate_single_query:223 - col: modelname, primary_key_map {'Ford Explorer (2011)': 'Ford Explorer (2011)', 'Ford Explorer (2020)': 'Ford Explorer (2020)'}
2026-08-18 14:48:31.322 | INFO     | eval.evaluation.evaluation:evaluate_single_query:275 - wide2deep_ws_en_049, df_inner shape: (0, 18), answer_df shape: (10, 9), response_df shape: (2, 10)
2026-08-18 14:48:36.743 | DEBUG    | eval.evaluation.evaluation:evaluate_single_query:321 - wide2deep_ws_en_049, col price(launchmsrpsinusd), metric_func_name llm_judge, score []
2026-08-18 14:48:41.323 | DEBUG    | eval.evaluation.evaluation:evaluate_single_query:321 - wide2deep_ws_en_049, col dimensionsl/w/h(mm), metric_func_name llm_judge, score []
2026-08-18 14:48:44.606 | DEBUG    | eval.evaluation.evaluation:evaluate_single_query:321 - wide2deep_ws_en_049, col wheelbase(mm), metric_func_name llm_judge, score []
2026-08-18 14:48:44.610 | ERROR    | eval.evaluation.evaluation:evaluate_single_query:401 - evaluator error: 
Traceback (most recent call last):
  File "/home/azureuser/workspace-gzy/zyf/deep/external/Marco-Search-Agent/Marco-DeepResearch-Family/DeepWideSearch/eval/evaluation/evaluation.py", line 315, in evaluate_single_query
    df_inner_score[f"{col}_{metric_func_name}"] = (
    ~~~~~~~~~~~~~~^^^^^^^^^^^^^^^^^^^^^^^^^^^^^
  File "/home/azureuser/workspace-gzy/zyf/deep/.venv-eval/lib/python3.12/site-packages/pandas/core/frame.py", line 4312, in __setitem__
    self._set_item_frame_value(key, value)
  File "/home/azureuser/workspace-gzy/zyf/deep/.venv-eval/lib/python3.12/site-packages/pandas/core/frame.py", line 4470, in _set_item_frame_value
    raise ValueError(
ValueError: Cannot set a DataFrame with multiple columns to the single column maxtorque(n·m)_number_near

{"event": "eval_done", "idx": 6, "instance_id": "wide2deep_ws_en_049", "score": null, "entity_acc": null, "f1_by_row": null, "f1_by_item": null, "column_f1": null, "error": "RuntimeError: official evaluator reported an internal error", "elapsed_seconds": 33.754, "running_n": 6}
2026-08-18 14:48:47.488 | DEBUG    | eval.evaluation.data_loader:extract_dataframe:167 - find markdown_str 
| Country | Share of Women Seats 1995(%) | Total Seats 1995 | S ...
{"event": "judge_retry", "status": 429, "attempt": 1, "delay_seconds": 15.0}
{"event": "judge_retry", "status": 429, "attempt": 2, "delay_seconds": 1.0}
2026-08-18 14:49:11.858 | INFO     | eval.evaluation.metric_utils:primary_key_preprocess:246 - primary_key_preprocess result: ```json
{
  "Australia": "Australia",
  "Austria": "Austria",
  "Belgium": "Belgium",
  "Canada": "Canada",
  "Chile": "Chile",
  "Colombia": "Colombia",
  "Costa Rica": "Costa Rica",
  "Czechia": "Czech Republic",
  "Denmark": "Denmark",
  "Estonia": "Estonia",
  "Finland": "Finland",
  "France": "France",
  "Germany": "Germany",
  "Greece": "Greece",
  "Hungary": "Hungary",
  "Iceland": "Iceland",
  "Ireland": "Ireland",
  "Israel": "Israel",
  "Italy": "Italy",
  "Japan": "Japan",
  "Korea, Republic of": "Korea",
  "Latvia": "Latvia",
  "Lithuania": "Lithuania",
  "Luxembourg": "Luxembourg",
  "Mexico": "Mexico",
  "Netherlands": "Netherlands",
  "New Zealand": "New Zealand",
  "Norway": "Norway",
  "Poland": "Poland",
  "Portugal": "Portugal",
  "Slovakia": "Slovak Republic",
  "Slovenia": "Slovenia",
  "Spain": "Spain",
  "Sweden": "Sweden",
  "Switzerland": "Switzerland",
  "Türkiye": "Turkey",
  "United Kingdom": "United Kingdom",
  "United States": "United States"
}
```
2026-08-18 14:49:11.858 | INFO     | eval.evaluation.evaluation:evaluate_single_query:223 - col: country, primary_key_map {'Australia': 'Australia', 'Austria': 'Austria', 'Belgium': 'Belgium', 'Canada': 'Canada', 'Chile': 'Chile', 'Colombia': 'Colombia', 'Costa Rica': 'Costa Rica', 'Czechia': 'Czech Republic', 'Denmark': 'Denmark', 'Estonia': 'Estonia', 'Finland': 'Finland', 'France': 'France', 'Germany': 'Germany', 'Greece': 'Greece', 'Hungary': 'Hungary', 'Iceland': 'Iceland', 'Ireland': 'Ireland', 'Israel': 'Israel', 'Italy': 'Italy', 'Japan': 'Japan', 'Korea, Republic of': 'Korea', 'Latvia': 'Latvia', 'Lithuania': 'Lithuania', 'Luxembourg': 'Luxembourg', 'Mexico': 'Mexico', 'Netherlands': 'Netherlands', 'New Zealand': 'New Zealand', 'Norway': 'Norway', 'Poland': 'Poland', 'Portugal': 'Portugal', 'Slovakia': 'Slovak Republic', 'Slovenia': 'Slovenia', 'Spain': 'Spain', 'Sweden': 'Sweden', 'Switzerland': 'Switzerland', 'Türkiye': 'Turkey', 'United Kingdom': 'United Kingdom', 'United States': 'United States'}
2026-08-18 14:49:11.869 | INFO     | eval.evaluation.evaluation:evaluate_single_query:275 - wide2deep_ws_en_050, df_inner shape: (38, 18), answer_df shape: (38, 9), response_df shape: (38, 10)
2026-08-18 14:49:11.871 | DEBUG    | eval.evaluation.evaluation:metric_call:77 - metric_func_name number_near score 1.0 msg number near in range 5.0%, response: 8.8, target: 8.8
2026-08-18 14:49:11.871 | DEBUG    | eval.evaluation.evaluation:metric_call:77 - metric_func_name number_near score 1.0 msg number near in range 5.0%, response: 14.2, target: 14.2
2026-08-18 14:49:11.871 | DEBUG    | eval.evaluation.evaluation:metric_call:77 - metric_func_name number_near score 1.0 msg number near in range 5.0%, response: 12.0, target: 12.0
2026-08-18 14:49:11.871 | DEBUG    | eval.evaluation.evaluation:metric_call:77 - metric_func_name number_near score 1.0 msg number near in range 5.0%, response: 18.0, target: 18.0
2026-08-18 14:49:11.871 | DEBUG    | eval.evaluation.evaluation:metric_call:77 - metric_func_name number_near score 1.0 msg number equal, response: NULL, target: NULL
2026-08-18 14:49:11.871 | DEBUG    | eval.evaluation.evaluation:metric_call:77 - metric_func_name number_near score 1.0 msg number equal, response: NULL, target: NULL
2026-08-18 14:49:11.871 | DEBUG    | eval.evaluation.evaluation:metric_call:77 - metric_func_name number_near score 1.0 msg number equal, response: NULL, target: NULL
2026-08-18 14:49:11.871 | DEBUG    | eval.evaluation.evaluation:metric_call:77 - metric_func_name number_near score 1.0 msg number near in range 5.0%, response: 10.0, target: 10.0
2026-08-18 14:49:11.871 | DEBUG    | eval.evaluation.evaluation:metric_call:77 - metric_func_name number_near score 1.0 msg number near in range 5.0%, response: 33.0, target: 33.5
2026-08-18 14:49:11.871 | DEBUG    | eval.evaluation.evaluation:metric_call:77 - metric_func_name number_near score 1.0 msg number equal, response: NULL, target: NULL
2026-08-18 14:49:11.871 | DEBUG    | eval.evaluation.evaluation:metric_call:77 - metric_func_name number_near score 1.0 msg number near in range 5.0%, response: 33.5, target: 33.5
2026-08-18 14:49:11.871 | DEBUG    | eval.evaluation.evaluation:metric_call:77 - metric_func_name number_near score 1.0 msg number near in range 5.0%, response: 6.1, target: 6.4
2026-08-18 14:49:11.871 | DEBUG    | eval.evaluation.evaluation:metric_call:77 - metric_func_name number_near score 0.0 msg number not near, response: 19.6, target: 26.3
2026-08-18 14:49:11.871 | DEBUG    | eval.evaluation.evaluation:metric_call:77 - metric_func_name number_near score 1.0 msg number near in range 5.0%, response: 6.3, target: 6.0
2026-08-18 14:49:11.871 | DEBUG    | eval.evaluation.evaluation:metric_call:77 - metric_func_name number_near score 1.0 msg number equal, response: NULL, target: NULL
2026-08-18 14:49:11.871 | DEBUG    | eval.evaluation.evaluation:metric_call:77 - metric_func_name number_near score 1.0 msg number near in range 5.0%, response: 25.4, target: 25.4
2026-08-18 14:49:11.871 | DEBUG    | eval.evaluation.evaluation:metric_call:77 - metric_func_name number_near score 1.0 msg number near in range 5.0%, response: 12.0, target: 12.0
2026-08-18 14:49:11.872 | DEBUG    | eval.evaluation.evaluation:metric_call:77 - metric_func_name number_near score 1.0 msg number equal, response: NULL, target: NULL
2026-08-18 14:49:11.872 | DEBUG    | eval.evaluation.evaluation:metric_call:77 - metric_func_name number_near score 1.0 msg number near in range 5.0%, response: 15.1, target: 15.1
2026-08-18 14:49:11.872 | DEBUG    | eval.evaluation.evaluation:metric_call:77 - metric_func_name number_near score 1.0 msg number near in range 5.0%, response: 2.7, target: 2.7
2026-08-18 14:49:11.872 | DEBUG    | eval.evaluation.evaluation:metric_call:77 - metric_func_name number_near score 1.0 msg number equal, response: NULL, target: NULL
2026-08-18 14:49:11.872 | DEBUG    | eval.evaluation.evaluation:metric_call:77 - metric_func_name number_near score 1.0 msg number equal, response: NULL, target: NULL
2026-08-18 14:49:11.872 | DEBUG    | eval.evaluation.evaluation:metric_call:77 - metric_func_name number_near score 1.0 msg number equal, response: NULL, target: NULL
2026-08-18 14:49:11.872 | DEBUG    | eval.evaluation.evaluation:metric_call:77 - metric_func_name number_near score 1.0 msg number near in range 5.0%, response: 20.0, target: 20.0
2026-08-18 14:49:11.872 | DEBUG    | eval.evaluation.evaluation:metric_call:77 - metric_func_name number_near score 1.0 msg number near in range 5.0%, response: 14.2, target: 14.2
2026-08-18 14:49:11.872 | DEBUG    | eval.evaluation.evaluation:metric_call:77 - metric_func_name number_near score 1.0 msg number near in range 5.0%, response: 33.3, target: 32.7
2026-08-18 14:49:11.872 | DEBUG    | eval.evaluation.evaluation:metric_call:77 - metric_func_name number_near score 1.0 msg number near in range 5.0%, response: 21.2, target: 21.2
2026-08-18 14:49:11.872 | DEBUG    | eval.evaluation.evaluation:metric_call:77 - metric_func_name number_near score 1.0 msg number near in range 5.0%, response: 39.4, target: 39.4
2026-08-18 14:49:11.872 | DEBUG    | eval.evaluation.evaluation:metric_call:77 - metric_func_name number_near score 1.0 msg number equal, response: NULL, target: NULL
2026-08-18 14:49:11.872 | DEBUG    | eval.evaluation.evaluation:metric_call:77 - metric_func_name number_near score 0.0 msg number not near, response: 8.7, target: 13.0
2026-08-18 14:49:11.872 | DEBUG    | eval.evaluation.evaluation:metric_call:77 - metric_func_name number_near score 1.0 msg number equal, response: NULL, target: NULL
2026-08-18 14:49:11.872 | DEBUG    | eval.evaluation.evaluation:metric_call:77 - metric_func_name number_near score 1.0 msg number equal, response: NULL, target: NULL
2026-08-18 14:49:11.872 | DEBUG    | eval.evaluation.evaluation:metric_call:77 - metric_func_name number_near score 1.0 msg number near in range 5.0%, response: 15.7, target: 16.0
2026-08-18 14:49:11.872 | DEBUG    | eval.evaluation.evaluation:metric_call:77 - metric_func_name number_near score 1.0 msg number near in range 5.0%, response: 40.4, target: 40.4
2026-08-18 14:49:11.872 | DEBUG    | eval.evaluation.evaluation:metric_call:77 - metric_func_name number_near score 0.0 msg number not near, response: 17.5, target: 21.0
2026-08-18 14:49:11.872 | DEBUG    | eval.evaluation.evaluation:metric_call:77 - metric_func_name number_near score 1.0 msg number near in range 5.0%, response: 2.4, target: 2.4
2026-08-18 14:49:11.872 | DEBUG    | eval.evaluation.evaluation:metric_call:77 - metric_func_name number_near score 0.0 msg number not near, response: 9.7, target: 9.2
2026-08-18 14:49:11.872 | DEBUG    | eval.evaluation.evaluation:metric_call:77 - metric_func_name number_near score 1.0 msg number near in range 5.0%, response: 11.0, target: 10.9
2026-08-18 14:49:11.873 | DEBUG    | eval.evaluation.evaluation:evaluate_single_query:321 - wide2deep_ws_en_050, col shareofwomenseats1995(%), metric_func_name number_near, score [1.0, 1.0, 1.0, 1.0, 1.0, 1.0, 1.0, 1.0, 1.0, 1.0, 1.0, 1.0, 0.0, 1.0, 1.0, 1.0, 1.0, 1.0, 1.0, 1.0, 1.0, 1.0, 1.0, 1.0, 1.0, 1.0, 1.0, 1.0, 1.0, 0.0, 1.0, 1.0, 1.0, 1.0, 0.0, 1.0, 0.0, 1.0]
2026-08-18 14:49:11.874 | DEBUG    | eval.evaluation.evaluation:metric_call:77 - metric_func_name number_near score 1.0 msg number near in range 5.0%, response: 148.0, target: 148.0
2026-08-18 14:49:11.874 | DEBUG    | eval.evaluation.evaluation:metric_call:77 - metric_func_name number_near score 1.0 msg number near in range 5.0%, response: 183.0, target: 183.0
2026-08-18 14:49:11.874 | DEBUG    | eval.evaluation.evaluation:metric_call:77 - metric_func_name number_near score 1.0 msg number near in range 5.0%, response: 150.0, target: 150.0
2026-08-18 14:49:11.874 | DEBUG    | eval.evaluation.evaluation:metric_call:77 - metric_func_name number_near score 1.0 msg number near in range 5.0%, response: 295.0, target: 295.0
2026-08-18 14:49:11.874 | DEBUG    | eval.evaluation.evaluation:metric_call:77 - metric_func_name number_near score 1.0 msg number equal, response: NULL, target: NULL
2026-08-18 14:49:11.874 | DEBUG    | eval.evaluation.evaluation:metric_call:77 - metric_func_name number_near score 1.0 msg number equal, response: NULL, target: NULL
2026-08-18 14:49:11.874 | DEBUG    | eval.evaluation.evaluation:metric_call:77 - metric_func_name number_near score 1.0 msg number equal, response: NULL, target: NULL
2026-08-18 14:49:11.874 | DEBUG    | eval.evaluation.evaluation:metric_call:77 - metric_func_name number_near score 1.0 msg number near in range 5.0%, response: 200.0, target: 200.0
2026-08-18 14:49:11.874 | DEBUG    | eval.evaluation.evaluation:metric_call:77 - metric_func_name number_near score 1.0 msg number near in range 5.0%, response: 179.0, target: 179.0
2026-08-18 14:49:11.874 | DEBUG    | eval.evaluation.evaluation:metric_call:77 - metric_func_name number_near score 1.0 msg number equal, response: NULL, target: NULL
2026-08-18 14:49:11.874 | DEBUG    | eval.evaluation.evaluation:metric_call:77 - metric_func_name number_near score 1.0 msg number near in range 5.0%, response: 200.0, target: 200.0
2026-08-18 14:49:11.875 | DEBUG    | eval.evaluation.evaluation:metric_call:77 - metric_func_name number_near score 1.0 msg number near in range 5.0%, response: 577.0, target: 577.0
2026-08-18 14:49:11.875 | DEBUG    | eval.evaluation.evaluation:metric_call:77 - metric_func_name number_near score 1.0 msg number near in range 5.0%, response: 672.0, target: 672.0
2026-08-18 14:49:11.875 | DEBUG    | eval.evaluation.evaluation:metric_call:77 - metric_func_name number_near score 1.0 msg number near in range 5.0%, response: 300.0, target: 300.0
2026-08-18 14:49:11.875 | DEBUG    | eval.evaluation.evaluation:metric_call:77 - metric_func_name number_near score 1.0 msg number equal, response: NULL, target: NULL
2026-08-18 14:49:11.875 | DEBUG    | eval.evaluation.evaluation:metric_call:77 - metric_func_name number_near score 1.0 msg number near in range 5.0%, response: 63.0, target: 63.0
2026-08-18 14:49:11.875 | DEBUG    | eval.evaluation.evaluation:metric_call:77 - metric_func_name number_near score 1.0 msg number near in range 5.0%, response: 166.0, target: 166.0
2026-08-18 14:49:11.875 | DEBUG    | eval.evaluation.evaluation:metric_call:77 - metric_func_name number_near score 1.0 msg number equal, response: NULL, target: NULL
2026-08-18 14:49:11.875 | DEBUG    | eval.evaluation.evaluation:metric_call:77 - metric_func_name number_near score 1.0 msg number near in range 5.0%, response: 630.0, target: 630.0
2026-08-18 14:49:11.875 | DEBUG    | eval.evaluation.evaluation:metric_call:77 - metric_func_name number_near score 1.0 msg number near in range 5.0%, response: 511.0, target: 511.0
2026-08-18 14:49:11.875 | DEBUG    | eval.evaluation.evaluation:metric_call:77 - metric_func_name number_near score 1.0 msg number equal, response: NULL, target: NULL
2026-08-18 14:49:11.875 | DEBUG    | eval.evaluation.evaluation:metric_call:77 - metric_func_name number_near score 1.0 msg number equal, response: NULL, target: NULL
2026-08-18 14:49:11.875 | DEBUG    | eval.evaluation.evaluation:metric_call:77 - metric_func_name number_near score 1.0 msg number equal, response: NULL, target: NULL
2026-08-18 14:49:11.875 | DEBUG    | eval.evaluation.evaluation:metric_call:77 - metric_func_name number_near score 1.0 msg number near in range 5.0%, response: 60.0, target: 60.0
2026-08-18 14:49:11.875 | DEBUG    | eval.evaluation.evaluation:metric_call:77 - metric_func_name number_near score 1.0 msg number near in range 5.0%, response: 500.0, target: 500.0
2026-08-18 14:49:11.875 | DEBUG    | eval.evaluation.evaluation:metric_call:77 - metric_func_name number_near score 1.0 msg number near in range 5.0%, response: 150.0, target: 150.0
2026-08-18 14:49:11.875 | DEBUG    | eval.evaluation.evaluation:metric_call:77 - metric_func_name number_near score 1.0 msg number near in range 5.0%, response: 99.0, target: 99.0
2026-08-18 14:49:11.875 | DEBUG    | eval.evaluation.evaluation:metric_call:77 - metric_func_name number_near score 1.0 msg number near in range 5.0%, response: 165.0, target: 165.0
2026-08-18 14:49:11.875 | DEBUG    | eval.evaluation.evaluation:metric_call:77 - metric_func_name number_near score 1.0 msg number equal, response: NULL, target: NULL
2026-08-18 14:49:11.875 | DEBUG    | eval.evaluation.evaluation:metric_call:77 - metric_func_name number_near score 1.0 msg number near in range 5.0%, response: 230.0, target: 230.0
2026-08-18 14:49:11.875 | DEBUG    | eval.evaluation.evaluation:metric_call:77 - metric_func_name number_near score 1.0 msg number equal, response: NULL, target: NULL
2026-08-18 14:49:11.875 | DEBUG    | eval.evaluation.evaluation:metric_call:77 - metric_func_name number_near score 1.0 msg number equal, response: NULL, target: NULL
2026-08-18 14:49:11.875 | DEBUG    | eval.evaluation.evaluation:metric_call:77 - metric_func_name number_near score 1.0 msg number near in range 5.0%, response: 350.0, target: 350.0
2026-08-18 14:49:11.875 | DEBUG    | eval.evaluation.evaluation:metric_call:77 - metric_func_name number_near score 1.0 msg number near in range 5.0%, response: 349.0, target: 349.0
2026-08-18 14:49:11.876 | DEBUG    | eval.evaluation.evaluation:metric_call:77 - metric_func_name number_near score 1.0 msg number near in range 5.0%, response: 200.0, target: 200.0
2026-08-18 14:49:11.876 | DEBUG    | eval.evaluation.evaluation:metric_call:77 - metric_func_name number_near score 1.0 msg number near in range 5.0%, response: 550.0, target: 550.0
2026-08-18 14:49:11.876 | DEBUG    | eval.evaluation.evaluation:metric_call:77 - metric_func_name number_near score 1.0 msg number near in range 5.0%, response: 651.0, target: 651.0
2026-08-18 14:49:11.876 | DEBUG    | eval.evaluation.evaluation:metric_call:77 - metric_func_name number_near score 1.0 msg number near in range 5.0%, response: 435.0, target: 435.0
2026-08-18 14:49:11.876 | DEBUG    | eval.evaluation.evaluation:evaluate_single_query:321 - wide2deep_ws_en_050, col totalseats1995, metric_func_name number_near, score [1.0, 1.0, 1.0, 1.0, 1.0, 1.0, 1.0, 1.0, 1.0, 1.0, 1.0, 1.0, 1.0, 1.0, 1.0, 1.0, 1.0, 1.0, 1.0, 1.0, 1.0, 1.0, 1.0, 1.0, 1.0, 1.0, 1.0, 1.0, 1.0, 1.0, 1.0, 1.0, 1.0, 1.0, 1.0, 1.0, 1.0, 1.0]
2026-08-18 14:49:11.877 | DEBUG    | eval.evaluation.evaluation:metric_call:77 - metric_func_name number_near score 1.0 msg number near in range 5.0%, response: 24.7, target: 24.7
2026-08-18 14:49:11.877 | DEBUG    | eval.evaluation.evaluation:metric_call:77 - metric_func_name number_near score 1.0 msg number near in range 5.0%, response: 33.9, target: 33.9
2026-08-18 14:49:11.877 | DEBUG    | eval.evaluation.evaluation:metric_call:77 - metric_func_name number_near score 1.0 msg number near in range 5.0%, response: 34.7, target: 34.7
2026-08-18 14:49:11.877 | DEBUG    | eval.evaluation.evaluation:metric_call:77 - metric_func_name number_near score 1.0 msg number near in range 5.0%, response: 21.1, target: 21.1
2026-08-18 14:49:11.877 | DEBUG    | eval.evaluation.evaluation:metric_call:77 - metric_func_name number_near score 1.0 msg number equal, response: NULL, target: NULL
2026-08-18 14:49:11.877 | DEBUG    | eval.evaluation.evaluation:metric_call:77 - metric_func_name number_near score 1.0 msg number equal, response: NULL, target: NULL
2026-08-18 14:49:11.877 | DEBUG    | eval.evaluation.evaluation:metric_call:77 - metric_func_name number_near score 1.0 msg number equal, response: NULL, target: NULL
2026-08-18 14:49:11.877 | DEBUG    | eval.evaluation.evaluation:metric_call:77 - metric_func_name number_near score 1.0 msg number near in range 5.0%, response: 17.0, target: 17.0
2026-08-18 14:49:11.877 | DEBUG    | eval.evaluation.evaluation:metric_call:77 - metric_func_name number_near score 1.0 msg number near in range 5.0%, response: 36.9, target: 36.9
2026-08-18 14:49:11.877 | DEBUG    | eval.evaluation.evaluation:metric_call:77 - metric_func_name number_near score 1.0 msg number equal, response: NULL, target: NULL
2026-08-18 14:49:11.877 | DEBUG    | eval.evaluation.evaluation:metric_call:77 - metric_func_name number_near score 1.0 msg number near in range 5.0%, response: 37.5, target: 37.5
2026-08-18 14:49:11.877 | DEBUG    | eval.evaluation.evaluation:metric_call:77 - metric_func_name number_near score 1.0 msg number near in range 5.0%, response: 12.2, target: 12.2
2026-08-18 14:49:11.877 | DEBUG    | eval.evaluation.evaluation:metric_call:77 - metric_func_name number_near score 1.0 msg number near in range 5.0%, response: 31.8, target: 31.8
2026-08-18 14:49:11.877 | DEBUG    | eval.evaluation.evaluation:metric_call:77 - metric_func_name number_near score 1.0 msg number near in range 5.0%, response: 13.0, target: 13.0
2026-08-18 14:49:11.877 | DEBUG    | eval.evaluation.evaluation:metric_call:77 - metric_func_name number_near score 1.0 msg number near in range 5.0%, response: 9.1, target: 9.1
2026-08-18 14:49:11.877 | DEBUG    | eval.evaluation.evaluation:metric_call:77 - metric_func_name number_near score 1.0 msg number near in range 5.0%, response: 33.3, target: 33.3
2026-08-18 14:49:11.877 | DEBUG    | eval.evaluation.evaluation:metric_call:77 - metric_func_name number_near score 1.0 msg number near in range 5.0%, response: 13.3, target: 13.3
2026-08-18 14:49:11.878 | DEBUG    | eval.evaluation.evaluation:metric_call:77 - metric_func_name number_near score 1.0 msg number equal, response: NULL, target: NULL
2026-08-18 14:49:11.878 | DEBUG    | eval.evaluation.evaluation:metric_call:77 - metric_func_name number_near score 1.0 msg number near in range 5.0%, response: 11.5, target: 11.5
2026-08-18 14:49:11.878 | DEBUG    | eval.evaluation.evaluation:metric_call:77 - metric_func_name number_near score 1.0 msg number near in range 5.0%, response: 9.0, target: 9.0
2026-08-18 14:49:11.878 | DEBUG    | eval.evaluation.evaluation:metric_call:77 - metric_func_name number_near score 1.0 msg number near in range 5.0%, response: 13.0, target: 13.4
2026-08-18 14:49:11.878 | DEBUG    | eval.evaluation.evaluation:metric_call:77 - metric_func_name number_near score 1.0 msg number equal, response: NULL, target: NULL
2026-08-18 14:49:11.878 | DEBUG    | eval.evaluation.evaluation:metric_call:77 - metric_func_name number_near score 1.0 msg number equal, response: NULL, target: NULL
2026-08-18 14:49:11.878 | DEBUG    | eval.evaluation.evaluation:metric_call:77 - metric_func_name number_near score 1.0 msg number near in range 5.0%, response: 23.3, target: 23.3
2026-08-18 14:49:11.878 | DEBUG    | eval.evaluation.evaluation:metric_call:77 - metric_func_name number_near score 1.0 msg number near in range 5.0%, response: 24.2, target: 24.2
2026-08-18 14:49:11.878 | DEBUG    | eval.evaluation.evaluation:metric_call:77 - metric_func_name number_near score 1.0 msg number near in range 5.0%, response: 36.7, target: 36.7
2026-08-18 14:49:11.878 | DEBUG    | eval.evaluation.evaluation:metric_call:77 - metric_func_name number_near score 1.0 msg number near in range 5.0%, response: 32.2, target: 32.2
2026-08-18 14:49:11.878 | DEBUG    | eval.evaluation.evaluation:metric_call:77 - metric_func_name number_near score 1.0 msg number near in range 5.0%, response: 37.9, target: 37.9
2026-08-18 14:49:11.878 | DEBUG    | eval.evaluation.evaluation:metric_call:77 - metric_func_name number_near score 1.0 msg number near in range 5.0%, response: 20.4, target: 20.4
2026-08-18 14:49:11.878 | DEBUG    | eval.evaluation.evaluation:metric_call:77 - metric_func_name number_near score 1.0 msg number near in range 5.0%, response: 21.3, target: 21.3
2026-08-18 14:49:11.878 | DEBUG    | eval.evaluation.evaluation:metric_call:77 - metric_func_name number_near score 1.0 msg number near in range 5.0%, response: 16.7, target: 16.7
2026-08-18 14:49:11.878 | DEBUG    | eval.evaluation.evaluation:metric_call:77 - metric_func_name number_near score 1.0 msg number equal, response: NULL, target: NULL
2026-08-18 14:49:11.878 | DEBUG    | eval.evaluation.evaluation:metric_call:77 - metric_func_name number_near score 1.0 msg number near in range 5.0%, response: 36.0, target: 36.0
2026-08-18 14:49:11.878 | DEBUG    | eval.evaluation.evaluation:metric_call:77 - metric_func_name number_near score 1.0 msg number near in range 5.0%, response: 45.3, target: 45.3
2026-08-18 14:49:11.878 | DEBUG    | eval.evaluation.evaluation:metric_call:77 - metric_func_name number_near score 1.0 msg number near in range 5.0%, response: 25.0, target: 25.0
2026-08-18 14:49:11.878 | DEBUG    | eval.evaluation.evaluation:metric_call:77 - metric_func_name number_near score 1.0 msg number near in range 5.0%, response: 4.4, target: 4.4
2026-08-18 14:49:11.878 | DEBUG    | eval.evaluation.evaluation:metric_call:77 - metric_func_name number_near score 1.0 msg number near in range 5.0%, response: 19.8, target: 19.8
2026-08-18 14:49:11.878 | DEBUG    | eval.evaluation.evaluation:metric_call:77 - metric_func_name number_near score 1.0 msg number near in range 5.0%, response: 15.2, target: 15.2
2026-08-18 14:49:11.879 | DEBUG    | eval.evaluation.evaluation:evaluate_single_query:321 - wide2deep_ws_en_050, col shareofwomenseats2005(%), metric_func_name number_near, score [1.0, 1.0, 1.0, 1.0, 1.0, 1.0, 1.0, 1.0, 1.0, 1.0, 1.0, 1.0, 1.0, 1.0, 1.0, 1.0, 1.0, 1.0, 1.0, 1.0, 1.0, 1.0, 1.0, 1.0, 1.0, 1.0, 1.0, 1.0, 1.0, 1.0, 1.0, 1.0, 1.0, 1.0, 1.0, 1.0, 1.0, 1.0]
2026-08-18 14:49:11.879 | DEBUG    | eval.evaluation.evaluation:metric_call:77 - metric_func_name number_near score 1.0 msg number near in range 5.0%, response: 150.0, target: 150.0
2026-08-18 14:49:11.879 | DEBUG    | eval.evaluation.evaluation:metric_call:77 - metric_func_name number_near score 1.0 msg number near in range 5.0%, response: 183.0, target: 183.0
2026-08-18 14:49:11.879 | DEBUG    | eval.evaluation.evaluation:metric_call:77 - metric_func_name number_near score 1.0 msg number near in range 5.0%, response: 150.0, target: 150.0
2026-08-18 14:49:11.880 | DEBUG    | eval.evaluation.evaluation:metric_call:77 - metric_func_name number_near score 1.0 msg number near in range 5.0%, response: 308.0, target: 308.0
2026-08-18 14:49:11.880 | DEBUG    | eval.evaluation.evaluation:metric_call:77 - metric_func_name number_near score 1.0 msg number equal, response: NULL, target: NULL
2026-08-18 14:49:11.880 | DEBUG    | eval.evaluation.evaluation:metric_call:77 - metric_func_name number_near score 1.0 msg number equal, response: NULL, target: NULL
2026-08-18 14:49:11.880 | DEBUG    | eval.evaluation.evaluation:metric_call:77 - metric_func_name number_near score 1.0 msg number equal, response: NULL, target: NULL
2026-08-18 14:49:11.880 | DEBUG    | eval.evaluation.evaluation:metric_call:77 - metric_func_name number_near score 1.0 msg number near in range 5.0%, response: 200.0, target: 200.0
2026-08-18 14:49:11.880 | DEBUG    | eval.evaluation.evaluation:metric_call:77 - metric_func_name number_near score 1.0 msg number near in range 5.0%, response: 179.0, target: 179.0
2026-08-18 14:49:11.880 | DEBUG    | eval.evaluation.evaluation:metric_call:77 - metric_func_name number_near score 1.0 msg number equal, response: NULL, target: NULL
2026-08-18 14:49:11.880 | DEBUG    | eval.evaluation.evaluation:metric_call:77 - metric_func_name number_near score 1.0 msg number near in range 5.0%, response: 200.0, target: 200.0
2026-08-18 14:49:11.880 | DEBUG    | eval.evaluation.evaluation:metric_call:77 - metric_func_name number_near score 1.0 msg number near in range 5.0%, response: 577.0, target: 574.0
2026-08-18 14:49:11.880 | DEBUG    | eval.evaluation.evaluation:metric_call:77 - metric_func_name number_near score 1.0 msg number near in range 5.0%, response: 614.0, target: 614.0
2026-08-18 14:49:11.880 | DEBUG    | eval.evaluation.evaluation:metric_call:77 - metric_func_name number_near score 1.0 msg number near in range 5.0%, response: 300.0, target: 300.0
2026-08-18 14:49:11.880 | DEBUG    | eval.evaluation.evaluation:metric_call:77 - metric_func_name number_near score 1.0 msg number near in range 5.0%, response: 386.0, target: 385.0
2026-08-18 14:49:11.880 | DEBUG    | eval.evaluation.evaluation:metric_call:77 - metric_func_name number_near score 1.0 msg number near in range 5.0%, response: 63.0, target: 63.0
2026-08-18 14:49:11.880 | DEBUG    | eval.evaluation.evaluation:metric_call:77 - metric_func_name number_near score 1.0 msg number near in range 5.0%, response: 166.0, target: 166.0
2026-08-18 14:49:11.880 | DEBUG    | eval.evaluation.evaluation:metric_call:77 - metric_func_name number_near score 1.0 msg number equal, response: NULL, target: NULL
2026-08-18 14:49:11.880 | DEBUG    | eval.evaluation.evaluation:metric_call:77 - metric_func_name number_near score 1.0 msg number near in range 5.0%, response: 630.0, target: 616.0
2026-08-18 14:49:11.880 | DEBUG    | eval.evaluation.evaluation:metric_call:77 - metric_func_name number_near score 1.0 msg number near in range 5.0%, response: 480.0, target: 480.0
2026-08-18 14:49:11.880 | DEBUG    | eval.evaluation.evaluation:metric_call:77 - metric_func_name number_near score 1.0 msg number near in range 5.0%, response: 299.0, target: 299.0
2026-08-18 14:49:11.880 | DEBUG    | eval.evaluation.evaluation:metric_call:77 - metric_func_name number_near score 1.0 msg number equal, response: NULL, target: NULL
2026-08-18 14:49:11.880 | DEBUG    | eval.evaluation.evaluation:metric_call:77 - metric_func_name number_near score 1.0 msg number equal, response: NULL, target: NULL
2026-08-18 14:49:11.880 | DEBUG    | eval.evaluation.evaluation:metric_call:77 - metric_func_name number_near score 1.0 msg number near in range 5.0%, response: 60.0, target: 60.0
2026-08-18 14:49:11.881 | DEBUG    | eval.evaluation.evaluation:metric_call:77 - metric_func_name number_near score 1.0 msg number near in range 5.0%, response: 500.0, target: 500.0
2026-08-18 14:49:11.881 | DEBUG    | eval.evaluation.evaluation:metric_call:77 - metric_func_name number_near score 1.0 msg number near in range 5.0%, response: 150.0, target: 150.0
2026-08-18 14:49:11.881 | DEBUG    | eval.evaluation.evaluation:metric_call:77 - metric_func_name number_near score 1.0 msg number near in range 5.0%, response: 121.0, target: 121.0
2026-08-18 14:49:11.881 | DEBUG    | eval.evaluation.evaluation:metric_call:77 - metric_func_name number_near score 1.0 msg number near in range 5.0%, response: 169.0, target: 169.0
2026-08-18 14:49:11.881 | DEBUG    | eval.evaluation.evaluation:metric_call:77 - metric_func_name number_near score 1.0 msg number near in range 5.0%, response: 460.0, target: 460.0
2026-08-18 14:49:11.881 | DEBUG    | eval.evaluation.evaluation:metric_call:77 - metric_func_name number_near score 1.0 msg number near in range 5.0%, response: 230.0, target: 230.0
2026-08-18 14:49:11.881 | DEBUG    | eval.evaluation.evaluation:metric_call:77 - metric_func_name number_near score 1.0 msg number near in range 5.0%, response: 150.0, target: 150.0
2026-08-18 14:49:11.881 | DEBUG    | eval.evaluation.evaluation:metric_call:77 - metric_func_name number_near score 1.0 msg number equal, response: NULL, target: NULL
2026-08-18 14:49:11.881 | DEBUG    | eval.evaluation.evaluation:metric_call:77 - metric_func_name number_near score 1.0 msg number near in range 5.0%, response: 350.0, target: 350.0
2026-08-18 14:49:11.881 | DEBUG    | eval.evaluation.evaluation:metric_call:77 - metric_func_name number_near score 1.0 msg number near in range 5.0%, response: 349.0, target: 349.0
2026-08-18 14:49:11.881 | DEBUG    | eval.evaluation.evaluation:metric_call:77 - metric_func_name number_near score 1.0 msg number near in range 5.0%, response: 200.0, target: 200.0
2026-08-18 14:49:11.881 | DEBUG    | eval.evaluation.evaluation:metric_call:77 - metric_func_name number_near score 1.0 msg number near in range 5.0%, response: 550.0, target: 550.0
2026-08-18 14:49:11.881 | DEBUG    | eval.evaluation.evaluation:metric_call:77 - metric_func_name number_near score 1.0 msg number near in range 5.0%, response: 646.0, target: 646.0
2026-08-18 14:49:11.881 | DEBUG    | eval.evaluation.evaluation:metric_call:77 - metric_func_name number_near score 1.0 msg number near in range 5.0%, response: 435.0, target: 435.0
2026-08-18 14:49:11.882 | DEBUG    | eval.evaluation.evaluation:evaluate_single_query:321 - wide2deep_ws_en_050, col totalseats2005, metric_func_name number_near, score [1.0, 1.0, 1.0, 1.0, 1.0, 1.0, 1.0, 1.0, 1.0, 1.0, 1.0, 1.0, 1.0, 1.0, 1.0, 1.0, 1.0, 1.0, 1.0, 1.0, 1.0, 1.0, 1.0, 1.0, 1.0, 1.0, 1.0, 1.0, 1.0, 1.0, 1.0, 1.0, 1.0, 1.0, 1.0, 1.0, 1.0, 1.0]
2026-08-18 14:49:11.882 | DEBUG    | eval.evaluation.evaluation:metric_call:77 - metric_func_name number_near score 1.0 msg number near in range 5.0%, response: 26.7, target: 26.7
2026-08-18 14:49:11.882 | DEBUG    | eval.evaluation.evaluation:metric_call:77 - metric_func_name number_near score 1.0 msg number near in range 5.0%, response: 30.6, target: 30.6
2026-08-18 14:49:11.882 | DEBUG    | eval.evaluation.evaluation:metric_call:77 - metric_func_name number_near score 1.0 msg number near in range 5.0%, response: 39.3, target: 39.3
2026-08-18 14:49:11.882 | DEBUG    | eval.evaluation.evaluation:metric_call:77 - metric_func_name number_near score 1.0 msg number near in range 5.0%, response: 26.0, target: 26.0
2026-08-18 14:49:11.882 | DEBUG    | eval.evaluation.evaluation:metric_call:77 - metric_func_name number_near score 1.0 msg number near in range 5.0%, response: 15.8, target: 15.8
2026-08-18 14:49:11.882 | DEBUG    | eval.evaluation.evaluation:metric_call:77 - metric_func_name number_near score 1.0 msg number equal, response: NULL, target: NULL
2026-08-18 14:49:11.882 | DEBUG    | eval.evaluation.evaluation:metric_call:77 - metric_func_name number_near score 1.0 msg number equal, response: NULL, target: NULL
2026-08-18 14:49:11.882 | DEBUG    | eval.evaluation.evaluation:metric_call:77 - metric_func_name number_near score 1.0 msg number near in range 5.0%, response: 20.0, target: 20.0
2026-08-18 14:49:11.882 | DEBUG    | eval.evaluation.evaluation:metric_call:77 - metric_func_name number_near score 1.0 msg number near in range 5.0%, response: 37.4, target: 37.4
2026-08-18 14:49:11.883 | DEBUG    | eval.evaluation.evaluation:metric_call:77 - metric_func_name number_near score 1.0 msg number near in range 5.0%, response: 23.8, target: 23.8
2026-08-18 14:49:11.883 | DEBUG    | eval.evaluation.evaluation:metric_call:77 - metric_func_name number_near score 1.0 msg number near in range 5.0%, response: 41.5, target: 41.5
2026-08-18 14:49:11.883 | DEBUG    | eval.evaluation.evaluation:metric_call:77 - metric_func_name number_near score 1.0 msg number near in range 5.0%, response: 26.2, target: 26.2
2026-08-18 14:49:11.883 | DEBUG    | eval.evaluation.evaluation:metric_call:77 - metric_func_name number_near score 1.0 msg number near in range 5.0%, response: 36.5, target: 36.5
2026-08-18 14:49:11.883 | DEBUG    | eval.evaluation.evaluation:metric_call:77 - metric_func_name number_near score 1.0 msg number near in range 5.0%, response: 19.7, target: 19.7
2026-08-18 14:49:11.883 | DEBUG    | eval.evaluation.evaluation:metric_call:77 - metric_func_name number_near score 1.0 msg number near in range 5.0%, response: 10.1, target: 10.1
2026-08-18 14:49:11.883 | DEBUG    | eval.evaluation.evaluation:metric_call:77 - metric_func_name number_near score 1.0 msg number near in range 5.0%, response: 41.3, target: 41.3
2026-08-18 14:49:11.883 | DEBUG    | eval.evaluation.evaluation:metric_call:77 - metric_func_name number_near score 1.0 msg number near in range 5.0%, response: 15.7, target: 16.3
2026-08-18 14:49:11.883 | DEBUG    | eval.evaluation.evaluation:metric_call:77 - metric_func_name number_near score 1.0 msg number near in range 5.0%, response: 26.7, target: 26.7
2026-08-18 14:49:11.883 | DEBUG    | eval.evaluation.evaluation:metric_call:77 - metric_func_name number_near score 1.0 msg number near in range 5.0%, response: 31.0, target: 31.0
2026-08-18 14:49:11.883 | DEBUG    | eval.evaluation.evaluation:metric_call:77 - metric_func_name number_near score 1.0 msg number near in range 5.0%, response: 9.5, target: 9.5
2026-08-18 14:49:11.883 | DEBUG    | eval.evaluation.evaluation:metric_call:77 - metric_func_name number_near score 1.0 msg number near in range 5.0%, response: 16.3, target: 16.3
2026-08-18 14:49:11.883 | DEBUG    | eval.evaluation.evaluation:metric_call:77 - metric_func_name number_near score 1.0 msg number equal, response: NULL, target: NULL
2026-08-18 14:49:11.883 | DEBUG    | eval.evaluation.evaluation:metric_call:77 - metric_func_name number_near score 1.0 msg number equal, response: NULL, target: NULL
2026-08-18 14:49:11.883 | DEBUG    | eval.evaluation.evaluation:metric_call:77 - metric_func_name number_near score 1.0 msg number near in range 5.0%, response: 28.3, target: 28.3
2026-08-18 14:49:11.883 | DEBUG    | eval.evaluation.evaluation:metric_call:77 - metric_func_name number_near score 1.0 msg number near in range 5.0%, response: 42.4, target: 42.4
2026-08-18 14:49:11.883 | DEBUG    | eval.evaluation.evaluation:metric_call:77 - metric_func_name number_near score 1.0 msg number near in range 5.0%, response: 37.3, target: 37.3
2026-08-18 14:49:11.883 | DEBUG    | eval.evaluation.evaluation:metric_call:77 - metric_func_name number_near score 1.0 msg number near in range 5.0%, response: 31.4, target: 31.4
2026-08-18 14:49:11.883 | DEBUG    | eval.evaluation.evaluation:metric_call:77 - metric_func_name number_near score 1.0 msg number near in range 5.0%, response: 39.6, target: 39.6
2026-08-18 14:49:11.883 | DEBUG    | eval.evaluation.evaluation:metric_call:77 - metric_func_name number_near score 0.0 msg number not near, response: 24.1, target: 27.4
2026-08-18 14:49:11.883 | DEBUG    | eval.evaluation.evaluation:metric_call:77 - metric_func_name number_near score 1.0 msg number near in range 5.0%, response: 34.8, target: 34.8
2026-08-18 14:49:11.883 | DEBUG    | eval.evaluation.evaluation:metric_call:77 - metric_func_name number_near score 0.0 msg number not near, response: 20.0, target: 18.7
2026-08-18 14:49:11.883 | DEBUG    | eval.evaluation.evaluation:metric_call:77 - metric_func_name number_near score 1.0 msg number near in range 5.0%, response: 36.7, target: 36.7
2026-08-18 14:49:11.884 | DEBUG    | eval.evaluation.evaluation:metric_call:77 - metric_func_name number_near score 1.0 msg number near in range 5.0%, response: 39.7, target: 40.0
2026-08-18 14:49:11.884 | DEBUG    | eval.evaluation.evaluation:metric_call:77 - metric_func_name number_near score 1.0 msg number near in range 5.0%, response: 43.6, target: 43.6
2026-08-18 14:49:11.884 | DEBUG    | eval.evaluation.evaluation:metric_call:77 - metric_func_name number_near score 1.0 msg number near in range 5.0%, response: 32.0, target: 32.0
2026-08-18 14:49:11.884 | DEBUG    | eval.evaluation.evaluation:metric_call:77 - metric_func_name number_near score 1.0 msg number near in range 5.0%, response: 14.9, target: 14.9
2026-08-18 14:49:11.884 | DEBUG    | eval.evaluation.evaluation:metric_call:77 - metric_func_name number_near score 1.0 msg number near in range 5.0%, response: 29.4, target: 29.4
2026-08-18 14:49:11.884 | DEBUG    | eval.evaluation.evaluation:metric_call:77 - metric_func_name number_near score 1.0 msg number near in range 5.0%, response: 19.4, target: 19.4
2026-08-18 14:49:11.885 | DEBUG    | eval.evaluation.evaluation:evaluate_single_query:321 - wide2deep_ws_en_050, col shareofwomenseats2015(%), metric_func_name number_near, score [1.0, 1.0, 1.0, 1.0, 1.0, 1.0, 1.0, 1.0, 1.0, 1.0, 1.0, 1.0, 1.0, 1.0, 1.0, 1.0, 1.0, 1.0, 1.0, 1.0, 1.0, 1.0, 1.0, 1.0, 1.0, 1.0, 1.0, 1.0, 0.0, 1.0, 0.0, 1.0, 1.0, 1.0, 1.0, 1.0, 1.0, 1.0]
2026-08-18 14:49:11.885 | DEBUG    | eval.evaluation.evaluation:metric_call:77 - metric_func_name number_near score 1.0 msg number near in range 5.0%, response: 150.0, target: 150.0
2026-08-18 14:49:11.885 | DEBUG    | eval.evaluation.evaluation:metric_call:77 - metric_func_name number_near score 1.0 msg number near in range 5.0%, response: 183.0, target: 183.0
2026-08-18 14:49:11.885 | DEBUG    | eval.evaluation.evaluation:metric_call:77 - metric_func_name number_near score 1.0 msg number near in range 5.0%, response: 150.0, target: 150.0
2026-08-18 14:49:11.885 | DEBUG    | eval.evaluation.evaluation:metric_call:77 - metric_func_name number_near score 1.0 msg number near in range 5.0%, response: 338.0, target: 338.0
2026-08-18 14:49:11.885 | DEBUG    | eval.evaluation.evaluation:metric_call:77 - metric_func_name number_near score 1.0 msg number near in range 5.0%, response: 120.0, target: 120.0
2026-08-18 14:49:11.885 | DEBUG    | eval.evaluation.evaluation:metric_call:77 - metric_func_name number_near score 1.0 msg number equal, response: NULL, target: NULL
2026-08-18 14:49:11.885 | DEBUG    | eval.evaluation.evaluation:metric_call:77 - metric_func_name number_near score 1.0 msg number equal, response: NULL, target: NULL
2026-08-18 14:49:11.885 | DEBUG    | eval.evaluation.evaluation:metric_call:77 - metric_func_name number_near score 1.0 msg number near in range 5.0%, response: 200.0, target: 200.0
2026-08-18 14:49:11.885 | DEBUG    | eval.evaluation.evaluation:metric_call:77 - metric_func_name number_near score 1.0 msg number near in range 5.0%, response: 179.0, target: 179.0
2026-08-18 14:49:11.885 | DEBUG    | eval.evaluation.evaluation:metric_call:77 - metric_func_name number_near score 1.0 msg number near in range 5.0%, response: 101.0, target: 101.0
2026-08-18 14:49:11.885 | DEBUG    | eval.evaluation.evaluation:metric_call:77 - metric_func_name number_near score 1.0 msg number near in range 5.0%, response: 200.0, target: 200.0
2026-08-18 14:49:11.885 | DEBUG    | eval.evaluation.evaluation:metric_call:77 - metric_func_name number_near score 1.0 msg number near in range 5.0%, response: 577.0, target: 577.0
2026-08-18 14:49:11.885 | DEBUG    | eval.evaluation.evaluation:metric_call:77 - metric_func_name number_near score 1.0 msg number near in range 5.0%, response: 630.0, target: 631.0
2026-08-18 14:49:11.885 | DEBUG    | eval.evaluation.evaluation:metric_call:77 - metric_func_name number_near score 1.0 msg number near in range 5.0%, response: 300.0, target: 300.0
2026-08-18 14:49:11.885 | DEBUG    | eval.evaluation.evaluation:metric_call:77 - metric_func_name number_near score 1.0 msg number near in range 5.0%, response: 199.0, target: 198.0
2026-08-18 14:49:11.886 | DEBUG    | eval.evaluation.evaluation:metric_call:77 - metric_func_name number_near score 1.0 msg number near in range 5.0%, response: 63.0, target: 63.0
2026-08-18 14:49:11.886 | DEBUG    | eval.evaluation.evaluation:metric_call:77 - metric_func_name number_near score 1.0 msg number near in range 5.0%, response: 166.0, target: 166.0
2026-08-18 14:49:11.886 | DEBUG    | eval.evaluation.evaluation:metric_call:77 - metric_func_name number_near score 1.0 msg number near in range 5.0%, response: 120.0, target: 120.0
2026-08-18 14:49:11.886 | DEBUG    | eval.evaluation.evaluation:metric_call:77 - metric_func_name number_near score 1.0 msg number near in range 5.0%, response: 630.0, target: 630.0
2026-08-18 14:49:11.886 | DEBUG    | eval.evaluation.evaluation:metric_call:77 - metric_func_name number_near score 1.0 msg number near in range 5.0%, response: 475.0, target: 475.0
2026-08-18 14:49:11.886 | DEBUG    | eval.evaluation.evaluation:metric_call:77 - metric_func_name number_near score 1.0 msg number near in range 5.0%, response: 300.0, target: 300.0
2026-08-18 14:49:11.886 | DEBUG    | eval.evaluation.evaluation:metric_call:77 - metric_func_name number_near score 1.0 msg number equal, response: NULL, target: NULL
2026-08-18 14:49:11.886 | DEBUG    | eval.evaluation.evaluation:metric_call:77 - metric_func_name number_near score 1.0 msg number equal, response: NULL, target: NULL
2026-08-18 14:49:11.886 | DEBUG    | eval.evaluation.evaluation:metric_call:77 - metric_func_name number_near score 1.0 msg number near in range 5.0%, response: 60.0, target: 60.0
2026-08-18 14:49:11.886 | DEBUG    | eval.evaluation.evaluation:metric_call:77 - metric_func_name number_near score 1.0 msg number near in range 5.0%, response: 500.0, target: 498.0
2026-08-18 14:49:11.886 | DEBUG    | eval.evaluation.evaluation:metric_call:77 - metric_func_name number_near score 1.0 msg number near in range 5.0%, response: 150.0, target: 150.0
2026-08-18 14:49:11.886 | DEBUG    | eval.evaluation.evaluation:metric_call:77 - metric_func_name number_near score 1.0 msg number near in range 5.0%, response: 121.0, target: 121.0
2026-08-18 14:49:11.886 | DEBUG    | eval.evaluation.evaluation:metric_call:77 - metric_func_name number_near score 1.0 msg number near in range 5.0%, response: 169.0, target: 169.0
2026-08-18 14:49:11.886 | DEBUG    | eval.evaluation.evaluation:metric_call:77 - metric_func_name number_near score 1.0 msg number near in range 5.0%, response: 460.0, target: 460.0
2026-08-18 14:49:11.886 | DEBUG    | eval.evaluation.evaluation:metric_call:77 - metric_func_name number_near score 1.0 msg number near in range 5.0%, response: 230.0, target: 230.0
2026-08-18 14:49:11.886 | DEBUG    | eval.evaluation.evaluation:metric_call:77 - metric_func_name number_near score 1.0 msg number near in range 5.0%, response: 150.0, target: 150.0
2026-08-18 14:49:11.886 | DEBUG    | eval.evaluation.evaluation:metric_call:77 - metric_func_name number_near score 1.0 msg number near in range 5.0%, response: 90.0, target: 90.0
2026-08-18 14:49:11.886 | DEBUG    | eval.evaluation.evaluation:metric_call:77 - metric_func_name number_near score 1.0 msg number near in range 5.0%, response: 350.0, target: 350.0
2026-08-18 14:49:11.886 | DEBUG    | eval.evaluation.evaluation:metric_call:77 - metric_func_name number_near score 1.0 msg number near in range 5.0%, response: 349.0, target: 349.0
2026-08-18 14:49:11.886 | DEBUG    | eval.evaluation.evaluation:metric_call:77 - metric_func_name number_near score 1.0 msg number near in range 5.0%, response: 200.0, target: 200.0
2026-08-18 14:49:11.886 | DEBUG    | eval.evaluation.evaluation:metric_call:77 - metric_func_name number_near score 1.0 msg number near in range 5.0%, response: 550.0, target: 550.0
2026-08-18 14:49:11.886 | DEBUG    | eval.evaluation.evaluation:metric_call:77 - metric_func_name number_near score 1.0 msg number near in range 5.0%, response: 650.0, target: 650.0
2026-08-18 14:49:11.886 | DEBUG    | eval.evaluation.evaluation:metric_call:77 - metric_func_name number_near score 1.0 msg number near in range 5.0%, response: 435.0, target: 434.0
2026-08-18 14:49:11.887 | DEBUG    | eval.evaluation.evaluation:evaluate_single_query:321 - wide2deep_ws_en_050, col totalseats2015, metric_func_name number_near, score [1.0, 1.0, 1.0, 1.0, 1.0, 1.0, 1.0, 1.0, 1.0, 1.0, 1.0, 1.0, 1.0, 1.0, 1.0, 1.0, 1.0, 1.0, 1.0, 1.0, 1.0, 1.0, 1.0, 1.0, 1.0, 1.0, 1.0, 1.0, 1.0, 1.0, 1.0, 1.0, 1.0, 1.0, 1.0, 1.0, 1.0, 1.0]
2026-08-18 14:49:11.887 | DEBUG    | eval.evaluation.evaluation:metric_call:77 - metric_func_name number_near score 1.0 msg number near in range 5.0%, response: 38.4, target: 39.6
2026-08-18 14:49:11.888 | DEBUG    | eval.evaluation.evaluation:metric_call:77 - metric_func_name number_near score 1.0 msg number near in range 5.0%, response: 40.4, target: 40.0
2026-08-18 14:49:11.888 | DEBUG    | eval.evaluation.evaluation:metric_call:77 - metric_func_name number_near score 1.0 msg number near in range 5.0%, response: 42.0, target: 42.7
2026-08-18 14:49:11.888 | DEBUG    | eval.evaluation.evaluation:metric_call:77 - metric_func_name number_near score 1.0 msg number near in range 5.0%, response: 30.5, target: 30.3
2026-08-18 14:49:11.888 | DEBUG    | eval.evaluation.evaluation:metric_call:77 - metric_func_name number_near score 0.0 msg number not near, response: 35.5, target: 23.0
2026-08-18 14:49:11.888 | DEBUG    | eval.evaluation.evaluation:metric_call:77 - metric_func_name number_near score 1.0 msg number near in range 5.0%, response: 28.9, target: 30.0
2026-08-18 14:49:11.888 | DEBUG    | eval.evaluation.evaluation:metric_call:77 - metric_func_name number_near score 1.0 msg number near in range 5.0%, response: 49.1, target: 47.4
2026-08-18 14:49:11.888 | DEBUG    | eval.evaluation.evaluation:metric_call:77 - metric_func_name number_near score 1.0 msg number near in range 5.0%, response: 25.5, target: 25.0
2026-08-18 14:49:11.888 | DEBUG    | eval.evaluation.evaluation:metric_call:77 - metric_func_name number_near score 1.0 msg number near in range 5.0%, response: 44.1, target: 45.6
2026-08-18 14:49:11.888 | DEBUG    | eval.evaluation.evaluation:metric_call:77 - metric_func_name number_near score 1.0 msg number near in range 5.0%, response: 29.7, target: 29.7
2026-08-18 14:49:11.888 | DEBUG    | eval.evaluation.evaluation:metric_call:77 - metric_func_name number_near score 1.0 msg number near in range 5.0%, response: 46.0, target: 46.5
2026-08-18 14:49:11.888 | DEBUG    | eval.evaluation.evaluation:metric_call:77 - metric_func_name number_near score 1.0 msg number near in range 5.0%, response: 36.2, target: 37.3
2026-08-18 14:49:11.888 | DEBUG    | eval.evaluation.evaluation:metric_call:77 - metric_func_name number_near score 1.0 msg number near in range 5.0%, response: 35.3, target: 34.9
2026-08-18 14:49:11.888 | DEBUG    | eval.evaluation.evaluation:metric_call:77 - metric_func_name number_near score 1.0 msg number near in range 5.0%, response: 23.0, target: 22.0
2026-08-18 14:49:11.888 | DEBUG    | eval.evaluation.evaluation:metric_call:77 - metric_func_name number_near score 0.0 msg number not near, response: 14.6, target: 13.5
2026-08-18 14:49:11.888 | DEBUG    | eval.evaluation.evaluation:metric_call:77 - metric_func_name number_near score 1.0 msg number near in range 5.0%, response: 47.6, target: 47.6
2026-08-18 14:49:11.888 | DEBUG    | eval.evaluation.evaluation:metric_call:77 - metric_func_name number_near score 0.0 msg number not near, response: 25.3, target: 23.0
2026-08-18 14:49:11.888 | DEBUG    | eval.evaluation.evaluation:metric_call:77 - metric_func_name number_near score 0.0 msg number not near, response: 25.0, target: 28.3
2026-08-18 14:49:11.888 | DEBUG    | eval.evaluation.evaluation:metric_call:77 - metric_func_name number_near score 1.0 msg number near in range 5.0%, response: 32.3, target: 31.3
2026-08-18 14:49:11.888 | DEBUG    | eval.evaluation.evaluation:metric_call:77 - metric_func_name number_near score 0.0 msg number not near, response: 15.7, target: 10.3
2026-08-18 14:49:11.888 | DEBUG    | eval.evaluation.evaluation:metric_call:77 - metric_func_name number_near score 0.0 msg number not near, response: 20.0, target: 19.0
2026-08-18 14:49:11.888 | DEBUG    | eval.evaluation.evaluation:metric_call:77 - metric_func_name number_near score 0.0 msg number not near, response: 29.0, target: 33.0
2026-08-18 14:49:11.889 | DEBUG    | eval.evaluation.evaluation:metric_call:77 - metric_func_name number_near score 1.0 msg number near in range 5.0%, response: 28.4, target: 28.0
2026-08-18 14:49:11.889 | DEBUG    | eval.evaluation.evaluation:metric_call:77 - metric_func_name number_near score 1.0 msg number near in range 5.0%, response: 35.0, target: 34.0
2026-08-18 14:49:11.889 | DEBUG    | eval.evaluation.evaluation:metric_call:77 - metric_func_name number_near score 1.0 msg number near in range 5.0%, response: 50.2, target: 50.8
2026-08-18 14:49:11.889 | DEBUG    | eval.evaluation.evaluation:metric_call:77 - metric_func_name number_near score 0.0 msg number not near, response: 38.7, target: 42.0
2026-08-18 14:49:11.889 | DEBUG    | eval.evaluation.evaluation:metric_call:77 - metric_func_name number_near score 1.0 msg number near in range 5.0%, response: 45.5, target: 47.5
2026-08-18 14:49:11.889 | DEBUG    | eval.evaluation.evaluation:metric_call:77 - metric_func_name number_near score 1.0 msg number near in range 5.0%, response: 45.0, target: 45.0
2026-08-18 14:49:11.889 | DEBUG    | eval.evaluation.evaluation:metric_call:77 - metric_func_name number_near score 1.0 msg number near in range 5.0%, response: 29.6, target: 28.7
2026-08-18 14:49:11.889 | DEBUG    | eval.evaluation.evaluation:metric_call:77 - metric_func_name number_near score 0.0 msg number not near, response: 32.2, target: 40.0
2026-08-18 14:49:11.889 | DEBUG    | eval.evaluation.evaluation:metric_call:77 - metric_func_name number_near score 0.0 msg number not near, response: 22.0, target: 34.0
2026-08-18 14:49:11.889 | DEBUG    | eval.evaluation.evaluation:metric_call:77 - metric_func_name number_near score 1.0 msg number near in range 5.0%, response: 40.0, target: 38.9
2026-08-18 14:49:11.889 | DEBUG    | eval.evaluation.evaluation:metric_call:77 - metric_func_name number_near score 1.0 msg number near in range 5.0%, response: 44.3, target: 43.0
2026-08-18 14:49:11.889 | DEBUG    | eval.evaluation.evaluation:metric_call:77 - metric_func_name number_near score 1.0 msg number near in range 5.0%, response: 45.6, target: 46.6
2026-08-18 14:49:11.889 | DEBUG    | eval.evaluation.evaluation:metric_call:77 - metric_func_name number_near score 0.0 msg number not near, response: 38.5, target: 42.5
2026-08-18 14:49:11.889 | DEBUG    | eval.evaluation.evaluation:metric_call:77 - metric_func_name number_near score 0.0 msg number not near, response: 19.8, target: 21.7
2026-08-18 14:49:11.889 | DEBUG    | eval.evaluation.evaluation:metric_call:77 - metric_func_name number_near score 0.0 msg number not near, response: 40.5, target: 34.6
2026-08-18 14:49:11.889 | DEBUG    | eval.evaluation.evaluation:metric_call:77 - metric_func_name number_near score 1.0 msg number near in range 5.0%, response: 28.7, target: 29.7
2026-08-18 14:49:11.890 | DEBUG    | eval.evaluation.evaluation:evaluate_single_query:321 - wide2deep_ws_en_050, col shareofwomenseats2024(%), metric_func_name number_near, score [1.0, 1.0, 1.0, 1.0, 0.0, 1.0, 1.0, 1.0, 1.0, 1.0, 1.0, 1.0, 1.0, 1.0, 0.0, 1.0, 0.0, 0.0, 1.0, 0.0, 0.0, 0.0, 1.0, 1.0, 1.0, 0.0, 1.0, 1.0, 1.0, 0.0, 0.0, 1.0, 1.0, 1.0, 0.0, 0.0, 0.0, 1.0]
2026-08-18 14:49:11.890 | DEBUG    | eval.evaluation.evaluation:metric_call:77 - metric_func_name number_near score 1.0 msg number near in range 5.0%, response: 151.0, target: 151.0
2026-08-18 14:49:11.890 | DEBUG    | eval.evaluation.evaluation:metric_call:77 - metric_func_name number_near score 1.0 msg number near in range 5.0%, response: 183.0, target: 183.0
2026-08-18 14:49:11.890 | DEBUG    | eval.evaluation.evaluation:metric_call:77 - metric_func_name number_near score 1.0 msg number near in range 5.0%, response: 150.0, target: 150.0
2026-08-18 14:49:11.890 | DEBUG    | eval.evaluation.evaluation:metric_call:77 - metric_func_name number_near score 1.0 msg number near in range 5.0%, response: 338.0, target: 338.0
2026-08-18 14:49:11.890 | DEBUG    | eval.evaluation.evaluation:metric_call:77 - metric_func_name number_near score 1.0 msg number near in range 5.0%, response: 155.0, target: 155.0
2026-08-18 14:49:11.890 | DEBUG    | eval.evaluation.evaluation:metric_call:77 - metric_func_name number_near score 1.0 msg number near in range 5.0%, response: 188.0, target: 188.0
2026-08-18 14:49:11.890 | DEBUG    | eval.evaluation.evaluation:metric_call:77 - metric_func_name number_near score 1.0 msg number near in range 5.0%, response: 57.0, target: 57.0
2026-08-18 14:49:11.891 | DEBUG    | eval.evaluation.evaluation:metric_call:77 - metric_func_name number_near score 1.0 msg number near in range 5.0%, response: 200.0, target: 200.0
2026-08-18 14:49:11.891 | DEBUG    | eval.evaluation.evaluation:metric_call:77 - metric_func_name number_near score 1.0 msg number near in range 5.0%, response: 179.0, target: 179.0
2026-08-18 14:49:11.891 | DEBUG    | eval.evaluation.evaluation:metric_call:77 - metric_func_name number_near score 1.0 msg number near in range 5.0%, response: 101.0, target: 101.0
2026-08-18 14:49:11.891 | DEBUG    | eval.evaluation.evaluation:metric_call:77 - metric_func_name number_near score 1.0 msg number near in range 5.0%, response: 200.0, target: 200.0
2026-08-18 14:49:11.891 | DEBUG    | eval.evaluation.evaluation:metric_call:77 - metric_func_name number_near score 1.0 msg number near in range 5.0%, response: 577.0, target: 577.0
2026-08-18 14:49:11.891 | DEBUG    | eval.evaluation.evaluation:metric_call:77 - metric_func_name number_near score 1.0 msg number near in range 5.0%, response: 733.0, target: 735.0
2026-08-18 14:49:11.891 | DEBUG    | eval.evaluation.evaluation:metric_call:77 - metric_func_name number_near score 1.0 msg number near in range 5.0%, response: 300.0, target: 300.0
2026-08-18 14:49:11.891 | DEBUG    | eval.evaluation.evaluation:metric_call:77 - metric_func_name number_near score 1.0 msg number near in range 5.0%, response: 199.0, target: 199.0
2026-08-18 14:49:11.891 | DEBUG    | eval.evaluation.evaluation:metric_call:77 - metric_func_name number_near score 1.0 msg number near in range 5.0%, response: 63.0, target: 63.0
2026-08-18 14:49:11.891 | DEBUG    | eval.evaluation.evaluation:metric_call:77 - metric_func_name number_near score 0.0 msg number not near, response: 174.0, target: 160.0
2026-08-18 14:49:11.891 | DEBUG    | eval.evaluation.evaluation:metric_call:77 - metric_func_name number_near score 1.0 msg number near in range 5.0%, response: 120.0, target: 120.0
2026-08-18 14:49:11.891 | DEBUG    | eval.evaluation.evaluation:metric_call:77 - metric_func_name number_near score 1.0 msg number near in range 5.0%, response: 400.0, target: 400.0
2026-08-18 14:49:11.891 | DEBUG    | eval.evaluation.evaluation:metric_call:77 - metric_func_name number_near score 1.0 msg number near in range 5.0%, response: 465.0, target: 465.0
2026-08-18 14:49:11.891 | DEBUG    | eval.evaluation.evaluation:metric_call:77 - metric_func_name number_near score 1.0 msg number near in range 5.0%, response: 300.0, target: 300.0
2026-08-18 14:49:11.891 | DEBUG    | eval.evaluation.evaluation:metric_call:77 - metric_func_name number_near score 1.0 msg number near in range 5.0%, response: 100.0, target: 100.0
2026-08-18 14:49:11.891 | DEBUG    | eval.evaluation.evaluation:metric_call:77 - metric_func_name number_near score 1.0 msg number near in range 5.0%, response: 141.0, target: 141.0
2026-08-18 14:49:11.891 | DEBUG    | eval.evaluation.evaluation:metric_call:77 - metric_func_name number_near score 1.0 msg number near in range 5.0%, response: 60.0, target: 60.0
2026-08-18 14:49:11.891 | DEBUG    | eval.evaluation.evaluation:metric_call:77 - metric_func_name number_near score 1.0 msg number near in range 5.0%, response: 500.0, target: 500.0
2026-08-18 14:49:11.891 | DEBUG    | eval.evaluation.evaluation:metric_call:77 - metric_func_name number_near score 1.0 msg number near in range 5.0%, response: 150.0, target: 150.0
2026-08-18 14:49:11.891 | DEBUG    | eval.evaluation.evaluation:metric_call:77 - metric_func_name number_near score 1.0 msg number near in range 5.0%, response: 123.0, target: 123.0
2026-08-18 14:49:11.891 | DEBUG    | eval.evaluation.evaluation:metric_call:77 - metric_func_name number_near score 1.0 msg number near in range 5.0%, response: 169.0, target: 169.0
2026-08-18 14:49:11.891 | DEBUG    | eval.evaluation.evaluation:metric_call:77 - metric_func_name number_near score 1.0 msg number near in range 5.0%, response: 460.0, target: 460.0
2026-08-18 14:49:11.891 | DEBUG    | eval.evaluation.evaluation:metric_call:77 - metric_func_name number_near score 1.0 msg number near in range 5.0%, response: 230.0, target: 230.0
2026-08-18 14:49:11.891 | DEBUG    | eval.evaluation.evaluation:metric_call:77 - metric_func_name number_near score 1.0 msg number near in range 5.0%, response: 150.0, target: 150.0
2026-08-18 14:49:11.892 | DEBUG    | eval.evaluation.evaluation:metric_call:77 - metric_func_name number_near score 1.0 msg number near in range 5.0%, response: 90.0, target: 90.0
2026-08-18 14:49:11.892 | DEBUG    | eval.evaluation.evaluation:metric_call:77 - metric_func_name number_near score 1.0 msg number near in range 5.0%, response: 350.0, target: 350.0
2026-08-18 14:49:11.892 | DEBUG    | eval.evaluation.evaluation:metric_call:77 - metric_func_name number_near score 1.0 msg number near in range 5.0%, response: 349.0, target: 349.0
2026-08-18 14:49:11.892 | DEBUG    | eval.evaluation.evaluation:metric_call:77 - metric_func_name number_near score 1.0 msg number near in range 5.0%, response: 200.0, target: 200.0
2026-08-18 14:49:11.892 | DEBUG    | eval.evaluation.evaluation:metric_call:77 - metric_func_name number_near score 1.0 msg number near in range 5.0%, response: 600.0, target: 600.0
2026-08-18 14:49:11.892 | DEBUG    | eval.evaluation.evaluation:metric_call:77 - metric_func_name number_near score 1.0 msg number near in range 5.0%, response: 650.0, target: 650.0
2026-08-18 14:49:11.892 | DEBUG    | eval.evaluation.evaluation:metric_call:77 - metric_func_name number_near score 1.0 msg number near in range 5.0%, response: 435.0, target: 435.0
2026-08-18 14:49:11.893 | DEBUG    | eval.evaluation.evaluation:evaluate_single_query:321 - wide2deep_ws_en_050, col totalseats2024, metric_func_name number_near, score [1.0, 1.0, 1.0, 1.0, 1.0, 1.0, 1.0, 1.0, 1.0, 1.0, 1.0, 1.0, 1.0, 1.0, 1.0, 1.0, 0.0, 1.0, 1.0, 1.0, 1.0, 1.0, 1.0, 1.0, 1.0, 1.0, 1.0, 1.0, 1.0, 1.0, 1.0, 1.0, 1.0, 1.0, 1.0, 1.0, 1.0, 1.0]
2026-08-18 14:49:11.899 | INFO     | eval.evaluation.evaluation:evaluate_single_query:380 - wide2deep_ws_en_050, P/R/F1 by unique_columns: 1.0000/1.0000/1.0000
2026-08-18 14:49:11.899 | INFO     | eval.evaluation.evaluation:evaluate_single_query:383 - wide2deep_ws_en_050, P/R/F1 by row: 0.6053/0.6053/0.6053
2026-08-18 14:49:11.899 | INFO     | eval.evaluation.evaluation:evaluate_single_query:386 - wide2deep_ws_en_050, P/R/F1 by item: 0.9415/0.9415/0.9415
2026-08-18 14:49:11.908 | INFO     | eval.evaluation.evaluation:evaluate_single_query:398 - wide2deep_ws_en_050, final table score: 0.0
{"event": "eval_done", "idx": 7, "instance_id": "wide2deep_ws_en_050", "score": 0.0, "entity_acc": 1.0, "f1_by_row": 0.6052631578947368, "f1_by_item": 0.9415204678362573, "column_f1": 1.0, "error": null, "elapsed_seconds": 27.275, "running_n": 7}
SUMMARY {"n": 7, "valid_n": 6, "errors": 1, "complete": false, "judge_calls_current_process": 26, "score": 0.0, "entity_acc": 0.8333333333333334, "precision_by_row": 0.4151629072681704, "recall_by_row": 0.4113472784525416, "f1_by_row": 0.41167966211825857, "precision_by_item": 0.6782825118351434, "recall_by_item": 0.6590212175738491, "f1_by_item": 0.6653871561620099, "column_precision": 0.7797619047619048, "column_recall": 0.75, "column_f1": 0.7604938271604939}
