INFO: Pandarallel will run on 8 workers.
INFO: Pandarallel will use Memory file system to transfer data between the main process and workers.
{"event": "eval_start", "selected": 7, "resume_committed": 0, "committed_errors": 0, "crash_only_resume": false}
{"event": "eval_done", "idx": 1, "instance_id": "wide2deep_ws_en_039", "score": 0.0, "entity_acc": 0.0, "f1_by_row": 0.0, "f1_by_item": 0.0, "column_f1": 0.0, "error": null, "elapsed_seconds": 4.726, "running_n": 1}
2026-08-07 13:42:07.827 | DEBUG    | eval.evaluation.data_loader:extract_dataframe:167 - find markdown_str 
| infrastructure | Sea / Basin | Capacity (MW) | Turbines Numbe ...
2026-08-07 13:42:17.783 | INFO     | eval.evaluation.metric_utils:primary_key_preprocess:246 - primary_key_preprocess result: ```json
{
  "Thanet Offshore Wind Farm": "Thanet",
  "Sheringham Shoal": "Sheringham Shoal",
  "Greater Gabbard": "Greater Gabbard",
  "London Array": "London Array",
  "Anholt Offshore Wind Farm": "Anholt",
  "Thornton Bank": "Thornton Bank (C-Power)",
  "BARD Offshore 1": "Bard Offshore 1",
  "West of Duddon Sands": "West of Duddon Sands",
  "Gwynt y Môr": "Gwynt y Môr",
  "Amrumbank West": "Amrumbank West",
  "Global Tech I": "Global Tech I",
  "Gemini": "Gemini",
  "Dudgeon": "Dudgeon",
  "Veja Mate": "Veja Mate",
  "Walney Extension": "Walney Extension",
  "Race Bank": "Race Bank",
  "Rampion": "Rampion",
  "Galloper": "Galloper",
  "Rentel": "Rentel",
  "Wikinger": "Wikinger",
  "Hornsea Project One": "Hornsea One",
  "Beatrice": "Beatrice",
  "Horns Rev 3": "Horns Rev 3",
  "Norther": "Norther",
  "Arkona": "Arkona",
  "Merkur": "Merkur",
  "Hohe See": "Hohe See",
  "Borssele I & II": "Borssele 1 & 2",
  "East Anglia ONE": "East Anglia ONE",
  "SeaMade": "SeaMade",
  "Borssele III & IV": "Borssele 3 & 4",
  "Kriegers Flak": "Kriegers Flak",
  "Triton Knoll": "Triton Knoll",
  "Hornsea Project Two": "Hornsea Two",
  "Moray East": "Moray East",
  "Kaskasi": "Kaskasi",
  "Saint-Nazaire": "Saint-Nazaire",
  "Seagreen": "Seagreen ",
  "Hollandse Kust Noord": "Hollandse Kust Noord",
  "Fécamp": "Fécamp",
  "Saint-Brieuc": "Saint-Brieuc",
  "Baltic Eagle": "Baltic Eagle"
}
```
2026-08-07 13:42:17.784 | INFO     | eval.evaluation.evaluation:evaluate_single_query:223 - col: infrastructure, primary_key_map {'Thanet Offshore Wind Farm': 'Thanet', 'Sheringham Shoal': 'Sheringham Shoal', 'Greater Gabbard': 'Greater Gabbard', 'London Array': 'London Array', 'Anholt Offshore Wind Farm': 'Anholt', 'Thornton Bank': 'Thornton Bank (C-Power)', 'BARD Offshore 1': 'Bard Offshore 1', 'West of Duddon Sands': 'West of Duddon Sands', 'Gwynt y Môr': 'Gwynt y Môr', 'Amrumbank West': 'Amrumbank West', 'Global Tech I': 'Global Tech I', 'Gemini': 'Gemini', 'Dudgeon': 'Dudgeon', 'Veja Mate': 'Veja Mate', 'Walney Extension': 'Walney Extension', 'Race Bank': 'Race Bank', 'Rampion': 'Rampion', 'Galloper': 'Galloper', 'Rentel': 'Rentel', 'Wikinger': 'Wikinger', 'Hornsea Project One': 'Hornsea One', 'Beatrice': 'Beatrice', 'Horns Rev 3': 'Horns Rev 3', 'Norther': 'Norther', 'Arkona': 'Arkona', 'Merkur': 'Merkur', 'Hohe See': 'Hohe See', 'Borssele I & II': 'Borssele 1 & 2', 'East Anglia ONE': 'East Anglia ONE', 'SeaMade': 'SeaMade', 'Borssele III & IV': 'Borssele 3 & 4', 'Kriegers Flak': 'Kriegers Flak', 'Triton Knoll': 'Triton Knoll', 'Hornsea Project Two': 'Hornsea Two', 'Moray East': 'Moray East', 'Kaskasi': 'Kaskasi', 'Saint-Nazaire': 'Saint-Nazaire', 'Seagreen': 'Seagreen ', 'Hollandse Kust Noord': 'Hollandse Kust Noord', 'Fécamp': 'Fécamp', 'Saint-Brieuc': 'Saint-Brieuc', 'Baltic Eagle': 'Baltic Eagle'}
2026-08-07 13:42:17.794 | INFO     | eval.evaluation.evaluation:evaluate_single_query:275 - wide2deep_ws_en_052, df_inner shape: (42, 14), answer_df shape: (49, 7), response_df shape: (45, 8)
2026-08-07 13:42:24.729 | DEBUG    | eval.evaluation.evaluation:evaluate_single_query:321 - wide2deep_ws_en_052, col sea/basin, metric_func_name llm_judge, score [1, 1, 1, 1, 0, 1, 0, 0, 1, 1, 1, 1, 0, 1, 0, 1, 1, 0, 0, 1, 1, 1, 1, 1, 0, 0, 0, 1, 1, 0, 0, 1, 1, 0, 1, 0, 1, 1, 0, 1, 1, 1]
2026-08-07 13:42:24.729 | DEBUG    | eval.evaluation.evaluation:metric_call:77 - metric_func_name number_near score 1.0 msg number near in range 10.0%, response: 302.4, target: 302.0
2026-08-07 13:42:24.730 | DEBUG    | eval.evaluation.evaluation:metric_call:77 - metric_func_name number_near score 1.0 msg number near in range 10.0%, response: 400.0, target: 400.0
2026-08-07 13:42:24.730 | DEBUG    | eval.evaluation.evaluation:metric_call:77 - metric_func_name number_near score 1.0 msg number near in range 10.0%, response: 385.0, target: 385.0
2026-08-07 13:42:24.730 | DEBUG    | eval.evaluation.evaluation:metric_call:77 - metric_func_name number_near score 1.0 msg number near in range 10.0%, response: 476.25, target: 476.0
2026-08-07 13:42:24.730 | DEBUG    | eval.evaluation.evaluation:metric_call:77 - metric_func_name number_near score 1.0 msg number near in range 10.0%, response: 400.0, target: 400.0
2026-08-07 13:42:24.730 | DEBUG    | eval.evaluation.evaluation:metric_call:77 - metric_func_name number_near score 1.0 msg number near in range 10.0%, response: 588.0, target: 588.0
2026-08-07 13:42:24.730 | DEBUG    | eval.evaluation.evaluation:metric_call:77 - metric_func_name number_near score 1.0 msg number near in range 10.0%, response: 752.0, target: 752.0
2026-08-07 13:42:24.730 | DEBUG    | eval.evaluation.evaluation:metric_call:77 - metric_func_name number_near score 1.0 msg number near in range 10.0%, response: 731.5, target: 731.0
2026-08-07 13:42:24.730 | DEBUG    | eval.evaluation.evaluation:metric_call:77 - metric_func_name number_near score 1.0 msg number near in range 10.0%, response: 402.0, target: 402.0
2026-08-07 13:42:24.730 | DEBUG    | eval.evaluation.evaluation:metric_call:77 - metric_func_name number_near score 1.0 msg number near in range 10.0%, response: 714.0, target: 714.0
2026-08-07 13:42:24.730 | DEBUG    | eval.evaluation.evaluation:metric_call:77 - metric_func_name number_near score 1.0 msg number near in range 10.0%, response: 497.0, target: 497.0
2026-08-07 13:42:24.730 | DEBUG    | eval.evaluation.evaluation:metric_call:77 - metric_func_name number_near score 1.0 msg number near in range 10.0%, response: 353.0, target: 353.0
2026-08-07 13:42:24.730 | DEBUG    | eval.evaluation.evaluation:metric_call:77 - metric_func_name number_near score 1.0 msg number near in range 10.0%, response: 600.0, target: 600.0
2026-08-07 13:42:24.730 | DEBUG    | eval.evaluation.evaluation:metric_call:77 - metric_func_name number_near score 1.0 msg number near in range 10.0%, response: 400.0, target: 400.0
2026-08-07 13:42:24.730 | DEBUG    | eval.evaluation.evaluation:metric_call:77 - metric_func_name number_near score 1.0 msg number near in range 10.0%, response: 504.0, target: 504.0
2026-08-07 13:42:24.730 | DEBUG    | eval.evaluation.evaluation:metric_call:77 - metric_func_name number_near score 1.0 msg number near in range 10.0%, response: 576.0, target: 576.0
2026-08-07 13:42:24.730 | DEBUG    | eval.evaluation.evaluation:metric_call:77 - metric_func_name number_near score 1.0 msg number near in range 10.0%, response: 497.0, target: 497.0
2026-08-07 13:42:24.730 | DEBUG    | eval.evaluation.evaluation:metric_call:77 - metric_func_name number_near score 1.0 msg number near in range 10.0%, response: 759.0, target: 759.0
2026-08-07 13:42:24.731 | DEBUG    | eval.evaluation.evaluation:metric_call:77 - metric_func_name number_near score 1.0 msg number near in range 10.0%, response: 406.7, target: 407.0
2026-08-07 13:42:24.731 | DEBUG    | eval.evaluation.evaluation:metric_call:77 - metric_func_name number_near score 1.0 msg number near in range 10.0%, response: 1218.0, target: 1218.0
2026-08-07 13:42:24.731 | DEBUG    | eval.evaluation.evaluation:metric_call:77 - metric_func_name number_near score 1.0 msg number near in range 10.0%, response: 1386.0, target: 1386.0
2026-08-07 13:42:24.731 | DEBUG    | eval.evaluation.evaluation:metric_call:77 - metric_func_name number_near score 1.0 msg number near in range 10.0%, response: 342.0, target: 342.0
2026-08-07 13:42:24.731 | DEBUG    | eval.evaluation.evaluation:metric_call:77 - metric_func_name number_near score 1.0 msg number near in range 10.0%, response: 604.0, target: 604.0
2026-08-07 13:42:24.731 | DEBUG    | eval.evaluation.evaluation:metric_call:77 - metric_func_name number_near score 1.0 msg number near in range 10.0%, response: 630.0, target: 630.0
2026-08-07 13:42:24.731 | DEBUG    | eval.evaluation.evaluation:metric_call:77 - metric_func_name number_near score 1.0 msg number near in range 10.0%, response: 396.0, target: 396.0
2026-08-07 13:42:24.731 | DEBUG    | eval.evaluation.evaluation:metric_call:77 - metric_func_name number_near score 1.0 msg number near in range 10.0%, response: 950.0, target: 950.0
2026-08-07 13:42:24.731 | DEBUG    | eval.evaluation.evaluation:metric_call:77 - metric_func_name number_near score 1.0 msg number near in range 10.0%, response: 370.0, target: 370.0
2026-08-07 13:42:24.731 | DEBUG    | eval.evaluation.evaluation:metric_call:77 - metric_func_name number_near score 1.0 msg number near in range 10.0%, response: 573.3, target: 573.0
2026-08-07 13:42:24.731 | DEBUG    | eval.evaluation.evaluation:metric_call:77 - metric_func_name number_near score 1.0 msg number near in range 10.0%, response: 400.0, target: 400.0
2026-08-07 13:42:24.731 | DEBUG    | eval.evaluation.evaluation:metric_call:77 - metric_func_name number_near score 1.0 msg number near in range 10.0%, response: 309.0, target: 309.0
2026-08-07 13:42:24.731 | DEBUG    | eval.evaluation.evaluation:metric_call:77 - metric_func_name number_near score 1.0 msg number near in range 10.0%, response: 496.0, target: 496.0
2026-08-07 13:42:24.731 | DEBUG    | eval.evaluation.evaluation:metric_call:77 - metric_func_name number_near score 1.0 msg number near in range 10.0%, response: 480.0, target: 480.0
2026-08-07 13:42:24.731 | DEBUG    | eval.evaluation.evaluation:metric_call:77 - metric_func_name number_near score 1.0 msg number near in range 10.0%, response: 1075.0, target: 1075.0
2026-08-07 13:42:24.731 | DEBUG    | eval.evaluation.evaluation:metric_call:77 - metric_func_name number_near score 1.0 msg number near in range 10.0%, response: 487.0, target: 487.0
2026-08-07 13:42:24.731 | DEBUG    | eval.evaluation.evaluation:metric_call:77 - metric_func_name number_near score 1.0 msg number near in range 10.0%, response: 316.8, target: 317.0
2026-08-07 13:42:24.731 | DEBUG    | eval.evaluation.evaluation:metric_call:77 - metric_func_name number_near score 1.0 msg number near in range 10.0%, response: 300.0, target: 300.0
2026-08-07 13:42:24.732 | DEBUG    | eval.evaluation.evaluation:metric_call:77 - metric_func_name number_near score 1.0 msg number near in range 10.0%, response: 325.2, target: 325.0
2026-08-07 13:42:24.732 | DEBUG    | eval.evaluation.evaluation:metric_call:77 - metric_func_name number_near score 1.0 msg number near in range 10.0%, response: 857.0, target: 857.0
2026-08-07 13:42:24.732 | DEBUG    | eval.evaluation.evaluation:metric_call:77 - metric_func_name number_near score 1.0 msg number near in range 10.0%, response: 402.0, target: 402.0
2026-08-07 13:42:24.732 | DEBUG    | eval.evaluation.evaluation:metric_call:77 - metric_func_name number_near score 1.0 msg number near in range 10.0%, response: 659.0, target: 659.0
2026-08-07 13:42:24.732 | DEBUG    | eval.evaluation.evaluation:metric_call:77 - metric_func_name number_near score 1.0 msg number near in range 10.0%, response: 389.0, target: 389.0
2026-08-07 13:42:24.732 | DEBUG    | eval.evaluation.evaluation:metric_call:77 - metric_func_name number_near score 1.0 msg number near in range 10.0%, response: 350.0, target: 350.0
2026-08-07 13:42:24.733 | DEBUG    | eval.evaluation.evaluation:evaluate_single_query:321 - wide2deep_ws_en_052, col capacity(mw), metric_func_name number_near, score [1.0, 1.0, 1.0, 1.0, 1.0, 1.0, 1.0, 1.0, 1.0, 1.0, 1.0, 1.0, 1.0, 1.0, 1.0, 1.0, 1.0, 1.0, 1.0, 1.0, 1.0, 1.0, 1.0, 1.0, 1.0, 1.0, 1.0, 1.0, 1.0, 1.0, 1.0, 1.0, 1.0, 1.0, 1.0, 1.0, 1.0, 1.0, 1.0, 1.0, 1.0, 1.0]
2026-08-07 13:42:24.733 | DEBUG    | eval.evaluation.evaluation:metric_call:77 - metric_func_name exact_match score 1.0 msg exact match, response: 80, target: 80
2026-08-07 13:42:24.733 | DEBUG    | eval.evaluation.evaluation:metric_call:77 - metric_func_name exact_match score 1.0 msg exact match, response: 111, target: 111
2026-08-07 13:42:24.733 | DEBUG    | eval.evaluation.evaluation:metric_call:77 - metric_func_name exact_match score 1.0 msg exact match, response: 60, target: 60
2026-08-07 13:42:24.733 | DEBUG    | eval.evaluation.evaluation:metric_call:77 - metric_func_name exact_match score 1.0 msg exact match, response: 50, target: 50
2026-08-07 13:42:24.733 | DEBUG    | eval.evaluation.evaluation:metric_call:77 - metric_func_name exact_match score 1.0 msg exact match, response: 80, target: 80
2026-08-07 13:42:24.733 | DEBUG    | eval.evaluation.evaluation:metric_call:77 - metric_func_name exact_match score 1.0 msg exact match, response: 84, target: 84
2026-08-07 13:42:24.733 | DEBUG    | eval.evaluation.evaluation:metric_call:77 - metric_func_name exact_match score 1.0 msg exact match, response: 94, target: 94
2026-08-07 13:42:24.733 | DEBUG    | eval.evaluation.evaluation:metric_call:77 - metric_func_name exact_match score 1.0 msg exact match, response: 77, target: 77
2026-08-07 13:42:24.733 | DEBUG    | eval.evaluation.evaluation:metric_call:77 - metric_func_name exact_match score 1.0 msg exact match, response: 67, target: 67
2026-08-07 13:42:24.733 | DEBUG    | eval.evaluation.evaluation:metric_call:77 - metric_func_name exact_match score 1.0 msg exact match, response: 102, target: 102
2026-08-07 13:42:24.733 | DEBUG    | eval.evaluation.evaluation:metric_call:77 - metric_func_name exact_match score 1.0 msg exact match, response: 71, target: 71
2026-08-07 13:42:24.733 | DEBUG    | eval.evaluation.evaluation:metric_call:77 - metric_func_name exact_match score 1.0 msg exact match, response: 56, target: 56
2026-08-07 13:42:24.734 | DEBUG    | eval.evaluation.evaluation:metric_call:77 - metric_func_name exact_match score 1.0 msg exact match, response: 150, target: 150
2026-08-07 13:42:24.734 | DEBUG    | eval.evaluation.evaluation:metric_call:77 - metric_func_name exact_match score 1.0 msg exact match, response: 80, target: 80
2026-08-07 13:42:24.734 | DEBUG    | eval.evaluation.evaluation:metric_call:77 - metric_func_name exact_match score 1.0 msg exact match, response: 140, target: 140
2026-08-07 13:42:24.734 | DEBUG    | eval.evaluation.evaluation:metric_call:77 - metric_func_name exact_match score 1.0 msg exact match, response: 160, target: 160
2026-08-07 13:42:24.734 | DEBUG    | eval.evaluation.evaluation:metric_call:77 - metric_func_name exact_match score 1.0 msg exact match, response: 71, target: 71
2026-08-07 13:42:24.734 | DEBUG    | eval.evaluation.evaluation:metric_call:77 - metric_func_name exact_match score 1.0 msg exact match, response: 69, target: 69
2026-08-07 13:42:24.734 | DEBUG    | eval.evaluation.evaluation:metric_call:77 - metric_func_name exact_match score 1.0 msg exact match, response: 49, target: 49
2026-08-07 13:42:24.734 | DEBUG    | eval.evaluation.evaluation:metric_call:77 - metric_func_name exact_match score 1.0 msg exact match, response: 174, target: 174
2026-08-07 13:42:24.734 | DEBUG    | eval.evaluation.evaluation:metric_call:77 - metric_func_name exact_match score 1.0 msg exact match, response: 165, target: 165
2026-08-07 13:42:24.734 | DEBUG    | eval.evaluation.evaluation:metric_call:77 - metric_func_name exact_match score 1.0 msg exact match, response: 38, target: 38
2026-08-07 13:42:24.734 | DEBUG    | eval.evaluation.evaluation:metric_call:77 - metric_func_name exact_match score 1.0 msg exact match, response: 72, target: 72
2026-08-07 13:42:24.734 | DEBUG    | eval.evaluation.evaluation:metric_call:77 - metric_func_name exact_match score 1.0 msg exact match, response: 175, target: 175
2026-08-07 13:42:24.734 | DEBUG    | eval.evaluation.evaluation:metric_call:77 - metric_func_name exact_match score 1.0 msg exact match, response: 66, target: 66
2026-08-07 13:42:24.734 | DEBUG    | eval.evaluation.evaluation:metric_call:77 - metric_func_name exact_match score 1.0 msg exact match, response: 100, target: 100
2026-08-07 13:42:24.734 | DEBUG    | eval.evaluation.evaluation:metric_call:77 - metric_func_name exact_match score 1.0 msg exact match, response: 44, target: 44
2026-08-07 13:42:24.734 | DEBUG    | eval.evaluation.evaluation:metric_call:77 - metric_func_name exact_match score 1.0 msg exact match, response: 91, target: 91
2026-08-07 13:42:24.734 | DEBUG    | eval.evaluation.evaluation:metric_call:77 - metric_func_name exact_match score 1.0 msg exact match, response: 116, target: 116
2026-08-07 13:42:24.734 | DEBUG    | eval.evaluation.evaluation:metric_call:77 - metric_func_name exact_match score 1.0 msg exact match, response: 42, target: 42
2026-08-07 13:42:24.734 | DEBUG    | eval.evaluation.evaluation:metric_call:77 - metric_func_name exact_match score 1.0 msg exact match, response: 62, target: 62
2026-08-07 13:42:24.734 | DEBUG    | eval.evaluation.evaluation:metric_call:77 - metric_func_name exact_match score 1.0 msg exact match, response: 80, target: 80
2026-08-07 13:42:24.735 | DEBUG    | eval.evaluation.evaluation:metric_call:77 - metric_func_name exact_match score 1.0 msg exact match, response: 114, target: 114
2026-08-07 13:42:24.735 | DEBUG    | eval.evaluation.evaluation:metric_call:77 - metric_func_name exact_match score 1.0 msg exact match, response: 58, target: 58
2026-08-07 13:42:24.735 | DEBUG    | eval.evaluation.evaluation:metric_call:77 - metric_func_name exact_match score 1.0 msg exact match, response: 88, target: 88
2026-08-07 13:42:24.735 | DEBUG    | eval.evaluation.evaluation:metric_call:77 - metric_func_name exact_match score 1.0 msg exact match, response: 100, target: 100
2026-08-07 13:42:24.735 | DEBUG    | eval.evaluation.evaluation:metric_call:77 - metric_func_name exact_match score 1.0 msg exact match, response: 54, target: 54
2026-08-07 13:42:24.735 | DEBUG    | eval.evaluation.evaluation:metric_call:77 - metric_func_name exact_match score 1.0 msg exact match, response: 90, target: 90
2026-08-07 13:42:24.735 | DEBUG    | eval.evaluation.evaluation:metric_call:77 - metric_func_name exact_match score 1.0 msg exact match, response: 67, target: 67
2026-08-07 13:42:24.735 | DEBUG    | eval.evaluation.evaluation:metric_call:77 - metric_func_name exact_match score 1.0 msg exact match, response: 87, target: 87
2026-08-07 13:42:24.735 | DEBUG    | eval.evaluation.evaluation:metric_call:77 - metric_func_name exact_match score 1.0 msg exact match, response: 108, target: 108
2026-08-07 13:42:24.735 | DEBUG    | eval.evaluation.evaluation:metric_call:77 - metric_func_name exact_match score 1.0 msg exact match, response: 70, target: 70
2026-08-07 13:42:24.736 | DEBUG    | eval.evaluation.evaluation:evaluate_single_query:321 - wide2deep_ws_en_052, col turbinesnumber, metric_func_name exact_match, score [1.0, 1.0, 1.0, 1.0, 1.0, 1.0, 1.0, 1.0, 1.0, 1.0, 1.0, 1.0, 1.0, 1.0, 1.0, 1.0, 1.0, 1.0, 1.0, 1.0, 1.0, 1.0, 1.0, 1.0, 1.0, 1.0, 1.0, 1.0, 1.0, 1.0, 1.0, 1.0, 1.0, 1.0, 1.0, 1.0, 1.0, 1.0, 1.0, 1.0, 1.0, 1.0]
2026-08-07 13:42:32.883 | DEBUG    | eval.evaluation.evaluation:evaluate_single_query:321 - wide2deep_ws_en_052, col turbinemodel, metric_func_name llm_judge, score [1, 0, 1, 1, 1, 1, 1, 1, 1, 1, 1, 1, 1, 1, 1, 1, 1, 1, 1, 1, 1, 1, 0, 1, 1, 1, 1, 1, 1, 1, 1, 1, 1, 1, 1, 1, 0, 1, 1, 1, 1, 1]
2026-08-07 13:42:32.883 | DEBUG    | eval.evaluation.evaluation:metric_call:77 - metric_func_name exact_match score 1.0 msg exact match, response: 2015, target: 2015
2026-08-07 13:42:32.883 | DEBUG    | eval.evaluation.evaluation:metric_call:77 - metric_func_name exact_match score 1.0 msg exact match, response: 2013, target: 2013
2026-08-07 13:42:32.883 | DEBUG    | eval.evaluation.evaluation:metric_call:77 - metric_func_name exact_match score 1.0 msg exact match, response: 2019, target: 2019
2026-08-07 13:42:32.883 | DEBUG    | eval.evaluation.evaluation:metric_call:77 - metric_func_name exact_match score 1.0 msg exact match, response: 2024, target: 2024
2026-08-07 13:42:32.883 | DEBUG    | eval.evaluation.evaluation:metric_call:77 - metric_func_name exact_match score 1.0 msg exact match, response: 2013, target: 2013
2026-08-07 13:42:32.883 | DEBUG    | eval.evaluation.evaluation:metric_call:77 - metric_func_name exact_match score 1.0 msg exact match, response: 2019, target: 2019
2026-08-07 13:42:32.884 | DEBUG    | eval.evaluation.evaluation:metric_call:77 - metric_func_name exact_match score 1.0 msg exact match, response: 2020, target: 2020
2026-08-07 13:42:32.884 | DEBUG    | eval.evaluation.evaluation:metric_call:77 - metric_func_name exact_match score 1.0 msg exact match, response: 2021, target: 2021
2026-08-07 13:42:32.884 | DEBUG    | eval.evaluation.evaluation:metric_call:77 - metric_func_name exact_match score 1.0 msg exact match, response: 2017, target: 2017
2026-08-07 13:42:32.884 | DEBUG    | eval.evaluation.evaluation:metric_call:77 - metric_func_name exact_match score 1.0 msg exact match, response: 2020, target: 2020
2026-08-07 13:42:32.884 | DEBUG    | eval.evaluation.evaluation:metric_call:77 - metric_func_name exact_match score 1.0 msg exact match, response: 2024, target: 2024
2026-08-07 13:42:32.884 | DEBUG    | eval.evaluation.evaluation:metric_call:77 - metric_func_name exact_match score 1.0 msg exact match, response: 2018, target: 2018
2026-08-07 13:42:32.884 | DEBUG    | eval.evaluation.evaluation:metric_call:77 - metric_func_name exact_match score 1.0 msg exact match, response: 2017, target: 2017
2026-08-07 13:42:32.884 | DEBUG    | eval.evaluation.evaluation:metric_call:77 - metric_func_name exact_match score 1.0 msg exact match, response: 2015, target: 2015
2026-08-07 13:42:32.884 | DEBUG    | eval.evaluation.evaluation:metric_call:77 - metric_func_name exact_match score 1.0 msg exact match, response: 2012, target: 2012
2026-08-07 13:42:32.884 | DEBUG    | eval.evaluation.evaluation:metric_call:77 - metric_func_name exact_match score 1.0 msg exact match, response: 2015, target: 2015
2026-08-07 13:42:32.884 | DEBUG    | eval.evaluation.evaluation:metric_call:77 - metric_func_name exact_match score 1.0 msg exact match, response: 2019, target: 2019
2026-08-07 13:42:32.884 | DEBUG    | eval.evaluation.evaluation:metric_call:77 - metric_func_name exact_match score 1.0 msg exact match, response: 2023, target: 2023
2026-08-07 13:42:32.884 | DEBUG    | eval.evaluation.evaluation:metric_call:77 - metric_func_name exact_match score 1.0 msg exact match, response: 2019, target: 2019
2026-08-07 13:42:32.884 | DEBUG    | eval.evaluation.evaluation:metric_call:77 - metric_func_name exact_match score 1.0 msg exact match, response: 2019, target: 2019
2026-08-07 13:42:32.884 | DEBUG    | eval.evaluation.evaluation:metric_call:77 - metric_func_name exact_match score 1.0 msg exact match, response: 2022, target: 2022
2026-08-07 13:42:32.884 | DEBUG    | eval.evaluation.evaluation:metric_call:77 - metric_func_name exact_match score 1.0 msg exact match, response: 2022, target: 2022
2026-08-07 13:42:32.884 | DEBUG    | eval.evaluation.evaluation:metric_call:77 - metric_func_name exact_match score 1.0 msg exact match, response: 2021, target: 2021
2026-08-07 13:42:32.884 | DEBUG    | eval.evaluation.evaluation:metric_call:77 - metric_func_name exact_match score 1.0 msg exact match, response: 2013, target: 2013
2026-08-07 13:42:32.884 | DEBUG    | eval.evaluation.evaluation:metric_call:77 - metric_func_name exact_match score 1.0 msg exact match, response: 2019, target: 2019
2026-08-07 13:42:32.884 | DEBUG    | eval.evaluation.evaluation:metric_call:77 - metric_func_name exact_match score 1.0 msg exact match, response: 2022, target: 2022
2026-08-07 13:42:32.885 | DEBUG    | eval.evaluation.evaluation:metric_call:77 - metric_func_name exact_match score 1.0 msg exact match, response: 2019, target: 2019
2026-08-07 13:42:32.885 | DEBUG    | eval.evaluation.evaluation:metric_call:77 - metric_func_name exact_match score 1.0 msg exact match, response: 2018, target: 2018
2026-08-07 13:42:32.885 | DEBUG    | eval.evaluation.evaluation:metric_call:77 - metric_func_name exact_match score 1.0 msg exact match, response: 2018, target: 2018
2026-08-07 13:42:32.885 | DEBUG    | eval.evaluation.evaluation:metric_call:77 - metric_func_name exact_match score 1.0 msg exact match, response: 2018, target: 2018
2026-08-07 13:42:32.885 | DEBUG    | eval.evaluation.evaluation:metric_call:77 - metric_func_name exact_match score 1.0 msg exact match, response: 2024, target: 2024
2026-08-07 13:42:32.885 | DEBUG    | eval.evaluation.evaluation:metric_call:77 - metric_func_name exact_match score 1.0 msg exact match, response: 2022, target: 2022
2026-08-07 13:42:32.885 | DEBUG    | eval.evaluation.evaluation:metric_call:77 - metric_func_name exact_match score 1.0 msg exact match, response: 2023, target: 2023
2026-08-07 13:42:32.885 | DEBUG    | eval.evaluation.evaluation:metric_call:77 - metric_func_name exact_match score 1.0 msg exact match, response: 2020, target: 2020
2026-08-07 13:42:32.885 | DEBUG    | eval.evaluation.evaluation:metric_call:77 - metric_func_name exact_match score 1.0 msg exact match, response: 2012, target: 2012
2026-08-07 13:42:32.885 | DEBUG    | eval.evaluation.evaluation:metric_call:77 - metric_func_name exact_match score 1.0 msg exact match, response: 2010, target: 2010
2026-08-07 13:42:32.885 | DEBUG    | eval.evaluation.evaluation:metric_call:77 - metric_func_name exact_match score 1.0 msg exact match, response: 2013, target: 2013
2026-08-07 13:42:32.885 | DEBUG    | eval.evaluation.evaluation:metric_call:77 - metric_func_name exact_match score 1.0 msg exact match, response: 2022, target: 2022
2026-08-07 13:42:32.885 | DEBUG    | eval.evaluation.evaluation:metric_call:77 - metric_func_name exact_match score 1.0 msg exact match, response: 2017, target: 2017
2026-08-07 13:42:32.885 | DEBUG    | eval.evaluation.evaluation:metric_call:77 - metric_func_name exact_match score 1.0 msg exact match, response: 2018, target: 2018
2026-08-07 13:42:32.885 | DEBUG    | eval.evaluation.evaluation:metric_call:77 - metric_func_name exact_match score 1.0 msg exact match, response: 2014, target: 2014
2026-08-07 13:42:32.885 | DEBUG    | eval.evaluation.evaluation:metric_call:77 - metric_func_name exact_match score 1.0 msg exact match, response: 2018, target: 2018
2026-08-07 13:42:32.886 | DEBUG    | eval.evaluation.evaluation:evaluate_single_query:321 - wide2deep_ws_en_052, col commissioningyear, metric_func_name exact_match, score [1.0, 1.0, 1.0, 1.0, 1.0, 1.0, 1.0, 1.0, 1.0, 1.0, 1.0, 1.0, 1.0, 1.0, 1.0, 1.0, 1.0, 1.0, 1.0, 1.0, 1.0, 1.0, 1.0, 1.0, 1.0, 1.0, 1.0, 1.0, 1.0, 1.0, 1.0, 1.0, 1.0, 1.0, 1.0, 1.0, 1.0, 1.0, 1.0, 1.0, 1.0, 1.0]
2026-08-07 13:42:53.921 | DEBUG    | eval.evaluation.evaluation:evaluate_single_query:321 - wide2deep_ws_en_052, col owner/operator, metric_func_name llm_judge, score [1, 0, 1, 1, 1, 0, 1, 1, 0, 1, 1, 0, 1, 1, 1, 0, 1, 1, 1, 0, 0, 1, 1, 0, 0, 1, 0, 1, 0, 1, 1, 1, 1, 1, 1, 1, 1, 1, 0, 1, 0, 1]
2026-08-07 13:42:53.932 | INFO     | eval.evaluation.evaluation:evaluate_single_query:380 - wide2deep_ws_en_052, P/R/F1 by unique_columns: 0.9333/0.8571/0.8936
2026-08-07 13:42:53.932 | INFO     | eval.evaluation.evaluation:evaluate_single_query:383 - wide2deep_ws_en_052, P/R/F1 by row: 0.3333/0.3061/0.3191
2026-08-07 13:42:53.932 | INFO     | eval.evaluation.evaluation:evaluate_single_query:386 - wide2deep_ws_en_052, P/R/F1 by item: 0.8349/0.7668/0.7994
2026-08-07 13:42:53.937 | INFO     | eval.evaluation.evaluation:evaluate_single_query:398 - wide2deep_ws_en_052, final table score: 0.0
{"event": "eval_done", "idx": 2, "instance_id": "wide2deep_ws_en_052", "score": 0.0, "entity_acc": 1.0, "f1_by_row": 0.3191489361702127, "f1_by_item": 0.7993920972644377, "column_f1": 0.8936170212765957, "error": null, "elapsed_seconds": 50.023, "running_n": 2}
2026-08-07 13:42:55.927 | DEBUG    | eval.evaluation.data_loader:extract_dataframe:167 - find markdown_str 
| Project | State | Start Year | Completion Year | Final Total  ...
2026-08-07 13:43:00.701 | INFO     | eval.evaluation.metric_utils:primary_key_preprocess:246 - primary_key_preprocess result: ```json
{
  "Salt Lake City International Airport New SLC Redevelopment Program": "the New Salt Lake City International Airport",
  "LaGuardia Airport Redevelopment Program": "LaGuardia Reconstruction",
  "John F. Kennedy International Airport Redevelopment Program": "JFK International Airport Master Plan",
  "Kansas City International Airport New Terminal Project": "Kansas City International - single-terminal replacement",
  "Pittsburgh International Airport Terminal Modernization Program": "Pittsburgh International Airport-new terminal",
  "Denver International Airport Great Hall Completion Program": "Denver Airport Great Hall Renovation",
  "Dallas/Fort Worth International Airport Terminal Renewal and Improvement Program": "Dallas/Fort Worth Airport Terminal Renewal & Improvement Program",
  "George Bush Intercontinental Airport International Terminal Redevelopment Program": "IAH Terminal Redevelopment Program (ITRP)",
  "Journey With AUS—Austin-Bergstrom International Airport Expansion Program": "Austin-Bergstrom Intl Airport -Decade-Long Expansion Plan",
  "BNA Vision—Nashville International Airport Expansion and Renovation Program": "(Nashville International Airport) BNA Vision Expansion",
  "New Horizon—Nashville International Airport Improvement Program": "Nashville International Airport-New Horizon",
  "Newark Liberty International Airport Terminal A Redevelopment Program": "Newark Liberty International Airport– New Terminal A",
  "PDX Next—Portland International Airport Modernization Program": "Portland International Airport- new terminal(PDXNext)",
  "Louis Armstrong New Orleans International Airport New Terminal Program": "Louis Armstrong New Orleans International - North Terminal"
}
```
2026-08-07 13:43:00.701 | INFO     | eval.evaluation.evaluation:evaluate_single_query:223 - col: project, primary_key_map {'Salt Lake City International Airport New SLC Redevelopment Program': 'the New Salt Lake City International Airport', 'LaGuardia Airport Redevelopment Program': 'LaGuardia Reconstruction', 'John F. Kennedy International Airport Redevelopment Program': 'JFK International Airport Master Plan', 'Kansas City International Airport New Terminal Project': 'Kansas City International - single-terminal replacement', 'Pittsburgh International Airport Terminal Modernization Program': 'Pittsburgh International Airport-new terminal', 'Denver International Airport Great Hall Completion Program': 'Denver Airport Great Hall Renovation', 'Dallas/Fort Worth International Airport Terminal Renewal and Improvement Program': 'Dallas/Fort Worth Airport Terminal Renewal & Improvement Program', 'George Bush Intercontinental Airport International Terminal Redevelopment Program': 'IAH Terminal Redevelopment Program (ITRP)', 'Journey With AUS—Austin-Bergstrom International Airport Expansion Program': 'Austin-Bergstrom Intl Airport -Decade-Long Expansion Plan', 'BNA Vision—Nashville International Airport Expansion and Renovation Program': '(Nashville International Airport) BNA Vision Expansion', 'New Horizon—Nashville International Airport Improvement Program': 'Nashville International Airport-New Horizon', 'Newark Liberty International Airport Terminal A Redevelopment Program': 'Newark Liberty International Airport– New Terminal A', 'PDX Next—Portland International Airport Modernization Program': 'Portland International Airport- new terminal(PDXNext)', 'Louis Armstrong New Orleans International Airport New Terminal Program': 'Louis Armstrong New Orleans International - North Terminal'}
2026-08-07 13:43:00.707 | INFO     | eval.evaluation.evaluation:evaluate_single_query:275 - wide2deep_ws_en_054, df_inner shape: (14, 10), answer_df shape: (16, 5), response_df shape: (14, 6)
2026-08-07 13:43:03.369 | DEBUG    | eval.evaluation.evaluation:evaluate_single_query:321 - wide2deep_ws_en_054, col state, metric_func_name llm_judge, score [1, 1, 1, 1, 1, 1, 1, 1, 1, 1, 1, 1, 1, 1]
2026-08-07 13:43:06.339 | DEBUG    | eval.evaluation.evaluation:evaluate_single_query:321 - wide2deep_ws_en_054, col startyear, metric_func_name llm_judge, score [1, 1, 1, 1, 0, 1, 0, 1, 1, 1, 0, 1, 1, 1]
2026-08-07 13:43:06.340 | DEBUG    | eval.evaluation.evaluation:metric_call:77 - metric_func_name exact_match score 1.0 msg exact match, response: nan, target: nan
2026-08-07 13:43:06.340 | DEBUG    | eval.evaluation.evaluation:metric_call:77 - metric_func_name exact_match score 1.0 msg exact match, response: 2019.0, target: 2019.0
2026-08-07 13:43:06.340 | DEBUG    | eval.evaluation.evaluation:metric_call:77 - metric_func_name exact_match score 1.0 msg exact match, response: 2023.0, target: 2023.0
2026-08-07 13:43:06.340 | DEBUG    | eval.evaluation.evaluation:metric_call:77 - metric_func_name exact_match score 1.0 msg exact match, response: 2023.0, target: 2023.0
2026-08-07 13:43:06.340 | DEBUG    | eval.evaluation.evaluation:metric_call:77 - metric_func_name exact_match score 1.0 msg exact match, response: nan, target: nan
2026-08-07 13:43:06.340 | DEBUG    | eval.evaluation.evaluation:metric_call:77 - metric_func_name exact_match score 1.0 msg exact match, response: 2022.0, target: 2022.0
2026-08-07 13:43:06.340 | DEBUG    | eval.evaluation.evaluation:metric_call:77 - metric_func_name exact_match score 0.0 msg exact not match, response: nan, target: 2024.0
2026-08-07 13:43:06.340 | DEBUG    | eval.evaluation.evaluation:metric_call:77 - metric_func_name exact_match score 1.0 msg exact match, response: nan, target: nan
2026-08-07 13:43:06.340 | DEBUG    | eval.evaluation.evaluation:metric_call:77 - metric_func_name exact_match score 0.0 msg exact not match, response: 2024.0, target: 2023.0
2026-08-07 13:43:06.340 | DEBUG    | eval.evaluation.evaluation:metric_call:77 - metric_func_name exact_match score 1.0 msg exact match, response: nan, target: nan
2026-08-07 13:43:06.340 | DEBUG    | eval.evaluation.evaluation:metric_call:77 - metric_func_name exact_match score 1.0 msg exact match, response: nan, target: nan
2026-08-07 13:43:06.340 | DEBUG    | eval.evaluation.evaluation:metric_call:77 - metric_func_name exact_match score 0.0 msg exact not match, response: 2017.0, target: 2018.0
2026-08-07 13:43:06.340 | DEBUG    | eval.evaluation.evaluation:metric_call:77 - metric_func_name exact_match score 1.0 msg exact match, response: nan, target: nan
2026-08-07 13:43:06.340 | DEBUG    | eval.evaluation.evaluation:metric_call:77 - metric_func_name exact_match score 1.0 msg exact match, response: nan, target: nan
2026-08-07 13:43:06.341 | DEBUG    | eval.evaluation.evaluation:evaluate_single_query:321 - wide2deep_ws_en_054, col completionyear, metric_func_name exact_match, score [1.0, 1.0, 1.0, 1.0, 1.0, 1.0, 0.0, 1.0, 0.0, 1.0, 1.0, 0.0, 1.0, 1.0]
2026-08-07 13:43:06.341 | DEBUG    | eval.evaluation.evaluation:metric_call:77 - metric_func_name number_near score 0.0 msg number not near, response: 2.1, target: 1.3
2026-08-07 13:43:06.341 | DEBUG    | eval.evaluation.evaluation:metric_call:77 - metric_func_name number_near score 1.0 msg number near in range 10.0%, response: 1.3, target: 1.3
2026-08-07 13:43:06.341 | DEBUG    | eval.evaluation.evaluation:metric_call:77 - metric_func_name number_near score 1.0 msg number near in range 10.0%, response: 1.5, target: 1.5
2026-08-07 13:43:06.341 | DEBUG    | eval.evaluation.evaluation:metric_call:77 - metric_func_name number_near score 1.0 msg number near in range 10.0%, response: 2.7, target: 2.7
2026-08-07 13:43:06.342 | DEBUG    | eval.evaluation.evaluation:metric_call:77 - metric_func_name number_near score 1.0 msg number near in range 10.0%, response: 19.0, target: 19.0
2026-08-07 13:43:06.342 | DEBUG    | eval.evaluation.evaluation:metric_call:77 - metric_func_name number_near score 1.0 msg number near in range 10.0%, response: 8.0, target: 8.0
2026-08-07 13:43:06.342 | DEBUG    | eval.evaluation.evaluation:metric_call:77 - metric_func_name number_near score 1.0 msg number near in range 10.0%, response: 2.15, target: 2.15
2026-08-07 13:43:06.342 | DEBUG    | eval.evaluation.evaluation:metric_call:77 - metric_func_name number_near score 1.0 msg number near in range 10.0%, response: 1.7, target: 1.6
2026-08-07 13:43:06.342 | DEBUG    | eval.evaluation.evaluation:metric_call:77 - metric_func_name number_near score 1.0 msg number near in range 10.0%, response: 1.4, target: 1.5
2026-08-07 13:43:06.342 | DEBUG    | eval.evaluation.evaluation:metric_call:77 - metric_func_name number_near score 0.0 msg number not near, response: 1.5, target: 3.0
2026-08-07 13:43:06.342 | DEBUG    | eval.evaluation.evaluation:metric_call:77 - metric_func_name number_near score 0.0 msg number not near, response: 1.46, target: 1.3
2026-08-07 13:43:06.342 | DEBUG    | eval.evaluation.evaluation:metric_call:77 - metric_func_name number_near score 0.0 msg number not near, response: 2.7, target: 3.1
2026-08-07 13:43:06.342 | DEBUG    | eval.evaluation.evaluation:metric_call:77 - metric_func_name number_near score 1.0 msg number near in range 10.0%, response: 4.0, target: 4.0
2026-08-07 13:43:06.342 | DEBUG    | eval.evaluation.evaluation:metric_call:77 - metric_func_name number_near score 1.0 msg number near in range 10.0%, response: 5.1, target: 5.1
2026-08-07 13:43:06.343 | DEBUG    | eval.evaluation.evaluation:evaluate_single_query:321 - wide2deep_ws_en_054, col finaltotalcost, metric_func_name number_near, score [0.0, 1.0, 1.0, 1.0, 1.0, 1.0, 1.0, 1.0, 1.0, 0.0, 0.0, 0.0, 1.0, 1.0]
2026-08-07 13:43:06.347 | INFO     | eval.evaluation.evaluation:evaluate_single_query:380 - wide2deep_ws_en_054, P/R/F1 by unique_columns: 1.0000/0.8750/0.9333
2026-08-07 13:43:06.347 | INFO     | eval.evaluation.evaluation:evaluate_single_query:383 - wide2deep_ws_en_054, P/R/F1 by row: 0.5000/0.4375/0.4667
2026-08-07 13:43:06.347 | INFO     | eval.evaluation.evaluation:evaluate_single_query:386 - wide2deep_ws_en_054, P/R/F1 by item: 0.8571/0.7500/0.8000
2026-08-07 13:43:06.349 | INFO     | eval.evaluation.evaluation:evaluate_single_query:398 - wide2deep_ws_en_054, final table score: 0.0
{"event": "eval_done", "idx": 3, "instance_id": "wide2deep_ws_en_054", "score": 0.0, "entity_acc": 1.0, "f1_by_row": 0.4666666666666667, "f1_by_item": 0.7999999999999999, "column_f1": 0.9333333333333333, "error": null, "elapsed_seconds": 12.387, "running_n": 3}
2026-08-07 13:43:08.355 | DEBUG    | eval.evaluation.data_loader:extract_dataframe:167 - find markdown_str 
| State Name | Current Constitution Effective Date | Number of  ...
2026-08-07 13:43:13.163 | INFO     | eval.evaluation.metric_utils:primary_key_preprocess:246 - primary_key_preprocess result: ```json
{
  "Alabama": "Alabama",
  "Alaska": "Alaska",
  "Arizona": "Arizona",
  "Arkansas": "Arkansas",
  "California": "California",
  "Colorado": "Colorado",
  "Connecticut": "Connecticut",
  "Florida": "Florida",
  "Georgia": "Georgia",
  "Hawaii": "Hawaii",
  "Idaho": "Idaho",
  "Illinois": "Illinois",
  "Indiana": "Indiana",
  "Iowa": "Iowa",
  "Kansas": "Kansas",
  "Kentucky": "Kentucky",
  "Louisiana": "Louisiana",
  "Maine": "Maine",
  "Maryland": "Maryland",
  "Michigan": "Michigan",
  "Minnesota": "Minnesota",
  "Mississippi": "Mississippi",
  "Missouri": "Missouri",
  "Montana": "Montana",
  "Nebraska": "Nebraska",
  "New Jersey": "New Jersey",
  "New Mexico": "New Mexico",
  "North Carolina": "North Carolina",
  "North Dakota": "North Dakota",
  "Ohio": "Ohio",
  "Oklahoma": "Oklahoma",
  "Oregon": "Oregon",
  "Pennsylvania": "Pennsylvania",
  "South Carolina": "South Carolina",
  "South Dakota": "South Dakota",
  "Texas": "Texas",
  "Utah": "Utah",
  "Virginia": "Virginia",
  "Washington": "Washington",
  "Wisconsin": "Wisconsin",
  "Wyoming": "Wyoming"
}
```
2026-08-07 13:43:13.163 | INFO     | eval.evaluation.evaluation:evaluate_single_query:223 - col: statename, primary_key_map {'Alabama': 'Alabama', 'Alaska': 'Alaska', 'Arizona': 'Arizona', 'Arkansas': 'Arkansas', 'California': 'California', 'Colorado': 'Colorado', 'Connecticut': 'Connecticut', 'Florida': 'Florida', 'Georgia': 'Georgia', 'Hawaii': 'Hawaii', 'Idaho': 'Idaho', 'Illinois': 'Illinois', 'Indiana': 'Indiana', 'Iowa': 'Iowa', 'Kansas': 'Kansas', 'Kentucky': 'Kentucky', 'Louisiana': 'Louisiana', 'Maine': 'Maine', 'Maryland': 'Maryland', 'Michigan': 'Michigan', 'Minnesota': 'Minnesota', 'Mississippi': 'Mississippi', 'Missouri': 'Missouri', 'Montana': 'Montana', 'Nebraska': 'Nebraska', 'New Jersey': 'New Jersey', 'New Mexico': 'New Mexico', 'North Carolina': 'North Carolina', 'North Dakota': 'North Dakota', 'Ohio': 'Ohio', 'Oklahoma': 'Oklahoma', 'Oregon': 'Oregon', 'Pennsylvania': 'Pennsylvania', 'South Carolina': 'South Carolina', 'South Dakota': 'South Dakota', 'Texas': 'Texas', 'Utah': 'Utah', 'Virginia': 'Virginia', 'Washington': 'Washington', 'Wisconsin': 'Wisconsin', 'Wyoming': 'Wyoming'}
2026-08-07 13:43:13.169 | INFO     | eval.evaluation.evaluation:evaluate_single_query:275 - wide2deep_ws_en_064, df_inner shape: (41, 8), answer_df shape: (41, 4), response_df shape: (41, 5)
2026-08-07 13:43:13.170 | DEBUG    | eval.evaluation.evaluation:metric_call:77 - metric_func_name exact_match score 1.0 msg exact match, response: 2022-11-28, target: 2022-11-28
2026-08-07 13:43:13.170 | DEBUG    | eval.evaluation.evaluation:metric_call:77 - metric_func_name exact_match score 1.0 msg exact match, response: 1959-01-03, target: 1959-01-03
2026-08-07 13:43:13.170 | DEBUG    | eval.evaluation.evaluation:metric_call:77 - metric_func_name exact_match score 1.0 msg exact match, response: 1912-02-14, target: 1912-02-14
2026-08-07 13:43:13.170 | DEBUG    | eval.evaluation.evaluation:metric_call:77 - metric_func_name exact_match score 1.0 msg exact match, response: 1874-10-30, target: 1874-10-30
2026-08-07 13:43:13.170 | DEBUG    | eval.evaluation.evaluation:metric_call:77 - metric_func_name exact_match score 0.0 msg exact not match, response: 1879-07-04, target: 1879-05-07
2026-08-07 13:43:13.170 | DEBUG    | eval.evaluation.evaluation:metric_call:77 - metric_func_name exact_match score 1.0 msg exact match, response: 1876-08-01, target: 1876-08-01
2026-08-07 13:43:13.170 | DEBUG    | eval.evaluation.evaluation:metric_call:77 - metric_func_name exact_match score 1.0 msg exact match, response: 1965-12-30, target: 1965-12-30
2026-08-07 13:43:13.170 | DEBUG    | eval.evaluation.evaluation:metric_call:77 - metric_func_name exact_match score 0.0 msg exact not match, response: 1969-01-07, target: 1968-11-05
2026-08-07 13:43:13.170 | DEBUG    | eval.evaluation.evaluation:metric_call:77 - metric_func_name exact_match score 1.0 msg exact match, response: 1983-07-01, target: 1983-07-01
2026-08-07 13:43:13.170 | DEBUG    | eval.evaluation.evaluation:metric_call:77 - metric_func_name exact_match score 1.0 msg exact match, response: 1959-08-21, target: 1959-08-21
2026-08-07 13:43:13.170 | DEBUG    | eval.evaluation.evaluation:metric_call:77 - metric_func_name exact_match score 1.0 msg exact match, response: 1890-07-03, target: 1890-07-03
2026-08-07 13:43:13.170 | DEBUG    | eval.evaluation.evaluation:metric_call:77 - metric_func_name exact_match score 1.0 msg exact match, response: 1971-07-01, target: 1971-07-01
2026-08-07 13:43:13.170 | DEBUG    | eval.evaluation.evaluation:metric_call:77 - metric_func_name exact_match score 1.0 msg exact match, response: 1851-11-01, target: 1851-11-01
2026-08-07 13:43:13.170 | DEBUG    | eval.evaluation.evaluation:metric_call:77 - metric_func_name exact_match score 1.0 msg exact match, response: 1857-09-03, target: 1857-09-03
2026-08-07 13:43:13.171 | DEBUG    | eval.evaluation.evaluation:metric_call:77 - metric_func_name exact_match score 1.0 msg exact match, response: 1861-01-29, target: 1861-01-29
2026-08-07 13:43:13.171 | DEBUG    | eval.evaluation.evaluation:metric_call:77 - metric_func_name exact_match score 1.0 msg exact match, response: 1891-09-28, target: 1891-09-28
2026-08-07 13:43:13.171 | DEBUG    | eval.evaluation.evaluation:metric_call:77 - metric_func_name exact_match score 1.0 msg exact match, response: 1975-01-01, target: 1975-01-01
2026-08-07 13:43:13.171 | DEBUG    | eval.evaluation.evaluation:metric_call:77 - metric_func_name exact_match score 1.0 msg exact match, response: 1820-03-15, target: 1820-03-15
2026-08-07 13:43:13.171 | DEBUG    | eval.evaluation.evaluation:metric_call:77 - metric_func_name exact_match score 1.0 msg exact match, response: 1867-10-05, target: 1867-10-05
2026-08-07 13:43:13.171 | DEBUG    | eval.evaluation.evaluation:metric_call:77 - metric_func_name exact_match score 1.0 msg exact match, response: 1964-01-01, target: 1964-01-01
2026-08-07 13:43:13.171 | DEBUG    | eval.evaluation.evaluation:metric_call:77 - metric_func_name exact_match score 1.0 msg exact match, response: 1858-05-11, target: 1858-05-11
2026-08-07 13:43:13.171 | DEBUG    | eval.evaluation.evaluation:metric_call:77 - metric_func_name exact_match score 1.0 msg exact match, response: 1890-11-01, target: 1890-11-01
2026-08-07 13:43:13.171 | DEBUG    | eval.evaluation.evaluation:metric_call:77 - metric_func_name exact_match score 0.0 msg exact not match, response: 1945-03-30, target: 1945-02-27
2026-08-07 13:43:13.171 | DEBUG    | eval.evaluation.evaluation:metric_call:77 - metric_func_name exact_match score 1.0 msg exact match, response: 1973-07-01, target: 1973-07-01
2026-08-07 13:43:13.171 | DEBUG    | eval.evaluation.evaluation:metric_call:77 - metric_func_name exact_match score 1.0 msg exact match, response: 1875-11-01, target: 1875-11-01
2026-08-07 13:43:13.171 | DEBUG    | eval.evaluation.evaluation:metric_call:77 - metric_func_name exact_match score 1.0 msg exact match, response: 1948-01-01, target: 1948-01-01
2026-08-07 13:43:13.171 | DEBUG    | eval.evaluation.evaluation:metric_call:77 - metric_func_name exact_match score 1.0 msg exact match, response: 1912-01-06, target: 1912-01-06
2026-08-07 13:43:13.171 | DEBUG    | eval.evaluation.evaluation:metric_call:77 - metric_func_name exact_match score 1.0 msg exact match, response: 1971-07-01, target: 1971-07-01
2026-08-07 13:43:13.171 | DEBUG    | eval.evaluation.evaluation:metric_call:77 - metric_func_name exact_match score 1.0 msg exact match, response: 1889-11-02, target: 1889-11-02
2026-08-07 13:43:13.171 | DEBUG    | eval.evaluation.evaluation:metric_call:77 - metric_func_name exact_match score 1.0 msg exact match, response: 1851-09-01, target: 1851-09-01
2026-08-07 13:43:13.171 | DEBUG    | eval.evaluation.evaluation:metric_call:77 - metric_func_name exact_match score 1.0 msg exact match, response: 1907-11-16, target: 1907-11-16
2026-08-07 13:43:13.171 | DEBUG    | eval.evaluation.evaluation:metric_call:77 - metric_func_name exact_match score 1.0 msg exact match, response: 1859-02-14, target: 1859-02-14
2026-08-07 13:43:13.171 | DEBUG    | eval.evaluation.evaluation:metric_call:77 - metric_func_name exact_match score 1.0 msg exact match, response: 1968-04-23, target: 1968-04-23
2026-08-07 13:43:13.171 | DEBUG    | eval.evaluation.evaluation:metric_call:77 - metric_func_name exact_match score 0.0 msg exact not match, response: 1895-12-31, target: 1895-12-04
2026-08-07 13:43:13.172 | DEBUG    | eval.evaluation.evaluation:metric_call:77 - metric_func_name exact_match score 1.0 msg exact match, response: 1889-11-02, target: 1889-11-02
2026-08-07 13:43:13.172 | DEBUG    | eval.evaluation.evaluation:metric_call:77 - metric_func_name exact_match score 1.0 msg exact match, response: 1876-02-15, target: 1876-02-15
2026-08-07 13:43:13.172 | DEBUG    | eval.evaluation.evaluation:metric_call:77 - metric_func_name exact_match score 1.0 msg exact match, response: 1896-01-04, target: 1896-01-04
2026-08-07 13:43:13.172 | DEBUG    | eval.evaluation.evaluation:metric_call:77 - metric_func_name exact_match score 1.0 msg exact match, response: 1971-07-01, target: 1971-07-01
2026-08-07 13:43:13.172 | DEBUG    | eval.evaluation.evaluation:metric_call:77 - metric_func_name exact_match score 1.0 msg exact match, response: 1889-11-11, target: 1889-11-11
2026-08-07 13:43:13.172 | DEBUG    | eval.evaluation.evaluation:metric_call:77 - metric_func_name exact_match score 1.0 msg exact match, response: 1848-05-29, target: 1848-05-29
2026-08-07 13:43:13.172 | DEBUG    | eval.evaluation.evaluation:metric_call:77 - metric_func_name exact_match score 1.0 msg exact match, response: 1890-07-10, target: 1890-07-10
2026-08-07 13:43:13.172 | DEBUG    | eval.evaluation.evaluation:evaluate_single_query:321 - wide2deep_ws_en_064, col currentconstitutioneffectivedate, metric_func_name exact_match, score [1.0, 1.0, 1.0, 1.0, 0.0, 1.0, 1.0, 0.0, 1.0, 1.0, 1.0, 1.0, 1.0, 1.0, 1.0, 1.0, 1.0, 1.0, 1.0, 1.0, 1.0, 1.0, 0.0, 1.0, 1.0, 1.0, 1.0, 1.0, 1.0, 1.0, 1.0, 1.0, 1.0, 0.0, 1.0, 1.0, 1.0, 1.0, 1.0, 1.0, 1.0]
2026-08-07 13:43:13.173 | DEBUG    | eval.evaluation.evaluation:metric_call:77 - metric_func_name exact_match score 0.0 msg exact not match, response: 0, target: 12
2026-08-07 13:43:13.173 | DEBUG    | eval.evaluation.evaluation:metric_call:77 - metric_func_name exact_match score 0.0 msg exact not match, response: 30, target: 28
2026-08-07 13:43:13.173 | DEBUG    | eval.evaluation.evaluation:metric_call:77 - metric_func_name exact_match score 0.0 msg exact not match, response: 165, target: 161
2026-08-07 13:43:13.173 | DEBUG    | eval.evaluation.evaluation:metric_call:77 - metric_func_name exact_match score 0.0 msg exact not match, response: 102, target: 104
2026-08-07 13:43:13.173 | DEBUG    | eval.evaluation.evaluation:metric_call:77 - metric_func_name exact_match score 0.0 msg exact not match, response: 547, target: 524
2026-08-07 13:43:13.173 | DEBUG    | eval.evaluation.evaluation:metric_call:77 - metric_func_name exact_match score 1.0 msg exact match, response: 176, target: 176
2026-08-07 13:43:13.173 | DEBUG    | eval.evaluation.evaluation:metric_call:77 - metric_func_name exact_match score 0.0 msg exact not match, response: 31, target: 34
2026-08-07 13:43:13.173 | DEBUG    | eval.evaluation.evaluation:metric_call:77 - metric_func_name exact_match score 0.0 msg exact not match, response: 144, target: 146
2026-08-07 13:43:13.173 | DEBUG    | eval.evaluation.evaluation:metric_call:77 - metric_func_name exact_match score 0.0 msg exact not match, response: 96, target: 91
2026-08-07 13:43:13.173 | DEBUG    | eval.evaluation.evaluation:metric_call:77 - metric_func_name exact_match score 0.0 msg exact not match, response: 114, target: 117
2026-08-07 13:43:13.173 | DEBUG    | eval.evaluation.evaluation:metric_call:77 - metric_func_name exact_match score 0.0 msg exact not match, response: 135, target: 143
2026-08-07 13:43:13.173 | DEBUG    | eval.evaluation.evaluation:metric_call:77 - metric_func_name exact_match score 0.0 msg exact not match, response: 16, target: 15
2026-08-07 13:43:13.173 | DEBUG    | eval.evaluation.evaluation:metric_call:77 - metric_func_name exact_match score 0.0 msg exact not match, response: 48, target: 46
2026-08-07 13:43:13.173 | DEBUG    | eval.evaluation.evaluation:metric_call:77 - metric_func_name exact_match score 0.0 msg exact not match, response: 56, target: 51
2026-08-07 13:43:13.173 | DEBUG    | eval.evaluation.evaluation:metric_call:77 - metric_func_name exact_match score 0.0 msg exact not match, response: 101, target: 95
2026-08-07 13:43:13.173 | DEBUG    | eval.evaluation.evaluation:metric_call:77 - metric_func_name exact_match score 0.0 msg exact not match, response: 43, target: 41
2026-08-07 13:43:13.174 | DEBUG    | eval.evaluation.evaluation:metric_call:77 - metric_func_name exact_match score 1.0 msg exact match, response: 221, target: 221
2026-08-07 13:43:13.174 | DEBUG    | eval.evaluation.evaluation:metric_call:77 - metric_func_name exact_match score 0.0 msg exact not match, response: 178, target: 177
2026-08-07 13:43:13.174 | DEBUG    | eval.evaluation.evaluation:metric_call:77 - metric_func_name exact_match score 0.0 msg exact not match, response: 238, target: 240
2026-08-07 13:43:13.174 | DEBUG    | eval.evaluation.evaluation:metric_call:77 - metric_func_name exact_match score 0.0 msg exact not match, response: 36, target: 39
2026-08-07 13:43:13.174 | DEBUG    | eval.evaluation.evaluation:metric_call:77 - metric_func_name exact_match score 0.0 msg exact not match, response: 123, target: 121
2026-08-07 13:43:13.174 | DEBUG    | eval.evaluation.evaluation:metric_call:77 - metric_func_name exact_match score 0.0 msg exact not match, response: 134, target: 123
2026-08-07 13:43:13.174 | DEBUG    | eval.evaluation.evaluation:metric_call:77 - metric_func_name exact_match score 0.0 msg exact not match, response: 134, target: 126
2026-08-07 13:43:13.174 | DEBUG    | eval.evaluation.evaluation:metric_call:77 - metric_func_name exact_match score 0.0 msg exact not match, response: 34, target: 38
2026-08-07 13:43:13.174 | DEBUG    | eval.evaluation.evaluation:metric_call:77 - metric_func_name exact_match score 0.0 msg exact not match, response: 239, target: 240
2026-08-07 13:43:13.174 | DEBUG    | eval.evaluation.evaluation:metric_call:77 - metric_func_name exact_match score 0.0 msg exact not match, response: 40, target: 59
2026-08-07 13:43:13.174 | DEBUG    | eval.evaluation.evaluation:metric_call:77 - metric_func_name exact_match score 0.0 msg exact not match, response: 177, target: 182
2026-08-07 13:43:13.174 | DEBUG    | eval.evaluation.evaluation:metric_call:77 - metric_func_name exact_match score 0.0 msg exact not match, response: 42, target: 37
2026-08-07 13:43:13.174 | DEBUG    | eval.evaluation.evaluation:metric_call:77 - metric_func_name exact_match score 0.0 msg exact not match, response: 166, target: 167
2026-08-07 13:43:13.174 | DEBUG    | eval.evaluation.evaluation:metric_call:77 - metric_func_name exact_match score 1.0 msg exact match, response: 173, target: 173
2026-08-07 13:43:13.174 | DEBUG    | eval.evaluation.evaluation:metric_call:77 - metric_func_name exact_match score 0.0 msg exact not match, response: 216, target: 205
2026-08-07 13:43:13.174 | DEBUG    | eval.evaluation.evaluation:metric_call:77 - metric_func_name exact_match score 0.0 msg exact not match, response: 257, target: 260
2026-08-07 13:43:13.174 | DEBUG    | eval.evaluation.evaluation:metric_call:77 - metric_func_name exact_match score 0.0 msg exact not match, response: 34, target: 44
2026-08-07 13:43:13.174 | DEBUG    | eval.evaluation.evaluation:metric_call:77 - metric_func_name exact_match score 0.0 msg exact not match, response: 508, target: 410
2026-08-07 13:43:13.174 | DEBUG    | eval.evaluation.evaluation:metric_call:77 - metric_func_name exact_match score 0.0 msg exact not match, response: 141, target: 13
2026-08-07 13:43:13.174 | DEBUG    | eval.evaluation.evaluation:metric_call:77 - metric_func_name exact_match score 0.0 msg exact not match, response: 530, target: 528
2026-08-07 13:43:13.175 | DEBUG    | eval.evaluation.evaluation:metric_call:77 - metric_func_name exact_match score 0.0 msg exact not match, response: 131, target: 134
2026-08-07 13:43:13.175 | DEBUG    | eval.evaluation.evaluation:metric_call:77 - metric_func_name exact_match score 0.0 msg exact not match, response: 14, target: 15
2026-08-07 13:43:13.175 | DEBUG    | eval.evaluation.evaluation:metric_call:77 - metric_func_name exact_match score 1.0 msg exact match, response: 109, target: 109
2026-08-07 13:43:13.175 | DEBUG    | eval.evaluation.evaluation:metric_call:77 - metric_func_name exact_match score 0.0 msg exact not match, response: 150, target: 152
2026-08-07 13:43:13.175 | DEBUG    | eval.evaluation.evaluation:metric_call:77 - metric_func_name exact_match score 0.0 msg exact not match, response: 112, target: 71
2026-08-07 13:43:13.175 | DEBUG    | eval.evaluation.evaluation:evaluate_single_query:321 - wide2deep_ws_en_064, col numberofconstitutionalamendments, metric_func_name exact_match, score [0.0, 0.0, 0.0, 0.0, 0.0, 1.0, 0.0, 0.0, 0.0, 0.0, 0.0, 0.0, 0.0, 0.0, 0.0, 0.0, 1.0, 0.0, 0.0, 0.0, 0.0, 0.0, 0.0, 0.0, 0.0, 0.0, 0.0, 0.0, 0.0, 1.0, 0.0, 0.0, 0.0, 0.0, 0.0, 0.0, 0.0, 0.0, 1.0, 0.0, 0.0]
2026-08-07 13:43:13.176 | DEBUG    | eval.evaluation.evaluation:metric_call:77 - metric_func_name exact_match score 1.0 msg exact match, response: 18, target: 18
2026-08-07 13:43:13.176 | DEBUG    | eval.evaluation.evaluation:metric_call:77 - metric_func_name exact_match score 1.0 msg exact match, response: 15, target: 15
2026-08-07 13:43:13.176 | DEBUG    | eval.evaluation.evaluation:metric_call:77 - metric_func_name exact_match score 1.0 msg exact match, response: 30, target: 30
2026-08-07 13:43:13.176 | DEBUG    | eval.evaluation.evaluation:metric_call:77 - metric_func_name exact_match score 1.0 msg exact match, response: 20, target: 20
2026-08-07 13:43:13.176 | DEBUG    | eval.evaluation.evaluation:metric_call:77 - metric_func_name exact_match score 1.0 msg exact match, response: 35, target: 35
2026-08-07 13:43:13.176 | DEBUG    | eval.evaluation.evaluation:metric_call:77 - metric_func_name exact_match score 1.0 msg exact match, response: 29, target: 29
2026-08-07 13:43:13.176 | DEBUG    | eval.evaluation.evaluation:metric_call:77 - metric_func_name exact_match score 1.0 msg exact match, response: 14, target: 14
2026-08-07 13:43:13.176 | DEBUG    | eval.evaluation.evaluation:metric_call:77 - metric_func_name exact_match score 1.0 msg exact match, response: 12, target: 12
2026-08-07 13:43:13.176 | DEBUG    | eval.evaluation.evaluation:metric_call:77 - metric_func_name exact_match score 1.0 msg exact match, response: 11, target: 11
2026-08-07 13:43:13.176 | DEBUG    | eval.evaluation.evaluation:metric_call:77 - metric_func_name exact_match score 1.0 msg exact match, response: 18, target: 18
2026-08-07 13:43:13.176 | DEBUG    | eval.evaluation.evaluation:metric_call:77 - metric_func_name exact_match score 1.0 msg exact match, response: 21, target: 21
2026-08-07 13:43:13.176 | DEBUG    | eval.evaluation.evaluation:metric_call:77 - metric_func_name exact_match score 1.0 msg exact match, response: 14, target: 14
2026-08-07 13:43:13.176 | DEBUG    | eval.evaluation.evaluation:metric_call:77 - metric_func_name exact_match score 1.0 msg exact match, response: 16, target: 16
2026-08-07 13:43:13.176 | DEBUG    | eval.evaluation.evaluation:metric_call:77 - metric_func_name exact_match score 1.0 msg exact match, response: 12, target: 12
2026-08-07 13:43:13.176 | DEBUG    | eval.evaluation.evaluation:metric_call:77 - metric_func_name exact_match score 1.0 msg exact match, response: 15, target: 15
2026-08-07 13:43:13.176 | DEBUG    | eval.evaluation.evaluation:metric_call:77 - metric_func_name exact_match score 1.0 msg exact match, response: 20, target: 20
2026-08-07 13:43:13.176 | DEBUG    | eval.evaluation.evaluation:metric_call:77 - metric_func_name exact_match score 1.0 msg exact match, response: 14, target: 14
2026-08-07 13:43:13.176 | DEBUG    | eval.evaluation.evaluation:metric_call:77 - metric_func_name exact_match score 1.0 msg exact match, response: 10, target: 10
2026-08-07 13:43:13.177 | DEBUG    | eval.evaluation.evaluation:metric_call:77 - metric_func_name exact_match score 0.0 msg exact not match, response: 17, target: 20
2026-08-07 13:43:13.177 | DEBUG    | eval.evaluation.evaluation:metric_call:77 - metric_func_name exact_match score 1.0 msg exact match, response: 12, target: 12
2026-08-07 13:43:13.177 | DEBUG    | eval.evaluation.evaluation:metric_call:77 - metric_func_name exact_match score 1.0 msg exact match, response: 14, target: 14
2026-08-07 13:43:13.177 | DEBUG    | eval.evaluation.evaluation:metric_call:77 - metric_func_name exact_match score 1.0 msg exact match, response: 15, target: 15
2026-08-07 13:43:13.177 | DEBUG    | eval.evaluation.evaluation:metric_call:77 - metric_func_name exact_match score 0.0 msg exact not match, response: 13, target: 14
2026-08-07 13:43:13.177 | DEBUG    | eval.evaluation.evaluation:metric_call:77 - metric_func_name exact_match score 1.0 msg exact match, response: 14, target: 14
2026-08-07 13:43:13.177 | DEBUG    | eval.evaluation.evaluation:metric_call:77 - metric_func_name exact_match score 0.0 msg exact not match, response: 17, target: 18
2026-08-07 13:43:13.177 | DEBUG    | eval.evaluation.evaluation:metric_call:77 - metric_func_name exact_match score 1.0 msg exact match, response: 11, target: 11
2026-08-07 13:43:13.177 | DEBUG    | eval.evaluation.evaluation:metric_call:77 - metric_func_name exact_match score 1.0 msg exact match, response: 24, target: 24
2026-08-07 13:43:13.177 | DEBUG    | eval.evaluation.evaluation:metric_call:77 - metric_func_name exact_match score 1.0 msg exact match, response: 14, target: 14
2026-08-07 13:43:13.177 | DEBUG    | eval.evaluation.evaluation:metric_call:77 - metric_func_name exact_match score 0.0 msg exact not match, response: 15, target: 16
2026-08-07 13:43:13.177 | DEBUG    | eval.evaluation.evaluation:metric_call:77 - metric_func_name exact_match score 0.0 msg exact not match, response: 18, target: 19
2026-08-07 13:43:13.177 | DEBUG    | eval.evaluation.evaluation:metric_call:77 - metric_func_name exact_match score 0.0 msg exact not match, response: 29, target: 30
2026-08-07 13:43:13.177 | DEBUG    | eval.evaluation.evaluation:metric_call:77 - metric_func_name exact_match score 1.0 msg exact match, response: 18, target: 18
2026-08-07 13:43:13.177 | DEBUG    | eval.evaluation.evaluation:metric_call:77 - metric_func_name exact_match score 1.0 msg exact match, response: 11, target: 11
2026-08-07 13:43:13.177 | DEBUG    | eval.evaluation.evaluation:metric_call:77 - metric_func_name exact_match score 1.0 msg exact match, response: 17, target: 17
2026-08-07 13:43:13.177 | DEBUG    | eval.evaluation.evaluation:metric_call:77 - metric_func_name exact_match score 0.0 msg exact not match, response: 29, target: 30
2026-08-07 13:43:13.177 | DEBUG    | eval.evaluation.evaluation:metric_call:77 - metric_func_name exact_match score 1.0 msg exact match, response: 17, target: 17
2026-08-07 13:43:13.177 | DEBUG    | eval.evaluation.evaluation:metric_call:77 - metric_func_name exact_match score 0.0 msg exact not match, response: 24, target: 22
2026-08-07 13:43:13.179 | DEBUG    | eval.evaluation.evaluation:metric_call:77 - metric_func_name exact_match score 1.0 msg exact match, response: 12, target: 12
2026-08-07 13:43:13.179 | DEBUG    | eval.evaluation.evaluation:metric_call:77 - metric_func_name exact_match score 1.0 msg exact match, response: 32, target: 32
2026-08-07 13:43:13.179 | DEBUG    | eval.evaluation.evaluation:metric_call:77 - metric_func_name exact_match score 1.0 msg exact match, response: 14, target: 14
2026-08-07 13:43:13.179 | DEBUG    | eval.evaluation.evaluation:metric_call:77 - metric_func_name exact_match score 1.0 msg exact match, response: 21, target: 21
2026-08-07 13:43:13.180 | DEBUG    | eval.evaluation.evaluation:evaluate_single_query:321 - wide2deep_ws_en_064, col numberofarticlesincurrentconstitution, metric_func_name exact_match, score [1.0, 1.0, 1.0, 1.0, 1.0, 1.0, 1.0, 1.0, 1.0, 1.0, 1.0, 1.0, 1.0, 1.0, 1.0, 1.0, 1.0, 1.0, 0.0, 1.0, 1.0, 1.0, 0.0, 1.0, 0.0, 1.0, 1.0, 1.0, 0.0, 0.0, 0.0, 1.0, 1.0, 1.0, 0.0, 1.0, 0.0, 1.0, 1.0, 1.0, 1.0]
2026-08-07 13:43:13.184 | INFO     | eval.evaluation.evaluation:evaluate_single_query:380 - wide2deep_ws_en_064, P/R/F1 by unique_columns: 1.0000/1.0000/1.0000
2026-08-07 13:43:13.184 | INFO     | eval.evaluation.evaluation:evaluate_single_query:383 - wide2deep_ws_en_064, P/R/F1 by row: 0.0732/0.0732/0.0732
2026-08-07 13:43:13.184 | INFO     | eval.evaluation.evaluation:evaluate_single_query:386 - wide2deep_ws_en_064, P/R/F1 by item: 0.7012/0.7012/0.7012
2026-08-07 13:43:13.188 | INFO     | eval.evaluation.evaluation:evaluate_single_query:398 - wide2deep_ws_en_064, final table score: 0.0
{"event": "eval_done", "idx": 4, "instance_id": "wide2deep_ws_en_064", "score": 0.0, "entity_acc": 1.0, "f1_by_row": 0.07317073170731707, "f1_by_item": 0.7012195121951219, "column_f1": 1.0, "error": null, "elapsed_seconds": 6.819, "running_n": 4}
2026-08-07 13:43:14.769 | DEBUG    | eval.evaluation.data_loader:extract_dataframe:167 - find markdown_str 
| Year | Total Population(Million) | Male Population(Million) | ...
2026-08-07 13:43:17.864 | INFO     | eval.evaluation.metric_utils:primary_key_preprocess:246 - primary_key_preprocess result: ```json
{
  "2012": "2012",
  "2013": "2013",
  "2014": "2014",
  "2015": "2015",
  "2016": "2016",
  "2017": "2017",
  "2018": "2018",
  "2019": "2019",
  "2020": "2020",
  "2021": "2021",
  "2022": "2022",
  "2023": "2023"
}
```
2026-08-07 13:43:17.865 | INFO     | eval.evaluation.evaluation:evaluate_single_query:223 - col: year, primary_key_map {'2012': '2012', '2013': '2013', '2014': '2014', '2015': '2015', '2016': '2016', '2017': '2017', '2018': '2018', '2019': '2019', '2020': '2020', '2021': '2021', '2022': '2022', '2023': '2023'}
2026-08-07 13:43:17.870 | INFO     | eval.evaluation.evaluation:evaluate_single_query:275 - wide2deep_ws_en_065, df_inner shape: (12, 12), answer_df shape: (12, 6), response_df shape: (12, 7)
2026-08-07 13:43:17.871 | DEBUG    | eval.evaluation.evaluation:metric_call:77 - metric_func_name number_near score 1.0 msg number near in range 5.0%, response: 313.878, target: 314.1
2026-08-07 13:43:17.871 | DEBUG    | eval.evaluation.evaluation:metric_call:77 - metric_func_name number_near score 1.0 msg number near in range 5.0%, response: 316.06, target: 316.2
2026-08-07 13:43:17.871 | DEBUG    | eval.evaluation.evaluation:metric_call:77 - metric_func_name number_near score 1.0 msg number near in range 5.0%, response: 318.386, target: 318.9
2026-08-07 13:43:17.872 | DEBUG    | eval.evaluation.evaluation:metric_call:77 - metric_func_name number_near score 1.0 msg number near in range 5.0%, response: 320.739, target: 321.4
2026-08-07 13:43:17.872 | DEBUG    | eval.evaluation.evaluation:metric_call:77 - metric_func_name number_near score 1.0 msg number near in range 5.0%, response: 323.072, target: 323.1
2026-08-07 13:43:17.872 | DEBUG    | eval.evaluation.evaluation:metric_call:77 - metric_func_name number_near score 1.0 msg number near in range 5.0%, response: 325.122, target: 325.7
2026-08-07 13:43:17.872 | DEBUG    | eval.evaluation.evaluation:metric_call:77 - metric_func_name number_near score 1.0 msg number near in range 5.0%, response: 326.838, target: 326.7
2026-08-07 13:43:17.872 | DEBUG    | eval.evaluation.evaluation:metric_call:77 - metric_func_name number_near score 1.0 msg number near in range 5.0%, response: 328.33, target: 330.3
2026-08-07 13:43:17.872 | DEBUG    | eval.evaluation.evaluation:metric_call:77 - metric_func_name number_near score 1.0 msg number near in range 5.0%, response: 331.578, target: 331.6
2026-08-07 13:43:17.872 | DEBUG    | eval.evaluation.evaluation:metric_call:77 - metric_func_name number_near score 1.0 msg number near in range 5.0%, response: 332.1, target: 332.1
2026-08-07 13:43:17.872 | DEBUG    | eval.evaluation.evaluation:metric_call:77 - metric_func_name number_near score 1.0 msg number near in range 5.0%, response: 334.017, target: 334.0
2026-08-07 13:43:17.872 | DEBUG    | eval.evaluation.evaluation:metric_call:77 - metric_func_name number_near score 1.0 msg number near in range 5.0%, response: 336.806, target: 336.8
2026-08-07 13:43:17.873 | DEBUG    | eval.evaluation.evaluation:evaluate_single_query:321 - wide2deep_ws_en_065, col totalpopulation(million), metric_func_name number_near, score [1.0, 1.0, 1.0, 1.0, 1.0, 1.0, 1.0, 1.0, 1.0, 1.0, 1.0, 1.0]
2026-08-07 13:43:17.873 | DEBUG    | eval.evaluation.evaluation:metric_call:77 - metric_func_name number_near score 1.0 msg number near in range 5.0%, response: 155.364, target: 154.5
2026-08-07 13:43:17.873 | DEBUG    | eval.evaluation.evaluation:metric_call:77 - metric_func_name number_near score 1.0 msg number near in range 5.0%, response: 156.452, target: 155.6
2026-08-07 13:43:17.873 | DEBUG    | eval.evaluation.evaluation:metric_call:77 - metric_func_name number_near score 1.0 msg number near in range 5.0%, response: 157.611, target: 156.9
2026-08-07 13:43:17.873 | DEBUG    | eval.evaluation.evaluation:metric_call:77 - metric_func_name number_near score 1.0 msg number near in range 5.0%, response: 158.784, target: 158.1
2026-08-07 13:43:17.873 | DEBUG    | eval.evaluation.evaluation:metric_call:77 - metric_func_name number_near score 1.0 msg number near in range 5.0%, response: 159.949, target: 159.0
2026-08-07 13:43:17.873 | DEBUG    | eval.evaluation.evaluation:metric_call:77 - metric_func_name number_near score 1.0 msg number near in range 5.0%, response: 160.971, target: 160.3
2026-08-07 13:43:17.873 | DEBUG    | eval.evaluation.evaluation:metric_call:77 - metric_func_name number_near score 1.0 msg number near in range 5.0%, response: 161.822, target: 160.9
2026-08-07 13:43:17.873 | DEBUG    | eval.evaluation.evaluation:metric_call:77 - metric_func_name number_near score 1.0 msg number near in range 5.0%, response: 162.564, target: 162.6
2026-08-07 13:43:17.873 | DEBUG    | eval.evaluation.evaluation:metric_call:77 - metric_func_name number_near score 1.0 msg number near in range 5.0%, response: 164.179, target: 163.3
2026-08-07 13:43:17.873 | DEBUG    | eval.evaluation.evaluation:metric_call:77 - metric_func_name number_near score 1.0 msg number near in range 5.0%, response: 164.438, target: 163.5
2026-08-07 13:43:17.873 | DEBUG    | eval.evaluation.evaluation:metric_call:77 - metric_func_name number_near score 1.0 msg number near in range 5.0%, response: 165.391, target: 164.5
2026-08-07 13:43:17.874 | DEBUG    | eval.evaluation.evaluation:metric_call:77 - metric_func_name number_near score 1.0 msg number near in range 5.0%, response: 166.778, target: 165.8
2026-08-07 13:43:17.874 | DEBUG    | eval.evaluation.evaluation:evaluate_single_query:321 - wide2deep_ws_en_065, col malepopulation(million), metric_func_name number_near, score [1.0, 1.0, 1.0, 1.0, 1.0, 1.0, 1.0, 1.0, 1.0, 1.0, 1.0, 1.0]
2026-08-07 13:43:17.874 | DEBUG    | eval.evaluation.evaluation:metric_call:77 - metric_func_name number_near score 1.0 msg number near in range 5.0%, response: 158.514, target: 159.6
2026-08-07 13:43:17.874 | DEBUG    | eval.evaluation.evaluation:metric_call:77 - metric_func_name number_near score 1.0 msg number near in range 5.0%, response: 159.608, target: 160.6
2026-08-07 13:43:17.874 | DEBUG    | eval.evaluation.evaluation:metric_call:77 - metric_func_name number_near score 1.0 msg number near in range 5.0%, response: 160.775, target: 162.0
2026-08-07 13:43:17.875 | DEBUG    | eval.evaluation.evaluation:metric_call:77 - metric_func_name number_near score 1.0 msg number near in range 5.0%, response: 161.955, target: 163.3
2026-08-07 13:43:17.875 | DEBUG    | eval.evaluation.evaluation:metric_call:77 - metric_func_name number_near score 1.0 msg number near in range 5.0%, response: 163.123, target: 164.2
2026-08-07 13:43:17.875 | DEBUG    | eval.evaluation.evaluation:metric_call:77 - metric_func_name number_near score 1.0 msg number near in range 5.0%, response: 164.151, target: 165.5
2026-08-07 13:43:17.875 | DEBUG    | eval.evaluation.evaluation:metric_call:77 - metric_func_name number_near score 1.0 msg number near in range 5.0%, response: 165.016, target: 165.8
2026-08-07 13:43:17.875 | DEBUG    | eval.evaluation.evaluation:metric_call:77 - metric_func_name number_near score 1.0 msg number near in range 5.0%, response: 165.766, target: 167.7
2026-08-07 13:43:17.875 | DEBUG    | eval.evaluation.evaluation:metric_call:77 - metric_func_name number_near score 1.0 msg number near in range 5.0%, response: 167.399, target: 168.3
2026-08-07 13:43:17.875 | DEBUG    | eval.evaluation.evaluation:metric_call:77 - metric_func_name number_near score 1.0 msg number near in range 5.0%, response: 167.662, target: 168.6
2026-08-07 13:43:17.875 | DEBUG    | eval.evaluation.evaluation:metric_call:77 - metric_func_name number_near score 1.0 msg number near in range 5.0%, response: 168.626, target: 169.6
2026-08-07 13:43:17.875 | DEBUG    | eval.evaluation.evaluation:metric_call:77 - metric_func_name number_near score 1.0 msg number near in range 5.0%, response: 170.028, target: 171.0
2026-08-07 13:43:17.876 | DEBUG    | eval.evaluation.evaluation:evaluate_single_query:321 - wide2deep_ws_en_065, col femalepopulation(million), metric_func_name number_near, score [1.0, 1.0, 1.0, 1.0, 1.0, 1.0, 1.0, 1.0, 1.0, 1.0, 1.0, 1.0]
2026-08-07 13:43:17.876 | DEBUG    | eval.evaluation.evaluation:metric_call:77 - metric_func_name number_near score 1.0 msg number near in range 5.0%, response: 12.6, target: 12.6
2026-08-07 13:43:17.876 | DEBUG    | eval.evaluation.evaluation:metric_call:77 - metric_func_name number_near score 1.0 msg number near in range 5.0%, response: 12.4, target: 12.4
2026-08-07 13:43:17.876 | DEBUG    | eval.evaluation.evaluation:metric_call:77 - metric_func_name number_near score 1.0 msg number near in range 5.0%, response: 12.5, target: 12.5
2026-08-07 13:43:17.876 | DEBUG    | eval.evaluation.evaluation:metric_call:77 - metric_func_name number_near score 1.0 msg number near in range 5.0%, response: 12.4, target: 12.4
2026-08-07 13:43:17.876 | DEBUG    | eval.evaluation.evaluation:metric_call:77 - metric_func_name number_near score 1.0 msg number near in range 5.0%, response: 12.2, target: 12.2
2026-08-07 13:43:17.876 | DEBUG    | eval.evaluation.evaluation:metric_call:77 - metric_func_name number_near score 1.0 msg number near in range 5.0%, response: 11.8, target: 11.8
2026-08-07 13:43:17.876 | DEBUG    | eval.evaluation.evaluation:metric_call:77 - metric_func_name number_near score 1.0 msg number near in range 5.0%, response: 11.6, target: 11.6
2026-08-07 13:43:17.876 | DEBUG    | eval.evaluation.evaluation:metric_call:77 - metric_func_name number_near score 1.0 msg number near in range 5.0%, response: 11.4, target: 11.4
2026-08-07 13:43:17.876 | DEBUG    | eval.evaluation.evaluation:metric_call:77 - metric_func_name number_near score 1.0 msg number near in range 5.0%, response: 10.9, target: 10.9
2026-08-07 13:43:17.876 | DEBUG    | eval.evaluation.evaluation:metric_call:77 - metric_func_name number_near score 1.0 msg number near in range 5.0%, response: 11.0, target: 11.0
2026-08-07 13:43:17.876 | DEBUG    | eval.evaluation.evaluation:metric_call:77 - metric_func_name number_near score 1.0 msg number near in range 5.0%, response: 11.0, target: 11.0
2026-08-07 13:43:17.876 | DEBUG    | eval.evaluation.evaluation:metric_call:77 - metric_func_name number_near score 1.0 msg number near in range 5.0%, response: 10.7, target: 10.7
2026-08-07 13:43:17.877 | DEBUG    | eval.evaluation.evaluation:evaluate_single_query:321 - wide2deep_ws_en_065, col birthrate, metric_func_name number_near, score [1.0, 1.0, 1.0, 1.0, 1.0, 1.0, 1.0, 1.0, 1.0, 1.0, 1.0, 1.0]
2026-08-07 13:43:17.877 | DEBUG    | eval.evaluation.evaluation:metric_call:77 - metric_func_name number_near score 1.0 msg number near in range 5.0%, response: 8.1, target: 8.1
2026-08-07 13:43:17.877 | DEBUG    | eval.evaluation.evaluation:metric_call:77 - metric_func_name number_near score 1.0 msg number near in range 5.0%, response: 8.2, target: 8.2
2026-08-07 13:43:17.877 | DEBUG    | eval.evaluation.evaluation:metric_call:77 - metric_func_name number_near score 1.0 msg number near in range 5.0%, response: 8.2, target: 8.2
2026-08-07 13:43:17.878 | DEBUG    | eval.evaluation.evaluation:metric_call:77 - metric_func_name number_near score 1.0 msg number near in range 5.0%, response: 8.4, target: 8.4
2026-08-07 13:43:17.878 | DEBUG    | eval.evaluation.evaluation:metric_call:77 - metric_func_name number_near score 1.0 msg number near in range 5.0%, response: 8.5, target: 8.5
2026-08-07 13:43:17.878 | DEBUG    | eval.evaluation.evaluation:metric_call:77 - metric_func_name number_near score 1.0 msg number near in range 5.0%, response: 8.6, target: 8.6
2026-08-07 13:43:17.878 | DEBUG    | eval.evaluation.evaluation:metric_call:77 - metric_func_name number_near score 1.0 msg number near in range 5.0%, response: 8.7, target: 8.7
2026-08-07 13:43:17.878 | DEBUG    | eval.evaluation.evaluation:metric_call:77 - metric_func_name number_near score 1.0 msg number near in range 5.0%, response: 8.7, target: 8.6
2026-08-07 13:43:17.878 | DEBUG    | eval.evaluation.evaluation:metric_call:77 - metric_func_name number_near score 1.0 msg number near in range 5.0%, response: 10.3, target: 10.2
2026-08-07 13:43:17.878 | DEBUG    | eval.evaluation.evaluation:metric_call:77 - metric_func_name number_near score 1.0 msg number near in range 5.0%, response: 10.4, target: 10.4
2026-08-07 13:43:17.878 | DEBUG    | eval.evaluation.evaluation:metric_call:77 - metric_func_name number_near score 1.0 msg number near in range 5.0%, response: 9.8, target: 9.8
2026-08-07 13:43:17.878 | DEBUG    | eval.evaluation.evaluation:metric_call:77 - metric_func_name number_near score 1.0 msg number near in range 5.0%, response: 9.2, target: 9.2
2026-08-07 13:43:17.879 | DEBUG    | eval.evaluation.evaluation:evaluate_single_query:321 - wide2deep_ws_en_065, col deathrate, metric_func_name number_near, score [1.0, 1.0, 1.0, 1.0, 1.0, 1.0, 1.0, 1.0, 1.0, 1.0, 1.0, 1.0]
2026-08-07 13:43:17.882 | INFO     | eval.evaluation.evaluation:evaluate_single_query:380 - wide2deep_ws_en_065, P/R/F1 by unique_columns: 1.0000/1.0000/1.0000
2026-08-07 13:43:17.882 | INFO     | eval.evaluation.evaluation:evaluate_single_query:383 - wide2deep_ws_en_065, P/R/F1 by row: 1.0000/1.0000/1.0000
2026-08-07 13:43:17.882 | INFO     | eval.evaluation.evaluation:evaluate_single_query:386 - wide2deep_ws_en_065, P/R/F1 by item: 1.0000/1.0000/1.0000
2026-08-07 13:43:17.885 | INFO     | eval.evaluation.evaluation:evaluate_single_query:398 - wide2deep_ws_en_065, final table score: 1
{"event": "eval_done", "idx": 5, "instance_id": "wide2deep_ws_en_065", "score": 1, "entity_acc": 1.0, "f1_by_row": 1.0, "f1_by_item": 1.0, "column_f1": 1.0, "error": null, "elapsed_seconds": 4.674, "running_n": 5}
2026-08-07 13:43:20.497 | DEBUG    | eval.evaluation.data_loader:extract_dataframe:167 - find markdown_str 
| Year | Gambling Enterprise | Net Gambling Revenue (in million ...
2026-08-07 13:43:24.836 | INFO     | eval.evaluation.metric_utils:primary_key_preprocess:246 - primary_key_preprocess result: ```json
{
  "Altira Macau": "Altira Macau",
  "MGM Macau": "MGM Macau",
  "Grand Lisboa Hotel": "Grand Lisboa",
  "Grand Lisboa Palace Macau": "Grand Lisboa Palace Resort Macau",
  "Wynn Macau": "Wynn Macau",
  "Wynn Palace": "Wynn Palace"
}
```
2026-08-07 13:43:24.836 | INFO     | eval.evaluation.evaluation:evaluate_single_query:223 - col: 5-stardeluxehotels/resorts, primary_key_map {'Altira Macau': 'Altira Macau', 'MGM Macau': 'MGM Macau', 'Grand Lisboa Hotel': 'Grand Lisboa', 'Grand Lisboa Palace Macau': 'Grand Lisboa Palace Resort Macau', 'Wynn Macau': 'Wynn Macau', 'Wynn Palace': 'Wynn Palace'}
2026-08-07 13:43:24.845 | INFO     | eval.evaluation.evaluation:evaluate_single_query:275 - wide2deep_ws_en_079, df_inner shape: (6, 18), answer_df shape: (8, 9), response_df shape: (29, 10)
2026-08-07 13:43:24.845 | DEBUG    | eval.evaluation.evaluation:metric_call:77 - metric_func_name exact_match score 1.0 msg exact match, response: 2024, target: 2024
2026-08-07 13:43:24.845 | DEBUG    | eval.evaluation.evaluation:metric_call:77 - metric_func_name exact_match score 1.0 msg exact match, response: 2024, target: 2024
2026-08-07 13:43:24.845 | DEBUG    | eval.evaluation.evaluation:metric_call:77 - metric_func_name exact_match score 1.0 msg exact match, response: 2024, target: 2024
2026-08-07 13:43:24.845 | DEBUG    | eval.evaluation.evaluation:metric_call:77 - metric_func_name exact_match score 1.0 msg exact match, response: 2024, target: 2024
2026-08-07 13:43:24.845 | DEBUG    | eval.evaluation.evaluation:metric_call:77 - metric_func_name exact_match score 1.0 msg exact match, response: 2024, target: 2024
2026-08-07 13:43:24.845 | DEBUG    | eval.evaluation.evaluation:metric_call:77 - metric_func_name exact_match score 1.0 msg exact match, response: 2024, target: 2024
2026-08-07 13:43:24.846 | DEBUG    | eval.evaluation.evaluation:evaluate_single_query:321 - wide2deep_ws_en_079, col year, metric_func_name exact_match, score [1.0, 1.0, 1.0, 1.0, 1.0, 1.0]
2026-08-07 13:43:33.034 | DEBUG    | eval.evaluation.evaluation:evaluate_single_query:321 - wide2deep_ws_en_079, col gamblingenterprise, metric_func_name llm_judge, score [1, 1, 0, 0, 1, 0]
2026-08-07 13:43:33.035 | DEBUG    | eval.evaluation.evaluation:metric_call:77 - metric_func_name number_near score 0.0 msg number not near, response: 28300.0, target: 26846.1
2026-08-07 13:43:33.035 | DEBUG    | eval.evaluation.evaluation:metric_call:77 - metric_func_name number_near score 0.0 msg number not near, response: 28300.0, target: 26846.0
2026-08-07 13:43:33.035 | DEBUG    | eval.evaluation.evaluation:metric_call:77 - metric_func_name number_near score 1.0 msg number near in range 5.0%, response: 23200.0, target: 23617.9
2026-08-07 13:43:33.035 | DEBUG    | eval.evaluation.evaluation:metric_call:77 - metric_func_name number_near score 1.0 msg number near in range 5.0%, response: 23200.0, target: 23617.9
2026-08-07 13:43:33.035 | DEBUG    | eval.evaluation.evaluation:metric_call:77 - metric_func_name number_near score 0.0 msg number not near, response: 22900.0, target: 29432.3
2026-08-07 13:43:33.035 | DEBUG    | eval.evaluation.evaluation:metric_call:77 - metric_func_name number_near score 1.0 msg number near in range 5.0%, response: 27100.0, target: 27282.9
2026-08-07 13:43:33.036 | DEBUG    | eval.evaluation.evaluation:evaluate_single_query:321 - wide2deep_ws_en_079, col netgamblingrevenue(inmillions), metric_func_name number_near, score [0.0, 0.0, 1.0, 1.0, 0.0, 1.0]
2026-08-07 13:43:33.036 | DEBUG    | eval.evaluation.evaluation:metric_call:77 - metric_func_name number_near score 0.0 msg number not near, response: 3600.0, target: 1923.0
2026-08-07 13:43:33.036 | DEBUG    | eval.evaluation.evaluation:metric_call:77 - metric_func_name number_near score 0.0 msg number not near, response: 3600.0, target: 1923.0
2026-08-07 13:43:33.036 | DEBUG    | eval.evaluation.evaluation:metric_call:77 - metric_func_name number_near score 1.0 msg number near in range 5.0%, response: 5100.0, target: 5122.5
2026-08-07 13:43:33.036 | DEBUG    | eval.evaluation.evaluation:metric_call:77 - metric_func_name number_near score 1.0 msg number near in range 5.0%, response: 5100.0, target: 5122.5
2026-08-07 13:43:33.036 | DEBUG    | eval.evaluation.evaluation:metric_call:77 - metric_func_name number_near score 0.0 msg number not near, response: 5000.0, target: 6740.6
2026-08-07 13:43:33.036 | DEBUG    | eval.evaluation.evaluation:metric_call:77 - metric_func_name number_near score 1.0 msg number near in range 5.0%, response: 4300.0, target: 4104.2
2026-08-07 13:43:33.037 | DEBUG    | eval.evaluation.evaluation:evaluate_single_query:321 - wide2deep_ws_en_079, col non-gamblingrevenue(inmillions), metric_func_name number_near, score [0.0, 0.0, 1.0, 1.0, 0.0, 1.0]
2026-08-07 13:43:33.037 | DEBUG    | eval.evaluation.evaluation:metric_call:77 - metric_func_name number_near score 0.0 msg number not near, response: 1350.0, target: 1892.0
2026-08-07 13:43:33.037 | DEBUG    | eval.evaluation.evaluation:metric_call:77 - metric_func_name number_near score 1.0 msg number near in range 5.0%, response: 431.0, target: 431.0
2026-08-07 13:43:33.037 | DEBUG    | eval.evaluation.evaluation:metric_call:77 - metric_func_name number_near score 0.0 msg number not near, response: 600.0, target: 1014.0
2026-08-07 13:43:33.037 | DEBUG    | eval.evaluation.evaluation:metric_call:77 - metric_func_name number_near score 1.0 msg number near in range 5.0%, response: 1706.0, target: 1706.0
2026-08-07 13:43:33.038 | DEBUG    | eval.evaluation.evaluation:metric_call:77 - metric_func_name number_near score 1.0 msg number near in range 5.0%, response: 216.0, target: 216.0
2026-08-07 13:43:33.038 | DEBUG    | eval.evaluation.evaluation:metric_call:77 - metric_func_name number_near score 1.0 msg number near in range 5.0%, response: 582.0, target: 585.0
2026-08-07 13:43:33.038 | DEBUG    | eval.evaluation.evaluation:evaluate_single_query:321 - wide2deep_ws_en_079, col numberofrooms, metric_func_name number_near, score [0.0, 1.0, 0.0, 1.0, 1.0, 1.0]
2026-08-07 13:43:33.038 | DEBUG    | eval.evaluation.evaluation:metric_call:77 - metric_func_name number_near score 0.0 msg number not convertable, response: None, target: 0.97
2026-08-07 13:43:33.038 | DEBUG    | eval.evaluation.evaluation:metric_call:77 - metric_func_name number_near score 0.0 msg number not convertable, response: None, target: 0.987
2026-08-07 13:43:33.038 | DEBUG    | eval.evaluation.evaluation:metric_call:77 - metric_func_name number_near score 0.0 msg number not convertable, response: None, target: 0.993
2026-08-07 13:43:33.039 | DEBUG    | eval.evaluation.evaluation:metric_call:77 - metric_func_name number_near score 0.0 msg number not convertable, response: None, target: 0.986
2026-08-07 13:43:33.039 | DEBUG    | eval.evaluation.evaluation:metric_call:77 - metric_func_name number_near score 0.0 msg number not convertable, response: None, target: 0.95
2026-08-07 13:43:33.039 | DEBUG    | eval.evaluation.evaluation:metric_call:77 - metric_func_name number_near score 0.0 msg number not convertable, response: None, target: 0.945
2026-08-07 13:43:33.039 | DEBUG    | eval.evaluation.evaluation:evaluate_single_query:321 - wide2deep_ws_en_079, col occupancyrate, metric_func_name number_near, score [0.0, 0.0, 0.0, 0.0, 0.0, 0.0]
2026-08-07 13:43:33.040 | DEBUG    | eval.evaluation.evaluation:metric_call:77 - metric_func_name number_near score 0.0 msg number not convertable, response: None, target: 1191.0
2026-08-07 13:43:33.040 | DEBUG    | eval.evaluation.evaluation:metric_call:77 - metric_func_name number_near score 0.0 msg number not convertable, response: None, target: 1226.0
2026-08-07 13:43:33.040 | DEBUG    | eval.evaluation.evaluation:metric_call:77 - metric_func_name number_near score 0.0 msg number not convertable, response: None, target: 1947.0
2026-08-07 13:43:33.040 | DEBUG    | eval.evaluation.evaluation:metric_call:77 - metric_func_name number_near score 0.0 msg number not convertable, response: None, target: 2434.0
2026-08-07 13:43:33.040 | DEBUG    | eval.evaluation.evaluation:metric_call:77 - metric_func_name number_near score 0.0 msg number not convertable, response: None, target: 1044.0
2026-08-07 13:43:33.040 | DEBUG    | eval.evaluation.evaluation:metric_call:77 - metric_func_name number_near score 1.0 msg number equal, response: NULL, target: NULL
2026-08-07 13:43:33.041 | DEBUG    | eval.evaluation.evaluation:evaluate_single_query:321 - wide2deep_ws_en_079, col averageroomrate, metric_func_name number_near, score [0.0, 0.0, 0.0, 0.0, 0.0, 1.0]
2026-08-07 13:43:33.041 | DEBUG    | eval.evaluation.evaluation:metric_call:77 - metric_func_name number_near score 0.0 msg number not convertable, response: None, target: 1155.0
2026-08-07 13:43:33.041 | DEBUG    | eval.evaluation.evaluation:metric_call:77 - metric_func_name number_near score 0.0 msg number not convertable, response: None, target: 1210.0
2026-08-07 13:43:33.041 | DEBUG    | eval.evaluation.evaluation:metric_call:77 - metric_func_name number_near score 0.0 msg number not convertable, response: None, target: 1931.0
2026-08-07 13:43:33.041 | DEBUG    | eval.evaluation.evaluation:metric_call:77 - metric_func_name number_near score 0.0 msg number not convertable, response: None, target: 2402.0
2026-08-07 13:43:33.041 | DEBUG    | eval.evaluation.evaluation:metric_call:77 - metric_func_name number_near score 0.0 msg number not convertable, response: None, target: 997.0
2026-08-07 13:43:33.041 | DEBUG    | eval.evaluation.evaluation:metric_call:77 - metric_func_name number_near score 0.0 msg number not convertable, response: None, target: 2632.0
2026-08-07 13:43:33.042 | DEBUG    | eval.evaluation.evaluation:evaluate_single_query:321 - wide2deep_ws_en_079, col revenueperavailableroom, metric_func_name number_near, score [0.0, 0.0, 0.0, 0.0, 0.0, 0.0]
2026-08-07 13:43:33.046 | INFO     | eval.evaluation.evaluation:evaluate_single_query:380 - wide2deep_ws_en_079, P/R/F1 by unique_columns: 0.2069/0.7500/0.3243
2026-08-07 13:43:33.047 | INFO     | eval.evaluation.evaluation:evaluate_single_query:383 - wide2deep_ws_en_079, P/R/F1 by row: 0.0000/0.0000/0.0000
2026-08-07 13:43:33.047 | INFO     | eval.evaluation.evaluation:evaluate_single_query:386 - wide2deep_ws_en_079, P/R/F1 by item: 0.0996/0.3611/0.1562
2026-08-07 13:43:33.049 | INFO     | eval.evaluation.evaluation:evaluate_single_query:398 - wide2deep_ws_en_079, final table score: 0.0
{"event": "eval_done", "idx": 6, "instance_id": "wide2deep_ws_en_079", "score": 0.0, "entity_acc": 1.0, "f1_by_row": 0.0, "f1_by_item": 0.15615615615615613, "column_f1": 0.32432432432432434, "error": null, "elapsed_seconds": 15.144, "running_n": 6}
2026-08-07 13:43:35.853 | DEBUG    | eval.evaluation.data_loader:extract_dataframe:167 - find markdown_str 
| Country | 2024 GDP growth (%) | 2023 GDP growth (%) | 2022 GD ...
2026-08-07 13:43:41.772 | INFO     | eval.evaluation.metric_utils:primary_key_preprocess:246 - primary_key_preprocess result: ```json
{
  "Angola": "Angola",
  "Benin": "Benin",
  "Botswana": "Botswana",
  "Burkina Faso": "Burkina Faso",
  "Burundi": "Burundi",
  "Cabo Verde": "Cabo Verde",
  "Cameroon": "Cameroon",
  "Central African Republic": "Central African Republic",
  "Chad": "Chad",
  "Comoros": "Comoros",
  "Congo, Dem. Rep.": "Congo, Dem. Rep.",
  "Congo, Rep.": "Congo, Rep.",
  "Côte d'Ivoire": "Cote d'Ivoire",
  "Equatorial Guinea": "Equatorial Guinea",
  "Eritrea": "Eritrea",
  "Eswatini": "Eswatini",
  "Ethiopia": "Ethiopia",
  "Gabon": "Gabon",
  "Gambia, The": "Gambia, The",
  "Ghana": "Ghana",
  "Guinea": "Guinea",
  "Guinea-Bissau": "Guinea-Bissau",
  "Kenya": "Kenya",
  "Lesotho": "Lesotho",
  "Liberia": "Liberia",
  "Madagascar": "Madagascar",
  "Malawi": "Malawi",
  "Mali": "Mali",
  "Mauritania": "Mauritania",
  "Mauritius": "Mauritius",
  "Mozambique": "Mozambique",
  "Namibia": "Namibia",
  "Niger": "Niger",
  "Nigeria": "Nigeria",
  "Rwanda": "Rwanda",
  "São Tomé and Príncipe": "Sao Tome and Principe",
  "Senegal": "Senegal",
  "Seychelles": "Seychelles",
  "Sierra Leone": "Sierra Leone",
  "Somalia": "Somalia",
  "South Africa": "South Africa",
  "South Sudan": "South Sudan",
  "Sudan": "Sudan",
  "Tanzania": "Tanzania",
  "Togo": "Togo",
  "Uganda": "Uganda",
  "Zambia": "Zambia",
  "Zimbabwe": "Zimbabwe"
}
```
2026-08-07 13:43:41.772 | INFO     | eval.evaluation.evaluation:evaluate_single_query:223 - col: country, primary_key_map {'Angola': 'Angola', 'Benin': 'Benin', 'Botswana': 'Botswana', 'Burkina Faso': 'Burkina Faso', 'Burundi': 'Burundi', 'Cabo Verde': 'Cabo Verde', 'Cameroon': 'Cameroon', 'Central African Republic': 'Central African Republic', 'Chad': 'Chad', 'Comoros': 'Comoros', 'Congo, Dem. Rep.': 'Congo, Dem. Rep.', 'Congo, Rep.': 'Congo, Rep.', "Côte d'Ivoire": "Cote d'Ivoire", 'Equatorial Guinea': 'Equatorial Guinea', 'Eritrea': 'Eritrea', 'Eswatini': 'Eswatini', 'Ethiopia': 'Ethiopia', 'Gabon': 'Gabon', 'Gambia, The': 'Gambia, The', 'Ghana': 'Ghana', 'Guinea': 'Guinea', 'Guinea-Bissau': 'Guinea-Bissau', 'Kenya': 'Kenya', 'Lesotho': 'Lesotho', 'Liberia': 'Liberia', 'Madagascar': 'Madagascar', 'Malawi': 'Malawi', 'Mali': 'Mali', 'Mauritania': 'Mauritania', 'Mauritius': 'Mauritius', 'Mozambique': 'Mozambique', 'Namibia': 'Namibia', 'Niger': 'Niger', 'Nigeria': 'Nigeria', 'Rwanda': 'Rwanda', 'São Tomé and Príncipe': 'Sao Tome and Principe', 'Senegal': 'Senegal', 'Seychelles': 'Seychelles', 'Sierra Leone': 'Sierra Leone', 'Somalia': 'Somalia', 'South Africa': 'South Africa', 'South Sudan': 'South Sudan', 'Sudan': 'Sudan', 'Tanzania': 'Tanzania', 'Togo': 'Togo', 'Uganda': 'Uganda', 'Zambia': 'Zambia', 'Zimbabwe': 'Zimbabwe'}
2026-08-07 13:43:41.778 | INFO     | eval.evaluation.evaluation:evaluate_single_query:275 - wide2deep_ws_en_098, df_inner shape: (48, 8), answer_df shape: (48, 4), response_df shape: (49, 5)
2026-08-07 13:43:41.779 | DEBUG    | eval.evaluation.evaluation:metric_call:77 - metric_func_name number_near score 1.0 msg number near in range 5.0%, response: 4.4, target: 4.4
2026-08-07 13:43:41.779 | DEBUG    | eval.evaluation.evaluation:metric_call:77 - metric_func_name number_near score 1.0 msg number near in range 5.0%, response: 7.5, target: 7.5
2026-08-07 13:43:41.779 | DEBUG    | eval.evaluation.evaluation:metric_call:77 - metric_func_name number_near score 1.0 msg number near in range 5.0%, response: -3.0, target: -3.0
2026-08-07 13:43:41.779 | DEBUG    | eval.evaluation.evaluation:metric_call:77 - metric_func_name number_near score 1.0 msg number near in range 5.0%, response: 4.9, target: 5.0
2026-08-07 13:43:41.779 | DEBUG    | eval.evaluation.evaluation:metric_call:77 - metric_func_name number_near score 1.0 msg number near in range 5.0%, response: 3.5, target: 3.5
2026-08-07 13:43:41.779 | DEBUG    | eval.evaluation.evaluation:metric_call:77 - metric_func_name number_near score 1.0 msg number near in range 5.0%, response: 7.3, target: 7.3
2026-08-07 13:43:41.779 | DEBUG    | eval.evaluation.evaluation:metric_call:77 - metric_func_name number_near score 0.0 msg number not near, response: 3.5, target: 3.7
2026-08-07 13:43:41.779 | DEBUG    | eval.evaluation.evaluation:metric_call:77 - metric_func_name number_near score 1.0 msg number near in range 5.0%, response: 1.5, target: 1.5
2026-08-07 13:43:41.779 | DEBUG    | eval.evaluation.evaluation:metric_call:77 - metric_func_name number_near score 0.0 msg number not near, response: 4.2, target: 3.7
2026-08-07 13:43:41.779 | DEBUG    | eval.evaluation.evaluation:metric_call:77 - metric_func_name number_near score 1.0 msg number near in range 5.0%, response: 3.4, target: 3.4
2026-08-07 13:43:41.780 | DEBUG    | eval.evaluation.evaluation:metric_call:77 - metric_func_name number_near score 1.0 msg number near in range 5.0%, response: 6.5, target: 6.7
2026-08-07 13:43:41.780 | DEBUG    | eval.evaluation.evaluation:metric_call:77 - metric_func_name number_near score 1.0 msg number near in range 5.0%, response: 2.6, target: 2.6
2026-08-07 13:43:41.780 | DEBUG    | eval.evaluation.evaluation:metric_call:77 - metric_func_name number_near score 1.0 msg number near in range 5.0%, response: 6.0, target: 6.0
2026-08-07 13:43:41.780 | DEBUG    | eval.evaluation.evaluation:metric_call:77 - metric_func_name number_near score 0.0 msg number not near, response: -0.8, target: 0.9
2026-08-07 13:43:41.780 | DEBUG    | eval.evaluation.evaluation:metric_call:77 - metric_func_name number_near score 1.0 msg number equal, response: NULL, target: NULL
2026-08-07 13:43:41.780 | DEBUG    | eval.evaluation.evaluation:metric_call:77 - metric_func_name number_near score 0.0 msg number not near, response: 4.8, target: 2.6
2026-08-07 13:43:41.780 | DEBUG    | eval.evaluation.evaluation:metric_call:77 - metric_func_name number_near score 1.0 msg number near in range 5.0%, response: 7.6, target: 7.3
2026-08-07 13:43:41.780 | DEBUG    | eval.evaluation.evaluation:metric_call:77 - metric_func_name number_near score 1.0 msg number near in range 5.0%, response: 3.4, target: 3.4
2026-08-07 13:43:41.780 | DEBUG    | eval.evaluation.evaluation:metric_call:77 - metric_func_name number_near score 1.0 msg number near in range 5.0%, response: 5.7, target: 5.7
2026-08-07 13:43:41.780 | DEBUG    | eval.evaluation.evaluation:metric_call:77 - metric_func_name number_near score 1.0 msg number near in range 5.0%, response: 5.7, target: 5.7
2026-08-07 13:43:41.780 | DEBUG    | eval.evaluation.evaluation:metric_call:77 - metric_func_name number_near score 1.0 msg number near in range 5.0%, response: 5.7, target: 5.7
2026-08-07 13:43:41.780 | DEBUG    | eval.evaluation.evaluation:metric_call:77 - metric_func_name number_near score 1.0 msg number near in range 5.0%, response: 4.8, target: 4.8
2026-08-07 13:43:41.780 | DEBUG    | eval.evaluation.evaluation:metric_call:77 - metric_func_name number_near score 1.0 msg number near in range 5.0%, response: 4.7, target: 4.5
2026-08-07 13:43:41.780 | DEBUG    | eval.evaluation.evaluation:metric_call:77 - metric_func_name number_near score 0.0 msg number not near, response: 2.1, target: 2.8
2026-08-07 13:43:41.780 | DEBUG    | eval.evaluation.evaluation:metric_call:77 - metric_func_name number_near score 0.0 msg number not near, response: 4.0, target: 4.8
2026-08-07 13:43:41.780 | DEBUG    | eval.evaluation.evaluation:metric_call:77 - metric_func_name number_near score 1.0 msg number near in range 5.0%, response: 4.2, target: 4.2
2026-08-07 13:43:41.780 | DEBUG    | eval.evaluation.evaluation:metric_call:77 - metric_func_name number_near score 1.0 msg number near in range 5.0%, response: 1.8, target: 1.8
2026-08-07 13:43:41.780 | DEBUG    | eval.evaluation.evaluation:metric_call:77 - metric_func_name number_near score 0.0 msg number not near, response: 4.0, target: 5.0
2026-08-07 13:43:41.781 | DEBUG    | eval.evaluation.evaluation:metric_call:77 - metric_func_name number_near score 0.0 msg number not near, response: 6.3, target: 5.2
2026-08-07 13:43:41.781 | DEBUG    | eval.evaluation.evaluation:metric_call:77 - metric_func_name number_near score 1.0 msg number near in range 5.0%, response: 4.7, target: 4.7
2026-08-07 13:43:41.781 | DEBUG    | eval.evaluation.evaluation:metric_call:77 - metric_func_name number_near score 1.0 msg number near in range 5.0%, response: 1.9, target: 1.9
2026-08-07 13:43:41.781 | DEBUG    | eval.evaluation.evaluation:metric_call:77 - metric_func_name number_near score 1.0 msg number near in range 5.0%, response: 3.7, target: 3.7
2026-08-07 13:43:41.781 | DEBUG    | eval.evaluation.evaluation:metric_call:77 - metric_func_name number_near score 1.0 msg number near in range 5.0%, response: 8.4, target: 8.4
2026-08-07 13:43:41.781 | DEBUG    | eval.evaluation.evaluation:metric_call:77 - metric_func_name number_near score 1.0 msg number near in range 5.0%, response: 3.4, target: 3.4
2026-08-07 13:43:41.781 | DEBUG    | eval.evaluation.evaluation:metric_call:77 - metric_func_name number_near score 1.0 msg number near in range 5.0%, response: 8.9, target: 8.9
2026-08-07 13:43:41.781 | DEBUG    | eval.evaluation.evaluation:metric_call:77 - metric_func_name number_near score 0.0 msg number not near, response: 1.1, target: 0.9
2026-08-07 13:43:41.781 | DEBUG    | eval.evaluation.evaluation:metric_call:77 - metric_func_name number_near score 0.0 msg number not near, response: 6.1, target: 6.9
2026-08-07 13:43:41.781 | DEBUG    | eval.evaluation.evaluation:metric_call:77 - metric_func_name number_near score 1.0 msg number near in range 5.0%, response: 3.5, target: 3.5
2026-08-07 13:43:41.781 | DEBUG    | eval.evaluation.evaluation:metric_call:77 - metric_func_name number_near score 1.0 msg number near in range 5.0%, response: 4.0, target: 4.0
2026-08-07 13:43:41.781 | DEBUG    | eval.evaluation.evaluation:metric_call:77 - metric_func_name number_near score 1.0 msg number near in range 5.0%, response: 4.0, target: 4.0
2026-08-07 13:43:41.781 | DEBUG    | eval.evaluation.evaluation:metric_call:77 - metric_func_name number_near score 1.0 msg number near in range 5.0%, response: 0.6, target: 0.6
2026-08-07 13:43:41.781 | DEBUG    | eval.evaluation.evaluation:metric_call:77 - metric_func_name number_near score 0.0 msg number not convertable, response: -5.4, target: None
2026-08-07 13:43:41.781 | DEBUG    | eval.evaluation.evaluation:metric_call:77 - metric_func_name number_near score 1.0 msg number near in range 5.0%, response: -13.5, target: -13.5
2026-08-07 13:43:41.781 | DEBUG    | eval.evaluation.evaluation:metric_call:77 - metric_func_name number_near score 1.0 msg number near in range 5.0%, response: 5.5, target: 5.5
2026-08-07 13:43:41.781 | DEBUG    | eval.evaluation.evaluation:metric_call:77 - metric_func_name number_near score 0.0 msg number not near, response: 6.5, target: 5.3
2026-08-07 13:43:41.781 | DEBUG    | eval.evaluation.evaluation:metric_call:77 - metric_func_name number_near score 1.0 msg number near in range 5.0%, response: 6.1, target: 6.1
2026-08-07 13:43:41.781 | DEBUG    | eval.evaluation.evaluation:metric_call:77 - metric_func_name number_near score 1.0 msg number near in range 5.0%, response: 4.0, target: 4.0
2026-08-07 13:43:41.781 | DEBUG    | eval.evaluation.evaluation:metric_call:77 - metric_func_name number_near score 1.0 msg number near in range 5.0%, response: 2.0, target: 2.0
2026-08-07 13:43:41.782 | DEBUG    | eval.evaluation.evaluation:evaluate_single_query:321 - wide2deep_ws_en_098, col 2024gdpgrowth(%), metric_func_name number_near, score [1.0, 1.0, 1.0, 1.0, 1.0, 1.0, 0.0, 1.0, 0.0, 1.0, 1.0, 1.0, 1.0, 0.0, 1.0, 0.0, 1.0, 1.0, 1.0, 1.0, 1.0, 1.0, 1.0, 0.0, 0.0, 1.0, 1.0, 0.0, 0.0, 1.0, 1.0, 1.0, 1.0, 1.0, 1.0, 0.0, 0.0, 1.0, 1.0, 1.0, 1.0, 0.0, 1.0, 1.0, 0.0, 1.0, 1.0, 1.0]
2026-08-07 13:43:41.782 | DEBUG    | eval.evaluation.evaluation:metric_call:77 - metric_func_name number_near score 0.0 msg number not near, response: 1.0, target: 1.1
2026-08-07 13:43:41.782 | DEBUG    | eval.evaluation.evaluation:metric_call:77 - metric_func_name number_near score 1.0 msg number near in range 5.0%, response: 6.4, target: 6.4
2026-08-07 13:43:41.782 | DEBUG    | eval.evaluation.evaluation:metric_call:77 - metric_func_name number_near score 1.0 msg number near in range 5.0%, response: 3.2, target: 3.2
2026-08-07 13:43:41.783 | DEBUG    | eval.evaluation.evaluation:metric_call:77 - metric_func_name number_near score 0.0 msg number not near, response: 3.0, target: 3.2
2026-08-07 13:43:41.783 | DEBUG    | eval.evaluation.evaluation:metric_call:77 - metric_func_name number_near score 1.0 msg number near in range 5.0%, response: 2.7, target: 2.7
2026-08-07 13:43:41.783 | DEBUG    | eval.evaluation.evaluation:metric_call:77 - metric_func_name number_near score 1.0 msg number near in range 5.0%, response: 5.4, target: 5.4
2026-08-07 13:43:41.783 | DEBUG    | eval.evaluation.evaluation:metric_call:77 - metric_func_name number_near score 1.0 msg number near in range 5.0%, response: 3.2, target: 3.2
2026-08-07 13:43:41.783 | DEBUG    | eval.evaluation.evaluation:metric_call:77 - metric_func_name number_near score 1.0 msg number near in range 5.0%, response: 0.7, target: 0.7
2026-08-07 13:43:41.783 | DEBUG    | eval.evaluation.evaluation:metric_call:77 - metric_func_name number_near score 1.0 msg number near in range 5.0%, response: 4.1, target: 4.1
2026-08-07 13:43:41.783 | DEBUG    | eval.evaluation.evaluation:metric_call:77 - metric_func_name number_near score 1.0 msg number near in range 5.0%, response: 3.0, target: 3.1
2026-08-07 13:43:41.783 | DEBUG    | eval.evaluation.evaluation:metric_call:77 - metric_func_name number_near score 1.0 msg number near in range 5.0%, response: 8.6, target: 8.6
2026-08-07 13:43:41.783 | DEBUG    | eval.evaluation.evaluation:metric_call:77 - metric_func_name number_near score 1.0 msg number near in range 5.0%, response: 1.9, target: 1.9
2026-08-07 13:43:41.783 | DEBUG    | eval.evaluation.evaluation:metric_call:77 - metric_func_name number_near score 1.0 msg number near in range 5.0%, response: 6.5, target: 6.5
2026-08-07 13:43:41.783 | DEBUG    | eval.evaluation.evaluation:metric_call:77 - metric_func_name number_near score 0.0 msg number not near, response: -5.7, target: -5.1
2026-08-07 13:43:41.783 | DEBUG    | eval.evaluation.evaluation:metric_call:77 - metric_func_name number_near score 1.0 msg number equal, response: NULL, target: NULL
2026-08-07 13:43:41.783 | DEBUG    | eval.evaluation.evaluation:metric_call:77 - metric_func_name number_near score 0.0 msg number not near, response: 4.9, target: 3.4
2026-08-07 13:43:41.783 | DEBUG    | eval.evaluation.evaluation:metric_call:77 - metric_func_name number_near score 0.0 msg number not near, response: 7.2, target: 6.6
2026-08-07 13:43:41.783 | DEBUG    | eval.evaluation.evaluation:metric_call:77 - metric_func_name number_near score 1.0 msg number near in range 5.0%, response: 2.4, target: 2.4
2026-08-07 13:43:41.783 | DEBUG    | eval.evaluation.evaluation:metric_call:77 - metric_func_name number_near score 0.0 msg number not near, response: 5.3, target: 4.8
2026-08-07 13:43:41.783 | DEBUG    | eval.evaluation.evaluation:metric_call:77 - metric_func_name number_near score 1.0 msg number near in range 5.0%, response: 3.1, target: 3.1
2026-08-07 13:43:41.783 | DEBUG    | eval.evaluation.evaluation:metric_call:77 - metric_func_name number_near score 0.0 msg number not near, response: 6.7, target: 5.5
2026-08-07 13:43:41.783 | DEBUG    | eval.evaluation.evaluation:metric_call:77 - metric_func_name number_near score 0.0 msg number not near, response: 5.2, target: 4.5
2026-08-07 13:43:41.784 | DEBUG    | eval.evaluation.evaluation:metric_call:77 - metric_func_name number_near score 1.0 msg number near in range 5.0%, response: 5.7, target: 5.6
2026-08-07 13:43:41.784 | DEBUG    | eval.evaluation.evaluation:metric_call:77 - metric_func_name number_near score 0.0 msg number not near, response: 2.2, target: 1.8
2026-08-07 13:43:41.784 | DEBUG    | eval.evaluation.evaluation:metric_call:77 - metric_func_name number_near score 1.0 msg number near in range 5.0%, response: 4.7, target: 4.7
2026-08-07 13:43:41.784 | DEBUG    | eval.evaluation.evaluation:metric_call:77 - metric_func_name number_near score 1.0 msg number near in range 5.0%, response: 4.2, target: 4.2
2026-08-07 13:43:41.784 | DEBUG    | eval.evaluation.evaluation:metric_call:77 - metric_func_name number_near score 0.0 msg number not near, response: 1.6, target: 1.9
2026-08-07 13:43:41.784 | DEBUG    | eval.evaluation.evaluation:metric_call:77 - metric_func_name number_near score 1.0 msg number near in range 5.0%, response: 4.7, target: 4.7
2026-08-07 13:43:41.784 | DEBUG    | eval.evaluation.evaluation:metric_call:77 - metric_func_name number_near score 1.0 msg number near in range 5.0%, response: 6.5, target: 6.5
2026-08-07 13:43:41.784 | DEBUG    | eval.evaluation.evaluation:metric_call:77 - metric_func_name number_near score 0.0 msg number not near, response: 7.0, target: 5.0
2026-08-07 13:43:41.784 | DEBUG    | eval.evaluation.evaluation:metric_call:77 - metric_func_name number_near score 1.0 msg number near in range 5.0%, response: 5.4, target: 5.4
2026-08-07 13:43:41.784 | DEBUG    | eval.evaluation.evaluation:metric_call:77 - metric_func_name number_near score 1.0 msg number near in range 5.0%, response: 4.4, target: 4.4
2026-08-07 13:43:41.784 | DEBUG    | eval.evaluation.evaluation:metric_call:77 - metric_func_name number_near score 0.0 msg number not near, response: 2.0, target: 1.7
2026-08-07 13:43:41.784 | DEBUG    | eval.evaluation.evaluation:metric_call:77 - metric_func_name number_near score 1.0 msg number near in range 5.0%, response: 2.9, target: 2.9
2026-08-07 13:43:41.784 | DEBUG    | eval.evaluation.evaluation:metric_call:77 - metric_func_name number_near score 1.0 msg number near in range 5.0%, response: 8.2, target: 8.2
2026-08-07 13:43:41.784 | DEBUG    | eval.evaluation.evaluation:metric_call:77 - metric_func_name number_near score 1.0 msg number near in range 5.0%, response: 0.4, target: 0.4
2026-08-07 13:43:41.784 | DEBUG    | eval.evaluation.evaluation:metric_call:77 - metric_func_name number_near score 1.0 msg number near in range 5.0%, response: 4.3, target: 4.3
2026-08-07 13:43:41.784 | DEBUG    | eval.evaluation.evaluation:metric_call:77 - metric_func_name number_near score 1.0 msg number near in range 5.0%, response: 2.3, target: 2.3
2026-08-07 13:43:41.784 | DEBUG    | eval.evaluation.evaluation:metric_call:77 - metric_func_name number_near score 1.0 msg number near in range 5.0%, response: 5.7, target: 5.7
2026-08-07 13:43:41.784 | DEBUG    | eval.evaluation.evaluation:metric_call:77 - metric_func_name number_near score 0.0 msg number not near, response: 3.1, target: 4.2
2026-08-07 13:43:41.784 | DEBUG    | eval.evaluation.evaluation:metric_call:77 - metric_func_name number_near score 1.0 msg number near in range 5.0%, response: 0.7, target: 0.7
2026-08-07 13:43:41.785 | DEBUG    | eval.evaluation.evaluation:metric_call:77 - metric_func_name number_near score 0.0 msg number not convertable, response: -2.9, target: None
2026-08-07 13:43:41.785 | DEBUG    | eval.evaluation.evaluation:metric_call:77 - metric_func_name number_near score 1.0 msg number near in range 5.0%, response: -29.4, target: -29.4
2026-08-07 13:43:41.785 | DEBUG    | eval.evaluation.evaluation:metric_call:77 - metric_func_name number_near score 1.0 msg number near in range 5.0%, response: 5.1, target: 5.1
2026-08-07 13:43:41.785 | DEBUG    | eval.evaluation.evaluation:metric_call:77 - metric_func_name number_near score 1.0 msg number near in range 5.0%, response: 6.4, target: 6.4
2026-08-07 13:43:41.785 | DEBUG    | eval.evaluation.evaluation:metric_call:77 - metric_func_name number_near score 1.0 msg number near in range 5.0%, response: 5.3, target: 5.3
2026-08-07 13:43:41.785 | DEBUG    | eval.evaluation.evaluation:metric_call:77 - metric_func_name number_near score 1.0 msg number near in range 5.0%, response: 5.4, target: 5.4
2026-08-07 13:43:41.785 | DEBUG    | eval.evaluation.evaluation:metric_call:77 - metric_func_name number_near score 1.0 msg number near in range 5.0%, response: 5.3, target: 5.3
2026-08-07 13:43:41.785 | DEBUG    | eval.evaluation.evaluation:evaluate_single_query:321 - wide2deep_ws_en_098, col 2023gdpgrowth(%), metric_func_name number_near, score [0.0, 1.0, 1.0, 0.0, 1.0, 1.0, 1.0, 1.0, 1.0, 1.0, 1.0, 1.0, 1.0, 0.0, 1.0, 0.0, 0.0, 1.0, 0.0, 1.0, 0.0, 0.0, 1.0, 0.0, 1.0, 1.0, 0.0, 1.0, 1.0, 0.0, 1.0, 1.0, 0.0, 1.0, 1.0, 1.0, 1.0, 1.0, 1.0, 0.0, 1.0, 0.0, 1.0, 1.0, 1.0, 1.0, 1.0, 1.0]
2026-08-07 13:43:41.786 | DEBUG    | eval.evaluation.evaluation:metric_call:77 - metric_func_name number_near score 1.0 msg number near in range 5.0%, response: 3.0, target: 3.0
2026-08-07 13:43:41.786 | DEBUG    | eval.evaluation.evaluation:metric_call:77 - metric_func_name number_near score 1.0 msg number near in range 5.0%, response: 6.3, target: 6.3
2026-08-07 13:43:41.786 | DEBUG    | eval.evaluation.evaluation:metric_call:77 - metric_func_name number_near score 1.0 msg number near in range 5.0%, response: 5.6, target: 5.5
2026-08-07 13:43:41.786 | DEBUG    | eval.evaluation.evaluation:metric_call:77 - metric_func_name number_near score 0.0 msg number not near, response: 1.8, target: 1.5
2026-08-07 13:43:41.786 | DEBUG    | eval.evaluation.evaluation:metric_call:77 - metric_func_name number_near score 1.0 msg number near in range 5.0%, response: 1.8, target: 1.8
2026-08-07 13:43:41.786 | DEBUG    | eval.evaluation.evaluation:metric_call:77 - metric_func_name number_near score 0.0 msg number not near, response: 17.4, target: 15.8
2026-08-07 13:43:41.786 | DEBUG    | eval.evaluation.evaluation:metric_call:77 - metric_func_name number_near score 1.0 msg number near in range 5.0%, response: 3.8, target: 3.7
2026-08-07 13:43:41.786 | DEBUG    | eval.evaluation.evaluation:metric_call:77 - metric_func_name number_near score 0.0 msg number not near, response: 0.9, target: 0.5
2026-08-07 13:43:41.786 | DEBUG    | eval.evaluation.evaluation:metric_call:77 - metric_func_name number_near score 0.0 msg number not near, response: 3.4, target: 12.9
2026-08-07 13:43:41.786 | DEBUG    | eval.evaluation.evaluation:metric_call:77 - metric_func_name number_near score 0.0 msg number not near, response: 2.6, target: 2.8
2026-08-07 13:43:41.786 | DEBUG    | eval.evaluation.evaluation:metric_call:77 - metric_func_name number_near score 1.0 msg number near in range 5.0%, response: 8.9, target: 8.9
2026-08-07 13:43:41.786 | DEBUG    | eval.evaluation.evaluation:metric_call:77 - metric_func_name number_near score 1.0 msg number near in range 5.0%, response: 1.5, target: 1.5
2026-08-07 13:43:41.786 | DEBUG    | eval.evaluation.evaluation:metric_call:77 - metric_func_name number_near score 1.0 msg number near in range 5.0%, response: 6.2, target: 6.4
2026-08-07 13:43:41.786 | DEBUG    | eval.evaluation.evaluation:metric_call:77 - metric_func_name number_near score 0.0 msg number not near, response: 3.7, target: 3.2
2026-08-07 13:43:41.786 | DEBUG    | eval.evaluation.evaluation:metric_call:77 - metric_func_name number_near score 1.0 msg number equal, response: NULL, target: NULL
2026-08-07 13:43:41.786 | DEBUG    | eval.evaluation.evaluation:metric_call:77 - metric_func_name number_near score 0.0 msg number not near, response: 0.5, target: 1.1
2026-08-07 13:43:41.787 | DEBUG    | eval.evaluation.evaluation:metric_call:77 - metric_func_name number_near score 0.0 msg number not near, response: 6.4, target: 5.3
2026-08-07 13:43:41.787 | DEBUG    | eval.evaluation.evaluation:metric_call:77 - metric_func_name number_near score 1.0 msg number near in range 5.0%, response: 3.0, target: 3.0
2026-08-07 13:43:41.787 | DEBUG    | eval.evaluation.evaluation:metric_call:77 - metric_func_name number_near score 0.0 msg number not near, response: 4.9, target: 5.5
2026-08-07 13:43:41.787 | DEBUG    | eval.evaluation.evaluation:metric_call:77 - metric_func_name number_near score 1.0 msg number near in range 5.0%, response: 3.8, target: 3.8
2026-08-07 13:43:41.787 | DEBUG    | eval.evaluation.evaluation:metric_call:77 - metric_func_name number_near score 1.0 msg number near in range 5.0%, response: 4.0, target: 4.0
2026-08-07 13:43:41.787 | DEBUG    | eval.evaluation.evaluation:metric_call:77 - metric_func_name number_near score 0.0 msg number not near, response: 4.6, target: 5.6
2026-08-07 13:43:41.787 | DEBUG    | eval.evaluation.evaluation:metric_call:77 - metric_func_name number_near score 1.0 msg number near in range 5.0%, response: 4.9, target: 4.9
2026-08-07 13:43:41.787 | DEBUG    | eval.evaluation.evaluation:metric_call:77 - metric_func_name number_near score 0.0 msg number not near, response: 1.3, target: 2.4
2026-08-07 13:43:41.787 | DEBUG    | eval.evaluation.evaluation:metric_call:77 - metric_func_name number_near score 1.0 msg number near in range 5.0%, response: 4.8, target: 4.8
2026-08-07 13:43:41.787 | DEBUG    | eval.evaluation.evaluation:metric_call:77 - metric_func_name number_near score 1.0 msg number near in range 5.0%, response: 4.2, target: 4.2
2026-08-07 13:43:41.787 | DEBUG    | eval.evaluation.evaluation:metric_call:77 - metric_func_name number_near score 1.0 msg number near in range 5.0%, response: 0.9, target: 0.9
2026-08-07 13:43:41.787 | DEBUG    | eval.evaluation.evaluation:metric_call:77 - metric_func_name number_near score 1.0 msg number near in range 5.0%, response: 3.5, target: 3.5
2026-08-07 13:43:41.787 | DEBUG    | eval.evaluation.evaluation:metric_call:77 - metric_func_name number_near score 1.0 msg number near in range 5.0%, response: 6.8, target: 6.8
2026-08-07 13:43:41.787 | DEBUG    | eval.evaluation.evaluation:metric_call:77 - metric_func_name number_near score 1.0 msg number near in range 5.0%, response: 8.9, target: 8.7
2026-08-07 13:43:41.787 | DEBUG    | eval.evaluation.evaluation:metric_call:77 - metric_func_name number_near score 1.0 msg number near in range 5.0%, response: 4.4, target: 4.4
2026-08-07 13:43:41.787 | DEBUG    | eval.evaluation.evaluation:metric_call:77 - metric_func_name number_near score 1.0 msg number near in range 5.0%, response: 5.3, target: 5.4
2026-08-07 13:43:41.787 | DEBUG    | eval.evaluation.evaluation:metric_call:77 - metric_func_name number_near score 1.0 msg number near in range 5.0%, response: 11.9, target: 11.9
2026-08-07 13:43:41.787 | DEBUG    | eval.evaluation.evaluation:metric_call:77 - metric_func_name number_near score 1.0 msg number near in range 5.0%, response: 3.3, target: 3.3
2026-08-07 13:43:41.787 | DEBUG    | eval.evaluation.evaluation:metric_call:77 - metric_func_name number_near score 1.0 msg number near in range 5.0%, response: 8.2, target: 8.2
2026-08-07 13:43:41.787 | DEBUG    | eval.evaluation.evaluation:metric_call:77 - metric_func_name number_near score 1.0 msg number near in range 5.0%, response: 0.2, target: 0.2
2026-08-07 13:43:41.788 | DEBUG    | eval.evaluation.evaluation:metric_call:77 - metric_func_name number_near score 1.0 msg number near in range 5.0%, response: 3.8, target: 3.9
2026-08-07 13:43:41.788 | DEBUG    | eval.evaluation.evaluation:metric_call:77 - metric_func_name number_near score 0.0 msg number not near, response: 15.0, target: 12.7
2026-08-07 13:43:41.788 | DEBUG    | eval.evaluation.evaluation:metric_call:77 - metric_func_name number_near score 1.0 msg number near in range 5.0%, response: 5.3, target: 5.3
2026-08-07 13:43:41.788 | DEBUG    | eval.evaluation.evaluation:metric_call:77 - metric_func_name number_near score 0.0 msg number not near, response: 2.4, target: 2.7
2026-08-07 13:43:41.788 | DEBUG    | eval.evaluation.evaluation:metric_call:77 - metric_func_name number_near score 1.0 msg number near in range 5.0%, response: 1.9, target: 1.9
2026-08-07 13:43:41.788 | DEBUG    | eval.evaluation.evaluation:metric_call:77 - metric_func_name number_near score 0.0 msg number not convertable, response: -2.3, target: None
2026-08-07 13:43:41.788 | DEBUG    | eval.evaluation.evaluation:metric_call:77 - metric_func_name number_near score 1.0 msg number near in range 5.0%, response: -1.0, target: -1.0
2026-08-07 13:43:41.788 | DEBUG    | eval.evaluation.evaluation:metric_call:77 - metric_func_name number_near score 1.0 msg number near in range 5.0%, response: 4.7, target: 4.6
2026-08-07 13:43:41.788 | DEBUG    | eval.evaluation.evaluation:metric_call:77 - metric_func_name number_near score 1.0 msg number near in range 5.0%, response: 5.8, target: 5.8
2026-08-07 13:43:41.788 | DEBUG    | eval.evaluation.evaluation:metric_call:77 - metric_func_name number_near score 1.0 msg number near in range 5.0%, response: 4.6, target: 4.6
2026-08-07 13:43:41.788 | DEBUG    | eval.evaluation.evaluation:metric_call:77 - metric_func_name number_near score 1.0 msg number near in range 5.0%, response: 5.2, target: 5.2
2026-08-07 13:43:41.788 | DEBUG    | eval.evaluation.evaluation:metric_call:77 - metric_func_name number_near score 1.0 msg number near in range 5.0%, response: 6.1, target: 6.1
2026-08-07 13:43:41.789 | DEBUG    | eval.evaluation.evaluation:evaluate_single_query:321 - wide2deep_ws_en_098, col 2022gdpgrowth(%), metric_func_name number_near, score [1.0, 1.0, 1.0, 0.0, 1.0, 0.0, 1.0, 0.0, 0.0, 0.0, 1.0, 1.0, 1.0, 0.0, 1.0, 0.0, 0.0, 1.0, 0.0, 1.0, 1.0, 0.0, 1.0, 0.0, 1.0, 1.0, 1.0, 1.0, 1.0, 1.0, 1.0, 1.0, 1.0, 1.0, 1.0, 1.0, 1.0, 0.0, 1.0, 0.0, 1.0, 0.0, 1.0, 1.0, 1.0, 1.0, 1.0, 1.0]
2026-08-07 13:43:41.793 | INFO     | eval.evaluation.evaluation:evaluate_single_query:380 - wide2deep_ws_en_098, P/R/F1 by unique_columns: 0.9796/1.0000/0.9897
2026-08-07 13:43:41.793 | INFO     | eval.evaluation.evaluation:evaluate_single_query:383 - wide2deep_ws_en_098, P/R/F1 by row: 0.4490/0.4583/0.4536
2026-08-07 13:43:41.793 | INFO     | eval.evaluation.evaluation:evaluate_single_query:386 - wide2deep_ws_en_098, P/R/F1 by item: 0.7755/0.7917/0.7835
2026-08-07 13:43:41.797 | INFO     | eval.evaluation.evaluation:evaluate_single_query:398 - wide2deep_ws_en_098, final table score: 0.0
{"event": "eval_done", "idx": 7, "instance_id": "wide2deep_ws_en_098", "score": 0.0, "entity_acc": 1.0, "f1_by_row": 0.45360824742268036, "f1_by_item": 0.7835051546391752, "column_f1": 0.9896907216494846, "error": null, "elapsed_seconds": 8.715, "running_n": 7}
SUMMARY {"n": 7, "valid_n": 7, "errors": 0, "complete": true, "judge_calls_current_process": 19, "score": 0.14285714285714285, "entity_acc": 0.8571428571428571, "precision_by_row": 0.33649766526819785, "recall_by_row": 0.32501807343146316, "f1_by_row": 0.3303706545666967, "precision_by_item": 0.6097728666539706, "recall_by_item": 0.6243944483384859, "f1_by_item": 0.6057532743221273, "column_precision": 0.7314031031131665, "column_recall": 0.7831632653061223, "column_f1": 0.7344236286548197}
