INFO: Pandarallel will run on 8 workers.
INFO: Pandarallel will use Memory file system to transfer data between the main process and workers.
{"event": "eval_start", "selected": 7, "resume_committed": 0, "committed_errors": 0, "crash_only_resume": false}
2026-08-07 13:42:03.411 | DEBUG    | eval.evaluation.data_loader:extract_dataframe:167 - find markdown_str 
| Name | State/Territory | Office / Position | Party | Start Da ...
2026-08-07 13:42:08.423 | INFO     | eval.evaluation.metric_utils:primary_key_preprocess:246 - primary_key_preprocess result: ```json
{
  "Mike Baird": "Mike Baird",
  "Gladys Berejiklian": "Gladys Berejiklian",
  "Dominic Perrottet": "Dominic Perrottet",
  "Chris Minns": "Chris Minns",
  "Daniel Andrews": "Daniel Andrews",
  "Jacinta Allan": "Jacinta Allan",
  "Campbell Newman": "Campbell Newman",
  "Annastacia Palaszczuk": "Annastacia Palaszczuk",
  "Steven Miles": "Steven Miles",
  "David Crisafulli": "David Crisafulli",
  "Colin Barnett": "Colin Barnett",
  "Mark McGowan": "Mark McGowan",
  "Roger Cook": "Roger Cook",
  "Jay Weatherill": "Jay Weatherill",
  "Steven Marshall": "Steven Marshall",
  "Peter Malinauskas": "Peter Malinauskas",
  "Will Hodgman": "Will Hodgman",
  "Peter Gutwein": "Peter Gutwein",
  "Jeremy Rockliff": "Jeremy Rockliff",
  "Andrew Barr": "Andrew Barr",
  "Adam Giles": "Adam Giles",
  "Michael Gunner": "Michael Gunner",
  "Natasha Fyles": "Natasha Fyles",
  "Eva Lawler": "Eva Lawler",
  "Lia Finocchiaro": "Lia Finocchiaro"
}
```
2026-08-07 13:42:08.424 | INFO     | eval.evaluation.evaluation:evaluate_single_query:223 - col: name, primary_key_map {'Mike Baird': 'Mike Baird', 'Gladys Berejiklian': 'Gladys Berejiklian', 'Dominic Perrottet': 'Dominic Perrottet', 'Chris Minns': 'Chris Minns', 'Daniel Andrews': 'Daniel Andrews', 'Jacinta Allan': 'Jacinta Allan', 'Campbell Newman': 'Campbell Newman', 'Annastacia Palaszczuk': 'Annastacia Palaszczuk', 'Steven Miles': 'Steven Miles', 'David Crisafulli': 'David Crisafulli', 'Colin Barnett': 'Colin Barnett', 'Mark McGowan': 'Mark McGowan', 'Roger Cook': 'Roger Cook', 'Jay Weatherill': 'Jay Weatherill', 'Steven Marshall': 'Steven Marshall', 'Peter Malinauskas': 'Peter Malinauskas', 'Will Hodgman': 'Will Hodgman', 'Peter Gutwein': 'Peter Gutwein', 'Jeremy Rockliff': 'Jeremy Rockliff', 'Andrew Barr': 'Andrew Barr', 'Adam Giles': 'Adam Giles', 'Michael Gunner': 'Michael Gunner', 'Natasha Fyles': 'Natasha Fyles', 'Eva Lawler': 'Eva Lawler', 'Lia Finocchiaro': 'Lia Finocchiaro'}
2026-08-07 13:42:09.989 | INFO     | eval.evaluation.evaluation:evaluate_single_query:275 - wide2deep_ws_en_061, df_inner shape: (25, 16), answer_df shape: (25, 8), response_df shape: (25, 9)
2026-08-07 13:42:14.179 | DEBUG    | eval.evaluation.evaluation:evaluate_single_query:321 - wide2deep_ws_en_061, col state/territory, metric_func_name llm_judge, score [1, 1, 1, 1, 1, 1, 1, 1, 1, 1, 1, 1, 1, 1, 1, 1, 1, 1, 1, 1, 1, 1, 1, 1, 1]
2026-08-07 13:42:14.179 | DEBUG    | eval.evaluation.evaluation:metric_call:77 - metric_func_name exact_match score 1.0 msg exact match, response: premier, target: premier
2026-08-07 13:42:14.179 | DEBUG    | eval.evaluation.evaluation:metric_call:77 - metric_func_name exact_match score 1.0 msg exact match, response: premier, target: premier
2026-08-07 13:42:14.179 | DEBUG    | eval.evaluation.evaluation:metric_call:77 - metric_func_name exact_match score 1.0 msg exact match, response: premier, target: premier
2026-08-07 13:42:14.179 | DEBUG    | eval.evaluation.evaluation:metric_call:77 - metric_func_name exact_match score 1.0 msg exact match, response: premier, target: premier
2026-08-07 13:42:14.179 | DEBUG    | eval.evaluation.evaluation:metric_call:77 - metric_func_name exact_match score 1.0 msg exact match, response: premier, target: premier
2026-08-07 13:42:14.179 | DEBUG    | eval.evaluation.evaluation:metric_call:77 - metric_func_name exact_match score 1.0 msg exact match, response: premier, target: premier
2026-08-07 13:42:14.179 | DEBUG    | eval.evaluation.evaluation:metric_call:77 - metric_func_name exact_match score 1.0 msg exact match, response: premier, target: premier
2026-08-07 13:42:14.179 | DEBUG    | eval.evaluation.evaluation:metric_call:77 - metric_func_name exact_match score 1.0 msg exact match, response: premier, target: premier
2026-08-07 13:42:14.179 | DEBUG    | eval.evaluation.evaluation:metric_call:77 - metric_func_name exact_match score 1.0 msg exact match, response: premier, target: premier
2026-08-07 13:42:14.179 | DEBUG    | eval.evaluation.evaluation:metric_call:77 - metric_func_name exact_match score 1.0 msg exact match, response: premier, target: premier
2026-08-07 13:42:14.179 | DEBUG    | eval.evaluation.evaluation:metric_call:77 - metric_func_name exact_match score 1.0 msg exact match, response: premier, target: premier
2026-08-07 13:42:14.180 | DEBUG    | eval.evaluation.evaluation:metric_call:77 - metric_func_name exact_match score 1.0 msg exact match, response: premier, target: premier
2026-08-07 13:42:14.180 | DEBUG    | eval.evaluation.evaluation:metric_call:77 - metric_func_name exact_match score 1.0 msg exact match, response: premier, target: premier
2026-08-07 13:42:14.180 | DEBUG    | eval.evaluation.evaluation:metric_call:77 - metric_func_name exact_match score 1.0 msg exact match, response: premier, target: premier
2026-08-07 13:42:14.180 | DEBUG    | eval.evaluation.evaluation:metric_call:77 - metric_func_name exact_match score 1.0 msg exact match, response: premier, target: premier
2026-08-07 13:42:14.180 | DEBUG    | eval.evaluation.evaluation:metric_call:77 - metric_func_name exact_match score 1.0 msg exact match, response: premier, target: premier
2026-08-07 13:42:14.180 | DEBUG    | eval.evaluation.evaluation:metric_call:77 - metric_func_name exact_match score 1.0 msg exact match, response: premier, target: premier
2026-08-07 13:42:14.180 | DEBUG    | eval.evaluation.evaluation:metric_call:77 - metric_func_name exact_match score 1.0 msg exact match, response: premier, target: premier
2026-08-07 13:42:14.180 | DEBUG    | eval.evaluation.evaluation:metric_call:77 - metric_func_name exact_match score 1.0 msg exact match, response: chiefminister, target: chiefminister
2026-08-07 13:42:14.180 | DEBUG    | eval.evaluation.evaluation:metric_call:77 - metric_func_name exact_match score 1.0 msg exact match, response: chiefminister, target: chiefminister
2026-08-07 13:42:14.180 | DEBUG    | eval.evaluation.evaluation:metric_call:77 - metric_func_name exact_match score 1.0 msg exact match, response: chiefminister, target: chiefminister
2026-08-07 13:42:14.180 | DEBUG    | eval.evaluation.evaluation:metric_call:77 - metric_func_name exact_match score 1.0 msg exact match, response: chiefminister, target: chiefminister
2026-08-07 13:42:14.180 | DEBUG    | eval.evaluation.evaluation:metric_call:77 - metric_func_name exact_match score 1.0 msg exact match, response: chiefminister, target: chiefminister
2026-08-07 13:42:14.180 | DEBUG    | eval.evaluation.evaluation:metric_call:77 - metric_func_name exact_match score 1.0 msg exact match, response: chiefminister, target: chiefminister
2026-08-07 13:42:14.180 | DEBUG    | eval.evaluation.evaluation:metric_call:77 - metric_func_name exact_match score 1.0 msg exact match, response: premier, target: premier
2026-08-07 13:42:14.181 | DEBUG    | eval.evaluation.evaluation:evaluate_single_query:321 - wide2deep_ws_en_061, col office/position, metric_func_name exact_match, score [1.0, 1.0, 1.0, 1.0, 1.0, 1.0, 1.0, 1.0, 1.0, 1.0, 1.0, 1.0, 1.0, 1.0, 1.0, 1.0, 1.0, 1.0, 1.0, 1.0, 1.0, 1.0, 1.0, 1.0, 1.0]
2026-08-07 13:42:14.181 | DEBUG    | eval.evaluation.evaluation:metric_call:77 - metric_func_name exact_match score 0.0 msg exact not match, response: lp, target: lib
2026-08-07 13:42:14.181 | DEBUG    | eval.evaluation.evaluation:metric_call:77 - metric_func_name exact_match score 0.0 msg exact not match, response: lp, target: lib
2026-08-07 13:42:14.181 | DEBUG    | eval.evaluation.evaluation:metric_call:77 - metric_func_name exact_match score 0.0 msg exact not match, response: lp, target: lib
2026-08-07 13:42:14.181 | DEBUG    | eval.evaluation.evaluation:metric_call:77 - metric_func_name exact_match score 1.0 msg exact match, response: alp, target: alp
2026-08-07 13:42:14.181 | DEBUG    | eval.evaluation.evaluation:metric_call:77 - metric_func_name exact_match score 1.0 msg exact match, response: alp, target: alp
2026-08-07 13:42:14.181 | DEBUG    | eval.evaluation.evaluation:metric_call:77 - metric_func_name exact_match score 1.0 msg exact match, response: alp, target: alp
2026-08-07 13:42:14.182 | DEBUG    | eval.evaluation.evaluation:metric_call:77 - metric_func_name exact_match score 1.0 msg exact match, response: lnp, target: lnp
2026-08-07 13:42:14.182 | DEBUG    | eval.evaluation.evaluation:metric_call:77 - metric_func_name exact_match score 1.0 msg exact match, response: alp, target: alp
2026-08-07 13:42:14.182 | DEBUG    | eval.evaluation.evaluation:metric_call:77 - metric_func_name exact_match score 1.0 msg exact match, response: alp, target: alp
2026-08-07 13:42:14.182 | DEBUG    | eval.evaluation.evaluation:metric_call:77 - metric_func_name exact_match score 1.0 msg exact match, response: alp, target: alp
2026-08-07 13:42:14.182 | DEBUG    | eval.evaluation.evaluation:metric_call:77 - metric_func_name exact_match score 0.0 msg exact not match, response: lp, target: lib
2026-08-07 13:42:14.182 | DEBUG    | eval.evaluation.evaluation:metric_call:77 - metric_func_name exact_match score 1.0 msg exact match, response: alp, target: alp
2026-08-07 13:42:14.182 | DEBUG    | eval.evaluation.evaluation:metric_call:77 - metric_func_name exact_match score 0.0 msg exact not match, response: lp, target: lib
2026-08-07 13:42:14.182 | DEBUG    | eval.evaluation.evaluation:metric_call:77 - metric_func_name exact_match score 1.0 msg exact match, response: alp, target: alp
2026-08-07 13:42:14.182 | DEBUG    | eval.evaluation.evaluation:metric_call:77 - metric_func_name exact_match score 1.0 msg exact match, response: alp, target: alp
2026-08-07 13:42:14.182 | DEBUG    | eval.evaluation.evaluation:metric_call:77 - metric_func_name exact_match score 0.0 msg exact not match, response: lp, target: lib
2026-08-07 13:42:14.182 | DEBUG    | eval.evaluation.evaluation:metric_call:77 - metric_func_name exact_match score 0.0 msg exact not match, response: lp, target: lib
2026-08-07 13:42:14.182 | DEBUG    | eval.evaluation.evaluation:metric_call:77 - metric_func_name exact_match score 0.0 msg exact not match, response: lp, target: lib
2026-08-07 13:42:14.182 | DEBUG    | eval.evaluation.evaluation:metric_call:77 - metric_func_name exact_match score 1.0 msg exact match, response: alp, target: alp
2026-08-07 13:42:14.182 | DEBUG    | eval.evaluation.evaluation:metric_call:77 - metric_func_name exact_match score 1.0 msg exact match, response: clp, target: clp
2026-08-07 13:42:14.182 | DEBUG    | eval.evaluation.evaluation:metric_call:77 - metric_func_name exact_match score 1.0 msg exact match, response: alp, target: alp
2026-08-07 13:42:14.182 | DEBUG    | eval.evaluation.evaluation:metric_call:77 - metric_func_name exact_match score 1.0 msg exact match, response: alp, target: alp
2026-08-07 13:42:14.182 | DEBUG    | eval.evaluation.evaluation:metric_call:77 - metric_func_name exact_match score 1.0 msg exact match, response: alp, target: alp
2026-08-07 13:42:14.182 | DEBUG    | eval.evaluation.evaluation:metric_call:77 - metric_func_name exact_match score 1.0 msg exact match, response: clp, target: clp
2026-08-07 13:42:14.182 | DEBUG    | eval.evaluation.evaluation:metric_call:77 - metric_func_name exact_match score 1.0 msg exact match, response: lnp, target: lnp
2026-08-07 13:42:14.183 | DEBUG    | eval.evaluation.evaluation:evaluate_single_query:321 - wide2deep_ws_en_061, col party, metric_func_name exact_match, score [0.0, 0.0, 0.0, 1.0, 1.0, 1.0, 1.0, 1.0, 1.0, 1.0, 0.0, 1.0, 0.0, 1.0, 1.0, 0.0, 0.0, 0.0, 1.0, 1.0, 1.0, 1.0, 1.0, 1.0, 1.0]
2026-08-07 13:42:14.186 | DEBUG    | eval.evaluation.evaluation:metric_call:77 - metric_func_name date_near score 1.0 msg date near, response: 2014-04-17 00:00:00, target: 2014-04-17 00:00:00
2026-08-07 13:42:14.188 | DEBUG    | eval.evaluation.evaluation:metric_call:77 - metric_func_name date_near score 1.0 msg date near, response: 2017-01-23 00:00:00, target: 2017-01-23 00:00:00
2026-08-07 13:42:14.190 | DEBUG    | eval.evaluation.evaluation:metric_call:77 - metric_func_name date_near score 1.0 msg date near, response: 2021-10-05 00:00:00, target: 2021-10-05 00:00:00
2026-08-07 13:42:14.192 | DEBUG    | eval.evaluation.evaluation:metric_call:77 - metric_func_name date_near score 1.0 msg date near, response: 2023-03-28 00:00:00, target: 2023-03-28 00:00:00
2026-08-07 13:42:14.195 | DEBUG    | eval.evaluation.evaluation:metric_call:77 - metric_func_name date_near score 1.0 msg date near, response: 2014-12-04 00:00:00, target: 2014-12-04 00:00:00
2026-08-07 13:42:14.197 | DEBUG    | eval.evaluation.evaluation:metric_call:77 - metric_func_name date_near score 1.0 msg date near, response: 2023-09-27 00:00:00, target: 2023-09-27 00:00:00
2026-08-07 13:42:14.199 | DEBUG    | eval.evaluation.evaluation:metric_call:77 - metric_func_name date_near score 1.0 msg date near, response: 2012-03-26 00:00:00, target: 2012-03-26 00:00:00
2026-08-07 13:42:14.201 | DEBUG    | eval.evaluation.evaluation:metric_call:77 - metric_func_name date_near score 1.0 msg date near, response: 2015-02-14 00:00:00, target: 2015-02-14 00:00:00
2026-08-07 13:42:14.203 | DEBUG    | eval.evaluation.evaluation:metric_call:77 - metric_func_name date_near score 1.0 msg date near, response: 2023-12-15 00:00:00, target: 2023-12-15 00:00:00
2026-08-07 13:42:14.205 | DEBUG    | eval.evaluation.evaluation:metric_call:77 - metric_func_name date_near score 1.0 msg date near, response: 2011-10-21 00:00:00, target: 2011-10-21 00:00:00
2026-08-07 13:42:14.207 | DEBUG    | eval.evaluation.evaluation:metric_call:77 - metric_func_name date_near score 1.0 msg date near, response: 2018-03-19 00:00:00, target: 2018-03-19 00:00:00
2026-08-07 13:42:14.210 | DEBUG    | eval.evaluation.evaluation:metric_call:77 - metric_func_name date_near score 1.0 msg date near, response: 2022-03-21 00:00:00, target: 2022-03-21 00:00:00
2026-08-07 13:42:14.212 | DEBUG    | eval.evaluation.evaluation:metric_call:77 - metric_func_name date_near score 1.0 msg date near, response: 2008-09-23 00:00:00, target: 2008-09-23 00:00:00
2026-08-07 13:42:14.214 | DEBUG    | eval.evaluation.evaluation:metric_call:77 - metric_func_name date_near score 1.0 msg date near, response: 2017-03-17 00:00:00, target: 2017-03-17 00:00:00
2026-08-07 13:42:14.216 | DEBUG    | eval.evaluation.evaluation:metric_call:77 - metric_func_name date_near score 1.0 msg date near, response: 2023-06-08 00:00:00, target: 2023-06-08 00:00:00
2026-08-07 13:42:14.218 | DEBUG    | eval.evaluation.evaluation:metric_call:77 - metric_func_name date_near score 1.0 msg date near, response: 2014-03-31 00:00:00, target: 2014-03-31 00:00:00
2026-08-07 13:42:14.220 | DEBUG    | eval.evaluation.evaluation:metric_call:77 - metric_func_name date_near score 1.0 msg date near, response: 2020-01-20 00:00:00, target: 2020-01-20 00:00:00
2026-08-07 13:42:14.223 | DEBUG    | eval.evaluation.evaluation:metric_call:77 - metric_func_name date_near score 1.0 msg date near, response: 2022-04-08 00:00:00, target: 2022-04-08 00:00:00
2026-08-07 13:42:14.225 | DEBUG    | eval.evaluation.evaluation:metric_call:77 - metric_func_name date_near score 1.0 msg date near, response: 2014-12-11 00:00:00, target: 2014-12-11 00:00:00
2026-08-07 13:42:14.227 | DEBUG    | eval.evaluation.evaluation:metric_call:77 - metric_func_name date_near score 1.0 msg date near, response: 2013-03-14 00:00:00, target: 2013-03-14 00:00:00
2026-08-07 13:42:14.229 | DEBUG    | eval.evaluation.evaluation:metric_call:77 - metric_func_name date_near score 1.0 msg date near, response: 2016-08-31 00:00:00, target: 2016-08-31 00:00:00
2026-08-07 13:42:14.231 | DEBUG    | eval.evaluation.evaluation:metric_call:77 - metric_func_name date_near score 1.0 msg date near, response: 2022-05-13 00:00:00, target: 2022-05-13 00:00:00
2026-08-07 13:42:14.233 | DEBUG    | eval.evaluation.evaluation:metric_call:77 - metric_func_name date_near score 1.0 msg date near, response: 2023-12-21 00:00:00, target: 2023-12-26 00:00:00
2026-08-07 13:42:14.236 | DEBUG    | eval.evaluation.evaluation:metric_call:77 - metric_func_name date_near score 1.0 msg date near, response: 2024-08-28 00:00:00, target: 2024-08-28 00:00:00
2026-08-07 13:42:14.238 | DEBUG    | eval.evaluation.evaluation:metric_call:77 - metric_func_name date_near score 1.0 msg date near, response: 2024-10-28 00:00:00, target: 2024-10-28 00:00:00
2026-08-07 13:42:14.239 | DEBUG    | eval.evaluation.evaluation:evaluate_single_query:321 - wide2deep_ws_en_061, col startdate, metric_func_name date_near, score [1.0, 1.0, 1.0, 1.0, 1.0, 1.0, 1.0, 1.0, 1.0, 1.0, 1.0, 1.0, 1.0, 1.0, 1.0, 1.0, 1.0, 1.0, 1.0, 1.0, 1.0, 1.0, 1.0, 1.0, 1.0]
2026-08-07 13:42:14.241 | DEBUG    | eval.evaluation.evaluation:metric_call:77 - metric_func_name date_near score 1.0 msg date near, response: 2017-01-23 00:00:00, target: 2017-01-23 00:00:00
2026-08-07 13:42:14.243 | DEBUG    | eval.evaluation.evaluation:metric_call:77 - metric_func_name date_near score 1.0 msg date near, response: 2021-10-05 00:00:00, target: 2021-10-05 00:00:00
2026-08-07 13:42:14.245 | DEBUG    | eval.evaluation.evaluation:metric_call:77 - metric_func_name date_near score 1.0 msg date near, response: 2023-03-28 00:00:00, target: 2023-03-28 00:00:00
2026-08-07 13:42:14.261 | DEBUG    | eval.evaluation.evaluation:metric_call:77 - metric_func_name date_near score 1.0 msg date near, response: incumbent, target: incumbent
2026-08-07 13:42:14.263 | DEBUG    | eval.evaluation.evaluation:metric_call:77 - metric_func_name date_near score 1.0 msg date near, response: 2023-09-27 00:00:00, target: 2023-09-27 00:00:00
2026-08-07 13:42:14.274 | DEBUG    | eval.evaluation.evaluation:metric_call:77 - metric_func_name date_near score 1.0 msg date near, response: incumbent, target: incumbent
2026-08-07 13:42:14.276 | DEBUG    | eval.evaluation.evaluation:metric_call:77 - metric_func_name date_near score 1.0 msg date near, response: 2015-02-14 00:00:00, target: 2015-02-14 00:00:00
2026-08-07 13:42:14.278 | DEBUG    | eval.evaluation.evaluation:metric_call:77 - metric_func_name date_near score 1.0 msg date near, response: 2023-12-15 00:00:00, target: 2023-12-15 00:00:00
2026-08-07 13:42:14.280 | DEBUG    | eval.evaluation.evaluation:metric_call:77 - metric_func_name date_near score 1.0 msg date near, response: 2024-10-28 00:00:00, target: 2024-10-28 00:00:00
2026-08-07 13:42:14.282 | DEBUG    | eval.evaluation.evaluation:metric_call:77 - metric_func_name date_near score 1.0 msg date near, response: 2018-03-19 00:00:00, target: 2018-03-19 00:00:00
2026-08-07 13:42:14.285 | DEBUG    | eval.evaluation.evaluation:metric_call:77 - metric_func_name date_near score 1.0 msg date near, response: 2022-03-21 00:00:00, target: 2022-03-21 00:00:00
2026-08-07 13:42:14.296 | DEBUG    | eval.evaluation.evaluation:metric_call:77 - metric_func_name date_near score 1.0 msg date near, response: incumbent, target: incumbent
2026-08-07 13:42:14.299 | DEBUG    | eval.evaluation.evaluation:metric_call:77 - metric_func_name date_near score 1.0 msg date near, response: 2017-03-17 00:00:00, target: 2017-03-17 00:00:00
2026-08-07 13:42:14.301 | DEBUG    | eval.evaluation.evaluation:metric_call:77 - metric_func_name date_near score 1.0 msg date near, response: 2023-06-08 00:00:00, target: 2023-06-08 00:00:00
2026-08-07 13:42:14.313 | DEBUG    | eval.evaluation.evaluation:metric_call:77 - metric_func_name date_near score 1.0 msg date near, response: incumbent, target: incumbent
2026-08-07 13:42:14.316 | DEBUG    | eval.evaluation.evaluation:metric_call:77 - metric_func_name date_near score 1.0 msg date near, response: 2020-01-20 00:00:00, target: 2020-01-20 00:00:00
2026-08-07 13:42:14.319 | DEBUG    | eval.evaluation.evaluation:metric_call:77 - metric_func_name date_near score 1.0 msg date near, response: 2022-04-08 00:00:00, target: 2022-04-08 00:00:00
2026-08-07 13:42:14.331 | DEBUG    | eval.evaluation.evaluation:metric_call:77 - metric_func_name date_near score 1.0 msg date near, response: incumbent, target: incumbent
2026-08-07 13:42:14.343 | DEBUG    | eval.evaluation.evaluation:metric_call:77 - metric_func_name date_near score 1.0 msg date near, response: incumbent, target: incumbent
2026-08-07 13:42:14.346 | DEBUG    | eval.evaluation.evaluation:metric_call:77 - metric_func_name date_near score 1.0 msg date near, response: 2016-08-31 00:00:00, target: 2016-08-31 00:00:00
2026-08-07 13:42:14.348 | DEBUG    | eval.evaluation.evaluation:metric_call:77 - metric_func_name date_near score 1.0 msg date near, response: 2022-05-13 00:00:00, target: 2022-05-13 00:00:00
2026-08-07 13:42:14.350 | DEBUG    | eval.evaluation.evaluation:metric_call:77 - metric_func_name date_near score 1.0 msg date near, response: 2023-12-21 00:00:00, target: 2023-12-26 00:00:00
2026-08-07 13:42:14.352 | DEBUG    | eval.evaluation.evaluation:metric_call:77 - metric_func_name date_near score 1.0 msg date near, response: 2024-08-28 00:00:00, target: 2024-08-28 00:00:00
2026-08-07 13:42:14.365 | DEBUG    | eval.evaluation.evaluation:metric_call:77 - metric_func_name date_near score 1.0 msg date near, response: incumbent, target: incumbent
2026-08-07 13:42:14.378 | DEBUG    | eval.evaluation.evaluation:metric_call:77 - metric_func_name date_near score 1.0 msg date near, response: incumbent, target: incumbent
2026-08-07 13:42:14.380 | DEBUG    | eval.evaluation.evaluation:evaluate_single_query:321 - wide2deep_ws_en_061, col enddate, metric_func_name date_near, score [1.0, 1.0, 1.0, 1.0, 1.0, 1.0, 1.0, 1.0, 1.0, 1.0, 1.0, 1.0, 1.0, 1.0, 1.0, 1.0, 1.0, 1.0, 1.0, 1.0, 1.0, 1.0, 1.0, 1.0, 1.0]
2026-08-07 13:42:14.380 | DEBUG    | eval.evaluation.evaluation:metric_call:77 - metric_func_name exact_match score 1.0 msg exact match, response: partyleadershipchange, target: partyleadershipchange
2026-08-07 13:42:14.380 | DEBUG    | eval.evaluation.evaluation:metric_call:77 - metric_func_name exact_match score 1.0 msg exact match, response: partyleadershipchange, target: partyleadershipchange
2026-08-07 13:42:14.380 | DEBUG    | eval.evaluation.evaluation:metric_call:77 - metric_func_name exact_match score 1.0 msg exact match, response: partyleadershipchange, target: partyleadershipchange
2026-08-07 13:42:14.380 | DEBUG    | eval.evaluation.evaluation:metric_call:77 - metric_func_name exact_match score 1.0 msg exact match, response: generalelection, target: generalelection
2026-08-07 13:42:14.380 | DEBUG    | eval.evaluation.evaluation:metric_call:77 - metric_func_name exact_match score 1.0 msg exact match, response: generalelection, target: generalelection
2026-08-07 13:42:14.380 | DEBUG    | eval.evaluation.evaluation:metric_call:77 - metric_func_name exact_match score 1.0 msg exact match, response: partyleadershipchange, target: partyleadershipchange
2026-08-07 13:42:14.380 | DEBUG    | eval.evaluation.evaluation:metric_call:77 - metric_func_name exact_match score 1.0 msg exact match, response: generalelection, target: generalelection
2026-08-07 13:42:14.380 | DEBUG    | eval.evaluation.evaluation:metric_call:77 - metric_func_name exact_match score 1.0 msg exact match, response: generalelection, target: generalelection
2026-08-07 13:42:14.380 | DEBUG    | eval.evaluation.evaluation:metric_call:77 - metric_func_name exact_match score 1.0 msg exact match, response: partyleadershipchange, target: partyleadershipchange
2026-08-07 13:42:14.381 | DEBUG    | eval.evaluation.evaluation:metric_call:77 - metric_func_name exact_match score 1.0 msg exact match, response: partyleadershipchange, target: partyleadershipchange
2026-08-07 13:42:14.381 | DEBUG    | eval.evaluation.evaluation:metric_call:77 - metric_func_name exact_match score 1.0 msg exact match, response: generalelection, target: generalelection
2026-08-07 13:42:14.381 | DEBUG    | eval.evaluation.evaluation:metric_call:77 - metric_func_name exact_match score 1.0 msg exact match, response: generalelection, target: generalelection
2026-08-07 13:42:14.381 | DEBUG    | eval.evaluation.evaluation:metric_call:77 - metric_func_name exact_match score 1.0 msg exact match, response: generalelection, target: generalelection
2026-08-07 13:42:14.381 | DEBUG    | eval.evaluation.evaluation:metric_call:77 - metric_func_name exact_match score 1.0 msg exact match, response: generalelection, target: generalelection
2026-08-07 13:42:14.381 | DEBUG    | eval.evaluation.evaluation:metric_call:77 - metric_func_name exact_match score 1.0 msg exact match, response: partyleadershipchange, target: partyleadershipchange
2026-08-07 13:42:14.381 | DEBUG    | eval.evaluation.evaluation:metric_call:77 - metric_func_name exact_match score 1.0 msg exact match, response: generalelection, target: generalelection
2026-08-07 13:42:14.381 | DEBUG    | eval.evaluation.evaluation:metric_call:77 - metric_func_name exact_match score 1.0 msg exact match, response: partyleadershipchange, target: partyleadershipchange
2026-08-07 13:42:14.381 | DEBUG    | eval.evaluation.evaluation:metric_call:77 - metric_func_name exact_match score 1.0 msg exact match, response: partyleadershipchange, target: partyleadershipchange
2026-08-07 13:42:14.381 | DEBUG    | eval.evaluation.evaluation:metric_call:77 - metric_func_name exact_match score 1.0 msg exact match, response: partyleadershipchange, target: partyleadershipchange
2026-08-07 13:42:14.381 | DEBUG    | eval.evaluation.evaluation:metric_call:77 - metric_func_name exact_match score 1.0 msg exact match, response: partyleadershipchange, target: partyleadershipchange
2026-08-07 13:42:14.381 | DEBUG    | eval.evaluation.evaluation:metric_call:77 - metric_func_name exact_match score 1.0 msg exact match, response: generalelection, target: generalelection
2026-08-07 13:42:14.381 | DEBUG    | eval.evaluation.evaluation:metric_call:77 - metric_func_name exact_match score 1.0 msg exact match, response: partyleadershipchange, target: partyleadershipchange
2026-08-07 13:42:14.381 | DEBUG    | eval.evaluation.evaluation:metric_call:77 - metric_func_name exact_match score 1.0 msg exact match, response: partyleadershipchange, target: partyleadershipchange
2026-08-07 13:42:14.381 | DEBUG    | eval.evaluation.evaluation:metric_call:77 - metric_func_name exact_match score 1.0 msg exact match, response: generalelection, target: generalelection
2026-08-07 13:42:14.381 | DEBUG    | eval.evaluation.evaluation:metric_call:77 - metric_func_name exact_match score 1.0 msg exact match, response: generalelection, target: generalelection
2026-08-07 13:42:14.382 | DEBUG    | eval.evaluation.evaluation:evaluate_single_query:321 - wide2deep_ws_en_061, col accessionmode, metric_func_name exact_match, score [1.0, 1.0, 1.0, 1.0, 1.0, 1.0, 1.0, 1.0, 1.0, 1.0, 1.0, 1.0, 1.0, 1.0, 1.0, 1.0, 1.0, 1.0, 1.0, 1.0, 1.0, 1.0, 1.0, 1.0, 1.0]
2026-08-07 13:42:14.382 | DEBUG    | eval.evaluation.evaluation:metric_call:77 - metric_func_name exact_match score 1.0 msg exact match, response: resignation, target: resignation
2026-08-07 13:42:14.382 | DEBUG    | eval.evaluation.evaluation:metric_call:77 - metric_func_name exact_match score 1.0 msg exact match, response: resignation, target: resignation
2026-08-07 13:42:14.382 | DEBUG    | eval.evaluation.evaluation:metric_call:77 - metric_func_name exact_match score 1.0 msg exact match, response: electiondefeat, target: electiondefeat
2026-08-07 13:42:14.382 | DEBUG    | eval.evaluation.evaluation:metric_call:77 - metric_func_name exact_match score 1.0 msg exact match, response: -, target: -
2026-08-07 13:42:14.383 | DEBUG    | eval.evaluation.evaluation:metric_call:77 - metric_func_name exact_match score 1.0 msg exact match, response: resignation, target: resignation
2026-08-07 13:42:14.383 | DEBUG    | eval.evaluation.evaluation:metric_call:77 - metric_func_name exact_match score 1.0 msg exact match, response: -, target: -
2026-08-07 13:42:14.383 | DEBUG    | eval.evaluation.evaluation:metric_call:77 - metric_func_name exact_match score 1.0 msg exact match, response: electiondefeat, target: electiondefeat
2026-08-07 13:42:14.383 | DEBUG    | eval.evaluation.evaluation:metric_call:77 - metric_func_name exact_match score 1.0 msg exact match, response: resignation, target: resignation
2026-08-07 13:42:14.383 | DEBUG    | eval.evaluation.evaluation:metric_call:77 - metric_func_name exact_match score 1.0 msg exact match, response: electiondefeat, target: electiondefeat
2026-08-07 13:42:14.383 | DEBUG    | eval.evaluation.evaluation:metric_call:77 - metric_func_name exact_match score 1.0 msg exact match, response: electiondefeat, target: electiondefeat
2026-08-07 13:42:14.383 | DEBUG    | eval.evaluation.evaluation:metric_call:77 - metric_func_name exact_match score 1.0 msg exact match, response: electiondefeat, target: electiondefeat
2026-08-07 13:42:14.383 | DEBUG    | eval.evaluation.evaluation:metric_call:77 - metric_func_name exact_match score 1.0 msg exact match, response: -, target: -
2026-08-07 13:42:14.383 | DEBUG    | eval.evaluation.evaluation:metric_call:77 - metric_func_name exact_match score 1.0 msg exact match, response: electiondefeat, target: electiondefeat
2026-08-07 13:42:14.383 | DEBUG    | eval.evaluation.evaluation:metric_call:77 - metric_func_name exact_match score 1.0 msg exact match, response: resignation, target: resignation
2026-08-07 13:42:14.383 | DEBUG    | eval.evaluation.evaluation:metric_call:77 - metric_func_name exact_match score 1.0 msg exact match, response: -, target: -
2026-08-07 13:42:14.383 | DEBUG    | eval.evaluation.evaluation:metric_call:77 - metric_func_name exact_match score 1.0 msg exact match, response: resignation, target: resignation
2026-08-07 13:42:14.383 | DEBUG    | eval.evaluation.evaluation:metric_call:77 - metric_func_name exact_match score 1.0 msg exact match, response: resignation, target: resignation
2026-08-07 13:42:14.383 | DEBUG    | eval.evaluation.evaluation:metric_call:77 - metric_func_name exact_match score 1.0 msg exact match, response: -, target: -
2026-08-07 13:42:14.383 | DEBUG    | eval.evaluation.evaluation:metric_call:77 - metric_func_name exact_match score 1.0 msg exact match, response: -, target: -
2026-08-07 13:42:14.383 | DEBUG    | eval.evaluation.evaluation:metric_call:77 - metric_func_name exact_match score 1.0 msg exact match, response: electiondefeat, target: electiondefeat
2026-08-07 13:42:14.383 | DEBUG    | eval.evaluation.evaluation:metric_call:77 - metric_func_name exact_match score 1.0 msg exact match, response: resignation, target: resignation
2026-08-07 13:42:14.383 | DEBUG    | eval.evaluation.evaluation:metric_call:77 - metric_func_name exact_match score 1.0 msg exact match, response: resignation, target: resignation
2026-08-07 13:42:14.383 | DEBUG    | eval.evaluation.evaluation:metric_call:77 - metric_func_name exact_match score 1.0 msg exact match, response: electiondefeat, target: electiondefeat
2026-08-07 13:42:14.384 | DEBUG    | eval.evaluation.evaluation:metric_call:77 - metric_func_name exact_match score 1.0 msg exact match, response: -, target: -
2026-08-07 13:42:14.384 | DEBUG    | eval.evaluation.evaluation:metric_call:77 - metric_func_name exact_match score 1.0 msg exact match, response: -, target: -
2026-08-07 13:42:14.384 | DEBUG    | eval.evaluation.evaluation:evaluate_single_query:321 - wide2deep_ws_en_061, col leavingreason, metric_func_name exact_match, score [1.0, 1.0, 1.0, 1.0, 1.0, 1.0, 1.0, 1.0, 1.0, 1.0, 1.0, 1.0, 1.0, 1.0, 1.0, 1.0, 1.0, 1.0, 1.0, 1.0, 1.0, 1.0, 1.0, 1.0, 1.0]
2026-08-07 13:42:14.392 | INFO     | eval.evaluation.evaluation:evaluate_single_query:380 - wide2deep_ws_en_061, P/R/F1 by unique_columns: 1.0000/1.0000/1.0000
2026-08-07 13:42:14.392 | INFO     | eval.evaluation.evaluation:evaluate_single_query:383 - wide2deep_ws_en_061, P/R/F1 by row: 0.6800/0.6800/0.6800
2026-08-07 13:42:14.392 | INFO     | eval.evaluation.evaluation:evaluate_single_query:386 - wide2deep_ws_en_061, P/R/F1 by item: 0.9600/0.9600/0.9600
2026-08-07 13:42:14.397 | INFO     | eval.evaluation.evaluation:evaluate_single_query:398 - wide2deep_ws_en_061, final table score: 0.0
{"event": "eval_done", "idx": 1, "instance_id": "wide2deep_ws_en_061", "score": 0.0, "entity_acc": 1.0, "f1_by_row": 0.68, "f1_by_item": 0.96, "column_f1": 1.0, "error": null, "elapsed_seconds": 15.329, "running_n": 1}
2026-08-07 13:42:16.551 | DEBUG    | eval.evaluation.data_loader:extract_dataframe:167 - find markdown_str 
| Year | Book Title | Author | First Publisher | First Publicat ...
2026-08-07 13:42:23.717 | INFO     | eval.evaluation.metric_utils:primary_key_preprocess:246 - primary_key_preprocess result: ```json
{
  "The Candy House": "The Candy House",
  "Checkout 19": "Checkout 19",
  "Demon Copperhead": "Demon Copperhead",
  "The Furrows": "The Furrows",
  "Trust": "Trust",
  "An Immense World": "An Immense World: How Animal Senses Reveal the Hidden Realms Around Us",
  "Stay True": "Stay True: A Memoir",
  "Strangers to Ourselves": "Strangers to Ourselves: Unsettled Minds and the Stories That Make Us",
  "Under the Skin": "Under the Skin: The Hidden Toll of Racism on American Lives and on the Health of Our Nation",
  "We Don't Know Ourselves": "We Don’t Know Ourselves",
  "The Bee Sting": "The Bee Sting",
  "Chain-Gang All-Stars": "Chain-Gang All-Stars",
  "Eastbound": "Eastbound",
  "The Fraud": "The Fraud",
  "North Woods": "North Woods",
  "Bottoms Up and the Devil Laughs": "Bottoms Up and the Devil Laughs: A Journey Through the Deep State",
  "Fire Weather": "Fire Weather: A True Story from a Hotter World",
  "Master Slave Husband Wife": "Master Slave Husband Wife: An Epic Journey from Slavery to Freedom",
  "Some People Need Killing": "Some People Need Killing: A Memoir of Murder in My Country",
  "The Best Minds": "The Best Minds: A Story of Friendship, Madness, and the Tragedy of Good Intentions",
  "All Fours": "All Fours",
  "Good Material": "Good Material",
  "James": "James",
  "Martyr!": "Martyr!",
  "You Dreamed of Empires": "You Dreamed of Empires",
  "Cold Crematorium": "Cold Crematorium",
  "Everyone Who Is Gone Is Here": "Everyone Who Is Gone Is Here",
  "I Heard Her Call My Name": "I Heard Her Call My Nam",
  "Reagan": "Reagan",
  "The Wide Wide Sea": "The Wide Wide Sea"
}
```
2026-08-07 13:42:23.717 | INFO     | eval.evaluation.evaluation:evaluate_single_query:223 - col: booktitle, primary_key_map {'The Candy House': 'The Candy House', 'Checkout 19': 'Checkout 19', 'Demon Copperhead': 'Demon Copperhead', 'The Furrows': 'The Furrows', 'Trust': 'Trust', 'An Immense World': 'An Immense World: How Animal Senses Reveal the Hidden Realms Around Us', 'Stay True': 'Stay True: A Memoir', 'Strangers to Ourselves': 'Strangers to Ourselves: Unsettled Minds and the Stories That Make Us', 'Under the Skin': 'Under the Skin: The Hidden Toll of Racism on American Lives and on the Health of Our Nation', "We Don't Know Ourselves": 'We Don’t Know Ourselves', 'The Bee Sting': 'The Bee Sting', 'Chain-Gang All-Stars': 'Chain-Gang All-Stars', 'Eastbound': 'Eastbound', 'The Fraud': 'The Fraud', 'North Woods': 'North Woods', 'Bottoms Up and the Devil Laughs': 'Bottoms Up and the Devil Laughs: A Journey Through the Deep State', 'Fire Weather': 'Fire Weather: A True Story from a Hotter World', 'Master Slave Husband Wife': 'Master Slave Husband Wife: An Epic Journey from Slavery to Freedom', 'Some People Need Killing': 'Some People Need Killing: A Memoir of Murder in My Country', 'The Best Minds': 'The Best Minds: A Story of Friendship, Madness, and the Tragedy of Good Intentions', 'All Fours': 'All Fours', 'Good Material': 'Good Material', 'James': 'James', 'Martyr!': 'Martyr!', 'You Dreamed of Empires': 'You Dreamed of Empires', 'Cold Crematorium': 'Cold Crematorium', 'Everyone Who Is Gone Is Here': 'Everyone Who Is Gone Is Here', 'I Heard Her Call My Name': 'I Heard Her Call My Nam', 'Reagan': 'Reagan', 'The Wide Wide Sea': 'The Wide Wide Sea'}
2026-08-07 13:42:23.723 | INFO     | eval.evaluation.evaluation:evaluate_single_query:275 - wide2deep_ws_en_068, df_inner shape: (30, 10), answer_df shape: (30, 5), response_df shape: (30, 6)
2026-08-07 13:42:23.723 | DEBUG    | eval.evaluation.evaluation:metric_call:77 - metric_func_name exact_match score 1.0 msg exact match, response: 2022, target: 2022
2026-08-07 13:42:23.724 | DEBUG    | eval.evaluation.evaluation:metric_call:77 - metric_func_name exact_match score 1.0 msg exact match, response: 2022, target: 2022
2026-08-07 13:42:23.724 | DEBUG    | eval.evaluation.evaluation:metric_call:77 - metric_func_name exact_match score 1.0 msg exact match, response: 2022, target: 2022
2026-08-07 13:42:23.724 | DEBUG    | eval.evaluation.evaluation:metric_call:77 - metric_func_name exact_match score 1.0 msg exact match, response: 2022, target: 2022
2026-08-07 13:42:23.724 | DEBUG    | eval.evaluation.evaluation:metric_call:77 - metric_func_name exact_match score 1.0 msg exact match, response: 2022, target: 2022
2026-08-07 13:42:23.724 | DEBUG    | eval.evaluation.evaluation:metric_call:77 - metric_func_name exact_match score 1.0 msg exact match, response: 2022, target: 2022
2026-08-07 13:42:23.724 | DEBUG    | eval.evaluation.evaluation:metric_call:77 - metric_func_name exact_match score 1.0 msg exact match, response: 2022, target: 2022
2026-08-07 13:42:23.724 | DEBUG    | eval.evaluation.evaluation:metric_call:77 - metric_func_name exact_match score 1.0 msg exact match, response: 2022, target: 2022
2026-08-07 13:42:23.724 | DEBUG    | eval.evaluation.evaluation:metric_call:77 - metric_func_name exact_match score 1.0 msg exact match, response: 2022, target: 2022
2026-08-07 13:42:23.724 | DEBUG    | eval.evaluation.evaluation:metric_call:77 - metric_func_name exact_match score 1.0 msg exact match, response: 2022, target: 2022
2026-08-07 13:42:23.724 | DEBUG    | eval.evaluation.evaluation:metric_call:77 - metric_func_name exact_match score 1.0 msg exact match, response: 2023, target: 2023
2026-08-07 13:42:23.724 | DEBUG    | eval.evaluation.evaluation:metric_call:77 - metric_func_name exact_match score 1.0 msg exact match, response: 2023, target: 2023
2026-08-07 13:42:23.724 | DEBUG    | eval.evaluation.evaluation:metric_call:77 - metric_func_name exact_match score 1.0 msg exact match, response: 2023, target: 2023
2026-08-07 13:42:23.724 | DEBUG    | eval.evaluation.evaluation:metric_call:77 - metric_func_name exact_match score 1.0 msg exact match, response: 2023, target: 2023
2026-08-07 13:42:23.724 | DEBUG    | eval.evaluation.evaluation:metric_call:77 - metric_func_name exact_match score 1.0 msg exact match, response: 2023, target: 2023
2026-08-07 13:42:23.724 | DEBUG    | eval.evaluation.evaluation:metric_call:77 - metric_func_name exact_match score 1.0 msg exact match, response: 2023, target: 2023
2026-08-07 13:42:23.724 | DEBUG    | eval.evaluation.evaluation:metric_call:77 - metric_func_name exact_match score 1.0 msg exact match, response: 2023, target: 2023
2026-08-07 13:42:23.724 | DEBUG    | eval.evaluation.evaluation:metric_call:77 - metric_func_name exact_match score 1.0 msg exact match, response: 2023, target: 2023
2026-08-07 13:42:23.724 | DEBUG    | eval.evaluation.evaluation:metric_call:77 - metric_func_name exact_match score 1.0 msg exact match, response: 2023, target: 2023
2026-08-07 13:42:23.724 | DEBUG    | eval.evaluation.evaluation:metric_call:77 - metric_func_name exact_match score 1.0 msg exact match, response: 2023, target: 2023
2026-08-07 13:42:23.725 | DEBUG    | eval.evaluation.evaluation:metric_call:77 - metric_func_name exact_match score 1.0 msg exact match, response: 2024, target: 2024
2026-08-07 13:42:23.725 | DEBUG    | eval.evaluation.evaluation:metric_call:77 - metric_func_name exact_match score 1.0 msg exact match, response: 2024, target: 2024
2026-08-07 13:42:23.725 | DEBUG    | eval.evaluation.evaluation:metric_call:77 - metric_func_name exact_match score 1.0 msg exact match, response: 2024, target: 2024
2026-08-07 13:42:23.725 | DEBUG    | eval.evaluation.evaluation:metric_call:77 - metric_func_name exact_match score 1.0 msg exact match, response: 2024, target: 2024
2026-08-07 13:42:23.725 | DEBUG    | eval.evaluation.evaluation:metric_call:77 - metric_func_name exact_match score 1.0 msg exact match, response: 2024, target: 2024
2026-08-07 13:42:23.725 | DEBUG    | eval.evaluation.evaluation:metric_call:77 - metric_func_name exact_match score 1.0 msg exact match, response: 2024, target: 2024
2026-08-07 13:42:23.725 | DEBUG    | eval.evaluation.evaluation:metric_call:77 - metric_func_name exact_match score 1.0 msg exact match, response: 2024, target: 2024
2026-08-07 13:42:23.725 | DEBUG    | eval.evaluation.evaluation:metric_call:77 - metric_func_name exact_match score 1.0 msg exact match, response: 2024, target: 2024
2026-08-07 13:42:23.725 | DEBUG    | eval.evaluation.evaluation:metric_call:77 - metric_func_name exact_match score 1.0 msg exact match, response: 2024, target: 2024
2026-08-07 13:42:23.725 | DEBUG    | eval.evaluation.evaluation:metric_call:77 - metric_func_name exact_match score 1.0 msg exact match, response: 2024, target: 2024
2026-08-07 13:42:23.726 | DEBUG    | eval.evaluation.evaluation:evaluate_single_query:321 - wide2deep_ws_en_068, col year, metric_func_name exact_match, score [1.0, 1.0, 1.0, 1.0, 1.0, 1.0, 1.0, 1.0, 1.0, 1.0, 1.0, 1.0, 1.0, 1.0, 1.0, 1.0, 1.0, 1.0, 1.0, 1.0, 1.0, 1.0, 1.0, 1.0, 1.0, 1.0, 1.0, 1.0, 1.0, 1.0]
2026-08-07 13:42:32.586 | DEBUG    | eval.evaluation.evaluation:evaluate_single_query:321 - wide2deep_ws_en_068, col author, metric_func_name llm_judge, score [1, 1, 1, 1, 1, 1, 1, 1, 1, 1, 1, 1, 1, 1, 1, 1, 1, 1, 1, 1, 1, 1, 1, 1, 0, 1, 1, 1, 1, 1]
2026-08-07 13:42:42.593 | DEBUG    | eval.evaluation.evaluation:evaluate_single_query:321 - wide2deep_ws_en_068, col firstpublisher, metric_func_name llm_judge, score [1, 0, 1, 1, 1, 1, 0, 1, 1, 1, 1, 1, 1, 1, 0, 0, 1, 0, 1, 0, 1, 1, 1, 1, 0, 0, 1, 0, 1, 1]
2026-08-07 13:42:42.593 | DEBUG    | eval.evaluation.evaluation:metric_call:77 - metric_func_name exact_match score 1.0 msg exact match, response: 2022-04-05, target: 2022-04-05
2026-08-07 13:42:42.593 | DEBUG    | eval.evaluation.evaluation:metric_call:77 - metric_func_name exact_match score 0.0 msg exact not match, response: 2021-08-12, target: 2022-03-01
2026-08-07 13:42:42.593 | DEBUG    | eval.evaluation.evaluation:metric_call:77 - metric_func_name exact_match score 1.0 msg exact match, response: 2022-10-18, target: 2022-10-18
2026-08-07 13:42:42.593 | DEBUG    | eval.evaluation.evaluation:metric_call:77 - metric_func_name exact_match score 0.0 msg exact not match, response: 2022-09-20, target: 2022-09-27
2026-08-07 13:42:42.593 | DEBUG    | eval.evaluation.evaluation:metric_call:77 - metric_func_name exact_match score 1.0 msg exact match, response: 2022-05-03, target: 2022-05-03
2026-08-07 13:42:42.593 | DEBUG    | eval.evaluation.evaluation:metric_call:77 - metric_func_name exact_match score 1.0 msg exact match, response: 2022-06-21, target: 2022-06-21
2026-08-07 13:42:42.593 | DEBUG    | eval.evaluation.evaluation:metric_call:77 - metric_func_name exact_match score 0.0 msg exact not match, response: 2022-09-20, target: 2022-09-27
2026-08-07 13:42:42.593 | DEBUG    | eval.evaluation.evaluation:metric_call:77 - metric_func_name exact_match score 1.0 msg exact match, response: 2022-09-13, target: 2022-09-13
2026-08-07 13:42:42.593 | DEBUG    | eval.evaluation.evaluation:metric_call:77 - metric_func_name exact_match score 1.0 msg exact match, response: 2022-06-14, target: 2022-06-14
2026-08-07 13:42:42.593 | DEBUG    | eval.evaluation.evaluation:metric_call:77 - metric_func_name exact_match score 0.0 msg exact not match, response: 2021-09-23, target: 2021-09-30
2026-08-07 13:42:42.593 | DEBUG    | eval.evaluation.evaluation:metric_call:77 - metric_func_name exact_match score 1.0 msg exact match, response: 2023-06-08, target: 2023-06-08
2026-08-07 13:42:42.593 | DEBUG    | eval.evaluation.evaluation:metric_call:77 - metric_func_name exact_match score 1.0 msg exact match, response: 2023-05-02, target: 2023-05-02
2026-08-07 13:42:42.593 | DEBUG    | eval.evaluation.evaluation:metric_call:77 - metric_func_name exact_match score 1.0 msg exact match, response: 2023-02-07, target: 2023-02-07
2026-08-07 13:42:42.594 | DEBUG    | eval.evaluation.evaluation:metric_call:77 - metric_func_name exact_match score 1.0 msg exact match, response: 2023-09-05, target: 2023-09-05
2026-08-07 13:42:42.594 | DEBUG    | eval.evaluation.evaluation:metric_call:77 - metric_func_name exact_match score 1.0 msg exact match, response: 2023-09-19, target: 2023-09-19
2026-08-07 13:42:42.594 | DEBUG    | eval.evaluation.evaluation:metric_call:77 - metric_func_name exact_match score 1.0 msg exact match, response: 2023-04-18, target: 2023-04-18
2026-08-07 13:42:42.594 | DEBUG    | eval.evaluation.evaluation:metric_call:77 - metric_func_name exact_match score 1.0 msg exact match, response: 2023-03-21, target: 2023-03-21
2026-08-07 13:42:42.594 | DEBUG    | eval.evaluation.evaluation:metric_call:77 - metric_func_name exact_match score 1.0 msg exact match, response: 2023-06-06, target: 2023-06-06
2026-08-07 13:42:42.594 | DEBUG    | eval.evaluation.evaluation:metric_call:77 - metric_func_name exact_match score 1.0 msg exact match, response: 2023-01-17, target: 2023-01-17
2026-08-07 13:42:42.594 | DEBUG    | eval.evaluation.evaluation:metric_call:77 - metric_func_name exact_match score 1.0 msg exact match, response: 2023-10-17, target: 2023-10-17
2026-08-07 13:42:42.594 | DEBUG    | eval.evaluation.evaluation:metric_call:77 - metric_func_name exact_match score 1.0 msg exact match, response: 2024-05-14, target: 2024-05-14
2026-08-07 13:42:42.594 | DEBUG    | eval.evaluation.evaluation:metric_call:77 - metric_func_name exact_match score 0.0 msg exact not match, response: 2023-11-02, target: 2023-11-07
2026-08-07 13:42:42.594 | DEBUG    | eval.evaluation.evaluation:metric_call:77 - metric_func_name exact_match score 1.0 msg exact match, response: 2024-03-19, target: 2024-03-19
2026-08-07 13:42:42.594 | DEBUG    | eval.evaluation.evaluation:metric_call:77 - metric_func_name exact_match score 1.0 msg exact match, response: 2024-01-23, target: 2024-01-23
2026-08-07 13:42:42.594 | DEBUG    | eval.evaluation.evaluation:metric_call:77 - metric_func_name exact_match score 0.0 msg exact not match, response: 2024-01-04, target: 2024-01-09
2026-08-07 13:42:42.594 | DEBUG    | eval.evaluation.evaluation:metric_call:77 - metric_func_name exact_match score 0.0 msg exact not match, response: 2024-01-18, target: 2024-01-23
2026-08-07 13:42:42.594 | DEBUG    | eval.evaluation.evaluation:metric_call:77 - metric_func_name exact_match score 0.0 msg exact not match, response: 2024-02-13, target: 2024-01-30
2026-08-07 13:42:42.594 | DEBUG    | eval.evaluation.evaluation:metric_call:77 - metric_func_name exact_match score 1.0 msg exact match, response: 2024-02-13, target: 2024-02-13
2026-08-07 13:42:42.594 | DEBUG    | eval.evaluation.evaluation:metric_call:77 - metric_func_name exact_match score 1.0 msg exact match, response: 2024-09-10, target: 2024-09-10
2026-08-07 13:42:42.594 | DEBUG    | eval.evaluation.evaluation:metric_call:77 - metric_func_name exact_match score 1.0 msg exact match, response: 2024-04-09, target: 2024-04-09
2026-08-07 13:42:42.595 | DEBUG    | eval.evaluation.evaluation:evaluate_single_query:321 - wide2deep_ws_en_068, col firstpublicationtime, metric_func_name exact_match, score [1.0, 0.0, 1.0, 0.0, 1.0, 1.0, 0.0, 1.0, 1.0, 0.0, 1.0, 1.0, 1.0, 1.0, 1.0, 1.0, 1.0, 1.0, 1.0, 1.0, 1.0, 0.0, 1.0, 1.0, 0.0, 0.0, 0.0, 1.0, 1.0, 1.0]
2026-08-07 13:42:42.601 | INFO     | eval.evaluation.evaluation:evaluate_single_query:380 - wide2deep_ws_en_068, P/R/F1 by unique_columns: 1.0000/1.0000/1.0000
2026-08-07 13:42:42.601 | INFO     | eval.evaluation.evaluation:evaluate_single_query:383 - wide2deep_ws_en_068, P/R/F1 by row: 0.5667/0.5667/0.5667
2026-08-07 13:42:42.601 | INFO     | eval.evaluation.evaluation:evaluate_single_query:386 - wide2deep_ws_en_068, P/R/F1 by item: 0.8800/0.8800/0.8800
2026-08-07 13:42:42.604 | INFO     | eval.evaluation.evaluation:evaluate_single_query:398 - wide2deep_ws_en_068, final table score: 0.0
{"event": "eval_done", "idx": 2, "instance_id": "wide2deep_ws_en_068", "score": 0.0, "entity_acc": 1.0, "f1_by_row": 0.5666666666666667, "f1_by_item": 0.88, "column_f1": 1.0, "error": null, "elapsed_seconds": 28.185, "running_n": 2}
2026-08-07 13:42:45.750 | DEBUG    | eval.evaluation.data_loader:extract_dataframe:167 - find markdown_str 
| Product Series | Product Name | Chip Name | Release Date | Bu ...
2026-08-07 13:42:47.962 | INFO     | eval.evaluation.metric_utils:primary_key_preprocess:246 - primary_key_preprocess result: ```json
{
  "productseries": "productseries",
  "productname": "productname",
  "chipname": "chipname",
  "releasedate": "releasedate",
  "businterface": "businterface",
  "memorycapacity": "memorycapacity",
  "memorytype": "memorytype",
  "memorybuswidth": "memorybitwidth",
  "corefrequency": "corefrequency",
  "memoryfrequency": "memoryfrequency"
}
```
2026-08-07 13:42:47.963 | INFO     | eval.evaluation.evaluation:evaluate_single_query:172 - column map: {'productseries': 'productseries', 'productname': 'productname', 'chipname': 'chipname', 'releasedate': 'releasedate', 'businterface': 'businterface', 'memorycapacity': 'memorycapacity', 'memorytype': 'memorytype', 'memorybuswidth': 'memorybitwidth', 'corefrequency': 'corefrequency', 'memoryfrequency': 'memoryfrequency'}
2026-08-07 13:42:47.963 | INFO     | eval.evaluation.evaluation:evaluate_single_query:173 - befor mapping: Index(['productseries', 'productname', 'chipname', 'releasedate',
       'businterface', 'memorycapacity', 'memorytype', 'memorybuswidth',
       'corefrequency', 'memoryfrequency'],
      dtype='object')
2026-08-07 13:42:47.964 | INFO     | eval.evaluation.evaluation:evaluate_single_query:175 - after mapping: Index(['productseries', 'productname', 'chipname', 'releasedate',
       'businterface', 'memorycapacity', 'memorytype', 'memorybitwidth',
       'corefrequency', 'memoryfrequency'],
      dtype='object')
2026-08-07 13:43:03.897 | INFO     | eval.evaluation.metric_utils:primary_key_preprocess:246 - primary_key_preprocess result: ```json
{
  "NV1": "NV1",
  "RIVA 128": "Riva 128",
  "RIVA 128 ZX": "Riva 128ZX",
  "RIVA TNT": "Riva TNT",
  "RIVA TNT2": "Riva TNT2",
  "RIVA TNT2 Ultra": "Riva TNT2 Ultra",
  "GeForce 256 SDR": "GeForce 256 SDR",
  "GeForce 256 DDR": "GeForce 256 DDR",
  "GeForce2 GTS": "GeForce2 GTS",
  "GeForce2 MX": "GeForce2 MX",
  "GeForce2 Ultra": "GeForce2 Ultra",
  "GeForce2 Pro": "GeForce2 PRO",
  "GeForce3": "GeForce3",
  "GeForce3 Ti 200": "GeForce3 Ti200",
  "GeForce3 Ti 500": "GeForce3 Ti500",
  "GeForce4 MX 420": "GeForce4 MX 420",
  "GeForce4 MX 440": "GeForce4 MX 440",
  "GeForce4 Ti 4200": "GeForce4 Ti 4200",
  "GeForce4 Ti 4400": "GeForce4 Ti 4400",
  "GeForce4 Ti 4600": "GeForce4 Ti 4600",
  "GeForce FX 5200": "GeForce FX 5200",
  "GeForce FX 5600 Ultra": "GeForce FX 5600 Ultra",
  "GeForce FX 5800 Ultra": "GeForce FX 5800 Ultra",
  "GeForce FX 5900 Ultra": "GeForce FX 5900 Ultra",
  "GeForce FX 5950 Ultra": "GeForce FX 5950 Ultra",
  "GeForce 6200": "GeForce 6200",
  "GeForce 6600 GT": "GeForce 6600 GT",
  "GeForce 6800 GT": "GeForce 6800 GT",
  "GeForce 6800 Ultra": "GeForce 6800 Ultra",
  "GeForce 7300 GT": "GeForce 7300 GT",
  "GeForce 7600 GT": "GeForce 7600 GT",
  "GeForce 7800 GTX": "GeForce 7800 GTX",
  "GeForce 7900 GTX": "GeForce 7900 GTX",
  "GeForce 7950 GX2": "GeForce 7950 GX2",
  "GeForce 8400 GS": "GeForce 8400 GS",
  "GeForce 8600 GT": "GeForce 8600 GT",
  "GeForce 8800 GTS 320": "GeForce 8800 GTS 320",
  "GeForce 8800 GT": "GeForce 8800 GT",
  "GeForce 8800 GTX": "GeForce 8800 GTX",
  "GeForce 8800 Ultra": "GeForce 8800 Ultra",
  "GeForce 9600 GT": "GeForce 9600 GT",
  "GeForce 9800 GT": "GeForce 9800 GT",
  "GeForce 9800 GTX+": "GeForce 9800 GTX+",
  "GeForce 9800 GX2": "GeForce 9800 GX2",
  "GeForce GTX 260": "GeForce GTX 260",
  "GeForce GTX 275": "GeForce GTX 275",
  "GeForce GTX 280": "GeForce GTX 280",
  "GeForce GTX 285": "GeForce GTX 285",
  "GeForce GTX 295": "GeForce GTX 295",
  "GeForce GTS 450": "GeForce GTS 450",
  "GeForce GTX 460": "GeForce GTX 460",
  "GeForce GTX 470": "GeForce GTX 470",
  "GeForce GTX 480": "GeForce GTX 480",
  "GeForce GTX 550 Ti": "GeForce GTX 550 Ti",
  "GeForce GTX 560 Ti": "GeForce GTX 560 Ti",
  "GeForce GTX 570": "GeForce GTX 570",
  "GeForce GTX 580": "GeForce GTX 580",
  "GeForce GTX 590": "GeForce GTX 590",
  "GeForce GT 610": "GeForce GT 610",
  "GeForce GTX 650 Ti Boost": "GeForce GTX 650 Ti Boost",
  "GeForce GTX 660": "GeForce GTX 660",
  "GeForce GTX 660 Ti": "GeForce GTX 660 Ti",
  "GeForce GTX 670": "GeForce GTX 670",
  "GeForce GTX 680": "GeForce GTX 680",
  "GeForce GTX 690": "GeForce GTX 690",
  "GeForce GT 710": "GeForce GT 710",
  "GeForce GTX 750 Ti": "GeForce GTX 750 Ti",
  "GeForce GTX 760": "GeForce GTX 760",
  "GeForce GTX 770": "GeForce GTX 770",
  "GeForce GTX 780": "GeForce GTX 780",
  "GeForce GTX 780 Ti": "GeForce GTX 780 Ti",
  "GeForce GTX Titan": "GeForce GTX TITAN",
  "GeForce GTX Titan Black": "GeForce GTX TITAN BLACK",
  "GeForce GTX Titan Z": "GeForce GTX TITAN Z",
  "GeForce GTX 950": "GeForce GTX 950",
  "GeForce GTX 960": "GeForce GTX 960",
  "GeForce GTX 970": "GeForce GTX 970",
  "GeForce GTX 980": "GeForce GTX 980",
  "GeForce GTX 980 Ti": "GeForce GTX 980 Ti",
  "GeForce GTX Titan X": "GeForce GTX TITAN X",
  "GeForce GT 1030": "GeForce GT 1030",
  "GeForce GT 1030 DDR4": "GeForce GT 1030 DDR4",
  "GeForce GTX 1050 Ti": "GeForce GTX 1050 Ti",
  "GeForce GTX 1060 3 GB": "GeForce GTX 1060 3 GB",
  "GeForce GTX 1060 6 GB": "GeForce GTX 1060 6 GB",
  "GeForce GTX 1070": "GeForce GTX 1070",
  "GeForce GTX 1070 Ti": "GeForce GTX 1070 Ti",
  "GeForce GTX 1080": "GeForce GTX 1080",
  "GeForce GTX 1080 Ti": "GeForce GTX 1080 Ti",
  "NVIDIA Titan X": "TITAN X Pascal",
  "NVIDIA Titan Xp": "TITAN Xp",
  "NVIDIA Titan V": "TITAN V",
  "GeForce GTX 1630": "GeForce GTX 1630",
  "GeForce GTX 1650": "GeForce GTX 1650",
  "GeForce GTX 1650 Super": "GeForce GTX 1650 SUPER",
  "GeForce GTX 1660": "GeForce GTX 1660",
  "GeForce GTX 1660 Super": "GeForce GTX 1660 SUPER",
  "GeForce GTX 1660 Ti": "GeForce GTX 1660 Ti",
  "GeForce RTX 2060": "GeForce RTX 2060",
  "GeForce RTX 2060 12 GB": "GeForce RTX 2060 12 GB",
  "GeForce RTX 2060 Super": "GeForce RTX 2060 SUPER",
  "GeForce RTX 2070": "GeForce RTX 2070",
  "GeForce RTX 2070 Super": "GeForce RTX 2070 SUPER",
  "GeForce RTX 2080": "GeForce RTX 2080",
  "GeForce RTX 2080 Super": "GeForce RTX 2080 SUPER",
  "GeForce RTX 2080 Ti": "GeForce RTX 2080 Ti",
  "NVIDIA Titan RTX": "TITAN RTX",
  "GeForce RTX 3050 6 GB": "GeForce RTX 3050 6 GB",
  "GeForce RTX 3050 8 GB": "GeForce RTX 3050 8 GB",
  "GeForce RTX 3060 8 GB": "GeForce RTX 3060 8 GB",
  "GeForce RTX 3060 12 GB": "GeForce RTX 3060 12 GB",
  "GeForce RTX 3060 Ti": "GeForce RTX 3060 Ti",
  "GeForce RTX 3060 Ti GDDR6X": "GeForce RTX 3060 Ti GDDR6X",
  "GeForce RTX 3070": "GeForce RTX 3070",
  "GeForce RTX 3070 Ti": "GeForce RTX 3070 Ti",
  "GeForce RTX 3080 10 GB": "GeForce RTX 3080",
  "GeForce RTX 3080 12 GB": "GeForce RTX 3080 12 GB",
  "GeForce RTX 3080 Ti": "GeForce RTX 3080 Ti",
  "GeForce RTX 3090": "GeForce RTX 3090",
  "GeForce RTX 3090 Ti": "GeForce RTX 3090 Ti",
  "GeForce RTX 4060": "GeForce RTX 4060",
  "GeForce RTX 4060 Ti 8 GB": "GeForce RTX 4060 Ti 8 GB",
  "GeForce RTX 4060 Ti 16 GB": "GeForce RTX 4060 Ti 16 GB",
  "GeForce RTX 4070": "GeForce RTX 4070",
  "GeForce RTX 4070 GDDR6": "GeForce RTX 4070 GDDR6",
  "GeForce RTX 4070 Super": "GeForce RTX 4070 SUPER",
  "GeForce RTX 4070 Ti": "GeForce RTX 4070 Ti",
  "GeForce RTX 4070 Ti Super": "GeForce RTX 4070 Ti SUPER",
  "GeForce RTX 4080": "GeForce RTX 4080",
  "GeForce RTX 4080 Super": "GeForce RTX 4080 SUPER",
  "GeForce RTX 4090": "GeForce RTX 4090"
}
```
2026-08-07 13:43:03.897 | INFO     | eval.evaluation.evaluation:evaluate_single_query:223 - col: productname, primary_key_map {'NV1': 'NV1', 'RIVA 128': 'Riva 128', 'RIVA 128 ZX': 'Riva 128ZX', 'RIVA TNT': 'Riva TNT', 'RIVA TNT2': 'Riva TNT2', 'RIVA TNT2 Ultra': 'Riva TNT2 Ultra', 'GeForce 256 SDR': 'GeForce 256 SDR', 'GeForce 256 DDR': 'GeForce 256 DDR', 'GeForce2 GTS': 'GeForce2 GTS', 'GeForce2 MX': 'GeForce2 MX', 'GeForce2 Ultra': 'GeForce2 Ultra', 'GeForce2 Pro': 'GeForce2 PRO', 'GeForce3': 'GeForce3', 'GeForce3 Ti 200': 'GeForce3 Ti200', 'GeForce3 Ti 500': 'GeForce3 Ti500', 'GeForce4 MX 420': 'GeForce4 MX 420', 'GeForce4 MX 440': 'GeForce4 MX 440', 'GeForce4 Ti 4200': 'GeForce4 Ti 4200', 'GeForce4 Ti 4400': 'GeForce4 Ti 4400', 'GeForce4 Ti 4600': 'GeForce4 Ti 4600', 'GeForce FX 5200': 'GeForce FX 5200', 'GeForce FX 5600 Ultra': 'GeForce FX 5600 Ultra', 'GeForce FX 5800 Ultra': 'GeForce FX 5800 Ultra', 'GeForce FX 5900 Ultra': 'GeForce FX 5900 Ultra', 'GeForce FX 5950 Ultra': 'GeForce FX 5950 Ultra', 'GeForce 6200': 'GeForce 6200', 'GeForce 6600 GT': 'GeForce 6600 GT', 'GeForce 6800 GT': 'GeForce 6800 GT', 'GeForce 6800 Ultra': 'GeForce 6800 Ultra', 'GeForce 7300 GT': 'GeForce 7300 GT', 'GeForce 7600 GT': 'GeForce 7600 GT', 'GeForce 7800 GTX': 'GeForce 7800 GTX', 'GeForce 7900 GTX': 'GeForce 7900 GTX', 'GeForce 7950 GX2': 'GeForce 7950 GX2', 'GeForce 8400 GS': 'GeForce 8400 GS', 'GeForce 8600 GT': 'GeForce 8600 GT', 'GeForce 8800 GTS 320': 'GeForce 8800 GTS 320', 'GeForce 8800 GT': 'GeForce 8800 GT', 'GeForce 8800 GTX': 'GeForce 8800 GTX', 'GeForce 8800 Ultra': 'GeForce 8800 Ultra', 'GeForce 9600 GT': 'GeForce 9600 GT', 'GeForce 9800 GT': 'GeForce 9800 GT', 'GeForce 9800 GTX+': 'GeForce 9800 GTX+', 'GeForce 9800 GX2': 'GeForce 9800 GX2', 'GeForce GTX 260': 'GeForce GTX 260', 'GeForce GTX 275': 'GeForce GTX 275', 'GeForce GTX 280': 'GeForce GTX 280', 'GeForce GTX 285': 'GeForce GTX 285', 'GeForce GTX 295': 'GeForce GTX 295', 'GeForce GTS 450': 'GeForce GTS 450', 'GeForce GTX 460': 'GeForce GTX 460', 'GeForce GTX 470': 'GeForce GTX 470', 'GeForce GTX 480': 'GeForce GTX 480', 'GeForce GTX 550 Ti': 'GeForce GTX 550 Ti', 'GeForce GTX 560 Ti': 'GeForce GTX 560 Ti', 'GeForce GTX 570': 'GeForce GTX 570', 'GeForce GTX 580': 'GeForce GTX 580', 'GeForce GTX 590': 'GeForce GTX 590', 'GeForce GT 610': 'GeForce GT 610', 'GeForce GTX 650 Ti Boost': 'GeForce GTX 650 Ti Boost', 'GeForce GTX 660': 'GeForce GTX 660', 'GeForce GTX 660 Ti': 'GeForce GTX 660 Ti', 'GeForce GTX 670': 'GeForce GTX 670', 'GeForce GTX 680': 'GeForce GTX 680', 'GeForce GTX 690': 'GeForce GTX 690', 'GeForce GT 710': 'GeForce GT 710', 'GeForce GTX 750 Ti': 'GeForce GTX 750 Ti', 'GeForce GTX 760': 'GeForce GTX 760', 'GeForce GTX 770': 'GeForce GTX 770', 'GeForce GTX 780': 'GeForce GTX 780', 'GeForce GTX 780 Ti': 'GeForce GTX 780 Ti', 'GeForce GTX Titan': 'GeForce GTX TITAN', 'GeForce GTX Titan Black': 'GeForce GTX TITAN BLACK', 'GeForce GTX Titan Z': 'GeForce GTX TITAN Z', 'GeForce GTX 950': 'GeForce GTX 950', 'GeForce GTX 960': 'GeForce GTX 960', 'GeForce GTX 970': 'GeForce GTX 970', 'GeForce GTX 980': 'GeForce GTX 980', 'GeForce GTX 980 Ti': 'GeForce GTX 980 Ti', 'GeForce GTX Titan X': 'GeForce GTX TITAN X', 'GeForce GT 1030': 'GeForce GT 1030', 'GeForce GT 1030 DDR4': 'GeForce GT 1030 DDR4', 'GeForce GTX 1050 Ti': 'GeForce GTX 1050 Ti', 'GeForce GTX 1060 3 GB': 'GeForce GTX 1060 3 GB', 'GeForce GTX 1060 6 GB': 'GeForce GTX 1060 6 GB', 'GeForce GTX 1070': 'GeForce GTX 1070', 'GeForce GTX 1070 Ti': 'GeForce GTX 1070 Ti', 'GeForce GTX 1080': 'GeForce GTX 1080', 'GeForce GTX 1080 Ti': 'GeForce GTX 1080 Ti', 'NVIDIA Titan X': 'TITAN X Pascal', 'NVIDIA Titan Xp': 'TITAN Xp', 'NVIDIA Titan V': 'TITAN V', 'GeForce GTX 1630': 'GeForce GTX 1630', 'GeForce GTX 1650': 'GeForce GTX 1650', 'GeForce GTX 1650 Super': 'GeForce GTX 1650 SUPER', 'GeForce GTX 1660': 'GeForce GTX 1660', 'GeForce GTX 1660 Super': 'GeForce GTX 1660 SUPER', 'GeForce GTX 1660 Ti': 'GeForce GTX 1660 Ti', 'GeForce RTX 2060': 'GeForce RTX 2060', 'GeForce RTX 2060 12 GB': 'GeForce RTX 2060 12 GB', 'GeForce RTX 2060 Super': 'GeForce RTX 2060 SUPER', 'GeForce RTX 2070': 'GeForce RTX 2070', 'GeForce RTX 2070 Super': 'GeForce RTX 2070 SUPER', 'GeForce RTX 2080': 'GeForce RTX 2080', 'GeForce RTX 2080 Super': 'GeForce RTX 2080 SUPER', 'GeForce RTX 2080 Ti': 'GeForce RTX 2080 Ti', 'NVIDIA Titan RTX': 'TITAN RTX', 'GeForce RTX 3050 6 GB': 'GeForce RTX 3050 6 GB', 'GeForce RTX 3050 8 GB': 'GeForce RTX 3050 8 GB', 'GeForce RTX 3060 8 GB': 'GeForce RTX 3060 8 GB', 'GeForce RTX 3060 12 GB': 'GeForce RTX 3060 12 GB', 'GeForce RTX 3060 Ti': 'GeForce RTX 3060 Ti', 'GeForce RTX 3060 Ti GDDR6X': 'GeForce RTX 3060 Ti GDDR6X', 'GeForce RTX 3070': 'GeForce RTX 3070', 'GeForce RTX 3070 Ti': 'GeForce RTX 3070 Ti', 'GeForce RTX 3080 10 GB': 'GeForce RTX 3080', 'GeForce RTX 3080 12 GB': 'GeForce RTX 3080 12 GB', 'GeForce RTX 3080 Ti': 'GeForce RTX 3080 Ti', 'GeForce RTX 3090': 'GeForce RTX 3090', 'GeForce RTX 3090 Ti': 'GeForce RTX 3090 Ti', 'GeForce RTX 4060': 'GeForce RTX 4060', 'GeForce RTX 4060 Ti 8 GB': 'GeForce RTX 4060 Ti 8 GB', 'GeForce RTX 4060 Ti 16 GB': 'GeForce RTX 4060 Ti 16 GB', 'GeForce RTX 4070': 'GeForce RTX 4070', 'GeForce RTX 4070 GDDR6': 'GeForce RTX 4070 GDDR6', 'GeForce RTX 4070 Super': 'GeForce RTX 4070 SUPER', 'GeForce RTX 4070 Ti': 'GeForce RTX 4070 Ti', 'GeForce RTX 4070 Ti Super': 'GeForce RTX 4070 Ti SUPER', 'GeForce RTX 4080': 'GeForce RTX 4080', 'GeForce RTX 4080 Super': 'GeForce RTX 4080 SUPER', 'GeForce RTX 4090': 'GeForce RTX 4090'}
2026-08-07 13:43:15.940 | INFO     | eval.evaluation.metric_utils:primary_key_preprocess:246 - primary_key_preprocess result: ```json
{
  "NV1": "NV1",
  "NV3": "NV3",
  "NV3T": "NV3",
  "NV4": "NV4",
  "NV5": "NV5",
  "NV10": "NV10",
  "NV15": "NV15",
  "NV11": "NV11",
  "NV20": "NV20",
  "NV17": "NV17",
  "NV25": "NV25",
  "NV34": "NV34",
  "NV31": "NV31",
  "NV30": "NV30",
  "NV35": "NV35",
  "NV38": "NV38",
  "NV44": "NV44",
  "NV43": "NV43",
  "NV40": "NV40",
  "G73": "G73",
  "G70": "G70",
  "G71": "G71",
  "2× G71": "G71",
  "G86": "G86",
  "G84": "G84",
  "G80": "G80",
  "G92": "G92",
  "G94": "G94",
  "G92 / G92b": "G92B",
  "G92b": "G92B",
  "2× G92": "G92",
  "GT200": "GT200",
  "GT200b": "GT200B",
  "2× GT200b": "GT200B",
  "GF106": "GF106",
  "GF104": "GF104",
  "GF100": "GF100",
  "GF116": "GF116",
  "GF114": "GF114",
  "GF110": "GF110",
  "2× GF110": "GF110",
  "GF119": "GF119S",
  "GK106": "GK106",
  "GK104": "GK104",
  "2× GK104": "GK104",
  "GK208B": "GK208B",
  "GM107": "GM107",
  "GK110": "GK110",
  "GK110B": "GK110B",
  "2× GK110B": "GK110B",
  "GM206": "GM206",
  "GM204": "GM204",
  "GM200": "GM200",
  "GP108": "GP108",
  "GP107": "GP107",
  "GP106": "GP106",
  "GP104": "GP104",
  "GP102": "GP102",
  "GV100": "GV100",
  "TU117": "TU117",
  "TU106": "TU106",
  "TU116": "TU116",
  "TU104": "TU104",
  "TU102": "TU102",
  "GA107": "GA107",
  "GA106": "GA106",
  "GA104": "GA104",
  "GA102": "GA102",
  "AD107": "AD107",
  "AD106": "AD106",
  "AD104": "AD104",
  "AD103": "AD103",
  "AD102": "AD102"
}
```
2026-08-07 13:43:15.941 | INFO     | eval.evaluation.evaluation:evaluate_single_query:223 - col: chipname, primary_key_map {'NV1': 'NV1', 'NV3': 'NV3', 'NV3T': 'NV3', 'NV4': 'NV4', 'NV5': 'NV5', 'NV10': 'NV10', 'NV15': 'NV15', 'NV11': 'NV11', 'NV20': 'NV20', 'NV17': 'NV17', 'NV25': 'NV25', 'NV34': 'NV34', 'NV31': 'NV31', 'NV30': 'NV30', 'NV35': 'NV35', 'NV38': 'NV38', 'NV44': 'NV44', 'NV43': 'NV43', 'NV40': 'NV40', 'G73': 'G73', 'G70': 'G70', 'G71': 'G71', '2× G71': 'G71', 'G86': 'G86', 'G84': 'G84', 'G80': 'G80', 'G92': 'G92', 'G94': 'G94', 'G92 / G92b': 'G92B', 'G92b': 'G92B', '2× G92': 'G92', 'GT200': 'GT200', 'GT200b': 'GT200B', '2× GT200b': 'GT200B', 'GF106': 'GF106', 'GF104': 'GF104', 'GF100': 'GF100', 'GF116': 'GF116', 'GF114': 'GF114', 'GF110': 'GF110', '2× GF110': 'GF110', 'GF119': 'GF119S', 'GK106': 'GK106', 'GK104': 'GK104', '2× GK104': 'GK104', 'GK208B': 'GK208B', 'GM107': 'GM107', 'GK110': 'GK110', 'GK110B': 'GK110B', '2× GK110B': 'GK110B', 'GM206': 'GM206', 'GM204': 'GM204', 'GM200': 'GM200', 'GP108': 'GP108', 'GP107': 'GP107', 'GP106': 'GP106', 'GP104': 'GP104', 'GP102': 'GP102', 'GV100': 'GV100', 'TU117': 'TU117', 'TU106': 'TU106', 'TU116': 'TU116', 'TU104': 'TU104', 'TU102': 'TU102', 'GA107': 'GA107', 'GA106': 'GA106', 'GA104': 'GA104', 'GA102': 'GA102', 'AD107': 'AD107', 'AD106': 'AD106', 'AD104': 'AD104', 'AD103': 'AD103', 'AD102': 'AD102'}
2026-08-07 13:43:15.954 | INFO     | eval.evaluation.evaluation:evaluate_single_query:275 - wide2deep_ws_en_073, df_inner shape: (128, 20), answer_df shape: (502, 10), response_df shape: (133, 12)
2026-08-07 13:43:36.798 | DEBUG    | eval.evaluation.evaluation:evaluate_single_query:321 - wide2deep_ws_en_073, col productseries, metric_func_name llm_judge, score [0, 0, 0, 0, 0, 0, 1, 1, 0, 1, 0, 0, 1, 1, 1, 1, 1, 1, 1, 1, 1, 1, 1, 1, 1, 0, 0, 0, 0, 0, 0, 0, 1, 1, 1, 1, 1, 1, 1, 1, 1, 1, 1, 1, 1, 1, 1, 1, 1, 1, 1, 1, 1, 1, 1, 1, 1, 1, 1, 1, 1, 1, 1, 1, 1, 1, 1, 1, 1, 1, 1, 1, 1, 1, 1, 1, 1, 1, 1, 1, 1, 1, 1, 1, 1, 1, 0, 0, 0, 1, 1, 1, 1, 1, 1, 1, 1, 1, 1, 1, 1, 1, 1, 0, 1, 1, 1, 1, 1, 1, 1, 1, 1, 1, 1, 1, 1, 1, 1, 1, 1, 1, 1, 1, 1, 1, 1, 1]
2026-08-07 13:43:36.799 | DEBUG    | eval.evaluation.evaluation:metric_call:77 - metric_func_name exact_match score 0.0 msg exact not match, response: september1,1995, target: sep30th,1995
2026-08-07 13:43:36.799 | DEBUG    | eval.evaluation.evaluation:metric_call:77 - metric_func_name exact_match score 0.0 msg exact not match, response: august25,1997, target: apr1st,1997
2026-08-07 13:43:36.799 | DEBUG    | eval.evaluation.evaluation:metric_call:77 - metric_func_name exact_match score 0.0 msg exact not match, response: february23,1998, target: feb23rd,1998
2026-08-07 13:43:36.799 | DEBUG    | eval.evaluation.evaluation:metric_call:77 - metric_func_name exact_match score 0.0 msg exact not match, response: june15,1998, target: mar23rd,1998
2026-08-07 13:43:36.799 | DEBUG    | eval.evaluation.evaluation:metric_call:77 - metric_func_name exact_match score 0.0 msg exact not match, response: march15,1999, target: oct12th,1999
2026-08-07 13:43:36.799 | DEBUG    | eval.evaluation.evaluation:metric_call:77 - metric_func_name exact_match score 0.0 msg exact not match, response: march15,1999, target: mar15th,1999
2026-08-07 13:43:36.799 | DEBUG    | eval.evaluation.evaluation:metric_call:77 - metric_func_name exact_match score 0.0 msg exact not match, response: october11,1999, target: oct11th,1999
2026-08-07 13:43:36.799 | DEBUG    | eval.evaluation.evaluation:metric_call:77 - metric_func_name exact_match score 0.0 msg exact not match, response: december13,1999, target: dec23rd,1999
2026-08-07 13:43:36.799 | DEBUG    | eval.evaluation.evaluation:metric_call:77 - metric_func_name exact_match score 0.0 msg exact not match, response: june28,2000, target: jun28th,2000
2026-08-07 13:43:36.799 | DEBUG    | eval.evaluation.evaluation:metric_call:77 - metric_func_name exact_match score 0.0 msg exact not match, response: april26,2000, target: apr26th,2000
2026-08-07 13:43:36.799 | DEBUG    | eval.evaluation.evaluation:metric_call:77 - metric_func_name exact_match score 0.0 msg exact not match, response: december4,2000, target: dec5th,2000
2026-08-07 13:43:36.799 | DEBUG    | eval.evaluation.evaluation:metric_call:77 - metric_func_name exact_match score 0.0 msg exact not match, response: august14,2000, target: aug14th,2000
2026-08-07 13:43:36.799 | DEBUG    | eval.evaluation.evaluation:metric_call:77 - metric_func_name exact_match score 0.0 msg exact not match, response: february27,2001, target: feb27th,2001
2026-08-07 13:43:36.799 | DEBUG    | eval.evaluation.evaluation:metric_call:77 - metric_func_name exact_match score 0.0 msg exact not match, response: october1,2001, target: oct1st,2001
2026-08-07 13:43:36.799 | DEBUG    | eval.evaluation.evaluation:metric_call:77 - metric_func_name exact_match score 0.0 msg exact not match, response: october1,2001, target: oct1st,2001
2026-08-07 13:43:36.799 | DEBUG    | eval.evaluation.evaluation:metric_call:77 - metric_func_name exact_match score 0.0 msg exact not match, response: february6,2002, target: feb6th,2002
2026-08-07 13:43:36.799 | DEBUG    | eval.evaluation.evaluation:metric_call:77 - metric_func_name exact_match score 0.0 msg exact not match, response: february6,2002, target: feb6th,2002
2026-08-07 13:43:36.799 | DEBUG    | eval.evaluation.evaluation:metric_call:77 - metric_func_name exact_match score 0.0 msg exact not match, response: april16,2002, target: feb6th,2002
2026-08-07 13:43:36.799 | DEBUG    | eval.evaluation.evaluation:metric_call:77 - metric_func_name exact_match score 0.0 msg exact not match, response: february6,2002, target: feb6th,2002
2026-08-07 13:43:36.800 | DEBUG    | eval.evaluation.evaluation:metric_call:77 - metric_func_name exact_match score 0.0 msg exact not match, response: february6,2002, target: feb6th,2002
2026-08-07 13:43:36.800 | DEBUG    | eval.evaluation.evaluation:metric_call:77 - metric_func_name exact_match score 0.0 msg exact not match, response: march6,2003, target: mar6th,2003
2026-08-07 13:43:36.800 | DEBUG    | eval.evaluation.evaluation:metric_call:77 - metric_func_name exact_match score 0.0 msg exact not match, response: march6,2003, target: mar17th,2003
2026-08-07 13:43:36.800 | DEBUG    | eval.evaluation.evaluation:metric_call:77 - metric_func_name exact_match score 0.0 msg exact not match, response: january27,2003, target: mar6th,2003
2026-08-07 13:43:36.800 | DEBUG    | eval.evaluation.evaluation:metric_call:77 - metric_func_name exact_match score 0.0 msg exact not match, response: may12,2003, target: oct23rd,2003
2026-08-07 13:43:36.800 | DEBUG    | eval.evaluation.evaluation:metric_call:77 - metric_func_name exact_match score 0.0 msg exact not match, response: october23,2003, target: oct23rd,2003
2026-08-07 13:43:36.800 | DEBUG    | eval.evaluation.evaluation:metric_call:77 - metric_func_name exact_match score 0.0 msg exact not match, response: april14,2004, target: apr14th,2004
2026-08-07 13:43:36.800 | DEBUG    | eval.evaluation.evaluation:metric_call:77 - metric_func_name exact_match score 0.0 msg exact not match, response: april14,2004, target: apr14th,2004
2026-08-07 13:43:36.800 | DEBUG    | eval.evaluation.evaluation:metric_call:77 - metric_func_name exact_match score 0.0 msg exact not match, response: august12,2004, target: aug12th,2004
2026-08-07 13:43:36.800 | DEBUG    | eval.evaluation.evaluation:metric_call:77 - metric_func_name exact_match score 0.0 msg exact not match, response: may15,2006, target: may15th,2006
2026-08-07 13:43:36.800 | DEBUG    | eval.evaluation.evaluation:metric_call:77 - metric_func_name exact_match score 0.0 msg exact not match, response: june22,2005, target: jun22nd,2005
2026-08-07 13:43:36.800 | DEBUG    | eval.evaluation.evaluation:metric_call:77 - metric_func_name exact_match score 0.0 msg exact not match, response: march9,2006, target: mar9th,2006
2026-08-07 13:43:36.800 | DEBUG    | eval.evaluation.evaluation:metric_call:77 - metric_func_name exact_match score 0.0 msg exact not match, response: june5,2006, target: jun5th,2006
2026-08-07 13:43:36.800 | DEBUG    | eval.evaluation.evaluation:metric_call:77 - metric_func_name exact_match score 0.0 msg exact not match, response: april17,2007, target: apr17th,2007
2026-08-07 13:43:36.800 | DEBUG    | eval.evaluation.evaluation:metric_call:77 - metric_func_name exact_match score 0.0 msg exact not match, response: october29,2007, target: oct29th,2007
2026-08-07 13:43:36.800 | DEBUG    | eval.evaluation.evaluation:metric_call:77 - metric_func_name exact_match score 0.0 msg exact not match, response: february12,2007, target: feb12th,2007
2026-08-07 13:43:36.800 | DEBUG    | eval.evaluation.evaluation:metric_call:77 - metric_func_name exact_match score 0.0 msg exact not match, response: november8,2006, target: nov8th,2006
2026-08-07 13:43:36.800 | DEBUG    | eval.evaluation.evaluation:metric_call:77 - metric_func_name exact_match score 0.0 msg exact not match, response: may2,2007, target: may2nd,2007
2026-08-07 13:43:36.800 | DEBUG    | eval.evaluation.evaluation:metric_call:77 - metric_func_name exact_match score 0.0 msg exact not match, response: february21,2008, target: feb21st,2008
2026-08-07 13:43:36.800 | DEBUG    | eval.evaluation.evaluation:metric_call:77 - metric_func_name exact_match score 0.0 msg exact not match, response: july29,2008, target: jul21st,2008
2026-08-07 13:43:36.800 | DEBUG    | eval.evaluation.evaluation:metric_call:77 - metric_func_name exact_match score 0.0 msg exact not match, response: july16,2008, target: jan16th,2009
2026-08-07 13:43:36.801 | DEBUG    | eval.evaluation.evaluation:metric_call:77 - metric_func_name exact_match score 0.0 msg exact not match, response: march18,2008, target: mar18th,2008
2026-08-07 13:43:36.801 | DEBUG    | eval.evaluation.evaluation:metric_call:77 - metric_func_name exact_match score 0.0 msg exact not match, response: june16,2008, target: jun16th,2008
2026-08-07 13:43:36.801 | DEBUG    | eval.evaluation.evaluation:metric_call:77 - metric_func_name exact_match score 0.0 msg exact not match, response: april2,2009, target: jan15th,2009
2026-08-07 13:43:36.801 | DEBUG    | eval.evaluation.evaluation:metric_call:77 - metric_func_name exact_match score 0.0 msg exact not match, response: june16,2008, target: jun16th,2008
2026-08-07 13:43:36.801 | DEBUG    | eval.evaluation.evaluation:metric_call:77 - metric_func_name exact_match score 0.0 msg exact not match, response: january15,2009, target: dec23rd,2008
2026-08-07 13:43:36.801 | DEBUG    | eval.evaluation.evaluation:metric_call:77 - metric_func_name exact_match score 0.0 msg exact not match, response: january8,2009, target: jan8th,2009
2026-08-07 13:43:36.801 | DEBUG    | eval.evaluation.evaluation:metric_call:77 - metric_func_name exact_match score 0.0 msg exact not match, response: september13,2010, target: sep13th,2010
2026-08-07 13:43:36.801 | DEBUG    | eval.evaluation.evaluation:metric_call:77 - metric_func_name exact_match score 0.0 msg exact not match, response: july12,2010, target: jul12th,2010
2026-08-07 13:43:36.801 | DEBUG    | eval.evaluation.evaluation:metric_call:77 - metric_func_name exact_match score 0.0 msg exact not match, response: march26,2010, target: mar26th,2010
2026-08-07 13:43:36.801 | DEBUG    | eval.evaluation.evaluation:metric_call:77 - metric_func_name exact_match score 0.0 msg exact not match, response: march26,2010, target: mar26th,2010
2026-08-07 13:43:36.801 | DEBUG    | eval.evaluation.evaluation:metric_call:77 - metric_func_name exact_match score 0.0 msg exact not match, response: march15,2011, target: mar15th,2011
2026-08-07 13:43:36.801 | DEBUG    | eval.evaluation.evaluation:metric_call:77 - metric_func_name exact_match score 0.0 msg exact not match, response: january25,2011, target: jan25th,2011
2026-08-07 13:43:36.801 | DEBUG    | eval.evaluation.evaluation:metric_call:77 - metric_func_name exact_match score 0.0 msg exact not match, response: december7,2010, target: dec7th,2010
2026-08-07 13:43:36.801 | DEBUG    | eval.evaluation.evaluation:metric_call:77 - metric_func_name exact_match score 0.0 msg exact not match, response: november9,2010, target: nov9th,2010
2026-08-07 13:43:36.801 | DEBUG    | eval.evaluation.evaluation:metric_call:77 - metric_func_name exact_match score 0.0 msg exact not match, response: march24,2011, target: mar24th,2011
2026-08-07 13:43:36.801 | DEBUG    | eval.evaluation.evaluation:metric_call:77 - metric_func_name exact_match score 0.0 msg exact not match, response: april2,2012, target: apr2nd,2012
2026-08-07 13:43:36.801 | DEBUG    | eval.evaluation.evaluation:metric_call:77 - metric_func_name exact_match score 0.0 msg exact not match, response: march26,2013, target: mar26th,2013
2026-08-07 13:43:36.801 | DEBUG    | eval.evaluation.evaluation:metric_call:77 - metric_func_name exact_match score 0.0 msg exact not match, response: september13,2012, target: sep6th,2012
2026-08-07 13:43:36.801 | DEBUG    | eval.evaluation.evaluation:metric_call:77 - metric_func_name exact_match score 0.0 msg exact not match, response: august16,2012, target: aug16th,2012
2026-08-07 13:43:36.801 | DEBUG    | eval.evaluation.evaluation:metric_call:77 - metric_func_name exact_match score 0.0 msg exact not match, response: may10,2012, target: may10th,2012
2026-08-07 13:43:36.801 | DEBUG    | eval.evaluation.evaluation:metric_call:77 - metric_func_name exact_match score 0.0 msg exact not match, response: march22,2012, target: mar22nd,2012
2026-08-07 13:43:36.801 | DEBUG    | eval.evaluation.evaluation:metric_call:77 - metric_func_name exact_match score 0.0 msg exact not match, response: may3,2012, target: may3rd,2012
2026-08-07 13:43:36.801 | DEBUG    | eval.evaluation.evaluation:metric_call:77 - metric_func_name exact_match score 0.0 msg exact not match, response: january26,2016, target: mar27th,2014
2026-08-07 13:43:36.802 | DEBUG    | eval.evaluation.evaluation:metric_call:77 - metric_func_name exact_match score 0.0 msg exact not match, response: february18,2014, target: feb18th,2014
2026-08-07 13:43:36.802 | DEBUG    | eval.evaluation.evaluation:metric_call:77 - metric_func_name exact_match score 0.0 msg exact not match, response: june25,2013, target: jun25th,2013
2026-08-07 13:43:36.802 | DEBUG    | eval.evaluation.evaluation:metric_call:77 - metric_func_name exact_match score 0.0 msg exact not match, response: may30,2013, target: may30th,2013
2026-08-07 13:43:36.802 | DEBUG    | eval.evaluation.evaluation:metric_call:77 - metric_func_name exact_match score 0.0 msg exact not match, response: may23,2013, target: may23rd,2013
2026-08-07 13:43:36.802 | DEBUG    | eval.evaluation.evaluation:metric_call:77 - metric_func_name exact_match score 0.0 msg exact not match, response: november7,2013, target: nov7th,2013
2026-08-07 13:43:36.802 | DEBUG    | eval.evaluation.evaluation:metric_call:77 - metric_func_name exact_match score 0.0 msg exact not match, response: february21,2013, target: feb19th,2013
2026-08-07 13:43:36.802 | DEBUG    | eval.evaluation.evaluation:metric_call:77 - metric_func_name exact_match score 0.0 msg exact not match, response: february18,2014, target: feb18th,2014
2026-08-07 13:43:36.802 | DEBUG    | eval.evaluation.evaluation:metric_call:77 - metric_func_name exact_match score 0.0 msg exact not match, response: may28,2014, target: may28th,2014
2026-08-07 13:43:36.802 | DEBUG    | eval.evaluation.evaluation:metric_call:77 - metric_func_name exact_match score 0.0 msg exact not match, response: august20,2015, target: aug20th,2015
2026-08-07 13:43:36.802 | DEBUG    | eval.evaluation.evaluation:metric_call:77 - metric_func_name exact_match score 0.0 msg exact not match, response: january22,2015, target: jan22nd,2015
2026-08-07 13:43:36.802 | DEBUG    | eval.evaluation.evaluation:metric_call:77 - metric_func_name exact_match score 0.0 msg exact not match, response: september19,2014, target: sep19th,2014
2026-08-07 13:43:36.802 | DEBUG    | eval.evaluation.evaluation:metric_call:77 - metric_func_name exact_match score 0.0 msg exact not match, response: september19,2014, target: sep19th,2014
2026-08-07 13:43:36.802 | DEBUG    | eval.evaluation.evaluation:metric_call:77 - metric_func_name exact_match score 0.0 msg exact not match, response: june1,2015, target: jun2nd,2015
2026-08-07 13:43:36.802 | DEBUG    | eval.evaluation.evaluation:metric_call:77 - metric_func_name exact_match score 0.0 msg exact not match, response: march17,2015, target: mar17th,2015
2026-08-07 13:43:36.802 | DEBUG    | eval.evaluation.evaluation:metric_call:77 - metric_func_name exact_match score 0.0 msg exact not match, response: march12,2018, target: mar12th,2018
2026-08-07 13:43:36.802 | DEBUG    | eval.evaluation.evaluation:metric_call:77 - metric_func_name exact_match score 0.0 msg exact not match, response: may17,2017, target: may17th,2017
2026-08-07 13:43:36.802 | DEBUG    | eval.evaluation.evaluation:metric_call:77 - metric_func_name exact_match score 0.0 msg exact not match, response: october25,2016, target: oct25th,2016
2026-08-07 13:43:36.802 | DEBUG    | eval.evaluation.evaluation:metric_call:77 - metric_func_name exact_match score 0.0 msg exact not match, response: august18,2016, target: aug18th,2016
2026-08-07 13:43:36.802 | DEBUG    | eval.evaluation.evaluation:metric_call:77 - metric_func_name exact_match score 0.0 msg exact not match, response: july19,2016, target: jul19th,2016
2026-08-07 13:43:36.802 | DEBUG    | eval.evaluation.evaluation:metric_call:77 - metric_func_name exact_match score 0.0 msg exact not match, response: june10,2016, target: jun10th,2016
2026-08-07 13:43:36.802 | DEBUG    | eval.evaluation.evaluation:metric_call:77 - metric_func_name exact_match score 0.0 msg exact not match, response: november2,2017, target: nov2nd,2017
2026-08-07 13:43:36.802 | DEBUG    | eval.evaluation.evaluation:metric_call:77 - metric_func_name exact_match score 0.0 msg exact not match, response: may27,2016, target: may27th,2016
2026-08-07 13:43:36.802 | DEBUG    | eval.evaluation.evaluation:metric_call:77 - metric_func_name exact_match score 0.0 msg exact not match, response: march10,2017, target: mar10th,2017
2026-08-07 13:43:36.803 | DEBUG    | eval.evaluation.evaluation:metric_call:77 - metric_func_name exact_match score 0.0 msg exact not match, response: august2,2016, target: aug2nd,2016
2026-08-07 13:43:36.803 | DEBUG    | eval.evaluation.evaluation:metric_call:77 - metric_func_name exact_match score 0.0 msg exact not match, response: april6,2017, target: apr6th,2017
2026-08-07 13:43:36.803 | DEBUG    | eval.evaluation.evaluation:metric_call:77 - metric_func_name exact_match score 0.0 msg exact not match, response: december7,2017, target: dec7th,2017
2026-08-07 13:43:36.803 | DEBUG    | eval.evaluation.evaluation:metric_call:77 - metric_func_name exact_match score 0.0 msg exact not match, response: june28,2022, target: jun28th,2022
2026-08-07 13:43:36.803 | DEBUG    | eval.evaluation.evaluation:metric_call:77 - metric_func_name exact_match score 0.0 msg exact not match, response: april23,2019, target: apr23rd,2019
2026-08-07 13:43:36.803 | DEBUG    | eval.evaluation.evaluation:metric_call:77 - metric_func_name exact_match score 0.0 msg exact not match, response: november22,2019, target: nov22nd,2019
2026-08-07 13:43:36.803 | DEBUG    | eval.evaluation.evaluation:metric_call:77 - metric_func_name exact_match score 0.0 msg exact not match, response: march14,2019, target: mar14th,2019
2026-08-07 13:43:36.803 | DEBUG    | eval.evaluation.evaluation:metric_call:77 - metric_func_name exact_match score 0.0 msg exact not match, response: october29,2019, target: oct29th,2019
2026-08-07 13:43:36.803 | DEBUG    | eval.evaluation.evaluation:metric_call:77 - metric_func_name exact_match score 0.0 msg exact not match, response: february22,2019, target: feb22nd,2019
2026-08-07 13:43:36.803 | DEBUG    | eval.evaluation.evaluation:metric_call:77 - metric_func_name exact_match score 0.0 msg exact not match, response: january15,2019, target: jan7th,2019
2026-08-07 13:43:36.803 | DEBUG    | eval.evaluation.evaluation:metric_call:77 - metric_func_name exact_match score 0.0 msg exact not match, response: december7,2021, target: dec7th,2021
2026-08-07 13:43:36.803 | DEBUG    | eval.evaluation.evaluation:metric_call:77 - metric_func_name exact_match score 0.0 msg exact not match, response: july9,2019, target: jul9th,2019
2026-08-07 13:43:36.803 | DEBUG    | eval.evaluation.evaluation:metric_call:77 - metric_func_name exact_match score 0.0 msg exact not match, response: october17,2018, target: oct17th,2018
2026-08-07 13:43:36.803 | DEBUG    | eval.evaluation.evaluation:metric_call:77 - metric_func_name exact_match score 0.0 msg exact not match, response: july9,2019, target: jul9th,2019
2026-08-07 13:43:36.803 | DEBUG    | eval.evaluation.evaluation:metric_call:77 - metric_func_name exact_match score 0.0 msg exact not match, response: september20,2018, target: sep20th,2018
2026-08-07 13:43:36.803 | DEBUG    | eval.evaluation.evaluation:metric_call:77 - metric_func_name exact_match score 0.0 msg exact not match, response: july23,2019, target: jul23rd,2019
2026-08-07 13:43:36.803 | DEBUG    | eval.evaluation.evaluation:metric_call:77 - metric_func_name exact_match score 0.0 msg exact not match, response: september27,2018, target: sep20th,2018
2026-08-07 13:43:36.803 | DEBUG    | eval.evaluation.evaluation:metric_call:77 - metric_func_name exact_match score 0.0 msg exact not match, response: december18,2018, target: dec18th,2018
2026-08-07 13:43:36.803 | DEBUG    | eval.evaluation.evaluation:metric_call:77 - metric_func_name exact_match score 0.0 msg exact not match, response: february2,2024, target: feb2nd,2024
2026-08-07 13:43:36.803 | DEBUG    | eval.evaluation.evaluation:metric_call:77 - metric_func_name exact_match score 0.0 msg exact not match, response: january27,2022, target: jan4th,2022
2026-08-07 13:43:36.803 | DEBUG    | eval.evaluation.evaluation:metric_call:77 - metric_func_name exact_match score 0.0 msg exact not match, response: october27,2022, target: oct12th,2022
2026-08-07 13:43:36.803 | DEBUG    | eval.evaluation.evaluation:metric_call:77 - metric_func_name exact_match score 0.0 msg exact not match, response: february25,2021, target: jan12th,2021
2026-08-07 13:43:36.803 | DEBUG    | eval.evaluation.evaluation:metric_call:77 - metric_func_name exact_match score 0.0 msg exact not match, response: december2,2020, target: dec1st,2020
2026-08-07 13:43:36.804 | DEBUG    | eval.evaluation.evaluation:metric_call:77 - metric_func_name exact_match score 0.0 msg exact not match, response: october19,2022, target: oct19th,2022
2026-08-07 13:43:36.804 | DEBUG    | eval.evaluation.evaluation:metric_call:77 - metric_func_name exact_match score 0.0 msg exact not match, response: october29,2020, target: sep1st,2020
2026-08-07 13:43:36.804 | DEBUG    | eval.evaluation.evaluation:metric_call:77 - metric_func_name exact_match score 0.0 msg exact not match, response: june10,2021, target: may31st,2021
2026-08-07 13:43:36.804 | DEBUG    | eval.evaluation.evaluation:metric_call:77 - metric_func_name exact_match score 0.0 msg exact not match, response: september17,2020, target: sep1st,2020
2026-08-07 13:43:36.804 | DEBUG    | eval.evaluation.evaluation:metric_call:77 - metric_func_name exact_match score 0.0 msg exact not match, response: january11,2022, target: jan11th,2022
2026-08-07 13:43:36.804 | DEBUG    | eval.evaluation.evaluation:metric_call:77 - metric_func_name exact_match score 0.0 msg exact not match, response: june3,2021, target: may31st,2021
2026-08-07 13:43:36.804 | DEBUG    | eval.evaluation.evaluation:metric_call:77 - metric_func_name exact_match score 0.0 msg exact not match, response: september24,2020, target: sep1st,2020
2026-08-07 13:43:36.804 | DEBUG    | eval.evaluation.evaluation:metric_call:77 - metric_func_name exact_match score 0.0 msg exact not match, response: march29,2022, target: jan27th,2022
2026-08-07 13:43:36.804 | DEBUG    | eval.evaluation.evaluation:metric_call:77 - metric_func_name exact_match score 0.0 msg exact not match, response: june29,2023, target: may18th,2023
2026-08-07 13:43:36.804 | DEBUG    | eval.evaluation.evaluation:metric_call:77 - metric_func_name exact_match score 0.0 msg exact not match, response: may24,2023, target: may18th,2023
2026-08-07 13:43:36.804 | DEBUG    | eval.evaluation.evaluation:metric_call:77 - metric_func_name exact_match score 0.0 msg exact not match, response: july18,2023, target: may18th,2023
2026-08-07 13:43:36.804 | DEBUG    | eval.evaluation.evaluation:metric_call:77 - metric_func_name exact_match score 0.0 msg exact not match, response: april13,2023, target: apr12th,2023
2026-08-07 13:43:36.804 | DEBUG    | eval.evaluation.evaluation:metric_call:77 - metric_func_name exact_match score 0.0 msg exact not match, response: september20,2024, target: aug20th,2024
2026-08-07 13:43:36.804 | DEBUG    | eval.evaluation.evaluation:metric_call:77 - metric_func_name exact_match score 0.0 msg exact not match, response: january17,2024, target: jan8th,2024
2026-08-07 13:43:36.804 | DEBUG    | eval.evaluation.evaluation:metric_call:77 - metric_func_name exact_match score 0.0 msg exact not match, response: january5,2023, target: jan3rd,2023
2026-08-07 13:43:36.804 | DEBUG    | eval.evaluation.evaluation:metric_call:77 - metric_func_name exact_match score 0.0 msg exact not match, response: january24,2024, target: jan8th,2024
2026-08-07 13:43:36.804 | DEBUG    | eval.evaluation.evaluation:metric_call:77 - metric_func_name exact_match score 0.0 msg exact not match, response: january31,2024, target: jan8th,2024
2026-08-07 13:43:36.804 | DEBUG    | eval.evaluation.evaluation:metric_call:77 - metric_func_name exact_match score 0.0 msg exact not match, response: november16,2022, target: sep20th,2022
2026-08-07 13:43:36.804 | DEBUG    | eval.evaluation.evaluation:metric_call:77 - metric_func_name exact_match score 0.0 msg exact not match, response: october12,2022, target: sep20th,2022
2026-08-07 13:43:36.805 | DEBUG    | eval.evaluation.evaluation:evaluate_single_query:321 - wide2deep_ws_en_073, col releasedate, metric_func_name exact_match, score [0.0, 0.0, 0.0, 0.0, 0.0, 0.0, 0.0, 0.0, 0.0, 0.0, 0.0, 0.0, 0.0, 0.0, 0.0, 0.0, 0.0, 0.0, 0.0, 0.0, 0.0, 0.0, 0.0, 0.0, 0.0, 0.0, 0.0, 0.0, 0.0, 0.0, 0.0, 0.0, 0.0, 0.0, 0.0, 0.0, 0.0, 0.0, 0.0, 0.0, 0.0, 0.0, 0.0, 0.0, 0.0, 0.0, 0.0, 0.0, 0.0, 0.0, 0.0, 0.0, 0.0, 0.0, 0.0, 0.0, 0.0, 0.0, 0.0, 0.0, 0.0, 0.0, 0.0, 0.0, 0.0, 0.0, 0.0, 0.0, 0.0, 0.0, 0.0, 0.0, 0.0, 0.0, 0.0, 0.0, 0.0, 0.0, 0.0, 0.0, 0.0, 0.0, 0.0, 0.0, 0.0, 0.0, 0.0, 0.0, 0.0, 0.0, 0.0, 0.0, 0.0, 0.0, 0.0, 0.0, 0.0, 0.0, 0.0, 0.0, 0.0, 0.0, 0.0, 0.0, 0.0, 0.0, 0.0, 0.0, 0.0, 0.0, 0.0, 0.0, 0.0, 0.0, 0.0, 0.0, 0.0, 0.0, 0.0, 0.0, 0.0, 0.0, 0.0, 0.0, 0.0, 0.0, 0.0, 0.0]
2026-08-07 13:43:36.805 | DEBUG    | eval.evaluation.evaluation:metric_call:77 - metric_func_name exact_match score 1.0 msg exact match, response: pci, target: pci
2026-08-07 13:43:36.805 | DEBUG    | eval.evaluation.evaluation:metric_call:77 - metric_func_name exact_match score 0.0 msg exact not match, response: pci/agp1×, target: agp2x
2026-08-07 13:43:36.805 | DEBUG    | eval.evaluation.evaluation:metric_call:77 - metric_func_name exact_match score 0.0 msg exact not match, response: pci/agp2×, target: agp2x
2026-08-07 13:43:36.806 | DEBUG    | eval.evaluation.evaluation:metric_call:77 - metric_func_name exact_match score 0.0 msg exact not match, response: pci/agp2×, target: agp2x
2026-08-07 13:43:36.806 | DEBUG    | eval.evaluation.evaluation:metric_call:77 - metric_func_name exact_match score 0.0 msg exact not match, response: pci/agp4×, target: agp4x
2026-08-07 13:43:36.806 | DEBUG    | eval.evaluation.evaluation:metric_call:77 - metric_func_name exact_match score 0.0 msg exact not match, response: agp4×, target: agp4x
2026-08-07 13:43:36.806 | DEBUG    | eval.evaluation.evaluation:metric_call:77 - metric_func_name exact_match score 0.0 msg exact not match, response: agp4×, target: agp4x
2026-08-07 13:43:36.806 | DEBUG    | eval.evaluation.evaluation:metric_call:77 - metric_func_name exact_match score 0.0 msg exact not match, response: agp4×, target: agp4x
2026-08-07 13:43:36.806 | DEBUG    | eval.evaluation.evaluation:metric_call:77 - metric_func_name exact_match score 0.0 msg exact not match, response: pci/agp4×, target: agp4x
2026-08-07 13:43:36.806 | DEBUG    | eval.evaluation.evaluation:metric_call:77 - metric_func_name exact_match score 0.0 msg exact not match, response: agp4×, target: agp4x
2026-08-07 13:43:36.806 | DEBUG    | eval.evaluation.evaluation:metric_call:77 - metric_func_name exact_match score 0.0 msg exact not match, response: agp4×, target: agp4x
2026-08-07 13:43:36.806 | DEBUG    | eval.evaluation.evaluation:metric_call:77 - metric_func_name exact_match score 0.0 msg exact not match, response: agp4×, target: agp4x
2026-08-07 13:43:36.806 | DEBUG    | eval.evaluation.evaluation:metric_call:77 - metric_func_name exact_match score 0.0 msg exact not match, response: agp4×, target: agp4x
2026-08-07 13:43:36.806 | DEBUG    | eval.evaluation.evaluation:metric_call:77 - metric_func_name exact_match score 0.0 msg exact not match, response: agp4×, target: agp4x
2026-08-07 13:43:36.806 | DEBUG    | eval.evaluation.evaluation:metric_call:77 - metric_func_name exact_match score 0.0 msg exact not match, response: agp4×, target: agp4x
2026-08-07 13:43:36.806 | DEBUG    | eval.evaluation.evaluation:metric_call:77 - metric_func_name exact_match score 0.0 msg exact not match, response: pci/agp4×, target: agp4x
2026-08-07 13:43:36.806 | DEBUG    | eval.evaluation.evaluation:metric_call:77 - metric_func_name exact_match score 0.0 msg exact not match, response: agp4×, target: agp4x
2026-08-07 13:43:36.806 | DEBUG    | eval.evaluation.evaluation:metric_call:77 - metric_func_name exact_match score 0.0 msg exact not match, response: agp4×, target: agp4x
2026-08-07 13:43:36.806 | DEBUG    | eval.evaluation.evaluation:metric_call:77 - metric_func_name exact_match score 0.0 msg exact not match, response: agp4×, target: agp4x
2026-08-07 13:43:36.806 | DEBUG    | eval.evaluation.evaluation:metric_call:77 - metric_func_name exact_match score 0.0 msg exact not match, response: agp4×, target: agp4x
2026-08-07 13:43:36.806 | DEBUG    | eval.evaluation.evaluation:metric_call:77 - metric_func_name exact_match score 0.0 msg exact not match, response: pci/agp8×, target: agp8x
2026-08-07 13:43:36.806 | DEBUG    | eval.evaluation.evaluation:metric_call:77 - metric_func_name exact_match score 0.0 msg exact not match, response: agp8×, target: agp8x
2026-08-07 13:43:36.806 | DEBUG    | eval.evaluation.evaluation:metric_call:77 - metric_func_name exact_match score 0.0 msg exact not match, response: agp8×, target: agp8x
2026-08-07 13:43:36.806 | DEBUG    | eval.evaluation.evaluation:metric_call:77 - metric_func_name exact_match score 0.0 msg exact not match, response: agp8×, target: agp8x
2026-08-07 13:43:36.806 | DEBUG    | eval.evaluation.evaluation:metric_call:77 - metric_func_name exact_match score 0.0 msg exact not match, response: agp8×, target: agp8x
2026-08-07 13:43:36.807 | DEBUG    | eval.evaluation.evaluation:metric_call:77 - metric_func_name exact_match score 0.0 msg exact not match, response: agp8×/pcie1.0×16, target: agp8x
2026-08-07 13:43:36.807 | DEBUG    | eval.evaluation.evaluation:metric_call:77 - metric_func_name exact_match score 0.0 msg exact not match, response: agp8×/pcie1.0×16, target: agp8x
2026-08-07 13:43:36.807 | DEBUG    | eval.evaluation.evaluation:metric_call:77 - metric_func_name exact_match score 0.0 msg exact not match, response: agp8×/pcie1.0×16, target: pcie1.0x16
2026-08-07 13:43:36.807 | DEBUG    | eval.evaluation.evaluation:metric_call:77 - metric_func_name exact_match score 0.0 msg exact not match, response: agp8×/pcie1.0×16, target: pcie1.0x16
2026-08-07 13:43:36.807 | DEBUG    | eval.evaluation.evaluation:metric_call:77 - metric_func_name exact_match score 0.0 msg exact not match, response: pcie1.0×16, target: pcie1.0x16
2026-08-07 13:43:36.807 | DEBUG    | eval.evaluation.evaluation:metric_call:77 - metric_func_name exact_match score 0.0 msg exact not match, response: pcie1.0×16, target: pcie1.0x16
2026-08-07 13:43:36.807 | DEBUG    | eval.evaluation.evaluation:metric_call:77 - metric_func_name exact_match score 0.0 msg exact not match, response: pcie1.0×16, target: pcie1.0x16
2026-08-07 13:43:36.807 | DEBUG    | eval.evaluation.evaluation:metric_call:77 - metric_func_name exact_match score 0.0 msg exact not match, response: pcie1.0×16, target: pcie1.0x16
2026-08-07 13:43:36.807 | DEBUG    | eval.evaluation.evaluation:metric_call:77 - metric_func_name exact_match score 0.0 msg exact not match, response: pcie2.0×16, target: pcie2.0x16
2026-08-07 13:43:36.807 | DEBUG    | eval.evaluation.evaluation:metric_call:77 - metric_func_name exact_match score 0.0 msg exact not match, response: pcie1.0×16, target: pcie1.0x16
2026-08-07 13:43:36.807 | DEBUG    | eval.evaluation.evaluation:metric_call:77 - metric_func_name exact_match score 0.0 msg exact not match, response: pcie1.0×16, target: pcie1.0x16
2026-08-07 13:43:36.807 | DEBUG    | eval.evaluation.evaluation:metric_call:77 - metric_func_name exact_match score 0.0 msg exact not match, response: pcie1.0×16, target: pcie1.0x16
2026-08-07 13:43:36.807 | DEBUG    | eval.evaluation.evaluation:metric_call:77 - metric_func_name exact_match score 0.0 msg exact not match, response: pcie2.0×16, target: pcie2.0x16
2026-08-07 13:43:36.807 | DEBUG    | eval.evaluation.evaluation:metric_call:77 - metric_func_name exact_match score 0.0 msg exact not match, response: pcie2.0×16, target: pcie2.0x16
2026-08-07 13:43:36.807 | DEBUG    | eval.evaluation.evaluation:metric_call:77 - metric_func_name exact_match score 0.0 msg exact not match, response: pcie2.0×16, target: pcie2.0x16
2026-08-07 13:43:36.807 | DEBUG    | eval.evaluation.evaluation:metric_call:77 - metric_func_name exact_match score 0.0 msg exact not match, response: pcie2.0×16, target: pcie2.0x16
2026-08-07 13:43:36.807 | DEBUG    | eval.evaluation.evaluation:metric_call:77 - metric_func_name exact_match score 0.0 msg exact not match, response: pcie2.0×16, target: pcie2.0x16
2026-08-07 13:43:36.807 | DEBUG    | eval.evaluation.evaluation:metric_call:77 - metric_func_name exact_match score 0.0 msg exact not match, response: pcie2.0×16, target: pcie2.0x16
2026-08-07 13:43:36.807 | DEBUG    | eval.evaluation.evaluation:metric_call:77 - metric_func_name exact_match score 0.0 msg exact not match, response: pcie2.0×16, target: pcie2.0x16
2026-08-07 13:43:36.807 | DEBUG    | eval.evaluation.evaluation:metric_call:77 - metric_func_name exact_match score 0.0 msg exact not match, response: pcie2.0×16, target: pcie2.0x16
2026-08-07 13:43:36.807 | DEBUG    | eval.evaluation.evaluation:metric_call:77 - metric_func_name exact_match score 0.0 msg exact not match, response: pcie2.0×16, target: pcie2.0x16
2026-08-07 13:43:36.807 | DEBUG    | eval.evaluation.evaluation:metric_call:77 - metric_func_name exact_match score 0.0 msg exact not match, response: pcie2.0×16, target: pcie2.0x16
2026-08-07 13:43:36.808 | DEBUG    | eval.evaluation.evaluation:metric_call:77 - metric_func_name exact_match score 0.0 msg exact not match, response: pcie2.0×16, target: pcie2.0x16
2026-08-07 13:43:36.808 | DEBUG    | eval.evaluation.evaluation:metric_call:77 - metric_func_name exact_match score 0.0 msg exact not match, response: pcie2.0×16, target: pcie2.0x16
2026-08-07 13:43:36.808 | DEBUG    | eval.evaluation.evaluation:metric_call:77 - metric_func_name exact_match score 0.0 msg exact not match, response: pcie2.0×16, target: pcie2.0x16
2026-08-07 13:43:36.808 | DEBUG    | eval.evaluation.evaluation:metric_call:77 - metric_func_name exact_match score 0.0 msg exact not match, response: pcie2.0×16, target: pcie2.0x16
2026-08-07 13:43:36.808 | DEBUG    | eval.evaluation.evaluation:metric_call:77 - metric_func_name exact_match score 0.0 msg exact not match, response: pcie2.0×16, target: pcie2.0x16
2026-08-07 13:43:36.808 | DEBUG    | eval.evaluation.evaluation:metric_call:77 - metric_func_name exact_match score 0.0 msg exact not match, response: pcie2.0×16, target: pcie2.0x16
2026-08-07 13:43:36.808 | DEBUG    | eval.evaluation.evaluation:metric_call:77 - metric_func_name exact_match score 0.0 msg exact not match, response: pcie2.0×16, target: pcie2.0x16
2026-08-07 13:43:36.808 | DEBUG    | eval.evaluation.evaluation:metric_call:77 - metric_func_name exact_match score 0.0 msg exact not match, response: pcie2.0×16, target: pcie2.0x16
2026-08-07 13:43:36.808 | DEBUG    | eval.evaluation.evaluation:metric_call:77 - metric_func_name exact_match score 0.0 msg exact not match, response: pcie2.0×16, target: pcie2.0x16
2026-08-07 13:43:36.808 | DEBUG    | eval.evaluation.evaluation:metric_call:77 - metric_func_name exact_match score 0.0 msg exact not match, response: pcie3.0×16, target: pcie3.0x16
2026-08-07 13:43:36.808 | DEBUG    | eval.evaluation.evaluation:metric_call:77 - metric_func_name exact_match score 0.0 msg exact not match, response: pcie3.0×16, target: pcie3.0x16
2026-08-07 13:43:36.808 | DEBUG    | eval.evaluation.evaluation:metric_call:77 - metric_func_name exact_match score 0.0 msg exact not match, response: pcie3.0×16, target: pcie3.0x16
2026-08-07 13:43:36.808 | DEBUG    | eval.evaluation.evaluation:metric_call:77 - metric_func_name exact_match score 0.0 msg exact not match, response: pcie3.0×16, target: pcie3.0x16
2026-08-07 13:43:36.808 | DEBUG    | eval.evaluation.evaluation:metric_call:77 - metric_func_name exact_match score 0.0 msg exact not match, response: pcie3.0×16, target: pcie3.0x16
2026-08-07 13:43:36.808 | DEBUG    | eval.evaluation.evaluation:metric_call:77 - metric_func_name exact_match score 0.0 msg exact not match, response: pcie3.0×16, target: pcie3.0x16
2026-08-07 13:43:36.808 | DEBUG    | eval.evaluation.evaluation:metric_call:77 - metric_func_name exact_match score 0.0 msg exact not match, response: pcie2.0×8, target: pcie2.0x8
2026-08-07 13:43:36.808 | DEBUG    | eval.evaluation.evaluation:metric_call:77 - metric_func_name exact_match score 0.0 msg exact not match, response: pcie3.0×16, target: pcie3.0x16
2026-08-07 13:43:36.808 | DEBUG    | eval.evaluation.evaluation:metric_call:77 - metric_func_name exact_match score 0.0 msg exact not match, response: pcie3.0×16, target: pcie3.0x16
2026-08-07 13:43:36.808 | DEBUG    | eval.evaluation.evaluation:metric_call:77 - metric_func_name exact_match score 0.0 msg exact not match, response: pcie3.0×16, target: pcie3.0x16
2026-08-07 13:43:36.808 | DEBUG    | eval.evaluation.evaluation:metric_call:77 - metric_func_name exact_match score 0.0 msg exact not match, response: pcie3.0×16, target: pcie3.0x16
2026-08-07 13:43:36.808 | DEBUG    | eval.evaluation.evaluation:metric_call:77 - metric_func_name exact_match score 0.0 msg exact not match, response: pcie3.0×16, target: pcie3.0x16
2026-08-07 13:43:36.808 | DEBUG    | eval.evaluation.evaluation:metric_call:77 - metric_func_name exact_match score 0.0 msg exact not match, response: pcie3.0×16, target: pcie3.0x16
2026-08-07 13:43:36.809 | DEBUG    | eval.evaluation.evaluation:metric_call:77 - metric_func_name exact_match score 0.0 msg exact not match, response: pcie3.0×16, target: pcie3.0x16
2026-08-07 13:43:36.809 | DEBUG    | eval.evaluation.evaluation:metric_call:77 - metric_func_name exact_match score 0.0 msg exact not match, response: pcie3.0×16, target: pcie3.0x16
2026-08-07 13:43:36.809 | DEBUG    | eval.evaluation.evaluation:metric_call:77 - metric_func_name exact_match score 0.0 msg exact not match, response: pcie3.0×16, target: pcie3.0x16
2026-08-07 13:43:36.809 | DEBUG    | eval.evaluation.evaluation:metric_call:77 - metric_func_name exact_match score 0.0 msg exact not match, response: pcie3.0×16, target: pcie3.0x16
2026-08-07 13:43:36.809 | DEBUG    | eval.evaluation.evaluation:metric_call:77 - metric_func_name exact_match score 0.0 msg exact not match, response: pcie3.0×16, target: pcie3.0x16
2026-08-07 13:43:36.809 | DEBUG    | eval.evaluation.evaluation:metric_call:77 - metric_func_name exact_match score 0.0 msg exact not match, response: pcie3.0×16, target: pcie3.0x16
2026-08-07 13:43:36.809 | DEBUG    | eval.evaluation.evaluation:metric_call:77 - metric_func_name exact_match score 0.0 msg exact not match, response: pcie3.0×16, target: pcie3.0x16
2026-08-07 13:43:36.809 | DEBUG    | eval.evaluation.evaluation:metric_call:77 - metric_func_name exact_match score 0.0 msg exact not match, response: pcie3.0×16, target: pcie3.0x16
2026-08-07 13:43:36.809 | DEBUG    | eval.evaluation.evaluation:metric_call:77 - metric_func_name exact_match score 0.0 msg exact not match, response: pcie3.0×4, target: pcie3.0x4
2026-08-07 13:43:36.809 | DEBUG    | eval.evaluation.evaluation:metric_call:77 - metric_func_name exact_match score 0.0 msg exact not match, response: pcie3.0×4, target: pcie3.0x4
2026-08-07 13:43:36.809 | DEBUG    | eval.evaluation.evaluation:metric_call:77 - metric_func_name exact_match score 0.0 msg exact not match, response: pcie3.0×16, target: pcie3.0x16
2026-08-07 13:43:36.809 | DEBUG    | eval.evaluation.evaluation:metric_call:77 - metric_func_name exact_match score 0.0 msg exact not match, response: pcie3.0×16, target: pcie3.0x16
2026-08-07 13:43:36.809 | DEBUG    | eval.evaluation.evaluation:metric_call:77 - metric_func_name exact_match score 0.0 msg exact not match, response: pcie3.0×16, target: pcie3.0x16
2026-08-07 13:43:36.809 | DEBUG    | eval.evaluation.evaluation:metric_call:77 - metric_func_name exact_match score 0.0 msg exact not match, response: pcie3.0×16, target: pcie3.0x16
2026-08-07 13:43:36.809 | DEBUG    | eval.evaluation.evaluation:metric_call:77 - metric_func_name exact_match score 0.0 msg exact not match, response: pcie3.0×16, target: pcie3.0x16
2026-08-07 13:43:36.809 | DEBUG    | eval.evaluation.evaluation:metric_call:77 - metric_func_name exact_match score 0.0 msg exact not match, response: pcie3.0×16, target: pcie3.0x16
2026-08-07 13:43:36.809 | DEBUG    | eval.evaluation.evaluation:metric_call:77 - metric_func_name exact_match score 0.0 msg exact not match, response: pcie3.0×16, target: pcie3.0x16
2026-08-07 13:43:36.809 | DEBUG    | eval.evaluation.evaluation:metric_call:77 - metric_func_name exact_match score 0.0 msg exact not match, response: pcie3.0×16, target: pcie3.0x16
2026-08-07 13:43:36.809 | DEBUG    | eval.evaluation.evaluation:metric_call:77 - metric_func_name exact_match score 0.0 msg exact not match, response: pcie3.0×16, target: pcie3.0x16
2026-08-07 13:43:36.809 | DEBUG    | eval.evaluation.evaluation:metric_call:77 - metric_func_name exact_match score 0.0 msg exact not match, response: pcie3.0×16, target: pcie3.0x16
2026-08-07 13:43:36.809 | DEBUG    | eval.evaluation.evaluation:metric_call:77 - metric_func_name exact_match score 0.0 msg exact not match, response: pcie3.0×16, target: pcie3.0x16
2026-08-07 13:43:36.809 | DEBUG    | eval.evaluation.evaluation:metric_call:77 - metric_func_name exact_match score 0.0 msg exact not match, response: pcie3.0×16, target: pcie3.0x16
2026-08-07 13:43:36.809 | DEBUG    | eval.evaluation.evaluation:metric_call:77 - metric_func_name exact_match score 0.0 msg exact not match, response: pcie3.0×16, target: pcie3.0x16
2026-08-07 13:43:36.810 | DEBUG    | eval.evaluation.evaluation:metric_call:77 - metric_func_name exact_match score 0.0 msg exact not match, response: pcie3.0×16, target: pcie3.0x16
2026-08-07 13:43:36.810 | DEBUG    | eval.evaluation.evaluation:metric_call:77 - metric_func_name exact_match score 0.0 msg exact not match, response: pcie3.0×16, target: pcie3.0x16
2026-08-07 13:43:36.810 | DEBUG    | eval.evaluation.evaluation:metric_call:77 - metric_func_name exact_match score 0.0 msg exact not match, response: pcie3.0×16, target: pcie3.0x16
2026-08-07 13:43:36.810 | DEBUG    | eval.evaluation.evaluation:metric_call:77 - metric_func_name exact_match score 0.0 msg exact not match, response: pcie3.0×16, target: pcie3.0x16
2026-08-07 13:43:36.810 | DEBUG    | eval.evaluation.evaluation:metric_call:77 - metric_func_name exact_match score 0.0 msg exact not match, response: pcie3.0×16, target: pcie3.0x16
2026-08-07 13:43:36.810 | DEBUG    | eval.evaluation.evaluation:metric_call:77 - metric_func_name exact_match score 0.0 msg exact not match, response: pcie3.0×16, target: pcie3.0x16
2026-08-07 13:43:36.810 | DEBUG    | eval.evaluation.evaluation:metric_call:77 - metric_func_name exact_match score 0.0 msg exact not match, response: pcie3.0×16, target: pcie3.0x16
2026-08-07 13:43:36.810 | DEBUG    | eval.evaluation.evaluation:metric_call:77 - metric_func_name exact_match score 0.0 msg exact not match, response: pcie3.0×16, target: pcie3.0x16
2026-08-07 13:43:36.810 | DEBUG    | eval.evaluation.evaluation:metric_call:77 - metric_func_name exact_match score 0.0 msg exact not match, response: pcie3.0×16, target: pcie3.0x16
2026-08-07 13:43:36.810 | DEBUG    | eval.evaluation.evaluation:metric_call:77 - metric_func_name exact_match score 0.0 msg exact not match, response: pcie3.0×16, target: pcie3.0x16
2026-08-07 13:43:36.810 | DEBUG    | eval.evaluation.evaluation:metric_call:77 - metric_func_name exact_match score 0.0 msg exact not match, response: pcie3.0×16, target: pcie3.0x16
2026-08-07 13:43:36.810 | DEBUG    | eval.evaluation.evaluation:metric_call:77 - metric_func_name exact_match score 0.0 msg exact not match, response: pcie3.0×16, target: pcie3.0x16
2026-08-07 13:43:36.810 | DEBUG    | eval.evaluation.evaluation:metric_call:77 - metric_func_name exact_match score 0.0 msg exact not match, response: pcie4.0×8, target: pcie4.0x8
2026-08-07 13:43:36.810 | DEBUG    | eval.evaluation.evaluation:metric_call:77 - metric_func_name exact_match score 0.0 msg exact not match, response: pcie4.0×8, target: pcie4.0x8
2026-08-07 13:43:36.810 | DEBUG    | eval.evaluation.evaluation:metric_call:77 - metric_func_name exact_match score 0.0 msg exact not match, response: pcie4.0×16, target: pcie4.0x16
2026-08-07 13:43:36.810 | DEBUG    | eval.evaluation.evaluation:metric_call:77 - metric_func_name exact_match score 0.0 msg exact not match, response: pcie4.0×16, target: pcie4.0x16
2026-08-07 13:43:36.810 | DEBUG    | eval.evaluation.evaluation:metric_call:77 - metric_func_name exact_match score 0.0 msg exact not match, response: pcie4.0×16, target: pcie4.0x16
2026-08-07 13:43:36.810 | DEBUG    | eval.evaluation.evaluation:metric_call:77 - metric_func_name exact_match score 0.0 msg exact not match, response: pcie4.0×16, target: pcie4.0x16
2026-08-07 13:43:36.810 | DEBUG    | eval.evaluation.evaluation:metric_call:77 - metric_func_name exact_match score 0.0 msg exact not match, response: pcie4.0×16, target: pcie4.0x16
2026-08-07 13:43:36.810 | DEBUG    | eval.evaluation.evaluation:metric_call:77 - metric_func_name exact_match score 0.0 msg exact not match, response: pcie4.0×16, target: pcie4.0x16
2026-08-07 13:43:36.810 | DEBUG    | eval.evaluation.evaluation:metric_call:77 - metric_func_name exact_match score 0.0 msg exact not match, response: pcie4.0×16, target: pcie4.0x16
2026-08-07 13:43:36.810 | DEBUG    | eval.evaluation.evaluation:metric_call:77 - metric_func_name exact_match score 0.0 msg exact not match, response: pcie4.0×16, target: pcie4.0x16
2026-08-07 13:43:36.810 | DEBUG    | eval.evaluation.evaluation:metric_call:77 - metric_func_name exact_match score 0.0 msg exact not match, response: pcie4.0×16, target: pcie4.0x16
2026-08-07 13:43:36.810 | DEBUG    | eval.evaluation.evaluation:metric_call:77 - metric_func_name exact_match score 0.0 msg exact not match, response: pcie4.0×16, target: pcie4.0x16
2026-08-07 13:43:36.811 | DEBUG    | eval.evaluation.evaluation:metric_call:77 - metric_func_name exact_match score 0.0 msg exact not match, response: pcie4.0×16, target: pcie4.0x16
2026-08-07 13:43:36.811 | DEBUG    | eval.evaluation.evaluation:metric_call:77 - metric_func_name exact_match score 0.0 msg exact not match, response: pcie4.0×8, target: pcie4.0x8
2026-08-07 13:43:36.811 | DEBUG    | eval.evaluation.evaluation:metric_call:77 - metric_func_name exact_match score 0.0 msg exact not match, response: pcie4.0×8, target: pcie4.0x8
2026-08-07 13:43:36.811 | DEBUG    | eval.evaluation.evaluation:metric_call:77 - metric_func_name exact_match score 0.0 msg exact not match, response: pcie4.0×8, target: pcie4.0x8
2026-08-07 13:43:36.811 | DEBUG    | eval.evaluation.evaluation:metric_call:77 - metric_func_name exact_match score 0.0 msg exact not match, response: pcie4.0×16, target: pcie4.0x16
2026-08-07 13:43:36.811 | DEBUG    | eval.evaluation.evaluation:metric_call:77 - metric_func_name exact_match score 0.0 msg exact not match, response: pcie4.0×16, target: pcie4.0x16
2026-08-07 13:43:36.811 | DEBUG    | eval.evaluation.evaluation:metric_call:77 - metric_func_name exact_match score 0.0 msg exact not match, response: pcie4.0×16, target: pcie4.0x16
2026-08-07 13:43:36.811 | DEBUG    | eval.evaluation.evaluation:metric_call:77 - metric_func_name exact_match score 0.0 msg exact not match, response: pcie4.0×16, target: pcie4.0x16
2026-08-07 13:43:36.811 | DEBUG    | eval.evaluation.evaluation:metric_call:77 - metric_func_name exact_match score 0.0 msg exact not match, response: pcie4.0×16, target: pcie4.0x16
2026-08-07 13:43:36.811 | DEBUG    | eval.evaluation.evaluation:metric_call:77 - metric_func_name exact_match score 0.0 msg exact not match, response: pcie4.0×16, target: pcie4.0x16
2026-08-07 13:43:36.811 | DEBUG    | eval.evaluation.evaluation:metric_call:77 - metric_func_name exact_match score 0.0 msg exact not match, response: pcie4.0×16, target: pcie4.0x16
2026-08-07 13:43:36.811 | DEBUG    | eval.evaluation.evaluation:metric_call:77 - metric_func_name exact_match score 0.0 msg exact not match, response: pcie4.0×16, target: pcie4.0x16
2026-08-07 13:43:36.812 | DEBUG    | eval.evaluation.evaluation:evaluate_single_query:321 - wide2deep_ws_en_073, col businterface, metric_func_name exact_match, score [1.0, 0.0, 0.0, 0.0, 0.0, 0.0, 0.0, 0.0, 0.0, 0.0, 0.0, 0.0, 0.0, 0.0, 0.0, 0.0, 0.0, 0.0, 0.0, 0.0, 0.0, 0.0, 0.0, 0.0, 0.0, 0.0, 0.0, 0.0, 0.0, 0.0, 0.0, 0.0, 0.0, 0.0, 0.0, 0.0, 0.0, 0.0, 0.0, 0.0, 0.0, 0.0, 0.0, 0.0, 0.0, 0.0, 0.0, 0.0, 0.0, 0.0, 0.0, 0.0, 0.0, 0.0, 0.0, 0.0, 0.0, 0.0, 0.0, 0.0, 0.0, 0.0, 0.0, 0.0, 0.0, 0.0, 0.0, 0.0, 0.0, 0.0, 0.0, 0.0, 0.0, 0.0, 0.0, 0.0, 0.0, 0.0, 0.0, 0.0, 0.0, 0.0, 0.0, 0.0, 0.0, 0.0, 0.0, 0.0, 0.0, 0.0, 0.0, 0.0, 0.0, 0.0, 0.0, 0.0, 0.0, 0.0, 0.0, 0.0, 0.0, 0.0, 0.0, 0.0, 0.0, 0.0, 0.0, 0.0, 0.0, 0.0, 0.0, 0.0, 0.0, 0.0, 0.0, 0.0, 0.0, 0.0, 0.0, 0.0, 0.0, 0.0, 0.0, 0.0, 0.0, 0.0, 0.0, 0.0]
2026-08-07 13:43:49.587 | DEBUG    | eval.evaluation.evaluation:evaluate_single_query:321 - wide2deep_ws_en_073, col memorycapacity, metric_func_name llm_judge, score [0, 1, 1, 1, 0, 1, 1, 1, 0, 0, 0, 1, 1, 0, 1, 1, 0, 0, 1, 1, 0, 1, 1, 1, 1, 0, 0, 0, 0, 1, 1, 0, 0, 0, 1, 1, 1, 0, 0, 1, 0, 1, 1, 1, 0, 0, 1, 0, 1, 1, 1, 0, 1, 0, 0, 0, 0, 1, 0, 0, 0, 0, 0, 0, 0, 0, 0, 1, 1, 1, 0, 1, 0, 1, 1, 1, 1, 1, 1, 1, 1, 1, 1, 1, 1, 1, 1, 1, 1, 1, 1, 1, 1, 1, 1, 1, 1, 1, 1, 1, 1, 1, 1, 1, 1, 1, 1, 1, 1, 1, 1, 1, 1, 1, 1, 1, 1, 1, 1, 1, 1, 1, 1, 1, 1, 1, 1, 1]
2026-08-07 13:43:49.587 | DEBUG    | eval.evaluation.evaluation:metric_call:77 - metric_func_name exact_match score 0.0 msg exact not match, response: edodram/vram, target: edo
2026-08-07 13:43:49.587 | DEBUG    | eval.evaluation.evaluation:metric_call:77 - metric_func_name exact_match score 0.0 msg exact not match, response: sgram, target: sdr
2026-08-07 13:43:49.587 | DEBUG    | eval.evaluation.evaluation:metric_call:77 - metric_func_name exact_match score 0.0 msg exact not match, response: sgram, target: sdr
2026-08-07 13:43:49.587 | DEBUG    | eval.evaluation.evaluation:metric_call:77 - metric_func_name exact_match score 1.0 msg exact match, response: sdr, target: sdr
2026-08-07 13:43:49.588 | DEBUG    | eval.evaluation.evaluation:metric_call:77 - metric_func_name exact_match score 1.0 msg exact match, response: sdr, target: sdr
2026-08-07 13:43:49.588 | DEBUG    | eval.evaluation.evaluation:metric_call:77 - metric_func_name exact_match score 1.0 msg exact match, response: sdr, target: sdr
2026-08-07 13:43:49.588 | DEBUG    | eval.evaluation.evaluation:metric_call:77 - metric_func_name exact_match score 1.0 msg exact match, response: sdr, target: sdr
2026-08-07 13:43:49.588 | DEBUG    | eval.evaluation.evaluation:metric_call:77 - metric_func_name exact_match score 1.0 msg exact match, response: ddr, target: ddr
2026-08-07 13:43:49.588 | DEBUG    | eval.evaluation.evaluation:metric_call:77 - metric_func_name exact_match score 0.0 msg exact not match, response: sdr/ddr, target: sdr
2026-08-07 13:43:49.588 | DEBUG    | eval.evaluation.evaluation:metric_call:77 - metric_func_name exact_match score 1.0 msg exact match, response: ddr, target: ddr
2026-08-07 13:43:49.588 | DEBUG    | eval.evaluation.evaluation:metric_call:77 - metric_func_name exact_match score 1.0 msg exact match, response: ddr, target: ddr
2026-08-07 13:43:49.588 | DEBUG    | eval.evaluation.evaluation:metric_call:77 - metric_func_name exact_match score 1.0 msg exact match, response: ddr, target: ddr
2026-08-07 13:43:49.588 | DEBUG    | eval.evaluation.evaluation:metric_call:77 - metric_func_name exact_match score 1.0 msg exact match, response: ddr, target: ddr
2026-08-07 13:43:49.588 | DEBUG    | eval.evaluation.evaluation:metric_call:77 - metric_func_name exact_match score 1.0 msg exact match, response: ddr, target: ddr
2026-08-07 13:43:49.588 | DEBUG    | eval.evaluation.evaluation:metric_call:77 - metric_func_name exact_match score 1.0 msg exact match, response: ddr, target: ddr
2026-08-07 13:43:49.588 | DEBUG    | eval.evaluation.evaluation:metric_call:77 - metric_func_name exact_match score 0.0 msg exact not match, response: sdr/ddr, target: sdr
2026-08-07 13:43:49.588 | DEBUG    | eval.evaluation.evaluation:metric_call:77 - metric_func_name exact_match score 1.0 msg exact match, response: ddr, target: ddr
2026-08-07 13:43:49.588 | DEBUG    | eval.evaluation.evaluation:metric_call:77 - metric_func_name exact_match score 1.0 msg exact match, response: ddr, target: ddr
2026-08-07 13:43:49.588 | DEBUG    | eval.evaluation.evaluation:metric_call:77 - metric_func_name exact_match score 1.0 msg exact match, response: ddr, target: ddr
2026-08-07 13:43:49.588 | DEBUG    | eval.evaluation.evaluation:metric_call:77 - metric_func_name exact_match score 1.0 msg exact match, response: ddr, target: ddr
2026-08-07 13:43:49.588 | DEBUG    | eval.evaluation.evaluation:metric_call:77 - metric_func_name exact_match score 1.0 msg exact match, response: ddr, target: ddr
2026-08-07 13:43:49.588 | DEBUG    | eval.evaluation.evaluation:metric_call:77 - metric_func_name exact_match score 1.0 msg exact match, response: ddr, target: ddr
2026-08-07 13:43:49.588 | DEBUG    | eval.evaluation.evaluation:metric_call:77 - metric_func_name exact_match score 0.0 msg exact not match, response: ddr2, target: gddr2
2026-08-07 13:43:49.589 | DEBUG    | eval.evaluation.evaluation:metric_call:77 - metric_func_name exact_match score 1.0 msg exact match, response: ddr, target: ddr
2026-08-07 13:43:49.589 | DEBUG    | eval.evaluation.evaluation:metric_call:77 - metric_func_name exact_match score 1.0 msg exact match, response: ddr, target: ddr
2026-08-07 13:43:49.589 | DEBUG    | eval.evaluation.evaluation:metric_call:77 - metric_func_name exact_match score 0.0 msg exact not match, response: gddr3, target: ddr
2026-08-07 13:43:49.589 | DEBUG    | eval.evaluation.evaluation:metric_call:77 - metric_func_name exact_match score 1.0 msg exact match, response: gddr3, target: gddr3
2026-08-07 13:43:49.589 | DEBUG    | eval.evaluation.evaluation:metric_call:77 - metric_func_name exact_match score 1.0 msg exact match, response: gddr3, target: gddr3
2026-08-07 13:43:49.589 | DEBUG    | eval.evaluation.evaluation:metric_call:77 - metric_func_name exact_match score 0.0 msg exact not match, response: ddr2/gddr3, target: ddr2
2026-08-07 13:43:49.589 | DEBUG    | eval.evaluation.evaluation:metric_call:77 - metric_func_name exact_match score 1.0 msg exact match, response: gddr3, target: gddr3
2026-08-07 13:43:49.589 | DEBUG    | eval.evaluation.evaluation:metric_call:77 - metric_func_name exact_match score 1.0 msg exact match, response: gddr3, target: gddr3
2026-08-07 13:43:49.589 | DEBUG    | eval.evaluation.evaluation:metric_call:77 - metric_func_name exact_match score 1.0 msg exact match, response: gddr3, target: gddr3
2026-08-07 13:43:49.589 | DEBUG    | eval.evaluation.evaluation:metric_call:77 - metric_func_name exact_match score 0.0 msg exact not match, response: ddr2/gddr3, target: gddr3
2026-08-07 13:43:49.589 | DEBUG    | eval.evaluation.evaluation:metric_call:77 - metric_func_name exact_match score 1.0 msg exact match, response: gddr3, target: gddr3
2026-08-07 13:43:49.589 | DEBUG    | eval.evaluation.evaluation:metric_call:77 - metric_func_name exact_match score 1.0 msg exact match, response: gddr3, target: gddr3
2026-08-07 13:43:49.589 | DEBUG    | eval.evaluation.evaluation:metric_call:77 - metric_func_name exact_match score 1.0 msg exact match, response: gddr3, target: gddr3
2026-08-07 13:43:49.589 | DEBUG    | eval.evaluation.evaluation:metric_call:77 - metric_func_name exact_match score 1.0 msg exact match, response: gddr3, target: gddr3
2026-08-07 13:43:49.589 | DEBUG    | eval.evaluation.evaluation:metric_call:77 - metric_func_name exact_match score 1.0 msg exact match, response: gddr3, target: gddr3
2026-08-07 13:43:49.589 | DEBUG    | eval.evaluation.evaluation:metric_call:77 - metric_func_name exact_match score 1.0 msg exact match, response: gddr3, target: gddr3
2026-08-07 13:43:49.589 | DEBUG    | eval.evaluation.evaluation:metric_call:77 - metric_func_name exact_match score 1.0 msg exact match, response: gddr3, target: gddr3
2026-08-07 13:43:49.589 | DEBUG    | eval.evaluation.evaluation:metric_call:77 - metric_func_name exact_match score 1.0 msg exact match, response: gddr3, target: gddr3
2026-08-07 13:43:49.589 | DEBUG    | eval.evaluation.evaluation:metric_call:77 - metric_func_name exact_match score 1.0 msg exact match, response: gddr3, target: gddr3
2026-08-07 13:43:49.589 | DEBUG    | eval.evaluation.evaluation:metric_call:77 - metric_func_name exact_match score 1.0 msg exact match, response: gddr3, target: gddr3
2026-08-07 13:43:49.590 | DEBUG    | eval.evaluation.evaluation:metric_call:77 - metric_func_name exact_match score 1.0 msg exact match, response: gddr3, target: gddr3
2026-08-07 13:43:49.590 | DEBUG    | eval.evaluation.evaluation:metric_call:77 - metric_func_name exact_match score 1.0 msg exact match, response: gddr3, target: gddr3
2026-08-07 13:43:49.590 | DEBUG    | eval.evaluation.evaluation:metric_call:77 - metric_func_name exact_match score 1.0 msg exact match, response: gddr3, target: gddr3
2026-08-07 13:43:49.590 | DEBUG    | eval.evaluation.evaluation:metric_call:77 - metric_func_name exact_match score 1.0 msg exact match, response: gddr5, target: gddr5
2026-08-07 13:43:49.590 | DEBUG    | eval.evaluation.evaluation:metric_call:77 - metric_func_name exact_match score 1.0 msg exact match, response: gddr5, target: gddr5
2026-08-07 13:43:49.590 | DEBUG    | eval.evaluation.evaluation:metric_call:77 - metric_func_name exact_match score 1.0 msg exact match, response: gddr5, target: gddr5
2026-08-07 13:43:49.590 | DEBUG    | eval.evaluation.evaluation:metric_call:77 - metric_func_name exact_match score 1.0 msg exact match, response: gddr5, target: gddr5
2026-08-07 13:43:49.590 | DEBUG    | eval.evaluation.evaluation:metric_call:77 - metric_func_name exact_match score 1.0 msg exact match, response: gddr5, target: gddr5
2026-08-07 13:43:49.590 | DEBUG    | eval.evaluation.evaluation:metric_call:77 - metric_func_name exact_match score 1.0 msg exact match, response: gddr5, target: gddr5
2026-08-07 13:43:49.590 | DEBUG    | eval.evaluation.evaluation:metric_call:77 - metric_func_name exact_match score 1.0 msg exact match, response: gddr5, target: gddr5
2026-08-07 13:43:49.590 | DEBUG    | eval.evaluation.evaluation:metric_call:77 - metric_func_name exact_match score 1.0 msg exact match, response: gddr5, target: gddr5
2026-08-07 13:43:49.590 | DEBUG    | eval.evaluation.evaluation:metric_call:77 - metric_func_name exact_match score 1.0 msg exact match, response: gddr5, target: gddr5
2026-08-07 13:43:49.590 | DEBUG    | eval.evaluation.evaluation:metric_call:77 - metric_func_name exact_match score 1.0 msg exact match, response: ddr3, target: ddr3
2026-08-07 13:43:49.590 | DEBUG    | eval.evaluation.evaluation:metric_call:77 - metric_func_name exact_match score 1.0 msg exact match, response: gddr5, target: gddr5
2026-08-07 13:43:49.590 | DEBUG    | eval.evaluation.evaluation:metric_call:77 - metric_func_name exact_match score 1.0 msg exact match, response: gddr5, target: gddr5
2026-08-07 13:43:49.590 | DEBUG    | eval.evaluation.evaluation:metric_call:77 - metric_func_name exact_match score 1.0 msg exact match, response: gddr5, target: gddr5
2026-08-07 13:43:49.590 | DEBUG    | eval.evaluation.evaluation:metric_call:77 - metric_func_name exact_match score 1.0 msg exact match, response: gddr5, target: gddr5
2026-08-07 13:43:49.590 | DEBUG    | eval.evaluation.evaluation:metric_call:77 - metric_func_name exact_match score 1.0 msg exact match, response: gddr5, target: gddr5
2026-08-07 13:43:49.590 | DEBUG    | eval.evaluation.evaluation:metric_call:77 - metric_func_name exact_match score 1.0 msg exact match, response: gddr5, target: gddr5
2026-08-07 13:43:49.590 | DEBUG    | eval.evaluation.evaluation:metric_call:77 - metric_func_name exact_match score 1.0 msg exact match, response: ddr3, target: ddr3
2026-08-07 13:43:49.591 | DEBUG    | eval.evaluation.evaluation:metric_call:77 - metric_func_name exact_match score 1.0 msg exact match, response: gddr5, target: gddr5
2026-08-07 13:43:49.591 | DEBUG    | eval.evaluation.evaluation:metric_call:77 - metric_func_name exact_match score 1.0 msg exact match, response: gddr5, target: gddr5
2026-08-07 13:43:49.591 | DEBUG    | eval.evaluation.evaluation:metric_call:77 - metric_func_name exact_match score 1.0 msg exact match, response: gddr5, target: gddr5
2026-08-07 13:43:49.591 | DEBUG    | eval.evaluation.evaluation:metric_call:77 - metric_func_name exact_match score 1.0 msg exact match, response: gddr5, target: gddr5
2026-08-07 13:43:49.591 | DEBUG    | eval.evaluation.evaluation:metric_call:77 - metric_func_name exact_match score 1.0 msg exact match, response: gddr5, target: gddr5
2026-08-07 13:43:49.591 | DEBUG    | eval.evaluation.evaluation:metric_call:77 - metric_func_name exact_match score 1.0 msg exact match, response: gddr5, target: gddr5
2026-08-07 13:43:49.591 | DEBUG    | eval.evaluation.evaluation:metric_call:77 - metric_func_name exact_match score 1.0 msg exact match, response: gddr5, target: gddr5
2026-08-07 13:43:49.591 | DEBUG    | eval.evaluation.evaluation:metric_call:77 - metric_func_name exact_match score 1.0 msg exact match, response: gddr5, target: gddr5
2026-08-07 13:43:49.591 | DEBUG    | eval.evaluation.evaluation:metric_call:77 - metric_func_name exact_match score 1.0 msg exact match, response: gddr5, target: gddr5
2026-08-07 13:43:49.591 | DEBUG    | eval.evaluation.evaluation:metric_call:77 - metric_func_name exact_match score 1.0 msg exact match, response: gddr5, target: gddr5
2026-08-07 13:43:49.591 | DEBUG    | eval.evaluation.evaluation:metric_call:77 - metric_func_name exact_match score 1.0 msg exact match, response: gddr5, target: gddr5
2026-08-07 13:43:49.591 | DEBUG    | eval.evaluation.evaluation:metric_call:77 - metric_func_name exact_match score 1.0 msg exact match, response: gddr5, target: gddr5
2026-08-07 13:43:49.591 | DEBUG    | eval.evaluation.evaluation:metric_call:77 - metric_func_name exact_match score 1.0 msg exact match, response: gddr5, target: gddr5
2026-08-07 13:43:49.591 | DEBUG    | eval.evaluation.evaluation:metric_call:77 - metric_func_name exact_match score 1.0 msg exact match, response: gddr5, target: gddr5
2026-08-07 13:43:49.591 | DEBUG    | eval.evaluation.evaluation:metric_call:77 - metric_func_name exact_match score 1.0 msg exact match, response: ddr4, target: ddr4
2026-08-07 13:43:49.591 | DEBUG    | eval.evaluation.evaluation:metric_call:77 - metric_func_name exact_match score 1.0 msg exact match, response: gddr5, target: gddr5
2026-08-07 13:43:49.591 | DEBUG    | eval.evaluation.evaluation:metric_call:77 - metric_func_name exact_match score 1.0 msg exact match, response: gddr5, target: gddr5
2026-08-07 13:43:49.591 | DEBUG    | eval.evaluation.evaluation:metric_call:77 - metric_func_name exact_match score 1.0 msg exact match, response: gddr5, target: gddr5
2026-08-07 13:43:49.591 | DEBUG    | eval.evaluation.evaluation:metric_call:77 - metric_func_name exact_match score 1.0 msg exact match, response: gddr5, target: gddr5
2026-08-07 13:43:49.591 | DEBUG    | eval.evaluation.evaluation:metric_call:77 - metric_func_name exact_match score 1.0 msg exact match, response: gddr5, target: gddr5
2026-08-07 13:43:49.591 | DEBUG    | eval.evaluation.evaluation:metric_call:77 - metric_func_name exact_match score 1.0 msg exact match, response: gddr5, target: gddr5
2026-08-07 13:43:49.591 | DEBUG    | eval.evaluation.evaluation:metric_call:77 - metric_func_name exact_match score 1.0 msg exact match, response: gddr5x, target: gddr5x
2026-08-07 13:43:49.592 | DEBUG    | eval.evaluation.evaluation:metric_call:77 - metric_func_name exact_match score 1.0 msg exact match, response: gddr5x, target: gddr5x
2026-08-07 13:43:49.592 | DEBUG    | eval.evaluation.evaluation:metric_call:77 - metric_func_name exact_match score 1.0 msg exact match, response: gddr5x, target: gddr5x
2026-08-07 13:43:49.592 | DEBUG    | eval.evaluation.evaluation:metric_call:77 - metric_func_name exact_match score 1.0 msg exact match, response: gddr5x, target: gddr5x
2026-08-07 13:43:49.592 | DEBUG    | eval.evaluation.evaluation:metric_call:77 - metric_func_name exact_match score 1.0 msg exact match, response: hbm2, target: hbm2
2026-08-07 13:43:49.592 | DEBUG    | eval.evaluation.evaluation:metric_call:77 - metric_func_name exact_match score 1.0 msg exact match, response: gddr6, target: gddr6
2026-08-07 13:43:49.592 | DEBUG    | eval.evaluation.evaluation:metric_call:77 - metric_func_name exact_match score 1.0 msg exact match, response: gddr5, target: gddr5
2026-08-07 13:43:49.592 | DEBUG    | eval.evaluation.evaluation:metric_call:77 - metric_func_name exact_match score 1.0 msg exact match, response: gddr6, target: gddr6
2026-08-07 13:43:49.592 | DEBUG    | eval.evaluation.evaluation:metric_call:77 - metric_func_name exact_match score 1.0 msg exact match, response: gddr5, target: gddr5
2026-08-07 13:43:49.592 | DEBUG    | eval.evaluation.evaluation:metric_call:77 - metric_func_name exact_match score 1.0 msg exact match, response: gddr6, target: gddr6
2026-08-07 13:43:49.592 | DEBUG    | eval.evaluation.evaluation:metric_call:77 - metric_func_name exact_match score 1.0 msg exact match, response: gddr6, target: gddr6
2026-08-07 13:43:49.592 | DEBUG    | eval.evaluation.evaluation:metric_call:77 - metric_func_name exact_match score 1.0 msg exact match, response: gddr6, target: gddr6
2026-08-07 13:43:49.592 | DEBUG    | eval.evaluation.evaluation:metric_call:77 - metric_func_name exact_match score 1.0 msg exact match, response: gddr6, target: gddr6
2026-08-07 13:43:49.592 | DEBUG    | eval.evaluation.evaluation:metric_call:77 - metric_func_name exact_match score 1.0 msg exact match, response: gddr6, target: gddr6
2026-08-07 13:43:49.592 | DEBUG    | eval.evaluation.evaluation:metric_call:77 - metric_func_name exact_match score 1.0 msg exact match, response: gddr6, target: gddr6
2026-08-07 13:43:49.592 | DEBUG    | eval.evaluation.evaluation:metric_call:77 - metric_func_name exact_match score 1.0 msg exact match, response: gddr6, target: gddr6
2026-08-07 13:43:49.592 | DEBUG    | eval.evaluation.evaluation:metric_call:77 - metric_func_name exact_match score 1.0 msg exact match, response: gddr6, target: gddr6
2026-08-07 13:43:49.592 | DEBUG    | eval.evaluation.evaluation:metric_call:77 - metric_func_name exact_match score 1.0 msg exact match, response: gddr6, target: gddr6
2026-08-07 13:43:49.592 | DEBUG    | eval.evaluation.evaluation:metric_call:77 - metric_func_name exact_match score 1.0 msg exact match, response: gddr6, target: gddr6
2026-08-07 13:43:49.592 | DEBUG    | eval.evaluation.evaluation:metric_call:77 - metric_func_name exact_match score 1.0 msg exact match, response: gddr6, target: gddr6
2026-08-07 13:43:49.592 | DEBUG    | eval.evaluation.evaluation:metric_call:77 - metric_func_name exact_match score 1.0 msg exact match, response: gddr6, target: gddr6
2026-08-07 13:43:49.592 | DEBUG    | eval.evaluation.evaluation:metric_call:77 - metric_func_name exact_match score 1.0 msg exact match, response: gddr6, target: gddr6
2026-08-07 13:43:49.592 | DEBUG    | eval.evaluation.evaluation:metric_call:77 - metric_func_name exact_match score 1.0 msg exact match, response: gddr6, target: gddr6
2026-08-07 13:43:49.593 | DEBUG    | eval.evaluation.evaluation:metric_call:77 - metric_func_name exact_match score 1.0 msg exact match, response: gddr6, target: gddr6
2026-08-07 13:43:49.593 | DEBUG    | eval.evaluation.evaluation:metric_call:77 - metric_func_name exact_match score 1.0 msg exact match, response: gddr6, target: gddr6
2026-08-07 13:43:49.593 | DEBUG    | eval.evaluation.evaluation:metric_call:77 - metric_func_name exact_match score 1.0 msg exact match, response: gddr6x, target: gddr6x
2026-08-07 13:43:49.593 | DEBUG    | eval.evaluation.evaluation:metric_call:77 - metric_func_name exact_match score 1.0 msg exact match, response: gddr6, target: gddr6
2026-08-07 13:43:49.593 | DEBUG    | eval.evaluation.evaluation:metric_call:77 - metric_func_name exact_match score 1.0 msg exact match, response: gddr6x, target: gddr6x
2026-08-07 13:43:49.593 | DEBUG    | eval.evaluation.evaluation:metric_call:77 - metric_func_name exact_match score 1.0 msg exact match, response: gddr6x, target: gddr6x
2026-08-07 13:43:49.593 | DEBUG    | eval.evaluation.evaluation:metric_call:77 - metric_func_name exact_match score 1.0 msg exact match, response: gddr6x, target: gddr6x
2026-08-07 13:43:49.593 | DEBUG    | eval.evaluation.evaluation:metric_call:77 - metric_func_name exact_match score 1.0 msg exact match, response: gddr6x, target: gddr6x
2026-08-07 13:43:49.593 | DEBUG    | eval.evaluation.evaluation:metric_call:77 - metric_func_name exact_match score 1.0 msg exact match, response: gddr6x, target: gddr6x
2026-08-07 13:43:49.593 | DEBUG    | eval.evaluation.evaluation:metric_call:77 - metric_func_name exact_match score 1.0 msg exact match, response: gddr6x, target: gddr6x
2026-08-07 13:43:49.593 | DEBUG    | eval.evaluation.evaluation:metric_call:77 - metric_func_name exact_match score 1.0 msg exact match, response: gddr6, target: gddr6
2026-08-07 13:43:49.593 | DEBUG    | eval.evaluation.evaluation:metric_call:77 - metric_func_name exact_match score 1.0 msg exact match, response: gddr6, target: gddr6
2026-08-07 13:43:49.593 | DEBUG    | eval.evaluation.evaluation:metric_call:77 - metric_func_name exact_match score 1.0 msg exact match, response: gddr6, target: gddr6
2026-08-07 13:43:49.593 | DEBUG    | eval.evaluation.evaluation:metric_call:77 - metric_func_name exact_match score 1.0 msg exact match, response: gddr6x, target: gddr6x
2026-08-07 13:43:49.593 | DEBUG    | eval.evaluation.evaluation:metric_call:77 - metric_func_name exact_match score 1.0 msg exact match, response: gddr6, target: gddr6
2026-08-07 13:43:49.593 | DEBUG    | eval.evaluation.evaluation:metric_call:77 - metric_func_name exact_match score 1.0 msg exact match, response: gddr6x, target: gddr6x
2026-08-07 13:43:49.593 | DEBUG    | eval.evaluation.evaluation:metric_call:77 - metric_func_name exact_match score 1.0 msg exact match, response: gddr6x, target: gddr6x
2026-08-07 13:43:49.593 | DEBUG    | eval.evaluation.evaluation:metric_call:77 - metric_func_name exact_match score 1.0 msg exact match, response: gddr6x, target: gddr6x
2026-08-07 13:43:49.593 | DEBUG    | eval.evaluation.evaluation:metric_call:77 - metric_func_name exact_match score 1.0 msg exact match, response: gddr6x, target: gddr6x
2026-08-07 13:43:49.593 | DEBUG    | eval.evaluation.evaluation:metric_call:77 - metric_func_name exact_match score 1.0 msg exact match, response: gddr6x, target: gddr6x
2026-08-07 13:43:49.593 | DEBUG    | eval.evaluation.evaluation:metric_call:77 - metric_func_name exact_match score 1.0 msg exact match, response: gddr6x, target: gddr6x
2026-08-07 13:43:49.594 | DEBUG    | eval.evaluation.evaluation:evaluate_single_query:321 - wide2deep_ws_en_073, col memorytype, metric_func_name exact_match, score [0.0, 0.0, 0.0, 1.0, 1.0, 1.0, 1.0, 1.0, 0.0, 1.0, 1.0, 1.0, 1.0, 1.0, 1.0, 0.0, 1.0, 1.0, 1.0, 1.0, 1.0, 1.0, 0.0, 1.0, 1.0, 0.0, 1.0, 1.0, 0.0, 1.0, 1.0, 1.0, 0.0, 1.0, 1.0, 1.0, 1.0, 1.0, 1.0, 1.0, 1.0, 1.0, 1.0, 1.0, 1.0, 1.0, 1.0, 1.0, 1.0, 1.0, 1.0, 1.0, 1.0, 1.0, 1.0, 1.0, 1.0, 1.0, 1.0, 1.0, 1.0, 1.0, 1.0, 1.0, 1.0, 1.0, 1.0, 1.0, 1.0, 1.0, 1.0, 1.0, 1.0, 1.0, 1.0, 1.0, 1.0, 1.0, 1.0, 1.0, 1.0, 1.0, 1.0, 1.0, 1.0, 1.0, 1.0, 1.0, 1.0, 1.0, 1.0, 1.0, 1.0, 1.0, 1.0, 1.0, 1.0, 1.0, 1.0, 1.0, 1.0, 1.0, 1.0, 1.0, 1.0, 1.0, 1.0, 1.0, 1.0, 1.0, 1.0, 1.0, 1.0, 1.0, 1.0, 1.0, 1.0, 1.0, 1.0, 1.0, 1.0, 1.0, 1.0, 1.0, 1.0, 1.0, 1.0, 1.0]
2026-08-07 13:44:03.240 | DEBUG    | eval.evaluation.evaluation:evaluate_single_query:321 - wide2deep_ws_en_073, col memorybitwidth, metric_func_name llm_judge, score [1, 1, 1, 1, 1, 1, 0, 1, 1, 1, 1, 1, 1, 1, 1, 1, 1, 1, 1, 1, 1, 1, 1, 1, 1, 1, 1, 1, 1, 1, 1, 1, 1, 1, 1, 1, 1, 1, 1, 1, 1, 1, 1, 1, 1, 1, 1, 1, 1, 1, 1, 1, 1, 1, 1, 1, 1, 1, 1, 1, 1, 1, 1, 1, 1, 1, 1, 1, 1, 1, 1, 1, 1, 1, 1, 1, 1, 1, 1, 1, 1, 1, 1, 1, 1, 1, 1, 1, 1, 1, 1, 1, 1, 1, 1, 1, 1, 1, 1, 1, 1, 1, 1, 1, 1, 1, 1, 1, 1, 1, 1, 1, 1, 1, 1, 1, 1, 1, 1, 1, 1, 1, 1, 1, 1, 1, 1, 1]
2026-08-07 13:44:03.240 | DEBUG    | eval.evaluation.evaluation:metric_call:77 - metric_func_name exact_match score 0.0 msg exact not match, response: 12mhz, target: 75mhz
2026-08-07 13:44:03.240 | DEBUG    | eval.evaluation.evaluation:metric_call:77 - metric_func_name exact_match score 1.0 msg exact match, response: 100mhz, target: 100mhz
2026-08-07 13:44:03.240 | DEBUG    | eval.evaluation.evaluation:metric_call:77 - metric_func_name exact_match score 1.0 msg exact match, response: 100mhz, target: 100mhz
2026-08-07 13:44:03.240 | DEBUG    | eval.evaluation.evaluation:metric_call:77 - metric_func_name exact_match score 1.0 msg exact match, response: 90mhz, target: 90mhz
2026-08-07 13:44:03.241 | DEBUG    | eval.evaluation.evaluation:metric_call:77 - metric_func_name exact_match score 1.0 msg exact match, response: 125mhz, target: 125mhz
2026-08-07 13:44:03.241 | DEBUG    | eval.evaluation.evaluation:metric_call:77 - metric_func_name exact_match score 1.0 msg exact match, response: 150mhz, target: 150mhz
2026-08-07 13:44:03.241 | DEBUG    | eval.evaluation.evaluation:metric_call:77 - metric_func_name exact_match score 1.0 msg exact match, response: 120mhz, target: 120mhz
2026-08-07 13:44:03.241 | DEBUG    | eval.evaluation.evaluation:metric_call:77 - metric_func_name exact_match score 1.0 msg exact match, response: 120mhz, target: 120mhz
2026-08-07 13:44:03.241 | DEBUG    | eval.evaluation.evaluation:metric_call:77 - metric_func_name exact_match score 1.0 msg exact match, response: 175mhz, target: 175mhz
2026-08-07 13:44:03.241 | DEBUG    | eval.evaluation.evaluation:metric_call:77 - metric_func_name exact_match score 1.0 msg exact match, response: 200mhz, target: 200mhz
2026-08-07 13:44:03.241 | DEBUG    | eval.evaluation.evaluation:metric_call:77 - metric_func_name exact_match score 1.0 msg exact match, response: 200mhz, target: 200mhz
2026-08-07 13:44:03.241 | DEBUG    | eval.evaluation.evaluation:metric_call:77 - metric_func_name exact_match score 1.0 msg exact match, response: 250mhz, target: 250mhz
2026-08-07 13:44:03.241 | DEBUG    | eval.evaluation.evaluation:metric_call:77 - metric_func_name exact_match score 1.0 msg exact match, response: 200mhz, target: 200mhz
2026-08-07 13:44:03.241 | DEBUG    | eval.evaluation.evaluation:metric_call:77 - metric_func_name exact_match score 1.0 msg exact match, response: 175mhz, target: 175mhz
2026-08-07 13:44:03.241 | DEBUG    | eval.evaluation.evaluation:metric_call:77 - metric_func_name exact_match score 1.0 msg exact match, response: 240mhz, target: 240mhz
2026-08-07 13:44:03.241 | DEBUG    | eval.evaluation.evaluation:metric_call:77 - metric_func_name exact_match score 1.0 msg exact match, response: 250mhz, target: 250mhz
2026-08-07 13:44:03.241 | DEBUG    | eval.evaluation.evaluation:metric_call:77 - metric_func_name exact_match score 0.0 msg exact not match, response: 270mhz, target: 275mhz
2026-08-07 13:44:03.241 | DEBUG    | eval.evaluation.evaluation:metric_call:77 - metric_func_name exact_match score 1.0 msg exact match, response: 250mhz, target: 250mhz
2026-08-07 13:44:03.241 | DEBUG    | eval.evaluation.evaluation:metric_call:77 - metric_func_name exact_match score 1.0 msg exact match, response: 275mhz, target: 275mhz
2026-08-07 13:44:03.241 | DEBUG    | eval.evaluation.evaluation:metric_call:77 - metric_func_name exact_match score 1.0 msg exact match, response: 300mhz, target: 300mhz
2026-08-07 13:44:03.241 | DEBUG    | eval.evaluation.evaluation:metric_call:77 - metric_func_name exact_match score 1.0 msg exact match, response: 250mhz, target: 250mhz
2026-08-07 13:44:03.241 | DEBUG    | eval.evaluation.evaluation:metric_call:77 - metric_func_name exact_match score 0.0 msg exact not match, response: 350mhz, target: 400mhz
2026-08-07 13:44:03.241 | DEBUG    | eval.evaluation.evaluation:metric_call:77 - metric_func_name exact_match score 1.0 msg exact match, response: 500mhz, target: 500mhz
2026-08-07 13:44:03.241 | DEBUG    | eval.evaluation.evaluation:metric_call:77 - metric_func_name exact_match score 1.0 msg exact match, response: 450mhz, target: 450mhz
2026-08-07 13:44:03.241 | DEBUG    | eval.evaluation.evaluation:metric_call:77 - metric_func_name exact_match score 1.0 msg exact match, response: 475mhz, target: 475mhz
2026-08-07 13:44:03.241 | DEBUG    | eval.evaluation.evaluation:metric_call:77 - metric_func_name exact_match score 1.0 msg exact match, response: 350mhz, target: 350mhz
2026-08-07 13:44:03.241 | DEBUG    | eval.evaluation.evaluation:metric_call:77 - metric_func_name exact_match score 0.0 msg exact not match, response: 400mhz, target: 425mhz
2026-08-07 13:44:03.242 | DEBUG    | eval.evaluation.evaluation:metric_call:77 - metric_func_name exact_match score 1.0 msg exact match, response: 500mhz, target: 500mhz
2026-08-07 13:44:03.242 | DEBUG    | eval.evaluation.evaluation:metric_call:77 - metric_func_name exact_match score 1.0 msg exact match, response: 350mhz, target: 350mhz
2026-08-07 13:44:03.242 | DEBUG    | eval.evaluation.evaluation:metric_call:77 - metric_func_name exact_match score 1.0 msg exact match, response: 430mhz, target: 430mhz
2026-08-07 13:44:03.242 | DEBUG    | eval.evaluation.evaluation:metric_call:77 - metric_func_name exact_match score 1.0 msg exact match, response: 650mhz, target: 650mhz
2026-08-07 13:44:03.242 | DEBUG    | eval.evaluation.evaluation:metric_call:77 - metric_func_name exact_match score 1.0 msg exact match, response: 500mhz, target: 500mhz
2026-08-07 13:44:03.242 | DEBUG    | eval.evaluation.evaluation:metric_call:77 - metric_func_name exact_match score 1.0 msg exact match, response: 540mhz, target: 540mhz
2026-08-07 13:44:03.242 | DEBUG    | eval.evaluation.evaluation:metric_call:77 - metric_func_name exact_match score 1.0 msg exact match, response: 600mhz, target: 600mhz
2026-08-07 13:44:03.242 | DEBUG    | eval.evaluation.evaluation:metric_call:77 - metric_func_name exact_match score 0.0 msg exact not match, response: 500mhz, target: 513mhz
2026-08-07 13:44:03.242 | DEBUG    | eval.evaluation.evaluation:metric_call:77 - metric_func_name exact_match score 0.0 msg exact not match, response: 575mhz, target: 576mhz
2026-08-07 13:44:03.242 | DEBUG    | eval.evaluation.evaluation:metric_call:77 - metric_func_name exact_match score 1.0 msg exact match, response: 612mhz, target: 612mhz
2026-08-07 13:44:03.242 | DEBUG    | eval.evaluation.evaluation:metric_call:77 - metric_func_name exact_match score 1.0 msg exact match, response: 650mhz, target: 650mhz
2026-08-07 13:44:03.242 | DEBUG    | eval.evaluation.evaluation:metric_call:77 - metric_func_name exact_match score 1.0 msg exact match, response: 600mhz, target: 600mhz
2026-08-07 13:44:03.242 | DEBUG    | eval.evaluation.evaluation:metric_call:77 - metric_func_name exact_match score 1.0 msg exact match, response: 738mhz, target: 738mhz
2026-08-07 13:44:03.242 | DEBUG    | eval.evaluation.evaluation:metric_call:77 - metric_func_name exact_match score 1.0 msg exact match, response: 600mhz, target: 600mhz
2026-08-07 13:44:03.242 | DEBUG    | eval.evaluation.evaluation:metric_call:77 - metric_func_name exact_match score 1.0 msg exact match, response: 576mhz, target: 576mhz
2026-08-07 13:44:03.242 | DEBUG    | eval.evaluation.evaluation:metric_call:77 - metric_func_name exact_match score 1.0 msg exact match, response: 633mhz, target: 633mhz
2026-08-07 13:44:03.242 | DEBUG    | eval.evaluation.evaluation:metric_call:77 - metric_func_name exact_match score 1.0 msg exact match, response: 602mhz, target: 602mhz
2026-08-07 13:44:03.242 | DEBUG    | eval.evaluation.evaluation:metric_call:77 - metric_func_name exact_match score 1.0 msg exact match, response: 648mhz, target: 648mhz
2026-08-07 13:44:03.242 | DEBUG    | eval.evaluation.evaluation:metric_call:77 - metric_func_name exact_match score 1.0 msg exact match, response: 576mhz, target: 576mhz
2026-08-07 13:44:03.242 | DEBUG    | eval.evaluation.evaluation:metric_call:77 - metric_func_name exact_match score 1.0 msg exact match, response: 783mhz, target: 783mhz
2026-08-07 13:44:03.242 | DEBUG    | eval.evaluation.evaluation:metric_call:77 - metric_func_name exact_match score 1.0 msg exact match, response: 675mhz, target: 675mhz
2026-08-07 13:44:03.242 | DEBUG    | eval.evaluation.evaluation:metric_call:77 - metric_func_name exact_match score 0.0 msg exact not match, response: 607mhz, target: 608mhz
2026-08-07 13:44:03.242 | DEBUG    | eval.evaluation.evaluation:metric_call:77 - metric_func_name exact_match score 0.0 msg exact not match, response: 700mhz, target: 701mhz
2026-08-07 13:44:03.243 | DEBUG    | eval.evaluation.evaluation:metric_call:77 - metric_func_name exact_match score 1.0 msg exact match, response: 900mhz, target: 900mhz
2026-08-07 13:44:03.243 | DEBUG    | eval.evaluation.evaluation:metric_call:77 - metric_func_name exact_match score 0.0 msg exact not match, response: 822mhz, target: 823mhz
2026-08-07 13:44:03.243 | DEBUG    | eval.evaluation.evaluation:metric_call:77 - metric_func_name exact_match score 1.0 msg exact match, response: 732mhz, target: 732mhz
2026-08-07 13:44:03.243 | DEBUG    | eval.evaluation.evaluation:metric_call:77 - metric_func_name exact_match score 1.0 msg exact match, response: 772mhz, target: 772mhz
2026-08-07 13:44:03.243 | DEBUG    | eval.evaluation.evaluation:metric_call:77 - metric_func_name exact_match score 0.0 msg exact not match, response: 607mhz, target: 608mhz
2026-08-07 13:44:03.243 | DEBUG    | eval.evaluation.evaluation:metric_call:77 - metric_func_name exact_match score 1.0 msg exact match, response: 810mhz, target: 810mhz
2026-08-07 13:44:03.243 | DEBUG    | eval.evaluation.evaluation:metric_call:77 - metric_func_name exact_match score 1.0 msg exact match, response: 980mhz, target: 980mhz
2026-08-07 13:44:03.243 | DEBUG    | eval.evaluation.evaluation:metric_call:77 - metric_func_name exact_match score 1.0 msg exact match, response: 980mhz, target: 980mhz
2026-08-07 13:44:03.243 | DEBUG    | eval.evaluation.evaluation:metric_call:77 - metric_func_name exact_match score 1.0 msg exact match, response: 915mhz, target: 915mhz
2026-08-07 13:44:03.243 | DEBUG    | eval.evaluation.evaluation:metric_call:77 - metric_func_name exact_match score 1.0 msg exact match, response: 915mhz, target: 915mhz
2026-08-07 13:44:03.243 | DEBUG    | eval.evaluation.evaluation:metric_call:77 - metric_func_name exact_match score 1.0 msg exact match, response: 1006mhz, target: 1006mhz
2026-08-07 13:44:03.243 | DEBUG    | eval.evaluation.evaluation:metric_call:77 - metric_func_name exact_match score 1.0 msg exact match, response: 915mhz, target: 915mhz
2026-08-07 13:44:03.243 | DEBUG    | eval.evaluation.evaluation:metric_call:77 - metric_func_name exact_match score 1.0 msg exact match, response: 954mhz, target: 954mhz
2026-08-07 13:44:03.243 | DEBUG    | eval.evaluation.evaluation:metric_call:77 - metric_func_name exact_match score 1.0 msg exact match, response: 1020mhz, target: 1020mhz
2026-08-07 13:44:03.243 | DEBUG    | eval.evaluation.evaluation:metric_call:77 - metric_func_name exact_match score 1.0 msg exact match, response: 980mhz, target: 980mhz
2026-08-07 13:44:03.243 | DEBUG    | eval.evaluation.evaluation:metric_call:77 - metric_func_name exact_match score 1.0 msg exact match, response: 1046mhz, target: 1046mhz
2026-08-07 13:44:03.243 | DEBUG    | eval.evaluation.evaluation:metric_call:77 - metric_func_name exact_match score 1.0 msg exact match, response: 863mhz, target: 863mhz
2026-08-07 13:44:03.243 | DEBUG    | eval.evaluation.evaluation:metric_call:77 - metric_func_name exact_match score 1.0 msg exact match, response: 875mhz, target: 875mhz
2026-08-07 13:44:03.243 | DEBUG    | eval.evaluation.evaluation:metric_call:77 - metric_func_name exact_match score 0.0 msg exact not match, response: 837mhz, target: 836mhz
2026-08-07 13:44:03.243 | DEBUG    | eval.evaluation.evaluation:metric_call:77 - metric_func_name exact_match score 1.0 msg exact match, response: 889mhz, target: 889mhz
2026-08-07 13:44:03.243 | DEBUG    | eval.evaluation.evaluation:metric_call:77 - metric_func_name exact_match score 1.0 msg exact match, response: 705mhz, target: 705mhz
2026-08-07 13:44:03.243 | DEBUG    | eval.evaluation.evaluation:metric_call:77 - metric_func_name exact_match score 1.0 msg exact match, response: 1024mhz, target: 1024mhz
2026-08-07 13:44:03.244 | DEBUG    | eval.evaluation.evaluation:metric_call:77 - metric_func_name exact_match score 1.0 msg exact match, response: 1127mhz, target: 1127mhz
2026-08-07 13:44:03.244 | DEBUG    | eval.evaluation.evaluation:metric_call:77 - metric_func_name exact_match score 1.0 msg exact match, response: 1050mhz, target: 1050mhz
2026-08-07 13:44:03.244 | DEBUG    | eval.evaluation.evaluation:metric_call:77 - metric_func_name exact_match score 0.0 msg exact not match, response: 1126mhz, target: 1127mhz
2026-08-07 13:44:03.244 | DEBUG    | eval.evaluation.evaluation:metric_call:77 - metric_func_name exact_match score 1.0 msg exact match, response: 1000mhz, target: 1000mhz
2026-08-07 13:44:03.244 | DEBUG    | eval.evaluation.evaluation:metric_call:77 - metric_func_name exact_match score 1.0 msg exact match, response: 1000mhz, target: 1000mhz
2026-08-07 13:44:03.244 | DEBUG    | eval.evaluation.evaluation:metric_call:77 - metric_func_name exact_match score 0.0 msg exact not match, response: 1151mhz, target: 1152mhz
2026-08-07 13:44:03.244 | DEBUG    | eval.evaluation.evaluation:metric_call:77 - metric_func_name exact_match score 0.0 msg exact not match, response: 1227mhz, target: 1228mhz
2026-08-07 13:44:03.244 | DEBUG    | eval.evaluation.evaluation:metric_call:77 - metric_func_name exact_match score 0.0 msg exact not match, response: 1290mhz, target: 1291mhz
2026-08-07 13:44:03.244 | DEBUG    | eval.evaluation.evaluation:metric_call:77 - metric_func_name exact_match score 1.0 msg exact match, response: 1506mhz, target: 1506mhz
2026-08-07 13:44:03.244 | DEBUG    | eval.evaluation.evaluation:metric_call:77 - metric_func_name exact_match score 1.0 msg exact match, response: 1506mhz, target: 1506mhz
2026-08-07 13:44:03.244 | DEBUG    | eval.evaluation.evaluation:metric_call:77 - metric_func_name exact_match score 1.0 msg exact match, response: 1506mhz, target: 1506mhz
2026-08-07 13:44:03.244 | DEBUG    | eval.evaluation.evaluation:metric_call:77 - metric_func_name exact_match score 1.0 msg exact match, response: 1607mhz, target: 1607mhz
2026-08-07 13:44:03.244 | DEBUG    | eval.evaluation.evaluation:metric_call:77 - metric_func_name exact_match score 1.0 msg exact match, response: 1607mhz, target: 1607mhz
2026-08-07 13:44:03.244 | DEBUG    | eval.evaluation.evaluation:metric_call:77 - metric_func_name exact_match score 1.0 msg exact match, response: 1481mhz, target: 1481mhz
2026-08-07 13:44:03.244 | DEBUG    | eval.evaluation.evaluation:metric_call:77 - metric_func_name exact_match score 1.0 msg exact match, response: 1417mhz, target: 1417mhz
2026-08-07 13:44:03.244 | DEBUG    | eval.evaluation.evaluation:metric_call:77 - metric_func_name exact_match score 1.0 msg exact match, response: 1405mhz, target: 1405mhz
2026-08-07 13:44:03.244 | DEBUG    | eval.evaluation.evaluation:metric_call:77 - metric_func_name exact_match score 1.0 msg exact match, response: 1200mhz, target: 1200mhz
2026-08-07 13:44:03.244 | DEBUG    | eval.evaluation.evaluation:metric_call:77 - metric_func_name exact_match score 1.0 msg exact match, response: 1740mhz, target: 1740mhz
2026-08-07 13:44:03.244 | DEBUG    | eval.evaluation.evaluation:metric_call:77 - metric_func_name exact_match score 1.0 msg exact match, response: 1485mhz, target: 1485mhz
2026-08-07 13:44:03.244 | DEBUG    | eval.evaluation.evaluation:metric_call:77 - metric_func_name exact_match score 1.0 msg exact match, response: 1530mhz, target: 1530mhz
2026-08-07 13:44:03.245 | DEBUG    | eval.evaluation.evaluation:metric_call:77 - metric_func_name exact_match score 1.0 msg exact match, response: 1530mhz, target: 1530mhz
2026-08-07 13:44:03.245 | DEBUG    | eval.evaluation.evaluation:metric_call:77 - metric_func_name exact_match score 1.0 msg exact match, response: 1530mhz, target: 1530mhz
2026-08-07 13:44:03.245 | DEBUG    | eval.evaluation.evaluation:metric_call:77 - metric_func_name exact_match score 1.0 msg exact match, response: 1500mhz, target: 1500mhz
2026-08-07 13:44:03.245 | DEBUG    | eval.evaluation.evaluation:metric_call:77 - metric_func_name exact_match score 1.0 msg exact match, response: 1365mhz, target: 1365mhz
2026-08-07 13:44:03.245 | DEBUG    | eval.evaluation.evaluation:metric_call:77 - metric_func_name exact_match score 1.0 msg exact match, response: 1470mhz, target: 1470mhz
2026-08-07 13:44:03.245 | DEBUG    | eval.evaluation.evaluation:metric_call:77 - metric_func_name exact_match score 1.0 msg exact match, response: 1470mhz, target: 1470mhz
2026-08-07 13:44:03.245 | DEBUG    | eval.evaluation.evaluation:metric_call:77 - metric_func_name exact_match score 1.0 msg exact match, response: 1410mhz, target: 1410mhz
2026-08-07 13:44:03.245 | DEBUG    | eval.evaluation.evaluation:metric_call:77 - metric_func_name exact_match score 1.0 msg exact match, response: 1605mhz, target: 1605mhz
2026-08-07 13:44:03.245 | DEBUG    | eval.evaluation.evaluation:metric_call:77 - metric_func_name exact_match score 1.0 msg exact match, response: 1515mhz, target: 1515mhz
2026-08-07 13:44:03.245 | DEBUG    | eval.evaluation.evaluation:metric_call:77 - metric_func_name exact_match score 1.0 msg exact match, response: 1650mhz, target: 1650mhz
2026-08-07 13:44:03.245 | DEBUG    | eval.evaluation.evaluation:metric_call:77 - metric_func_name exact_match score 1.0 msg exact match, response: 1350mhz, target: 1350mhz
2026-08-07 13:44:03.245 | DEBUG    | eval.evaluation.evaluation:metric_call:77 - metric_func_name exact_match score 1.0 msg exact match, response: 1350mhz, target: 1350mhz
2026-08-07 13:44:03.245 | DEBUG    | eval.evaluation.evaluation:metric_call:77 - metric_func_name exact_match score 1.0 msg exact match, response: 1042mhz, target: 1042mhz
2026-08-07 13:44:03.245 | DEBUG    | eval.evaluation.evaluation:metric_call:77 - metric_func_name exact_match score 1.0 msg exact match, response: 1552mhz, target: 1552mhz
2026-08-07 13:44:03.245 | DEBUG    | eval.evaluation.evaluation:metric_call:77 - metric_func_name exact_match score 1.0 msg exact match, response: 1320mhz, target: 1320mhz
2026-08-07 13:44:03.245 | DEBUG    | eval.evaluation.evaluation:metric_call:77 - metric_func_name exact_match score 1.0 msg exact match, response: 1320mhz, target: 1320mhz
2026-08-07 13:44:03.245 | DEBUG    | eval.evaluation.evaluation:metric_call:77 - metric_func_name exact_match score 1.0 msg exact match, response: 1410mhz, target: 1410mhz
2026-08-07 13:44:03.245 | DEBUG    | eval.evaluation.evaluation:metric_call:77 - metric_func_name exact_match score 1.0 msg exact match, response: 1410mhz, target: 1410mhz
2026-08-07 13:44:03.245 | DEBUG    | eval.evaluation.evaluation:metric_call:77 - metric_func_name exact_match score 1.0 msg exact match, response: 1500mhz, target: 1500mhz
2026-08-07 13:44:03.245 | DEBUG    | eval.evaluation.evaluation:metric_call:77 - metric_func_name exact_match score 1.0 msg exact match, response: 1575mhz, target: 1575mhz
2026-08-07 13:44:03.245 | DEBUG    | eval.evaluation.evaluation:metric_call:77 - metric_func_name exact_match score 1.0 msg exact match, response: 1440mhz, target: 1440mhz
2026-08-07 13:44:03.245 | DEBUG    | eval.evaluation.evaluation:metric_call:77 - metric_func_name exact_match score 1.0 msg exact match, response: 1260mhz, target: 1260mhz
2026-08-07 13:44:03.246 | DEBUG    | eval.evaluation.evaluation:metric_call:77 - metric_func_name exact_match score 1.0 msg exact match, response: 1365mhz, target: 1365mhz
2026-08-07 13:44:03.246 | DEBUG    | eval.evaluation.evaluation:metric_call:77 - metric_func_name exact_match score 1.0 msg exact match, response: 1395mhz, target: 1395mhz
2026-08-07 13:44:03.246 | DEBUG    | eval.evaluation.evaluation:metric_call:77 - metric_func_name exact_match score 1.0 msg exact match, response: 1560mhz, target: 1560mhz
2026-08-07 13:44:03.246 | DEBUG    | eval.evaluation.evaluation:metric_call:77 - metric_func_name exact_match score 1.0 msg exact match, response: 1830mhz, target: 1830mhz
2026-08-07 13:44:03.246 | DEBUG    | eval.evaluation.evaluation:metric_call:77 - metric_func_name exact_match score 1.0 msg exact match, response: 2310mhz, target: 2310mhz
2026-08-07 13:44:03.246 | DEBUG    | eval.evaluation.evaluation:metric_call:77 - metric_func_name exact_match score 1.0 msg exact match, response: 2310mhz, target: 2310mhz
2026-08-07 13:44:03.246 | DEBUG    | eval.evaluation.evaluation:metric_call:77 - metric_func_name exact_match score 1.0 msg exact match, response: 1920mhz, target: 1920mhz
2026-08-07 13:44:03.246 | DEBUG    | eval.evaluation.evaluation:metric_call:77 - metric_func_name exact_match score 1.0 msg exact match, response: 1920mhz, target: 1920mhz
2026-08-07 13:44:03.246 | DEBUG    | eval.evaluation.evaluation:metric_call:77 - metric_func_name exact_match score 1.0 msg exact match, response: 1980mhz, target: 1980mhz
2026-08-07 13:44:03.246 | DEBUG    | eval.evaluation.evaluation:metric_call:77 - metric_func_name exact_match score 1.0 msg exact match, response: 2310mhz, target: 2310mhz
2026-08-07 13:44:03.246 | DEBUG    | eval.evaluation.evaluation:metric_call:77 - metric_func_name exact_match score 1.0 msg exact match, response: 2340mhz, target: 2340mhz
2026-08-07 13:44:03.246 | DEBUG    | eval.evaluation.evaluation:metric_call:77 - metric_func_name exact_match score 1.0 msg exact match, response: 2295mhz, target: 2295mhz
2026-08-07 13:44:03.246 | DEBUG    | eval.evaluation.evaluation:metric_call:77 - metric_func_name exact_match score 1.0 msg exact match, response: 2205mhz, target: 2205mhz
2026-08-07 13:44:03.246 | DEBUG    | eval.evaluation.evaluation:metric_call:77 - metric_func_name exact_match score 1.0 msg exact match, response: 2235mhz, target: 2235mhz
2026-08-07 13:44:03.247 | DEBUG    | eval.evaluation.evaluation:evaluate_single_query:321 - wide2deep_ws_en_073, col corefrequency, metric_func_name exact_match, score [0.0, 1.0, 1.0, 1.0, 1.0, 1.0, 1.0, 1.0, 1.0, 1.0, 1.0, 1.0, 1.0, 1.0, 1.0, 1.0, 0.0, 1.0, 1.0, 1.0, 1.0, 0.0, 1.0, 1.0, 1.0, 1.0, 0.0, 1.0, 1.0, 1.0, 1.0, 1.0, 1.0, 1.0, 0.0, 0.0, 1.0, 1.0, 1.0, 1.0, 1.0, 1.0, 1.0, 1.0, 1.0, 1.0, 1.0, 1.0, 0.0, 0.0, 1.0, 0.0, 1.0, 1.0, 0.0, 1.0, 1.0, 1.0, 1.0, 1.0, 1.0, 1.0, 1.0, 1.0, 1.0, 1.0, 1.0, 1.0, 0.0, 1.0, 1.0, 1.0, 1.0, 1.0, 0.0, 1.0, 1.0, 0.0, 0.0, 0.0, 1.0, 1.0, 1.0, 1.0, 1.0, 1.0, 1.0, 1.0, 1.0, 1.0, 1.0, 1.0, 1.0, 1.0, 1.0, 1.0, 1.0, 1.0, 1.0, 1.0, 1.0, 1.0, 1.0, 1.0, 1.0, 1.0, 1.0, 1.0, 1.0, 1.0, 1.0, 1.0, 1.0, 1.0, 1.0, 1.0, 1.0, 1.0, 1.0, 1.0, 1.0, 1.0, 1.0, 1.0, 1.0, 1.0, 1.0, 1.0]
2026-08-07 13:44:03.247 | DEBUG    | eval.evaluation.evaluation:metric_call:77 - metric_func_name exact_match score 1.0 msg exact match, response: 60mhz, target: 60mhz
2026-08-07 13:44:03.247 | DEBUG    | eval.evaluation.evaluation:metric_call:77 - metric_func_name exact_match score 1.0 msg exact match, response: 100mhz, target: 100mhz
2026-08-07 13:44:03.247 | DEBUG    | eval.evaluation.evaluation:metric_call:77 - metric_func_name exact_match score 1.0 msg exact match, response: 100mhz, target: 100mhz
2026-08-07 13:44:03.247 | DEBUG    | eval.evaluation.evaluation:metric_call:77 - metric_func_name exact_match score 1.0 msg exact match, response: 110mhz, target: 110mhz
2026-08-07 13:44:03.247 | DEBUG    | eval.evaluation.evaluation:metric_call:77 - metric_func_name exact_match score 1.0 msg exact match, response: 150mhz, target: 150mhz
2026-08-07 13:44:03.247 | DEBUG    | eval.evaluation.evaluation:metric_call:77 - metric_func_name exact_match score 1.0 msg exact match, response: 183mhz, target: 183mhz
2026-08-07 13:44:03.248 | DEBUG    | eval.evaluation.evaluation:metric_call:77 - metric_func_name exact_match score 0.0 msg exact not match, response: 166mhz, target: 143mhz
2026-08-07 13:44:03.248 | DEBUG    | eval.evaluation.evaluation:metric_call:77 - metric_func_name exact_match score 1.0 msg exact match, response: 150mhz, target: 150mhz
2026-08-07 13:44:03.248 | DEBUG    | eval.evaluation.evaluation:metric_call:77 - metric_func_name exact_match score 1.0 msg exact match, response: 166mhz, target: 166mhz
2026-08-07 13:44:03.248 | DEBUG    | eval.evaluation.evaluation:metric_call:77 - metric_func_name exact_match score 1.0 msg exact match, response: 166mhz, target: 166mhz
2026-08-07 13:44:03.248 | DEBUG    | eval.evaluation.evaluation:metric_call:77 - metric_func_name exact_match score 1.0 msg exact match, response: 200mhz, target: 200mhz
2026-08-07 13:44:03.248 | DEBUG    | eval.evaluation.evaluation:metric_call:77 - metric_func_name exact_match score 1.0 msg exact match, response: 230mhz, target: 230mhz
2026-08-07 13:44:03.248 | DEBUG    | eval.evaluation.evaluation:metric_call:77 - metric_func_name exact_match score 1.0 msg exact match, response: 230mhz, target: 230mhz
2026-08-07 13:44:03.248 | DEBUG    | eval.evaluation.evaluation:metric_call:77 - metric_func_name exact_match score 1.0 msg exact match, response: 200mhz, target: 200mhz
2026-08-07 13:44:03.248 | DEBUG    | eval.evaluation.evaluation:metric_call:77 - metric_func_name exact_match score 1.0 msg exact match, response: 250mhz, target: 250mhz
2026-08-07 13:44:03.248 | DEBUG    | eval.evaluation.evaluation:metric_call:77 - metric_func_name exact_match score 1.0 msg exact match, response: 166mhz, target: 166mhz
2026-08-07 13:44:03.248 | DEBUG    | eval.evaluation.evaluation:metric_call:77 - metric_func_name exact_match score 1.0 msg exact match, response: 200mhz, target: 200mhz
2026-08-07 13:44:03.248 | DEBUG    | eval.evaluation.evaluation:metric_call:77 - metric_func_name exact_match score 0.0 msg exact not match, response: 222–250mhz, target: 250mhz
2026-08-07 13:44:03.248 | DEBUG    | eval.evaluation.evaluation:metric_call:77 - metric_func_name exact_match score 1.0 msg exact match, response: 275mhz, target: 275mhz
2026-08-07 13:44:03.248 | DEBUG    | eval.evaluation.evaluation:metric_call:77 - metric_func_name exact_match score 0.0 msg exact not match, response: 325mhz, target: 324mhz
2026-08-07 13:44:03.248 | DEBUG    | eval.evaluation.evaluation:metric_call:77 - metric_func_name exact_match score 1.0 msg exact match, response: 200mhz, target: 200mhz
2026-08-07 13:44:03.248 | DEBUG    | eval.evaluation.evaluation:metric_call:77 - metric_func_name exact_match score 0.0 msg exact not match, response: 350mhz, target: 400mhz
2026-08-07 13:44:03.248 | DEBUG    | eval.evaluation.evaluation:metric_call:77 - metric_func_name exact_match score 1.0 msg exact match, response: 500mhz, target: 500mhz
2026-08-07 13:44:03.248 | DEBUG    | eval.evaluation.evaluation:metric_call:77 - metric_func_name exact_match score 1.0 msg exact match, response: 425mhz, target: 425mhz
2026-08-07 13:44:03.248 | DEBUG    | eval.evaluation.evaluation:metric_call:77 - metric_func_name exact_match score 1.0 msg exact match, response: 475mhz, target: 475mhz
2026-08-07 13:44:03.248 | DEBUG    | eval.evaluation.evaluation:metric_call:77 - metric_func_name exact_match score 0.0 msg exact not match, response: 500mhz, target: 250mhz
2026-08-07 13:44:03.248 | DEBUG    | eval.evaluation.evaluation:metric_call:77 - metric_func_name exact_match score 1.0 msg exact match, response: 550mhz, target: 550mhz
2026-08-07 13:44:03.248 | DEBUG    | eval.evaluation.evaluation:metric_call:77 - metric_func_name exact_match score 1.0 msg exact match, response: 500mhz, target: 500mhz
2026-08-07 13:44:03.248 | DEBUG    | eval.evaluation.evaluation:metric_call:77 - metric_func_name exact_match score 0.0 msg exact not match, response: 333–400mhz, target: 325mhz
2026-08-07 13:44:03.249 | DEBUG    | eval.evaluation.evaluation:metric_call:77 - metric_func_name exact_match score 1.0 msg exact match, response: 600mhz, target: 600mhz
2026-08-07 13:44:03.249 | DEBUG    | eval.evaluation.evaluation:metric_call:77 - metric_func_name exact_match score 1.0 msg exact match, response: 800mhz, target: 800mhz
2026-08-07 13:44:03.249 | DEBUG    | eval.evaluation.evaluation:metric_call:77 - metric_func_name exact_match score 1.0 msg exact match, response: 600mhz, target: 600mhz
2026-08-07 13:44:03.249 | DEBUG    | eval.evaluation.evaluation:metric_call:77 - metric_func_name exact_match score 1.0 msg exact match, response: 700mhz, target: 700mhz
2026-08-07 13:44:03.249 | DEBUG    | eval.evaluation.evaluation:metric_call:77 - metric_func_name exact_match score 1.0 msg exact match, response: 900mhz, target: 900mhz
2026-08-07 13:44:03.249 | DEBUG    | eval.evaluation.evaluation:metric_call:77 - metric_func_name exact_match score 0.0 msg exact not match, response: 800mhz, target: 792mhz
2026-08-07 13:44:03.249 | DEBUG    | eval.evaluation.evaluation:metric_call:77 - metric_func_name exact_match score 1.0 msg exact match, response: 900mhz, target: 900mhz
2026-08-07 13:44:03.249 | DEBUG    | eval.evaluation.evaluation:metric_call:77 - metric_func_name exact_match score 1.0 msg exact match, response: 1080mhz, target: 1080mhz
2026-08-07 13:44:03.249 | DEBUG    | eval.evaluation.evaluation:metric_call:77 - metric_func_name exact_match score 1.0 msg exact match, response: 900mhz, target: 900mhz
2026-08-07 13:44:03.249 | DEBUG    | eval.evaluation.evaluation:metric_call:77 - metric_func_name exact_match score 1.0 msg exact match, response: 900mhz, target: 900mhz
2026-08-07 13:44:03.249 | DEBUG    | eval.evaluation.evaluation:metric_call:77 - metric_func_name exact_match score 1.0 msg exact match, response: 1100mhz, target: 1100mhz
2026-08-07 13:44:03.249 | DEBUG    | eval.evaluation.evaluation:metric_call:77 - metric_func_name exact_match score 1.0 msg exact match, response: 1000mhz, target: 1000mhz
2026-08-07 13:44:03.249 | DEBUG    | eval.evaluation.evaluation:metric_call:77 - metric_func_name exact_match score 1.0 msg exact match, response: 999mhz, target: 999mhz
2026-08-07 13:44:03.249 | DEBUG    | eval.evaluation.evaluation:metric_call:77 - metric_func_name exact_match score 1.0 msg exact match, response: 1134mhz, target: 1134mhz
2026-08-07 13:44:03.249 | DEBUG    | eval.evaluation.evaluation:metric_call:77 - metric_func_name exact_match score 1.0 msg exact match, response: 1107mhz, target: 1107mhz
2026-08-07 13:44:03.249 | DEBUG    | eval.evaluation.evaluation:metric_call:77 - metric_func_name exact_match score 1.0 msg exact match, response: 1242mhz, target: 1242mhz
2026-08-07 13:44:03.249 | DEBUG    | eval.evaluation.evaluation:metric_call:77 - metric_func_name exact_match score 1.0 msg exact match, response: 999mhz, target: 999mhz
2026-08-07 13:44:03.249 | DEBUG    | eval.evaluation.evaluation:metric_call:77 - metric_func_name exact_match score 1.0 msg exact match, response: 902mhz, target: 902mhz
2026-08-07 13:44:03.249 | DEBUG    | eval.evaluation.evaluation:metric_call:77 - metric_func_name exact_match score 1.0 msg exact match, response: 900mhz, target: 900mhz
2026-08-07 13:44:03.249 | DEBUG    | eval.evaluation.evaluation:metric_call:77 - metric_func_name exact_match score 1.0 msg exact match, response: 837mhz, target: 837mhz
2026-08-07 13:44:03.249 | DEBUG    | eval.evaluation.evaluation:metric_call:77 - metric_func_name exact_match score 1.0 msg exact match, response: 924mhz, target: 924mhz
2026-08-07 13:44:03.250 | DEBUG    | eval.evaluation.evaluation:metric_call:77 - metric_func_name exact_match score 1.0 msg exact match, response: 1026mhz, target: 1026mhz
2026-08-07 13:44:03.250 | DEBUG    | eval.evaluation.evaluation:metric_call:77 - metric_func_name exact_match score 1.0 msg exact match, response: 1002mhz, target: 1002mhz
2026-08-07 13:44:03.250 | DEBUG    | eval.evaluation.evaluation:metric_call:77 - metric_func_name exact_match score 1.0 msg exact match, response: 950mhz, target: 950mhz
2026-08-07 13:44:03.250 | DEBUG    | eval.evaluation.evaluation:metric_call:77 - metric_func_name exact_match score 1.0 msg exact match, response: 1002mhz, target: 1002mhz
2026-08-07 13:44:03.250 | DEBUG    | eval.evaluation.evaluation:metric_call:77 - metric_func_name exact_match score 1.0 msg exact match, response: 854mhz, target: 854mhz
2026-08-07 13:44:03.250 | DEBUG    | eval.evaluation.evaluation:metric_call:77 - metric_func_name exact_match score 0.0 msg exact not match, response: 500–900mhz, target: 898mhz
2026-08-07 13:44:03.250 | DEBUG    | eval.evaluation.evaluation:metric_call:77 - metric_func_name exact_match score 1.0 msg exact match, response: 1502mhz, target: 1502mhz
2026-08-07 13:44:03.250 | DEBUG    | eval.evaluation.evaluation:metric_call:77 - metric_func_name exact_match score 1.0 msg exact match, response: 1502mhz, target: 1502mhz
2026-08-07 13:44:03.250 | DEBUG    | eval.evaluation.evaluation:metric_call:77 - metric_func_name exact_match score 1.0 msg exact match, response: 1502mhz, target: 1502mhz
2026-08-07 13:44:03.250 | DEBUG    | eval.evaluation.evaluation:metric_call:77 - metric_func_name exact_match score 1.0 msg exact match, response: 1502mhz, target: 1502mhz
2026-08-07 13:44:03.250 | DEBUG    | eval.evaluation.evaluation:metric_call:77 - metric_func_name exact_match score 1.0 msg exact match, response: 1502mhz, target: 1502mhz
2026-08-07 13:44:03.250 | DEBUG    | eval.evaluation.evaluation:metric_call:77 - metric_func_name exact_match score 1.0 msg exact match, response: 1502mhz, target: 1502mhz
2026-08-07 13:44:03.250 | DEBUG    | eval.evaluation.evaluation:metric_call:77 - metric_func_name exact_match score 0.0 msg exact not match, response: 800mhz, target: 900mhz
2026-08-07 13:44:03.250 | DEBUG    | eval.evaluation.evaluation:metric_call:77 - metric_func_name exact_match score 1.0 msg exact match, response: 1350mhz, target: 1350mhz
2026-08-07 13:44:03.250 | DEBUG    | eval.evaluation.evaluation:metric_call:77 - metric_func_name exact_match score 1.0 msg exact match, response: 1502mhz, target: 1502mhz
2026-08-07 13:44:03.250 | DEBUG    | eval.evaluation.evaluation:metric_call:77 - metric_func_name exact_match score 1.0 msg exact match, response: 1753mhz, target: 1753mhz
2026-08-07 13:44:03.250 | DEBUG    | eval.evaluation.evaluation:metric_call:77 - metric_func_name exact_match score 1.0 msg exact match, response: 1502mhz, target: 1502mhz
2026-08-07 13:44:03.250 | DEBUG    | eval.evaluation.evaluation:metric_call:77 - metric_func_name exact_match score 0.0 msg exact not match, response: 1750mhz, target: 1753mhz
2026-08-07 13:44:03.250 | DEBUG    | eval.evaluation.evaluation:metric_call:77 - metric_func_name exact_match score 1.0 msg exact match, response: 1502mhz, target: 1502mhz
2026-08-07 13:44:03.250 | DEBUG    | eval.evaluation.evaluation:metric_call:77 - metric_func_name exact_match score 1.0 msg exact match, response: 1750mhz, target: 1750mhz
2026-08-07 13:44:03.250 | DEBUG    | eval.evaluation.evaluation:metric_call:77 - metric_func_name exact_match score 1.0 msg exact match, response: 1750mhz, target: 1750mhz
2026-08-07 13:44:03.251 | DEBUG    | eval.evaluation.evaluation:metric_call:77 - metric_func_name exact_match score 1.0 msg exact match, response: 1653mhz, target: 1653mhz
2026-08-07 13:44:03.251 | DEBUG    | eval.evaluation.evaluation:metric_call:77 - metric_func_name exact_match score 1.0 msg exact match, response: 1753mhz, target: 1753mhz
2026-08-07 13:44:03.251 | DEBUG    | eval.evaluation.evaluation:metric_call:77 - metric_func_name exact_match score 1.0 msg exact match, response: 1753mhz, target: 1753mhz
2026-08-07 13:44:03.251 | DEBUG    | eval.evaluation.evaluation:metric_call:77 - metric_func_name exact_match score 1.0 msg exact match, response: 1753mhz, target: 1753mhz
2026-08-07 13:44:03.251 | DEBUG    | eval.evaluation.evaluation:metric_call:77 - metric_func_name exact_match score 1.0 msg exact match, response: 1753mhz, target: 1753mhz
2026-08-07 13:44:03.251 | DEBUG    | eval.evaluation.evaluation:metric_call:77 - metric_func_name exact_match score 1.0 msg exact match, response: 1753mhz, target: 1753mhz
2026-08-07 13:44:03.251 | DEBUG    | eval.evaluation.evaluation:metric_call:77 - metric_func_name exact_match score 0.0 msg exact not match, response: 525mhz, target: 1050mhz
2026-08-07 13:44:03.251 | DEBUG    | eval.evaluation.evaluation:metric_call:77 - metric_func_name exact_match score 1.0 msg exact match, response: 1502mhz, target: 1502mhz
2026-08-07 13:44:03.251 | DEBUG    | eval.evaluation.evaluation:metric_call:77 - metric_func_name exact_match score 1.0 msg exact match, response: 1752mhz, target: 1752mhz
2026-08-07 13:44:03.251 | DEBUG    | eval.evaluation.evaluation:metric_call:77 - metric_func_name exact_match score 1.0 msg exact match, response: 2002mhz, target: 2002mhz
2026-08-07 13:44:03.251 | DEBUG    | eval.evaluation.evaluation:metric_call:77 - metric_func_name exact_match score 1.0 msg exact match, response: 2002mhz, target: 2002mhz
2026-08-07 13:44:03.251 | DEBUG    | eval.evaluation.evaluation:metric_call:77 - metric_func_name exact_match score 1.0 msg exact match, response: 2002mhz, target: 2002mhz
2026-08-07 13:44:03.251 | DEBUG    | eval.evaluation.evaluation:metric_call:77 - metric_func_name exact_match score 1.0 msg exact match, response: 2002mhz, target: 2002mhz
2026-08-07 13:44:03.251 | DEBUG    | eval.evaluation.evaluation:metric_call:77 - metric_func_name exact_match score 1.0 msg exact match, response: 1251mhz, target: 1251mhz
2026-08-07 13:44:03.251 | DEBUG    | eval.evaluation.evaluation:metric_call:77 - metric_func_name exact_match score 1.0 msg exact match, response: 1376mhz, target: 1376mhz
2026-08-07 13:44:03.251 | DEBUG    | eval.evaluation.evaluation:metric_call:77 - metric_func_name exact_match score 1.0 msg exact match, response: 1251mhz, target: 1251mhz
2026-08-07 13:44:03.251 | DEBUG    | eval.evaluation.evaluation:metric_call:77 - metric_func_name exact_match score 1.0 msg exact match, response: 1426mhz, target: 1426mhz
2026-08-07 13:44:03.251 | DEBUG    | eval.evaluation.evaluation:metric_call:77 - metric_func_name exact_match score 0.0 msg exact not match, response: 850mhz, target: 848mhz
2026-08-07 13:44:03.251 | DEBUG    | eval.evaluation.evaluation:metric_call:77 - metric_func_name exact_match score 1.0 msg exact match, response: 1500mhz, target: 1500mhz
2026-08-07 13:44:03.251 | DEBUG    | eval.evaluation.evaluation:metric_call:77 - metric_func_name exact_match score 1.0 msg exact match, response: 2001mhz, target: 2001mhz
2026-08-07 13:44:03.251 | DEBUG    | eval.evaluation.evaluation:metric_call:77 - metric_func_name exact_match score 1.0 msg exact match, response: 1500mhz, target: 1500mhz
2026-08-07 13:44:03.252 | DEBUG    | eval.evaluation.evaluation:metric_call:77 - metric_func_name exact_match score 1.0 msg exact match, response: 2001mhz, target: 2001mhz
2026-08-07 13:44:03.252 | DEBUG    | eval.evaluation.evaluation:metric_call:77 - metric_func_name exact_match score 1.0 msg exact match, response: 1750mhz, target: 1750mhz
2026-08-07 13:44:03.252 | DEBUG    | eval.evaluation.evaluation:metric_call:77 - metric_func_name exact_match score 1.0 msg exact match, response: 1500mhz, target: 1500mhz
2026-08-07 13:44:03.252 | DEBUG    | eval.evaluation.evaluation:metric_call:77 - metric_func_name exact_match score 1.0 msg exact match, response: 1750mhz, target: 1750mhz
2026-08-07 13:44:03.252 | DEBUG    | eval.evaluation.evaluation:metric_call:77 - metric_func_name exact_match score 1.0 msg exact match, response: 1750mhz, target: 1750mhz
2026-08-07 13:44:03.252 | DEBUG    | eval.evaluation.evaluation:metric_call:77 - metric_func_name exact_match score 1.0 msg exact match, response: 1750mhz, target: 1750mhz
2026-08-07 13:44:03.252 | DEBUG    | eval.evaluation.evaluation:metric_call:77 - metric_func_name exact_match score 1.0 msg exact match, response: 1750mhz, target: 1750mhz
2026-08-07 13:44:03.252 | DEBUG    | eval.evaluation.evaluation:metric_call:77 - metric_func_name exact_match score 1.0 msg exact match, response: 1750mhz, target: 1750mhz
2026-08-07 13:44:03.252 | DEBUG    | eval.evaluation.evaluation:metric_call:77 - metric_func_name exact_match score 1.0 msg exact match, response: 1750mhz, target: 1750mhz
2026-08-07 13:44:03.252 | DEBUG    | eval.evaluation.evaluation:metric_call:77 - metric_func_name exact_match score 1.0 msg exact match, response: 1937mhz, target: 1937mhz
2026-08-07 13:44:03.252 | DEBUG    | eval.evaluation.evaluation:metric_call:77 - metric_func_name exact_match score 1.0 msg exact match, response: 1750mhz, target: 1750mhz
2026-08-07 13:44:03.252 | DEBUG    | eval.evaluation.evaluation:metric_call:77 - metric_func_name exact_match score 1.0 msg exact match, response: 1750mhz, target: 1750mhz
2026-08-07 13:44:03.252 | DEBUG    | eval.evaluation.evaluation:metric_call:77 - metric_func_name exact_match score 1.0 msg exact match, response: 1750mhz, target: 1750mhz
2026-08-07 13:44:03.252 | DEBUG    | eval.evaluation.evaluation:metric_call:77 - metric_func_name exact_match score 1.0 msg exact match, response: 1750mhz, target: 1750mhz
2026-08-07 13:44:03.252 | DEBUG    | eval.evaluation.evaluation:metric_call:77 - metric_func_name exact_match score 1.0 msg exact match, response: 1875mhz, target: 1875mhz
2026-08-07 13:44:03.252 | DEBUG    | eval.evaluation.evaluation:metric_call:77 - metric_func_name exact_match score 1.0 msg exact match, response: 1875mhz, target: 1875mhz
2026-08-07 13:44:03.252 | DEBUG    | eval.evaluation.evaluation:metric_call:77 - metric_func_name exact_match score 1.0 msg exact match, response: 1750mhz, target: 1750mhz
2026-08-07 13:44:03.252 | DEBUG    | eval.evaluation.evaluation:metric_call:77 - metric_func_name exact_match score 0.0 msg exact not match, response: 2375mhz, target: 1188mhz
2026-08-07 13:44:03.252 | DEBUG    | eval.evaluation.evaluation:metric_call:77 - metric_func_name exact_match score 1.0 msg exact match, response: 1750mhz, target: 1750mhz
2026-08-07 13:44:03.252 | DEBUG    | eval.evaluation.evaluation:metric_call:77 - metric_func_name exact_match score 0.0 msg exact not match, response: 2375mhz, target: 1188mhz
2026-08-07 13:44:03.252 | DEBUG    | eval.evaluation.evaluation:metric_call:77 - metric_func_name exact_match score 0.0 msg exact not match, response: 2375mhz, target: 1188mhz
2026-08-07 13:44:03.252 | DEBUG    | eval.evaluation.evaluation:metric_call:77 - metric_func_name exact_match score 0.0 msg exact not match, response: 2375mhz, target: 1188mhz
2026-08-07 13:44:03.252 | DEBUG    | eval.evaluation.evaluation:metric_call:77 - metric_func_name exact_match score 0.0 msg exact not match, response: 2375mhz, target: 1188mhz
2026-08-07 13:44:03.253 | DEBUG    | eval.evaluation.evaluation:metric_call:77 - metric_func_name exact_match score 0.0 msg exact not match, response: 2438mhz, target: 1219mhz
2026-08-07 13:44:03.253 | DEBUG    | eval.evaluation.evaluation:metric_call:77 - metric_func_name exact_match score 0.0 msg exact not match, response: 2625mhz, target: 1313mhz
2026-08-07 13:44:03.253 | DEBUG    | eval.evaluation.evaluation:metric_call:77 - metric_func_name exact_match score 1.0 msg exact match, response: 2125mhz, target: 2125mhz
2026-08-07 13:44:03.253 | DEBUG    | eval.evaluation.evaluation:metric_call:77 - metric_func_name exact_match score 1.0 msg exact match, response: 2250mhz, target: 2250mhz
2026-08-07 13:44:03.253 | DEBUG    | eval.evaluation.evaluation:metric_call:77 - metric_func_name exact_match score 1.0 msg exact match, response: 2250mhz, target: 2250mhz
2026-08-07 13:44:03.253 | DEBUG    | eval.evaluation.evaluation:metric_call:77 - metric_func_name exact_match score 0.0 msg exact not match, response: 2625mhz, target: 1313mhz
2026-08-07 13:44:03.253 | DEBUG    | eval.evaluation.evaluation:metric_call:77 - metric_func_name exact_match score 1.0 msg exact match, response: 2500mhz, target: 2500mhz
2026-08-07 13:44:03.253 | DEBUG    | eval.evaluation.evaluation:metric_call:77 - metric_func_name exact_match score 0.0 msg exact not match, response: 2625mhz, target: 1313mhz
2026-08-07 13:44:03.253 | DEBUG    | eval.evaluation.evaluation:metric_call:77 - metric_func_name exact_match score 0.0 msg exact not match, response: 2625mhz, target: 1313mhz
2026-08-07 13:44:03.253 | DEBUG    | eval.evaluation.evaluation:metric_call:77 - metric_func_name exact_match score 0.0 msg exact not match, response: 2625mhz, target: 1313mhz
2026-08-07 13:44:03.253 | DEBUG    | eval.evaluation.evaluation:metric_call:77 - metric_func_name exact_match score 0.0 msg exact not match, response: 2875mhz, target: 1438mhz
2026-08-07 13:44:03.253 | DEBUG    | eval.evaluation.evaluation:metric_call:77 - metric_func_name exact_match score 0.0 msg exact not match, response: 2800mhz, target: 1400mhz
2026-08-07 13:44:03.253 | DEBUG    | eval.evaluation.evaluation:metric_call:77 - metric_func_name exact_match score 0.0 msg exact not match, response: 2625mhz, target: 1313mhz
2026-08-07 13:44:03.254 | DEBUG    | eval.evaluation.evaluation:evaluate_single_query:321 - wide2deep_ws_en_073, col memoryfrequency, metric_func_name exact_match, score [1.0, 1.0, 1.0, 1.0, 1.0, 1.0, 0.0, 1.0, 1.0, 1.0, 1.0, 1.0, 1.0, 1.0, 1.0, 1.0, 1.0, 0.0, 1.0, 0.0, 1.0, 0.0, 1.0, 1.0, 1.0, 0.0, 1.0, 1.0, 0.0, 1.0, 1.0, 1.0, 1.0, 1.0, 0.0, 1.0, 1.0, 1.0, 1.0, 1.0, 1.0, 1.0, 1.0, 1.0, 1.0, 1.0, 1.0, 1.0, 1.0, 1.0, 1.0, 1.0, 1.0, 1.0, 1.0, 0.0, 1.0, 1.0, 1.0, 1.0, 1.0, 1.0, 0.0, 1.0, 1.0, 1.0, 1.0, 0.0, 1.0, 1.0, 1.0, 1.0, 1.0, 1.0, 1.0, 1.0, 1.0, 0.0, 1.0, 1.0, 1.0, 1.0, 1.0, 1.0, 1.0, 1.0, 1.0, 1.0, 0.0, 1.0, 1.0, 1.0, 1.0, 1.0, 1.0, 1.0, 1.0, 1.0, 1.0, 1.0, 1.0, 1.0, 1.0, 1.0, 1.0, 1.0, 1.0, 1.0, 1.0, 0.0, 1.0, 0.0, 0.0, 0.0, 0.0, 0.0, 0.0, 1.0, 1.0, 1.0, 0.0, 1.0, 0.0, 0.0, 0.0, 0.0, 0.0, 0.0]
2026-08-07 13:44:03.275 | INFO     | eval.evaluation.evaluation:evaluate_single_query:380 - wide2deep_ws_en_073, P/R/F1 by unique_columns: 0.9624/0.2550/0.4031
2026-08-07 13:44:03.275 | INFO     | eval.evaluation.evaluation:evaluate_single_query:383 - wide2deep_ws_en_073, P/R/F1 by row: 0.0000/0.0000/0.0000
2026-08-07 13:44:03.275 | INFO     | eval.evaluation.evaluation:evaluate_single_query:386 - wide2deep_ws_en_073, P/R/F1 by item: 0.6887/0.1825/0.2885
2026-08-07 13:44:03.292 | INFO     | eval.evaluation.evaluation:evaluate_single_query:398 - wide2deep_ws_en_073, final table score: 0.0
{"event": "eval_done", "idx": 3, "instance_id": "wide2deep_ws_en_073", "score": 0.0, "entity_acc": 1.0, "f1_by_row": 0.0, "f1_by_item": 0.288503937007874, "column_f1": 0.4031496062992126, "error": null, "elapsed_seconds": 80.673, "running_n": 3}
2026-08-07 13:44:04.500 | DEBUG    | eval.evaluation.data_loader:extract_dataframe:167 - find markdown_str 
| Name | Position | Start Date | End Date | Successor |
| --- | ...
2026-08-07 13:44:08.210 | INFO     | eval.evaluation.metric_utils:primary_key_preprocess:246 - primary_key_preprocess result: ```json
{
  "Reince Priebus": "Reince Priebus",
  "John F. Kelly": "John F Kelly",
  "Tom Price": "Tom Price",
  "Rex Tillerson": "Rex Tillerson",
  "David Shulkin": "David Shaulkin",
  "Mike Pompeo": "Mike Pompeo",
  "Scott Pruitt": "Scott Pruitt",
  "Jeff Sessions": "Jeff Sessions",
  "Nikki Haley": "Nikki Haley",
  "Jim Mattis": "Jim Mattis",
  "Ryan Zinke": "Ryan Zinke",
  "Kirstjen Nielsen": "Kristen Nielsen",
  "Linda McMahon": "Linda McMahon",
  "Alexander Acosta": "Alex Acosta",
  "Dan Coats": "Dan Coats",
  "Rick Perry": "Rick Perry",
  "Mick Mulvaney": "Micheal Mulvaney",
  "Mark Esper": "Mark Esper",
  "William Barr": "William Barr"
}
```
2026-08-07 13:44:08.211 | INFO     | eval.evaluation.evaluation:evaluate_single_query:223 - col: name, primary_key_map {'Reince Priebus': 'Reince Priebus', 'John F. Kelly': 'John F Kelly', 'Tom Price': 'Tom Price', 'Rex Tillerson': 'Rex Tillerson', 'David Shulkin': 'David Shaulkin', 'Mike Pompeo': 'Mike Pompeo', 'Scott Pruitt': 'Scott Pruitt', 'Jeff Sessions': 'Jeff Sessions', 'Nikki Haley': 'Nikki Haley', 'Jim Mattis': 'Jim Mattis', 'Ryan Zinke': 'Ryan Zinke', 'Kirstjen Nielsen': 'Kristen Nielsen', 'Linda McMahon': 'Linda McMahon', 'Alexander Acosta': 'Alex Acosta', 'Dan Coats': 'Dan Coats', 'Rick Perry': 'Rick Perry', 'Mick Mulvaney': 'Micheal Mulvaney', 'Mark Esper': 'Mark Esper', 'William Barr': 'William Barr'}
2026-08-07 13:44:11.851 | INFO     | eval.evaluation.metric_utils:primary_key_preprocess:246 - primary_key_preprocess result: ```json
{
  "White House Chief of Staff": "White House Chief of Staff",
  "Secretary of Homeland Security": "Secretary of Homeland Security",
  "Secretary of Health and Human Services": "Secretary of Health and Human Services",
  "Secretary of State": "Secretary of State",
  "Secretary of Veterans Affairs": "Secretary of Veterans Affairs",
  "Director of the Central Intelligence Agency": "Director of the Central Intelligence Agency",
  "Administrator of the Environmental Protection Agency": "Administrator of the Environmental Protection Agency",
  "Attorney General": "Attorney General",
  "United States Ambassador to the United Nations": "United States Ambassador to the United Nations",
  "Secretary of Defense": "Secretary of Defense",
  "Secretary of the Interior": "Secretary of the Interior",
  "Administrator of the Small Business Administration": "Administrator of the Small Business Administration",
  "Secretary of Labor": "Secretary of Labor",
  "Director of National Intelligence": "Director of National Intelligence",
  "Secretary of Energy": "Secretary of Energy",
  "Director of the Office of Management and Budget": "Director of the Office of Management and Budget"
}
```
2026-08-07 13:44:11.851 | INFO     | eval.evaluation.evaluation:evaluate_single_query:223 - col: position, primary_key_map {'White House Chief of Staff': 'White House Chief of Staff', 'Secretary of Homeland Security': 'Secretary of Homeland Security', 'Secretary of Health and Human Services': 'Secretary of Health and Human Services', 'Secretary of State': 'Secretary of State', 'Secretary of Veterans Affairs': 'Secretary of Veterans Affairs', 'Director of the Central Intelligence Agency': 'Director of the Central Intelligence Agency', 'Administrator of the Environmental Protection Agency': 'Administrator of the Environmental Protection Agency', 'Attorney General': 'Attorney General', 'United States Ambassador to the United Nations': 'United States Ambassador to the United Nations', 'Secretary of Defense': 'Secretary of Defense', 'Secretary of the Interior': 'Secretary of the Interior', 'Administrator of the Small Business Administration': 'Administrator of the Small Business Administration', 'Secretary of Labor': 'Secretary of Labor', 'Director of National Intelligence': 'Director of National Intelligence', 'Secretary of Energy': 'Secretary of Energy', 'Director of the Office of Management and Budget': 'Director of the Office of Management and Budget'}
2026-08-07 13:44:11.946 | INFO     | eval.evaluation.evaluation:evaluate_single_query:275 - wide2deep_ws_en_077, df_inner shape: (19, 10), answer_df shape: (22, 5), response_df shape: (21, 7)
2026-08-07 13:44:11.949 | DEBUG    | eval.evaluation.evaluation:metric_call:77 - metric_func_name date_near score 0.0 msg date not near, response: 2017-07-31 00:00:00, target: 2017-01-20 00:00:00
2026-08-07 13:44:11.951 | DEBUG    | eval.evaluation.evaluation:metric_call:77 - metric_func_name date_near score 1.0 msg date near, response: 2017-01-20 00:00:00, target: 2017-01-20 00:00:00
2026-08-07 13:44:11.953 | DEBUG    | eval.evaluation.evaluation:metric_call:77 - metric_func_name date_near score 1.0 msg date near, response: 2017-01-20 00:00:00, target: 2017-01-20 00:00:00
2026-08-07 13:44:11.956 | DEBUG    | eval.evaluation.evaluation:metric_call:77 - metric_func_name date_near score 1.0 msg date near, response: 2017-01-23 00:00:00, target: 2017-01-23 00:00:00
2026-08-07 13:44:11.958 | DEBUG    | eval.evaluation.evaluation:metric_call:77 - metric_func_name date_near score 1.0 msg date near, response: 2017-02-01 00:00:00, target: 2017-02-01 00:00:00
2026-08-07 13:44:11.960 | DEBUG    | eval.evaluation.evaluation:metric_call:77 - metric_func_name date_near score 1.0 msg date near, response: 2017-02-09 00:00:00, target: 2017-02-09 00:00:00
2026-08-07 13:44:11.962 | DEBUG    | eval.evaluation.evaluation:metric_call:77 - metric_func_name date_near score 1.0 msg date near, response: 2017-02-10 00:00:00, target: 2017-02-10 00:00:00
2026-08-07 13:44:11.964 | DEBUG    | eval.evaluation.evaluation:metric_call:77 - metric_func_name date_near score 1.0 msg date near, response: 2017-02-14 00:00:00, target: 2017-02-14 00:00:00
2026-08-07 13:44:11.966 | DEBUG    | eval.evaluation.evaluation:metric_call:77 - metric_func_name date_near score 1.0 msg date near, response: 2017-02-14 00:00:00, target: 2017-02-14 00:00:00
2026-08-07 13:44:11.969 | DEBUG    | eval.evaluation.evaluation:metric_call:77 - metric_func_name date_near score 1.0 msg date near, response: 2017-02-16 00:00:00, target: 2017-02-16 00:00:00
2026-08-07 13:44:11.971 | DEBUG    | eval.evaluation.evaluation:metric_call:77 - metric_func_name date_near score 1.0 msg date near, response: 2017-02-17 00:00:00, target: 2017-02-17 00:00:00
2026-08-07 13:44:11.973 | DEBUG    | eval.evaluation.evaluation:metric_call:77 - metric_func_name date_near score 1.0 msg date near, response: 2017-03-01 00:00:00, target: 2017-03-01 00:00:00
2026-08-07 13:44:11.975 | DEBUG    | eval.evaluation.evaluation:metric_call:77 - metric_func_name date_near score 1.0 msg date near, response: 2017-03-02 00:00:00, target: 2017-03-02 00:00:00
2026-08-07 13:44:11.977 | DEBUG    | eval.evaluation.evaluation:metric_call:77 - metric_func_name date_near score 1.0 msg date near, response: 2017-03-16 00:00:00, target: 2017-03-16 00:00:00
2026-08-07 13:44:11.979 | DEBUG    | eval.evaluation.evaluation:metric_call:77 - metric_func_name date_near score 1.0 msg date near, response: 2017-04-28 00:00:00, target: 2017-04-28 00:00:00
2026-08-07 13:44:11.981 | DEBUG    | eval.evaluation.evaluation:metric_call:77 - metric_func_name date_near score 1.0 msg date near, response: 2017-07-31 00:00:00, target: 2017-07-31 00:00:00
2026-08-07 13:44:11.983 | DEBUG    | eval.evaluation.evaluation:metric_call:77 - metric_func_name date_near score 1.0 msg date near, response: 2017-12-06 00:00:00, target: 2017-12-06 00:00:00
2026-08-07 13:44:11.985 | DEBUG    | eval.evaluation.evaluation:metric_call:77 - metric_func_name date_near score 1.0 msg date near, response: 2019-07-23 00:00:00, target: 2019-06-24 00:00:00
2026-08-07 13:44:11.987 | DEBUG    | eval.evaluation.evaluation:metric_call:77 - metric_func_name date_near score 1.0 msg date near, response: 2017-01-27 00:00:00, target: 2017-01-27 00:00:00
2026-08-07 13:44:11.988 | DEBUG    | eval.evaluation.evaluation:evaluate_single_query:321 - wide2deep_ws_en_077, col startdate, metric_func_name date_near, score [0.0, 1.0, 1.0, 1.0, 1.0, 1.0, 1.0, 1.0, 1.0, 1.0, 1.0, 1.0, 1.0, 1.0, 1.0, 1.0, 1.0, 1.0, 1.0]
2026-08-07 13:44:11.990 | DEBUG    | eval.evaluation.evaluation:metric_call:77 - metric_func_name date_near score 1.0 msg date near, response: 2017-07-31 00:00:00, target: 2017-07-31 00:00:00
2026-08-07 13:44:11.992 | DEBUG    | eval.evaluation.evaluation:metric_call:77 - metric_func_name date_near score 1.0 msg date near, response: 2017-07-31 00:00:00, target: 2017-07-31 00:00:00
2026-08-07 13:44:11.994 | DEBUG    | eval.evaluation.evaluation:metric_call:77 - metric_func_name date_near score 1.0 msg date near, response: 2019-01-01 00:00:00, target: 2018-12-20 00:00:00
2026-08-07 13:44:11.996 | DEBUG    | eval.evaluation.evaluation:metric_call:77 - metric_func_name date_near score 1.0 msg date near, response: 2018-04-26 00:00:00, target: 2018-04-26 00:00:00
2026-08-07 13:44:11.998 | DEBUG    | eval.evaluation.evaluation:metric_call:77 - metric_func_name date_near score 1.0 msg date near, response: 2018-03-31 00:00:00, target: 2018-03-13 00:00:00
2026-08-07 13:44:12.000 | DEBUG    | eval.evaluation.evaluation:metric_call:77 - metric_func_name date_near score 1.0 msg date near, response: 2018-11-07 00:00:00, target: 2018-11-07 00:00:00
2026-08-07 13:44:12.003 | DEBUG    | eval.evaluation.evaluation:metric_call:77 - metric_func_name date_near score 1.0 msg date near, response: 2017-09-29 00:00:00, target: 2017-09-29 00:00:00
2026-08-07 13:44:12.005 | DEBUG    | eval.evaluation.evaluation:metric_call:77 - metric_func_name date_near score 1.0 msg date near, response: 2019-04-12 00:00:00, target: 2019-04-12 00:00:00
2026-08-07 13:44:12.007 | DEBUG    | eval.evaluation.evaluation:metric_call:77 - metric_func_name date_near score 1.0 msg date near, response: 2018-03-28 00:00:00, target: 2018-03-28 00:00:00
2026-08-07 13:44:12.009 | DEBUG    | eval.evaluation.evaluation:metric_call:77 - metric_func_name date_near score 1.0 msg date near, response: 2020-03-31 00:00:00, target: 2020-03-31 00:00:00
2026-08-07 13:44:12.011 | DEBUG    | eval.evaluation.evaluation:metric_call:77 - metric_func_name date_near score 1.0 msg date near, response: 2018-07-06 00:00:00, target: 2018-07-06 00:00:00
2026-08-07 13:44:12.013 | DEBUG    | eval.evaluation.evaluation:metric_call:77 - metric_func_name date_near score 1.0 msg date near, response: 2019-01-02 00:00:00, target: 2018-12-25 00:00:00
2026-08-07 13:44:12.015 | DEBUG    | eval.evaluation.evaluation:metric_call:77 - metric_func_name date_near score 1.0 msg date near, response: 2019-12-01 00:00:00, target: 2019-12-01 00:00:00
2026-08-07 13:44:12.018 | DEBUG    | eval.evaluation.evaluation:metric_call:77 - metric_func_name date_near score 1.0 msg date near, response: 2019-08-15 00:00:00, target: 2019-08-15 00:00:00
2026-08-07 13:44:12.020 | DEBUG    | eval.evaluation.evaluation:metric_call:77 - metric_func_name date_near score 1.0 msg date near, response: 2019-07-19 00:00:00, target: 2019-07-12 00:00:00
2026-08-07 13:44:12.022 | DEBUG    | eval.evaluation.evaluation:metric_call:77 - metric_func_name date_near score 1.0 msg date near, response: 2019-01-02 00:00:00, target: 2019-01-02 00:00:00
2026-08-07 13:44:12.024 | DEBUG    | eval.evaluation.evaluation:metric_call:77 - metric_func_name date_near score 1.0 msg date near, response: 2019-04-10 00:00:00, target: 2019-04-07 00:00:00
2026-08-07 13:44:12.026 | DEBUG    | eval.evaluation.evaluation:metric_call:77 - metric_func_name date_near score 1.0 msg date near, response: 2020-11-09 00:00:00, target: 2020-11-09 00:00:00
2026-08-07 13:44:12.028 | DEBUG    | eval.evaluation.evaluation:metric_call:77 - metric_func_name date_near score 1.0 msg date near, response: 2018-12-31 00:00:00, target: 2018-12-31 00:00:00
2026-08-07 13:44:12.029 | DEBUG    | eval.evaluation.evaluation:evaluate_single_query:321 - wide2deep_ws_en_077, col enddate, metric_func_name date_near, score [1.0, 1.0, 1.0, 1.0, 1.0, 1.0, 1.0, 1.0, 1.0, 1.0, 1.0, 1.0, 1.0, 1.0, 1.0, 1.0, 1.0, 1.0, 1.0]
2026-08-07 13:44:17.724 | DEBUG    | eval.evaluation.evaluation:evaluate_single_query:321 - wide2deep_ws_en_077, col successor, metric_func_name llm_judge, score [1, 1, 1, 1, 1, 1, 1, 1, 1, 1, 1, 1, 1, 1, 1, 1, 1, 1, 1]
2026-08-07 13:44:17.728 | INFO     | eval.evaluation.evaluation:evaluate_single_query:380 - wide2deep_ws_en_077, P/R/F1 by unique_columns: 0.9048/0.8636/0.8837
2026-08-07 13:44:17.728 | INFO     | eval.evaluation.evaluation:evaluate_single_query:383 - wide2deep_ws_en_077, P/R/F1 by row: 0.8571/0.8182/0.8372
2026-08-07 13:44:17.728 | INFO     | eval.evaluation.evaluation:evaluate_single_query:386 - wide2deep_ws_en_077, P/R/F1 by item: 0.8952/0.8545/0.8744
2026-08-07 13:44:17.731 | INFO     | eval.evaluation.evaluation:evaluate_single_query:398 - wide2deep_ws_en_077, final table score: 0.0
{"event": "eval_done", "idx": 4, "instance_id": "wide2deep_ws_en_077", "score": 0.0, "entity_acc": 1.0, "f1_by_row": 0.8372093023255814, "f1_by_item": 0.8744186046511628, "column_f1": 0.8837209302325582, "error": null, "elapsed_seconds": 14.419, "running_n": 4}
2026-08-07 13:44:19.882 | DEBUG    | eval.evaluation.data_loader:extract_dataframe:167 - find markdown_str 
| 姓名 | 国籍 | 出生年份 | 定段年份 | 赛事名称 | 参赛年份 | 参赛成绩 |
| --- | --- | -- ...
2026-08-07 13:44:23.535 | INFO     | eval.evaluation.metric_utils:primary_key_preprocess:246 - primary_key_preprocess result: ```json
{
  "崔精": "崔精",
  "於之莹": "於之莹",
  "周泓余": "周泓余"
}
```
2026-08-07 13:44:23.536 | INFO     | eval.evaluation.evaluation:evaluate_single_query:223 - col: 姓名, primary_key_map {'崔精': '崔精', '於之莹': '於之莹', '周泓余': '周泓余'}
2026-08-07 13:44:42.582 | INFO     | eval.evaluation.metric_utils:primary_key_preprocess:246 - primary_key_preprocess result: ```json
{
  "第3届黄龙士双登杯世界女子围棋擂台赛": "第3届黄龙士双登杯世界女子围棋擂台赛",
  "第5届穹窿山兵圣杯世界女子围棋赛": "第5届苏州穹窿山兵圣杯世界女子围棋赛",
  "第6届穹窿山兵圣杯世界女子围棋赛": "第6届苏州穹窿山兵圣杯世界女子围棋赛",
  "第1届国际智力运动联盟智力运动精英赛女子个人围棋赛": "第一届国际智力运动联盟智力运动精英赛",
  "第8届穹窿山兵圣杯世界女子围棋赛": "第8届穹窿山兵圣杯世界女子围棋锦标赛",
  "第1届吴清源杯世界女子围棋赛": "第1届吴清源杯世界女子围棋赛",
  "第9届穹窿山兵圣杯世界女子围棋赛": "第9届穹窿山兵圣杯世界女子围棋锦标赛",
  "第1届扇兴杯世界女子围棋最强战": "第1届扇兴杯世界女子围棋最强战",
  "第10届穹窿山兵圣杯世界女子围棋赛": "第10届穹窿山兵圣杯世界女子围棋锦标赛",
  "第2届吴清源杯世界女子围棋赛": "第2届吴清源杯世界女子围棋赛",
  "第2届扇兴杯世界女子围棋最强战": "第2届扇兴杯世界女子围棋最强战",
  "第3届扇兴杯世界女子围棋最强战": "第3届扇兴杯世界女子围棋最强战",
  "第4届吴清源杯世界女子围棋赛": "第4届吴清源杯世界女子围棋赛",
  "第5届吴清源杯世界女子围棋赛": "第5屆吴清源杯世界女子围棋赛",
  "第27届三星车险杯世界围棋大师赛": "三星杯世界围棋大师赛",
  "杭州第19届亚洲运动会围棋女子团体赛": "杭州第19届亚运会围棋比赛",
  "第5届扇兴杯世界女子围棋最强战": "第5届扇兴杯世界女子围棋最强战",
  "第6届吴清源杯世界女子围棋赛": "第6屆吴清源杯世界女子围棋赛",
  "第6届扇兴杯世界女子围棋最强战": "第6届扇兴杯世界女子围棋最强战",
  "第3届穹窿山兵圣杯世界女子围棋赛": "第3届苏州穹窿山兵圣杯世界女子围棋赛",
  "第4届穹窿山兵圣杯世界女子围棋赛": "第4届苏州穹窿山兵圣杯世界女子围棋赛",
  "第7届穹窿山兵圣杯世界女子围棋赛": "第7届苏州穹窿山兵圣杯世界女子围棋赛",
  "第3届吴清源杯世界女子围棋赛": "第3届吴清源杯世界女子围棋赛",
  "第7届吴清源杯世界女子围棋赛": "第7届吴清源杯世界女子围棋赛",
  "第10届黄龙士杯世界女子围棋赛": "第十届黄龙士杯世界女子围棋赛"
}
```
2026-08-07 13:44:42.582 | INFO     | eval.evaluation.evaluation:evaluate_single_query:223 - col: 赛事名称, primary_key_map {'第3届黄龙士双登杯世界女子围棋擂台赛': '第3届黄龙士双登杯世界女子围棋擂台赛', '第5届穹窿山兵圣杯世界女子围棋赛': '第5届苏州穹窿山兵圣杯世界女子围棋赛', '第6届穹窿山兵圣杯世界女子围棋赛': '第6届苏州穹窿山兵圣杯世界女子围棋赛', '第1届国际智力运动联盟智力运动精英赛女子个人围棋赛': '第一届国际智力运动联盟智力运动精英赛', '第8届穹窿山兵圣杯世界女子围棋赛': '第8届穹窿山兵圣杯世界女子围棋锦标赛', '第1届吴清源杯世界女子围棋赛': '第1届吴清源杯世界女子围棋赛', '第9届穹窿山兵圣杯世界女子围棋赛': '第9届穹窿山兵圣杯世界女子围棋锦标赛', '第1届扇兴杯世界女子围棋最强战': '第1届扇兴杯世界女子围棋最强战', '第10届穹窿山兵圣杯世界女子围棋赛': '第10届穹窿山兵圣杯世界女子围棋锦标赛', '第2届吴清源杯世界女子围棋赛': '第2届吴清源杯世界女子围棋赛', '第2届扇兴杯世界女子围棋最强战': '第2届扇兴杯世界女子围棋最强战', '第3届扇兴杯世界女子围棋最强战': '第3届扇兴杯世界女子围棋最强战', '第4届吴清源杯世界女子围棋赛': '第4届吴清源杯世界女子围棋赛', '第5届吴清源杯世界女子围棋赛': '第5屆吴清源杯世界女子围棋赛', '第27届三星车险杯世界围棋大师赛': '三星杯世界围棋大师赛', '杭州第19届亚洲运动会围棋女子团体赛': '杭州第19届亚运会围棋比赛', '第5届扇兴杯世界女子围棋最强战': '第5届扇兴杯世界女子围棋最强战', '第6届吴清源杯世界女子围棋赛': '第6屆吴清源杯世界女子围棋赛', '第6届扇兴杯世界女子围棋最强战': '第6届扇兴杯世界女子围棋最强战', '第3届穹窿山兵圣杯世界女子围棋赛': '第3届苏州穹窿山兵圣杯世界女子围棋赛', '第4届穹窿山兵圣杯世界女子围棋赛': '第4届苏州穹窿山兵圣杯世界女子围棋赛', '第7届穹窿山兵圣杯世界女子围棋赛': '第7届苏州穹窿山兵圣杯世界女子围棋赛', '第3届吴清源杯世界女子围棋赛': '第3届吴清源杯世界女子围棋赛', '第7届吴清源杯世界女子围棋赛': '第7届吴清源杯世界女子围棋赛', '第10届黄龙士杯世界女子围棋赛': '第十届黄龙士杯世界女子围棋赛'}
2026-08-07 13:44:45.824 | INFO     | eval.evaluation.metric_utils:primary_key_preprocess:246 - primary_key_preprocess result: ```json
{
  "2012": "2012",
  "2013": "2013",
  "2014": "2014",
  "2015": "2015",
  "2016": "2016",
  "2017": "2017",
  "2018": "2018",
  "2019": "2019",
  "2020": "2020",
  "2021": "2021",
  "2022": "2022",
  "2023": "2023",
  "2024": "2024"
}
```
2026-08-07 13:44:45.825 | INFO     | eval.evaluation.evaluation:evaluate_single_query:223 - col: 参赛年份, primary_key_map {'2012': '2012', '2013': '2013', '2014': '2014', '2015': '2015', '2016': '2016', '2017': '2017', '2018': '2018', '2019': '2019', '2020': '2020', '2021': '2021', '2022': '2022', '2023': '2023', '2024': '2024'}
2026-08-07 13:44:49.007 | INFO     | eval.evaluation.metric_utils:primary_key_preprocess:246 - primary_key_preprocess result: ```json
{
  "前四强": "四强",
  "团体赛冠军": "团体赛冠军",
  "冠军": "冠军",
  "亚军": "亚军",
  "团体赛银牌": "团体赛亚军",
  "团体赛铜牌": "团体赛季军"
}
```
2026-08-07 13:44:49.007 | INFO     | eval.evaluation.evaluation:evaluate_single_query:223 - col: 参赛成绩, primary_key_map {'前四强': '四强', '团体赛冠军': '团体赛冠军', '冠军': '冠军', '亚军': '亚军', '团体赛银牌': '团体赛亚军', '团体赛铜牌': '团体赛季军'}
2026-08-07 13:44:49.016 | INFO     | eval.evaluation.evaluation:evaluate_single_query:275 - wide2deep_ws_zh_035, df_inner shape: (34, 14), answer_df shape: (87, 7), response_df shape: (46, 11)
2026-08-07 13:44:49.017 | DEBUG    | eval.evaluation.evaluation:metric_call:77 - metric_func_name exact_match score 1.0 msg exact match, response: 韩国, target: 韩国
2026-08-07 13:44:49.017 | DEBUG    | eval.evaluation.evaluation:metric_call:77 - metric_func_name exact_match score 1.0 msg exact match, response: 韩国, target: 韩国
2026-08-07 13:44:49.017 | DEBUG    | eval.evaluation.evaluation:metric_call:77 - metric_func_name exact_match score 1.0 msg exact match, response: 韩国, target: 韩国
2026-08-07 13:44:49.017 | DEBUG    | eval.evaluation.evaluation:metric_call:77 - metric_func_name exact_match score 1.0 msg exact match, response: 韩国, target: 韩国
2026-08-07 13:44:49.017 | DEBUG    | eval.evaluation.evaluation:metric_call:77 - metric_func_name exact_match score 1.0 msg exact match, response: 韩国, target: 韩国
2026-08-07 13:44:49.017 | DEBUG    | eval.evaluation.evaluation:metric_call:77 - metric_func_name exact_match score 1.0 msg exact match, response: 韩国, target: 韩国
2026-08-07 13:44:49.018 | DEBUG    | eval.evaluation.evaluation:metric_call:77 - metric_func_name exact_match score 1.0 msg exact match, response: 韩国, target: 韩国
2026-08-07 13:44:49.018 | DEBUG    | eval.evaluation.evaluation:metric_call:77 - metric_func_name exact_match score 1.0 msg exact match, response: 韩国, target: 韩国
2026-08-07 13:44:49.018 | DEBUG    | eval.evaluation.evaluation:metric_call:77 - metric_func_name exact_match score 1.0 msg exact match, response: 韩国, target: 韩国
2026-08-07 13:44:49.018 | DEBUG    | eval.evaluation.evaluation:metric_call:77 - metric_func_name exact_match score 1.0 msg exact match, response: 韩国, target: 韩国
2026-08-07 13:44:49.018 | DEBUG    | eval.evaluation.evaluation:metric_call:77 - metric_func_name exact_match score 1.0 msg exact match, response: 韩国, target: 韩国
2026-08-07 13:44:49.018 | DEBUG    | eval.evaluation.evaluation:metric_call:77 - metric_func_name exact_match score 1.0 msg exact match, response: 韩国, target: 韩国
2026-08-07 13:44:49.018 | DEBUG    | eval.evaluation.evaluation:metric_call:77 - metric_func_name exact_match score 1.0 msg exact match, response: 韩国, target: 韩国
2026-08-07 13:44:49.018 | DEBUG    | eval.evaluation.evaluation:metric_call:77 - metric_func_name exact_match score 1.0 msg exact match, response: 韩国, target: 韩国
2026-08-07 13:44:49.018 | DEBUG    | eval.evaluation.evaluation:metric_call:77 - metric_func_name exact_match score 1.0 msg exact match, response: 韩国, target: 韩国
2026-08-07 13:44:49.018 | DEBUG    | eval.evaluation.evaluation:metric_call:77 - metric_func_name exact_match score 1.0 msg exact match, response: 韩国, target: 韩国
2026-08-07 13:44:49.018 | DEBUG    | eval.evaluation.evaluation:metric_call:77 - metric_func_name exact_match score 1.0 msg exact match, response: 韩国, target: 韩国
2026-08-07 13:44:49.018 | DEBUG    | eval.evaluation.evaluation:metric_call:77 - metric_func_name exact_match score 1.0 msg exact match, response: 韩国, target: 韩国
2026-08-07 13:44:49.018 | DEBUG    | eval.evaluation.evaluation:metric_call:77 - metric_func_name exact_match score 1.0 msg exact match, response: 中国, target: 中国
2026-08-07 13:44:49.018 | DEBUG    | eval.evaluation.evaluation:metric_call:77 - metric_func_name exact_match score 1.0 msg exact match, response: 中国, target: 中国
2026-08-07 13:44:49.018 | DEBUG    | eval.evaluation.evaluation:metric_call:77 - metric_func_name exact_match score 1.0 msg exact match, response: 中国, target: 中国
2026-08-07 13:44:49.018 | DEBUG    | eval.evaluation.evaluation:metric_call:77 - metric_func_name exact_match score 1.0 msg exact match, response: 中国, target: 中国
2026-08-07 13:44:49.018 | DEBUG    | eval.evaluation.evaluation:metric_call:77 - metric_func_name exact_match score 1.0 msg exact match, response: 中国, target: 中国
2026-08-07 13:44:49.018 | DEBUG    | eval.evaluation.evaluation:metric_call:77 - metric_func_name exact_match score 1.0 msg exact match, response: 中国, target: 中国
2026-08-07 13:44:49.018 | DEBUG    | eval.evaluation.evaluation:metric_call:77 - metric_func_name exact_match score 1.0 msg exact match, response: 中国, target: 中国
2026-08-07 13:44:49.018 | DEBUG    | eval.evaluation.evaluation:metric_call:77 - metric_func_name exact_match score 1.0 msg exact match, response: 中国, target: 中国
2026-08-07 13:44:49.019 | DEBUG    | eval.evaluation.evaluation:metric_call:77 - metric_func_name exact_match score 1.0 msg exact match, response: 中国, target: 中国
2026-08-07 13:44:49.019 | DEBUG    | eval.evaluation.evaluation:metric_call:77 - metric_func_name exact_match score 1.0 msg exact match, response: 中国, target: 中国
2026-08-07 13:44:49.019 | DEBUG    | eval.evaluation.evaluation:metric_call:77 - metric_func_name exact_match score 1.0 msg exact match, response: 中国, target: 中国
2026-08-07 13:44:49.019 | DEBUG    | eval.evaluation.evaluation:metric_call:77 - metric_func_name exact_match score 1.0 msg exact match, response: 中国, target: 中国
2026-08-07 13:44:49.019 | DEBUG    | eval.evaluation.evaluation:metric_call:77 - metric_func_name exact_match score 1.0 msg exact match, response: 中国, target: 中国
2026-08-07 13:44:49.019 | DEBUG    | eval.evaluation.evaluation:metric_call:77 - metric_func_name exact_match score 1.0 msg exact match, response: 中国, target: 中国
2026-08-07 13:44:49.019 | DEBUG    | eval.evaluation.evaluation:metric_call:77 - metric_func_name exact_match score 1.0 msg exact match, response: 中国, target: 中国
2026-08-07 13:44:49.019 | DEBUG    | eval.evaluation.evaluation:metric_call:77 - metric_func_name exact_match score 1.0 msg exact match, response: 中国, target: 中国
2026-08-07 13:44:49.020 | DEBUG    | eval.evaluation.evaluation:evaluate_single_query:321 - wide2deep_ws_zh_035, col 国籍, metric_func_name exact_match, score [1.0, 1.0, 1.0, 1.0, 1.0, 1.0, 1.0, 1.0, 1.0, 1.0, 1.0, 1.0, 1.0, 1.0, 1.0, 1.0, 1.0, 1.0, 1.0, 1.0, 1.0, 1.0, 1.0, 1.0, 1.0, 1.0, 1.0, 1.0, 1.0, 1.0, 1.0, 1.0, 1.0, 1.0]
2026-08-07 13:44:49.020 | DEBUG    | eval.evaluation.evaluation:metric_call:77 - metric_func_name exact_match score 1.0 msg exact match, response: 1996, target: 1996
2026-08-07 13:44:49.020 | DEBUG    | eval.evaluation.evaluation:metric_call:77 - metric_func_name exact_match score 1.0 msg exact match, response: 1996, target: 1996
2026-08-07 13:44:49.020 | DEBUG    | eval.evaluation.evaluation:metric_call:77 - metric_func_name exact_match score 1.0 msg exact match, response: 1996, target: 1996
2026-08-07 13:44:49.020 | DEBUG    | eval.evaluation.evaluation:metric_call:77 - metric_func_name exact_match score 1.0 msg exact match, response: 1996, target: 1996
2026-08-07 13:44:49.020 | DEBUG    | eval.evaluation.evaluation:metric_call:77 - metric_func_name exact_match score 1.0 msg exact match, response: 1996, target: 1996
2026-08-07 13:44:49.020 | DEBUG    | eval.evaluation.evaluation:metric_call:77 - metric_func_name exact_match score 1.0 msg exact match, response: 1996, target: 1996
2026-08-07 13:44:49.020 | DEBUG    | eval.evaluation.evaluation:metric_call:77 - metric_func_name exact_match score 1.0 msg exact match, response: 1996, target: 1996
2026-08-07 13:44:49.020 | DEBUG    | eval.evaluation.evaluation:metric_call:77 - metric_func_name exact_match score 1.0 msg exact match, response: 1996, target: 1996
2026-08-07 13:44:49.020 | DEBUG    | eval.evaluation.evaluation:metric_call:77 - metric_func_name exact_match score 1.0 msg exact match, response: 1996, target: 1996
2026-08-07 13:44:49.020 | DEBUG    | eval.evaluation.evaluation:metric_call:77 - metric_func_name exact_match score 1.0 msg exact match, response: 1996, target: 1996
2026-08-07 13:44:49.020 | DEBUG    | eval.evaluation.evaluation:metric_call:77 - metric_func_name exact_match score 1.0 msg exact match, response: 1996, target: 1996
2026-08-07 13:44:49.020 | DEBUG    | eval.evaluation.evaluation:metric_call:77 - metric_func_name exact_match score 1.0 msg exact match, response: 1996, target: 1996
2026-08-07 13:44:49.020 | DEBUG    | eval.evaluation.evaluation:metric_call:77 - metric_func_name exact_match score 1.0 msg exact match, response: 1996, target: 1996
2026-08-07 13:44:49.020 | DEBUG    | eval.evaluation.evaluation:metric_call:77 - metric_func_name exact_match score 1.0 msg exact match, response: 1996, target: 1996
2026-08-07 13:44:49.021 | DEBUG    | eval.evaluation.evaluation:metric_call:77 - metric_func_name exact_match score 1.0 msg exact match, response: 1996, target: 1996
2026-08-07 13:44:49.021 | DEBUG    | eval.evaluation.evaluation:metric_call:77 - metric_func_name exact_match score 1.0 msg exact match, response: 1996, target: 1996
2026-08-07 13:44:49.021 | DEBUG    | eval.evaluation.evaluation:metric_call:77 - metric_func_name exact_match score 1.0 msg exact match, response: 1996, target: 1996
2026-08-07 13:44:49.021 | DEBUG    | eval.evaluation.evaluation:metric_call:77 - metric_func_name exact_match score 1.0 msg exact match, response: 1996, target: 1996
2026-08-07 13:44:49.021 | DEBUG    | eval.evaluation.evaluation:metric_call:77 - metric_func_name exact_match score 1.0 msg exact match, response: 1997, target: 1997
2026-08-07 13:44:49.021 | DEBUG    | eval.evaluation.evaluation:metric_call:77 - metric_func_name exact_match score 1.0 msg exact match, response: 1997, target: 1997
2026-08-07 13:44:49.021 | DEBUG    | eval.evaluation.evaluation:metric_call:77 - metric_func_name exact_match score 1.0 msg exact match, response: 1997, target: 1997
2026-08-07 13:44:49.021 | DEBUG    | eval.evaluation.evaluation:metric_call:77 - metric_func_name exact_match score 1.0 msg exact match, response: 1997, target: 1997
2026-08-07 13:44:49.021 | DEBUG    | eval.evaluation.evaluation:metric_call:77 - metric_func_name exact_match score 1.0 msg exact match, response: 1997, target: 1997
2026-08-07 13:44:49.021 | DEBUG    | eval.evaluation.evaluation:metric_call:77 - metric_func_name exact_match score 1.0 msg exact match, response: 1997, target: 1997
2026-08-07 13:44:49.021 | DEBUG    | eval.evaluation.evaluation:metric_call:77 - metric_func_name exact_match score 1.0 msg exact match, response: 1997, target: 1997
2026-08-07 13:44:49.021 | DEBUG    | eval.evaluation.evaluation:metric_call:77 - metric_func_name exact_match score 1.0 msg exact match, response: 1997, target: 1997
2026-08-07 13:44:49.021 | DEBUG    | eval.evaluation.evaluation:metric_call:77 - metric_func_name exact_match score 1.0 msg exact match, response: 1997, target: 1997
2026-08-07 13:44:49.021 | DEBUG    | eval.evaluation.evaluation:metric_call:77 - metric_func_name exact_match score 1.0 msg exact match, response: 1997, target: 1997
2026-08-07 13:44:49.021 | DEBUG    | eval.evaluation.evaluation:metric_call:77 - metric_func_name exact_match score 1.0 msg exact match, response: 1997, target: 1997
2026-08-07 13:44:49.021 | DEBUG    | eval.evaluation.evaluation:metric_call:77 - metric_func_name exact_match score 1.0 msg exact match, response: 1997, target: 1997
2026-08-07 13:44:49.021 | DEBUG    | eval.evaluation.evaluation:metric_call:77 - metric_func_name exact_match score 1.0 msg exact match, response: 2002, target: 2002
2026-08-07 13:44:49.021 | DEBUG    | eval.evaluation.evaluation:metric_call:77 - metric_func_name exact_match score 1.0 msg exact match, response: 2002, target: 2002
2026-08-07 13:44:49.021 | DEBUG    | eval.evaluation.evaluation:metric_call:77 - metric_func_name exact_match score 1.0 msg exact match, response: 2002, target: 2002
2026-08-07 13:44:49.021 | DEBUG    | eval.evaluation.evaluation:metric_call:77 - metric_func_name exact_match score 1.0 msg exact match, response: 2002, target: 2002
2026-08-07 13:44:49.022 | DEBUG    | eval.evaluation.evaluation:evaluate_single_query:321 - wide2deep_ws_zh_035, col 出生年份, metric_func_name exact_match, score [1.0, 1.0, 1.0, 1.0, 1.0, 1.0, 1.0, 1.0, 1.0, 1.0, 1.0, 1.0, 1.0, 1.0, 1.0, 1.0, 1.0, 1.0, 1.0, 1.0, 1.0, 1.0, 1.0, 1.0, 1.0, 1.0, 1.0, 1.0, 1.0, 1.0, 1.0, 1.0, 1.0, 1.0]
2026-08-07 13:44:49.022 | DEBUG    | eval.evaluation.evaluation:metric_call:77 - metric_func_name exact_match score 1.0 msg exact match, response: 2010, target: 2010
2026-08-07 13:44:49.022 | DEBUG    | eval.evaluation.evaluation:metric_call:77 - metric_func_name exact_match score 1.0 msg exact match, response: 2010, target: 2010
2026-08-07 13:44:49.022 | DEBUG    | eval.evaluation.evaluation:metric_call:77 - metric_func_name exact_match score 1.0 msg exact match, response: 2010, target: 2010
2026-08-07 13:44:49.022 | DEBUG    | eval.evaluation.evaluation:metric_call:77 - metric_func_name exact_match score 1.0 msg exact match, response: 2010, target: 2010
2026-08-07 13:44:49.023 | DEBUG    | eval.evaluation.evaluation:metric_call:77 - metric_func_name exact_match score 1.0 msg exact match, response: 2010, target: 2010
2026-08-07 13:44:49.023 | DEBUG    | eval.evaluation.evaluation:metric_call:77 - metric_func_name exact_match score 1.0 msg exact match, response: 2010, target: 2010
2026-08-07 13:44:49.023 | DEBUG    | eval.evaluation.evaluation:metric_call:77 - metric_func_name exact_match score 1.0 msg exact match, response: 2010, target: 2010
2026-08-07 13:44:49.023 | DEBUG    | eval.evaluation.evaluation:metric_call:77 - metric_func_name exact_match score 1.0 msg exact match, response: 2010, target: 2010
2026-08-07 13:44:49.023 | DEBUG    | eval.evaluation.evaluation:metric_call:77 - metric_func_name exact_match score 1.0 msg exact match, response: 2010, target: 2010
2026-08-07 13:44:49.023 | DEBUG    | eval.evaluation.evaluation:metric_call:77 - metric_func_name exact_match score 1.0 msg exact match, response: 2010, target: 2010
2026-08-07 13:44:49.023 | DEBUG    | eval.evaluation.evaluation:metric_call:77 - metric_func_name exact_match score 1.0 msg exact match, response: 2010, target: 2010
2026-08-07 13:44:49.023 | DEBUG    | eval.evaluation.evaluation:metric_call:77 - metric_func_name exact_match score 1.0 msg exact match, response: 2010, target: 2010
2026-08-07 13:44:49.023 | DEBUG    | eval.evaluation.evaluation:metric_call:77 - metric_func_name exact_match score 1.0 msg exact match, response: 2010, target: 2010
2026-08-07 13:44:49.023 | DEBUG    | eval.evaluation.evaluation:metric_call:77 - metric_func_name exact_match score 1.0 msg exact match, response: 2010, target: 2010
2026-08-07 13:44:49.023 | DEBUG    | eval.evaluation.evaluation:metric_call:77 - metric_func_name exact_match score 1.0 msg exact match, response: 2010, target: 2010
2026-08-07 13:44:49.023 | DEBUG    | eval.evaluation.evaluation:metric_call:77 - metric_func_name exact_match score 1.0 msg exact match, response: 2010, target: 2010
2026-08-07 13:44:49.023 | DEBUG    | eval.evaluation.evaluation:metric_call:77 - metric_func_name exact_match score 1.0 msg exact match, response: 2010, target: 2010
2026-08-07 13:44:49.023 | DEBUG    | eval.evaluation.evaluation:metric_call:77 - metric_func_name exact_match score 1.0 msg exact match, response: 2010, target: 2010
2026-08-07 13:44:49.023 | DEBUG    | eval.evaluation.evaluation:metric_call:77 - metric_func_name exact_match score 1.0 msg exact match, response: 2010, target: 2010
2026-08-07 13:44:49.023 | DEBUG    | eval.evaluation.evaluation:metric_call:77 - metric_func_name exact_match score 1.0 msg exact match, response: 2010, target: 2010
2026-08-07 13:44:49.023 | DEBUG    | eval.evaluation.evaluation:metric_call:77 - metric_func_name exact_match score 1.0 msg exact match, response: 2010, target: 2010
2026-08-07 13:44:49.023 | DEBUG    | eval.evaluation.evaluation:metric_call:77 - metric_func_name exact_match score 1.0 msg exact match, response: 2010, target: 2010
2026-08-07 13:44:49.023 | DEBUG    | eval.evaluation.evaluation:metric_call:77 - metric_func_name exact_match score 1.0 msg exact match, response: 2010, target: 2010
2026-08-07 13:44:49.023 | DEBUG    | eval.evaluation.evaluation:metric_call:77 - metric_func_name exact_match score 1.0 msg exact match, response: 2010, target: 2010
2026-08-07 13:44:49.023 | DEBUG    | eval.evaluation.evaluation:metric_call:77 - metric_func_name exact_match score 1.0 msg exact match, response: 2010, target: 2010
2026-08-07 13:44:49.024 | DEBUG    | eval.evaluation.evaluation:metric_call:77 - metric_func_name exact_match score 1.0 msg exact match, response: 2010, target: 2010
2026-08-07 13:44:49.024 | DEBUG    | eval.evaluation.evaluation:metric_call:77 - metric_func_name exact_match score 1.0 msg exact match, response: 2010, target: 2010
2026-08-07 13:44:49.024 | DEBUG    | eval.evaluation.evaluation:metric_call:77 - metric_func_name exact_match score 1.0 msg exact match, response: 2010, target: 2010
2026-08-07 13:44:49.024 | DEBUG    | eval.evaluation.evaluation:metric_call:77 - metric_func_name exact_match score 1.0 msg exact match, response: 2010, target: 2010
2026-08-07 13:44:49.024 | DEBUG    | eval.evaluation.evaluation:metric_call:77 - metric_func_name exact_match score 1.0 msg exact match, response: 2010, target: 2010
2026-08-07 13:44:49.024 | DEBUG    | eval.evaluation.evaluation:metric_call:77 - metric_func_name exact_match score 1.0 msg exact match, response: 2015, target: 2015
2026-08-07 13:44:49.024 | DEBUG    | eval.evaluation.evaluation:metric_call:77 - metric_func_name exact_match score 1.0 msg exact match, response: 2015, target: 2015
2026-08-07 13:44:49.024 | DEBUG    | eval.evaluation.evaluation:metric_call:77 - metric_func_name exact_match score 1.0 msg exact match, response: 2015, target: 2015
2026-08-07 13:44:49.024 | DEBUG    | eval.evaluation.evaluation:metric_call:77 - metric_func_name exact_match score 1.0 msg exact match, response: 2015, target: 2015
2026-08-07 13:44:49.025 | DEBUG    | eval.evaluation.evaluation:evaluate_single_query:321 - wide2deep_ws_zh_035, col 定段年份, metric_func_name exact_match, score [1.0, 1.0, 1.0, 1.0, 1.0, 1.0, 1.0, 1.0, 1.0, 1.0, 1.0, 1.0, 1.0, 1.0, 1.0, 1.0, 1.0, 1.0, 1.0, 1.0, 1.0, 1.0, 1.0, 1.0, 1.0, 1.0, 1.0, 1.0, 1.0, 1.0, 1.0, 1.0, 1.0, 1.0]
2026-08-07 13:44:49.030 | INFO     | eval.evaluation.evaluation:evaluate_single_query:380 - wide2deep_ws_zh_035, P/R/F1 by unique_columns: 0.7391/0.3908/0.5113
2026-08-07 13:44:49.030 | INFO     | eval.evaluation.evaluation:evaluate_single_query:383 - wide2deep_ws_zh_035, P/R/F1 by row: 0.7391/0.3908/0.5113
2026-08-07 13:44:49.030 | INFO     | eval.evaluation.evaluation:evaluate_single_query:386 - wide2deep_ws_zh_035, P/R/F1 by item: 0.7391/0.3908/0.5113
2026-08-07 13:44:49.036 | INFO     | eval.evaluation.evaluation:evaluate_single_query:398 - wide2deep_ws_zh_035, final table score: 0.0
{"event": "eval_done", "idx": 5, "instance_id": "wide2deep_ws_zh_035", "score": 0.0, "entity_acc": 1.0, "f1_by_row": 0.5112781954887219, "f1_by_item": 0.5112781954887219, "column_f1": 0.5112781954887219, "error": null, "elapsed_seconds": 31.289, "running_n": 5}
2026-08-07 13:44:50.986 | DEBUG    | eval.evaluation.data_loader:extract_dataframe:167 - find markdown_str 
| 区域 | 2022/01房价 | 2022/02房价... 2025/05房价 |
| --- | --- | --- | ...
2026-08-07 13:44:53.867 | INFO     | eval.evaluation.metric_utils:primary_key_preprocess:246 - primary_key_preprocess result: ```json
{
  "区域": "区域",
  "2022/01房价": "2022/01房价"
}
```
2026-08-07 13:44:53.867 | INFO     | eval.evaluation.evaluation:evaluate_single_query:172 - column map: {'区域': '区域', '2022/01房价': '2022/01房价'}
2026-08-07 13:44:53.868 | INFO     | eval.evaluation.evaluation:evaluate_single_query:173 - befor mapping: Index(['区域', '2022/01房价', '2022/02房价...2025/05房价'], dtype='object')
2026-08-07 13:44:53.868 | INFO     | eval.evaluation.evaluation:evaluate_single_query:175 - after mapping: Index(['区域', '2022/01房价', '2022/02房价...2025/05房价'], dtype='object')
2026-08-07 13:44:53.868 | INFO     | eval.evaluation.evaluation:evaluate_single_query:179 - instance_id: wide2deep_ws_zh_067, msg: required_columns ['区域', '2022/01房价', '2022/02房价', '2022/03房价', '2022/04房价', '2022/05房价', '2022/06房价', '2022/07房价', '2022/08房价', '2022/09房价', '2022/10房价', '2022/11房价', '2022/12房价', '2023/01房价', '2023/02房价', '2023/03房价', '2023/04房价', '2023/05房价', '2023/06房价', '2023/07房价', '2023/08房价', '2023/09房价', '2023/10房价', '2023/11房价', '2023/12房价', '2024/01房价', '2024/02房价', '2024/03房价', '2024/04房价', '2024/05房价', '2024/06房价', '2024/07房价', '2024/08房价', '2024/09房价', '2024/10房价', '2024/11房价', '2024/12房价', '2025/01房价', '2025/02房价', '2025/03房价', '2025/04房价', '2025/05房价'] != response_df Index(['区域', '2022/01房价', '2022/02房价...2025/05房价'], dtype='object')
{"event": "eval_done", "idx": 6, "instance_id": "wide2deep_ws_zh_067", "score": 0.0, "entity_acc": 1.0, "f1_by_row": 0.0, "f1_by_item": 0.0, "column_f1": 0.0, "error": null, "elapsed_seconds": 4.812, "running_n": 6}
2026-08-07 13:44:56.681 | DEBUG    | eval.evaluation.data_loader:extract_dataframe:167 - find markdown_str 
| 年份 | 赛事名称 | 上场中国女排队员 | 赛事最终结果/名次 |
| --- | --- | --- | --- |
 ...
2026-08-07 13:45:00.778 | INFO     | eval.evaluation.metric_utils:primary_key_preprocess:246 - primary_key_preprocess result: ```json
{
  "2013": "2013年",
  "2014": "2014年",
  "2015": "2015年",
  "2016": "2016年",
  "2017": "2017年",
  "2018": "2018年",
  "2019": "2019年",
  "2021": "2021年"
}
```
2026-08-07 13:45:00.778 | INFO     | eval.evaluation.evaluation:evaluate_single_query:223 - col: 年份, primary_key_map {'2013': '2013年', '2014': '2014年', '2015': '2015年', '2016': '2016年', '2017': '2017年', '2018': '2018年', '2019': '2019年', '2021': '2021年'}
2026-08-07 13:45:06.270 | INFO     | eval.evaluation.metric_utils:primary_key_preprocess:246 - primary_key_preprocess result: ```json
{
  "2013年世界女排大奖赛": "2013年世界女排大奖赛",
  "2013年亚洲女子排球锦标赛": "2013年亚洲女排锦标赛",
  "2014年瑞士女排精英赛": "2014年瑞士女排精英赛",
  "2014年世界女排大奖赛": "2014年世界女排大奖赛",
  "2014年世界女子排球锦标赛": "2014年意大利世界女子排球锦标赛",
  "2015年亚洲女子排球锦标赛": "2015年亚洲女排锦标赛",
  "2015年世界女排大奖赛": "2015年世界女排大奖赛",
  "2015年女排世界杯赛": "2015年女排世界杯",
  "2016年世界女排大奖赛": "2016年世界女排大奖赛",
  "2016年里约热内卢奥运会女子排球赛": "里约热内卢奥运会",
  "2017年世界女排大冠军杯赛": "2017年女排大冠军杯赛",
  "2018年世界女排联赛": "2018年世界女子排球联赛",
  "2018年雅加达亚运会女子排球赛": "2018年雅加达亚运会",
  "2018年世界女子排球锦标赛": "2018年日本世界女子排球锦标赛",
  "2019年世界女排联赛": "2019年世界女子排球联赛",
  "2019年女排世界杯赛": "2019年国际排联女排世界杯",
  "2021年世界女排联赛": "2021年世界女子排球联赛",
  "2020年东京奥运会女子排球赛（2021年举行）": "东京奥运会"
}
```
2026-08-07 13:45:06.270 | INFO     | eval.evaluation.evaluation:evaluate_single_query:223 - col: 赛事名称, primary_key_map {'2013年世界女排大奖赛': '2013年世界女排大奖赛', '2013年亚洲女子排球锦标赛': '2013年亚洲女排锦标赛', '2014年瑞士女排精英赛': '2014年瑞士女排精英赛', '2014年世界女排大奖赛': '2014年世界女排大奖赛', '2014年世界女子排球锦标赛': '2014年意大利世界女子排球锦标赛', '2015年亚洲女子排球锦标赛': '2015年亚洲女排锦标赛', '2015年世界女排大奖赛': '2015年世界女排大奖赛', '2015年女排世界杯赛': '2015年女排世界杯', '2016年世界女排大奖赛': '2016年世界女排大奖赛', '2016年里约热内卢奥运会女子排球赛': '里约热内卢奥运会', '2017年世界女排大冠军杯赛': '2017年女排大冠军杯赛', '2018年世界女排联赛': '2018年世界女子排球联赛', '2018年雅加达亚运会女子排球赛': '2018年雅加达亚运会', '2018年世界女子排球锦标赛': '2018年日本世界女子排球锦标赛', '2019年世界女排联赛': '2019年世界女子排球联赛', '2019年女排世界杯赛': '2019年国际排联女排世界杯', '2021年世界女排联赛': '2021年世界女子排球联赛', '2020年东京奥运会女子排球赛（2021年举行）': '东京奥运会'}
2026-08-07 13:45:06.277 | INFO     | eval.evaluation.evaluation:evaluate_single_query:275 - wide2deep_ws_zh_095, df_inner shape: (18, 8), answer_df shape: (18, 4), response_df shape: (20, 6)
2026-08-07 13:45:14.154 | DEBUG    | eval.evaluation.evaluation:evaluate_single_query:321 - wide2deep_ws_zh_095, col 上场中国女排队员, metric_func_name llm_judge, score [0, 0, 0, 0, 0, 0, 0, 1, 1, 1, 0, 0, 1, 0, 0, 0, 0, 0]
2026-08-07 13:45:17.665 | DEBUG    | eval.evaluation.evaluation:evaluate_single_query:321 - wide2deep_ws_zh_095, col 赛事最终结果/名次, metric_func_name llm_judge, score [1, 1, 1, 1, 1, 1, 1, 1, 1, 1, 1, 1, 1, 1, 1, 1, 1, 1]
2026-08-07 13:45:17.670 | INFO     | eval.evaluation.evaluation:evaluate_single_query:380 - wide2deep_ws_zh_095, P/R/F1 by unique_columns: 0.9000/1.0000/0.9474
2026-08-07 13:45:17.671 | INFO     | eval.evaluation.evaluation:evaluate_single_query:383 - wide2deep_ws_zh_095, P/R/F1 by row: 0.2000/0.2222/0.2105
2026-08-07 13:45:17.671 | INFO     | eval.evaluation.evaluation:evaluate_single_query:386 - wide2deep_ws_zh_095, P/R/F1 by item: 0.7250/0.8056/0.7632
2026-08-07 13:45:17.672 | INFO     | eval.evaluation.evaluation:evaluate_single_query:398 - wide2deep_ws_zh_095, final table score: 0.0
{"event": "eval_done", "idx": 7, "instance_id": "wide2deep_ws_zh_095", "score": 0.0, "entity_acc": 1.0, "f1_by_row": 0.2105263157894737, "f1_by_item": 0.7631578947368423, "column_f1": 0.9473684210526316, "error": null, "elapsed_seconds": 23.521, "running_n": 7}
SUMMARY {"n": 7, "valid_n": 7, "errors": 0, "complete": true, "judge_calls_current_process": 30, "score": 0.0, "entity_acc": 1.0, "precision_by_row": 0.43470570837030464, "recall_by_row": 0.3825536149674081, "f1_by_row": 0.40081149718149195, "precision_by_item": 0.6982986192188545, "recall_by_item": 0.5819108181891531, "f1_by_item": 0.6110512331263716, "column_precision": 0.7866140506545867, "column_recall": 0.6442030058598268, "column_f1": 0.6779310218675892}
